book,id,chart,day_stem,root_class,queries,judgment,wangshuai_kw
滴天髓,滴天髓-0001,丁亥庚戌甲辰壬申,甲,HEAVY,REN-CAIGUAN|SHISHI-BURUO|XIEQI-TAIZHONG|HEAVY-ROOT|YIN-PARTY|ROOT-STRUCK|ROOT-GAN-PRIORITY|ZHONGGUA-2SIDE|JIRUO-WUGEN|JISHUAI-CONGSHENG|SHIYONG-YUELING-XIANGFU|GE-QUALITY|SHI-ZHU-JI|TIANGAN-XINGQING|YONGSHEN-STRUCTURE|YONGSHEN-FINAL|ZHONG-HE,甲木休囚已极，庚金禄旺克之，一点丁火，难以相对，加之两财生杀，似乎杀重身轻，不知九月甲木进气，壬水贴身相生，不伤丁火。丁火虽弱，通根身库，戌乃燥土，火之本根，辰乃湿土，木之余气。天干一生一制，地支又遇长生，四柱生化有情，五行不争不妒。至丁运科甲连登，用火敌杀明矣。虽久任京官，而宦资丰存，皆一路南方运也。,[]
滴天髓,滴天髓-0002,乙亥庚辰甲戌壬申,甲,HEAVY,REN-CAIGUAN|SHISHI-BURUO|HEAVY-ROOT|YIN-PARTY|BIJIE-PARTY|ROOT-STRUCK|ROOT-GAN-PRIORITY|ZHONGGUA-2SIDE|JIRUO-WUGEN|JIWANG-HUAIJI|SHIYONG-YUELING-XIANGFU|GE-QUALITY|SHI-ZHU-JI|TIANGAN-XINGQING|YONGSHEN-STRUCTURE|YONGSHEN-FINAL|ZHONG-HE,此与前大同小异。以俗论之，“甲以乙妹妻庚，凶为吉兆”，含合忘冲，较之前造更佳，何彼则翰苑，此则寒袷？不知乙庚合而化金，反助其暴。彼则甲辰，辰乃湿土，能生木，此则甲戌，戌燥土不能生木；彼则申辰拱化，此则申戌生杀；彼则甲木进气，而庚金退，此则庚金进气，而甲木退。推此两造，天渊之隔，进退之机，不可不知也。,[]
滴天髓,滴天髓-0003,甲子戊辰庚申壬午,庚,HEAVY,REN-CAIGUAN|SHISHI-BURUO|XIEQI-TAIZHONG|HEAVY-ROOT|YIN-PARTY|ROOT-GAN-PRIORITY|ZHONGGUA-2SIDE|JIWANG-HUAIJI|JISHUAI-CONGSHENG|GE-QUALITY|SHI-ZHU-JI|YONGSHEN-STRUCTURE|YONGSHEN-FINAL|ZHONG-HE,此造以俗论之，干透三奇之美，支逢拱贵之荣，且又会局不冲，官星得用，主名利双收。然庚申生于季春，水本休囚，原可用官，嫌其支会水局，则坎增其势，而离失其威，官星必伤，不足为用。欲以强众敌寡而用壬水，更嫌三奇透戊，枭神夺食，亦难作用。甲木之财，本可借用，疏土卫水，泄伤生官，似乎有情，不知甲木退气，戊土当权，难以疏通。纵用甲木，亦是假神，不过庸碌之人。况运走西南甲木休囚之地，虽有祖业，亦一败而尽，且不免刑,[]
滴天髓,滴天髓-0004,丙子己亥乙丑壬午,乙,LIGHT,REN-CAIGUAN|SHISHI-BURUO|XIEQI-TAIZHONG|LIGHT-ROOT|YIN-PARTY|ROOT-STRUCK|ROOT-GAN-PRIORITY|WANGCHONG-SHUAI|SHI-GUI-LU|ZHONGGUA-2SIDE|JIRUO-WUGEN|JISHUAI-CONGSHENG|GE-QUALITY|SHI-ZHU-JI|TIANGAN-XINGQING|YONGSHEN-STRUCTURE|YONGSHEN-FINAL|ZHONG-HE,此造初看，一无可取，天干壬丙一克，地支子午遥冲，且寒木喜陽，正遇水势泛滥，火气克绝，似乎名利无成。余细推之，三水二土二火，水势虽旺，喜无金；火本休囚，喜有土卫，谓儿能救母；况天干壬水生乙木，丙火生己土，各立门户，相生有情，必无争克之意。地支虽北方，然喜己土原神透出，通根禄旺，互相兹护，其势足以止水卫火，正谓有病得药。且一陽后万物怀胎，木火进气，以伤官秀气为用。中年运走东南，用神生旺，必是甲第中人。,[]
滴天髓,滴天髓-0005,甲寅壬申癸巳癸亥,癸,HEAVY,REN-CAIGUAN|SHISHI-BURUO|XIEQI-TAIZHONG|HEAVY-ROOT|BIJIE-PARTY|ROOT-STRUCK|ROOT-GAN-PRIORITY|WANGCHONG-SHUAI|SHI-GUI-LU|ZHONGGUA-2SIDE|JIRUO-WUGEN|JIWANG-HUAIJI|JISHUAI-CONGSHENG|SHIYONG-YUELING-XIANGFU|GE-QUALITY|TIANGAN-XINGQING|YONGSHEN-STRUCTURE|YONGSHEN-FINAL|ZHONG-HE,秋水通源，金当令，水重重，木囚逢冲，不足为用。火虽休而紧贴日支，况秋初余气未息，用神必在巳火。巳亥逢冲，群劫纷争，所以连克三妻，无子。兼之运走北方水地，以致破耗异常；至戊寅己卯，运转东方，喜用合宜，得其温饱；庚运制伤生劫，又逢酉年，喜用两伤，不禄。,[]
滴天髓,滴天髓-0006,癸巳癸亥甲寅壬申,甲,HEAVY,REN-CAIGUAN|SHISHI-BURUO|HEAVY-ROOT|YIN-PARTY|ROOT-STRUCK|ROOT-GAN-PRIORITY|WANGCHONG-SHUAI|ZHONGGUA-2SIDE|JIRUO-WUGEN|JIWANG-HUAIJI|SHIYONG-YUELING-XIANGFU|GE-QUALITY|SHI-ZHU-JI|TIANGAN-XINGQING|YONGSHEN-STRUCTURE|YONGSHEN-FINAL|ZHONG-HE,壬戌 辛酉 庚申 己未 戊午 丁巳甲寅日元，生于孟冬，寒木必须用火。柱中四逢旺水伤用，无土砥定，似乎不美，妙在寅亥临合，巳火绝处逢生，此即兴发之机。然初运西方金地，有伤体用，碌碌风霜，奔驰未遇；四旬外运转南方火土之地，助起用神，弃印就财，财发数万，娶妾，连生四子。由是观之，印绶作用，逢财为祸不小，不如就财，发福最大。,[]
滴天髓,滴天髓-0007,辛卯丁酉戊子戊午,戊,HEAVY,REN-CAIGUAN|SHISHI-BURUO|XIEQI-TAIZHONG|HEAVY-ROOT|YIN-PARTY|BIJIE-PARTY|ROOT-STRUCK|ROOT-GAN-PRIORITY|WANGCHONG-SHUAI|SHI-GUI-LU|ZHONGGUA-2SIDE|JIRUO-WUGEN|JIWANG-HUAIJI|JISHUAI-CONGSHENG|GE-QUALITY|YONGSHEN-STRUCTURE|YONGSHEN-FINAL|ZHONG-HE,丙申 乙未 甲午 癸巳 壬辰 辛卯伤官用印，喜神即是官星，非俗论土金伤官忌官星也。卯酉冲，则印绶无生助之神；子午冲，使伤官得以肆逞。地支金旺水生，木火冲克已尽，天干火土虚脱，以致读书未遂，碌碌经营。然喜水不透，为人文采风流，精于书法。更兼中运天干金水，未免有志难伸。凡伤官佩印喜用在木火者，忌见金水也。,[]
滴天髓,滴天髓-0008,辛未辛丑戊辰壬戌,戊,HEAVY,REN-CAIGUAN|DESHI-BUWANG|XIEQI-TAIZHONG|HEAVY-ROOT|ROOT-STRUCK|ROOT-GAN-PRIORITY|SHI-GUI-LU|ZHONGGUA-2SIDE|JIRUO-WUGEN|JIWANG-HUAIJI|SHIYONG-YUELING-XIANGFU|GE-QUALITY|WANGJI-SIWO-SHENG|YONGSHEN-STRUCTURE|YONGSHEN-FINAL|ZHONG-HE,庚子 己亥 戊戌 丁酉 丙申 乙未此造非支全四库之美，所喜者辛金吐秀，丑中元神透出，泄其精英，更妙木火伏而不见，纯清不混。至酉运，辛金得地，中乡榜；后因运行南方，木火并旺，用神之辛金受伤，由举而进，而不能选。,[]
滴天髓,滴天髓-0009,戊辰壬戌辛未己丑,辛,LIGHT,REN-CAIGUAN|SHISHI-BURUO|XIEQI-TAIZHONG|LIGHT-ROOT|YIN-PARTY|ROOT-STRUCK|ROOT-GAN-PRIORITY|SHI-GUI-LU|ZHONGGUA-2SIDE|JIRUO-WUGEN|JISHUAI-CONGSHENG|SHIYONG-YUELING-XIANGFU|GE-QUALITY|YONGSHEN-STRUCTURE|YONGSHEN-FINAL|ZHONG-HE,癸亥 甲子 乙丑 丙寅 丁卯 戊辰此满局印绶，土重金埋，壬水用神伤尽，未辰虽藏乙木，无冲或可借用，以待运来引出，乃被丑戌冲破，藏金暗相砍伐，以至克妻无子。由此论之，四库必要冲者，执一之论也，全在天干调剂得宜，更须用神有力，岁运辅助，庶无偏枯之病也。支神只以冲为重，刑与穿兮动不动,[]
滴天髓,滴天髓-0010,丙子辛卯壬子癸卯,壬,HEAVY,REN-CAIGUAN|SHISHI-BURUO|HEAVY-ROOT|BIJIE-PARTY|ROOT-STRUCK|ROOT-GAN-PRIORITY|ZHONGGUA-2SIDE|JIRUO-WUGEN|JIWANG-HUAIJI|SHIYONG-YUELING-XIANGFU|GE-QUALITY|CAI-RUO-SHEN-QIANG|YONGSHEN-STRUCTURE|YONGSHEN-FINAL|ZHONG-HE,壬辰 癸巳 甲午 乙未 丙申 丁酉壬子日元，支逢两刃，干透癸辛，五行无土，年干丙火临绝，合辛化水，最喜卯旺提纲，泄其菁英，能化劫刃之顽。秀气流行，为人恭而有礼，和而中节。至甲运，木之元神发露，科甲连登；午运得卯木泄水生火，及乙未丙运，官至郡守，仕途平顺。以俗论之，子卯为无礼之刑，且伤官羊刃逢刑，必至傲慢无礼，凶恶多端矣。,[]
滴天髓,滴天髓-0011,辛未乙未庚辰丁亥,庚,NONE,CAIDUO-SHENRUAN|SHAZHONG-SHENQING|ZHONGGUA-2SIDE|RI-BEI-HE|JIRUO-WUGEN|WUGEN-YOUFU|JISHUAI-CONGSHENG|GE-QING|GE-QUALITY|YUN-SHENG-ROOT|SHI-ZHU-JI|YONGSHEN-STRUCTURE|YONGSHEN-FINAL,甲午 癸巳 壬辰 辛卯 庚寅 己丑庚辰日元，生于季夏，金进气，土当权，喜其丁火司令，元神发露而为用神，能制辛金之劫。未为火之余气，辰乃木之余气，财官皆通根有气，更妙亥水润土养金而滋木，四柱无缺陷。运走东南，金水虚，木火实，一生无凶无险。辰运午年，财、印皆有生扶，中乡榜，由琴堂而迁司马。寿至丑运。,[]
滴天髓,滴天髓-0012,辛丑乙未庚辰丁丑,庚,LIGHT,REN-CAIGUAN|SHISHI-BURUO|LIGHT-ROOT|BIJIE-PARTY|ROOT-STRUCK|ROOT-GAN-PRIORITY|SHI-GUI-LU|ZHONGGUA-2SIDE|RI-BEI-HE|JIRUO-WUGEN|SHIYONG-YUELING-XIANGFU|GE-QUALITY|YONGSHEN-STRUCTURE|YONGSHEN-FINAL|ZHONG-HE,甲午 癸巳 壬辰 辛卯 庚寅 己丑此与前造大同小异，财官亦通根有气，前则丁火司令，此则己土司令。更嫌丑时，丁火熄灭，则年干辛金肆逞，冲去未中木火微根，财官虽有若无。初运甲午，木火并旺，荫庇有余；一交癸巳，克丁拱丑，伤劫并旺，刑丧破耗；壬辰运，妻子两伤，家业荡然无存，削发为僧。以俗论之，丑未冲开财官两库，名利两全也。暗冲暗会尤为喜，彼冲我兮皆冲起,[]
滴天髓,滴天髓-0013,庚戌乙酉甲寅庚午,甲,HEAVY,REN-CAIGUAN|SHISHI-BURUO|HEAVY-ROOT|BIJIE-PARTY|ROOT-GAN-PRIORITY|HE-HUASHEN-DESHI|ZHONGGUA-2SIDE|JIRUO-WUGEN|GE-QUALITY|SHI-ZHU-JI|TIANGAN-XINGQING|YONGSHEN-STRUCTURE|YONGSHEN-FINAL|ZHONG-HE,丙戌 丁亥 戊子 己丑 庚寅 辛卯此造干透两庚，正当秋令，支会火局，虽制杀有功，而克泄并见。且庚金锐气方盛，制之以威，不若化之以德。化之以德者，有益于日主也；制之以威者，泄日主之气也。由此推之，不喜会火局也，反以火为病矣。故子运辰年大魁天下。子运冲破火局，去午之旺神也，引通庚金之性，益我日主之气；辰年湿土，能泄火气，拱我子水，培日主之根源也。,[]
滴天髓,滴天髓-0014,丁巳癸丑丁卯丙午,丁,HEAVY,REN-CAIGUAN|SHISHI-BURUO|HEAVY-ROOT|BIJIE-PARTY|ROOT-STRUCK|ROOT-GAN-PRIORITY|SHI-GUI-LU|ZHONGGUA-2SIDE|JIRUO-WUGEN|JIWANG-HUAIJI|SHIYONG-YUELING-XIANGFU|GE-QUALITY|TIANGAN-XINGQING|YONGSHEN-STRUCTURE|YONGSHEN-FINAL|ZHONG-HE,壬子 辛亥 庚戌 己酉 戊申 丁未丁火虽生季冬，比劫重重，癸水退气，无力制劫，不足为用。必以丑中辛金为用，得丑土包藏，泄劫生财，为辅用之喜神也。所嫌者，卯木生劫夺食为病，以致早年妻子刑伤。初运壬子辛亥，暗冲巳午之火，荫庇有余。庚戌运暗来拱合午火，刑伤破耗；至己酉会金局冲去卯木之病，财发十余万。由此观之，暗冲其忌神，暗会其喜神，发福不浅；暗冲其喜神，暗会其忌神，为祸非轻。暗冲暗会之理，其可忽乎？,[]
滴天髓,滴天髓-0015,庚寅辛巳丙寅辛卯,丙,HEAVY,REN-CAIGUAN|DESHI-BUWANG|HEAVY-ROOT|ROOT-STRUCK|ROOT-GAN-PRIORITY|ZHONGGUA-2SIDE|RI-BEI-HE|JIRUO-WUGEN|JIWANG-HUAIJI|GE-QUALITY|YONGSHEN-STRUCTURE|YONGSHEN-FINAL|ZHONG-HE,壬午 癸未 甲申 乙酉 丙戌 丁亥丙火生于孟夏，地支两寅一卯，巳火乘权，引出寅中丙火，天干虽逢庚辛，皆虚浮无根。初运壬午癸未无根之水，能泄金气，地支午未南方，又助旺火，财之气克泄已尽，祖业虽丰，刑丧早见。甲运临申，本无大患，因流年木火，又刑妻克子，家计萧条。一交申字，暗冲寅木之病，天干浮财通根，如枯苗得雨，勃然而兴。及乙酉十五年，自财数倍于祖业，申运驿马逢财，出外大利，经营得财十余万。丙戌运丙子年,[]
滴天髓,滴天髓-0016,戊辰辛酉丙午癸巳,丙,HEAVY,REN-CAIGUAN|XIEQI-TAIZHONG|HEAVY-ROOT|ROOT-GAN-PRIORITY|SHI-GUI-LU|ZHONGGUA-2SIDE|RI-BEI-HE|JIRUO-WUGEN|JISHUAI-CONGSHENG|GE-QING|GE-QUALITY|SHI-ZHU-JI|YONGSHEN-STRUCTURE|YONGSHEN-FINAL|ZHONG-HE,壬戌 癸亥 甲子 乙丑 丙寅 丁卯此造旺财当令，加以年上食神生助，日逢时禄，不为无根，所以身出富家。时透癸水，巳火失势，逢酉邀而拱金矣。五行无木，全赖午火帮身，则癸水为病明矣。一交子运，癸水得禄，子辰拱水，酉金党子冲午，四柱无解救之神，所谓“旺者冲衰衰者拔”，破家亡身。若运走东南木火之地，岂不名利两全乎？,[]
滴天髓,滴天髓-0017,庚寅壬午丁卯癸卯,丁,HEAVY,REN-CAIGUAN|HEAVY-ROOT|ROOT-STRUCK|ROOT-GAN-PRIORITY|ZHONGGUA-2SIDE|RI-BEI-HE|JIRUO-WUGEN|JIWANG-HUAIJI|GE-QING|GE-QUALITY|CAI-RUO-SHEN-QIANG|TIANGAN-XINGQING|YONGSHEN-STRUCTURE|YONGSHEN-FINAL|ZHONG-HE,癸未 甲申 乙酉 丙戌 丁亥 戊子此财官虚露无根，枭比当权得势，以四柱观之，贫夭之命。前造身财并旺，反遭破败无寿，此则财官休囚，劫业有寿，不知彼则无木，逢水冲则拔，此则有水，遇火劫有救。至甲申乙酉运，庚金禄旺，壬癸逢生，又冲去寅卯之木，所谓“衰神冲旺旺神发”，骤然发财巨万。“命好不如运好”，信斯言也！,[]
滴天髓,滴天髓-0018,丙子己亥乙亥丙子,乙,NONE,ZHONGGUA-2SIDE|JIRUO-WUGEN|WUGEN-YOUFU|GE-QUALITY|YUN-SHENG-ROOT|TIANGAN-XINGQING|YONGSHEN-STRUCTURE|YONGSHEN-FINAL,庚子 辛丑 壬寅 癸卯 甲辰 乙巳乙亥日元，生于亥月，喜其天干两透丙火，不失陽春之景。寒木向陽，清而纯粹，惜乎火土无根，水木太重，读书未售；兼之中年一路水木，生扶太过，局中火土皆伤，以致财鲜聚而志未伸。然喜无金，业必清高。若以年时为乙木病位，月日为死地，岂不休囚已极，宜用生扶之运？今以亥子之水作生论，则不宜再见水木也。,[]
滴天髓,滴天髓-0019,戊午乙卯癸卯癸亥,癸,HEAVY,REN-CAIGUAN|SHISHI-BURUO|XIEQI-TAIZHONG|HEAVY-ROOT|BIJIE-PARTY|ROOT-STRUCK|ROOT-GAN-PRIORITY|SHI-GUI-LU|ZHONGGUA-2SIDE|RI-BEI-HE|JIRUO-WUGEN|JIWANG-HUAIJI|JISHUAI-CONGSHENG|GE-QING|GE-QUALITY|TIANGAN-XINGQING|YONGSHEN-STRUCTURE|YONGSHEN-FINAL|ZHONG-HE,"丙辰 丁巳 戊午 己未 庚申 辛酉此春水多木，过于泄气，五行无金，全赖亥时比劫帮身。嫌其亥卯拱局，又透戊土，克泄并见，交戊午运不寿。若据书云，癸水两坐长生，时逢旺地，何以不寿？又云“食神有寿妻多子,食神生旺胜财官”，此名利两全，多子有寿之格也。总以陰陽生死之说，不足凭也。天地顺遂而精粹者昌，陰陽乖悖而混乱者亡。",[]
滴天髓,滴天髓-0020,己亥丁卯庚申庚辰,庚,HEAVY,REN-CAIGUAN|SHISHI-BURUO|HEAVY-ROOT|YIN-PARTY|BIJIE-PARTY|ROOT-STRUCK|ROOT-GAN-PRIORITY|ZHONGGUA-2SIDE|JIRUO-WUGEN|SHIYONG-YUELING-XIANGFU|GE-QUALITY|SHI-ZHU-JI|YONGSHEN-STRUCTURE|YONGSHEN-FINAL|ZHONG-HE,丙寅 乙丑 甲子 癸亥 壬戌 辛酉庚金虽生春令，支坐禄旺，时逢印比，足以用官。地支载以卯木财星，又得亥水生扶有情，丁火之根愈固，所谓“天地顺遂而精粹者昌”也。岁运逢壬癸亥子，干有己印卫官，支得卯财化伤，生平履险如夷，少年科甲，仕至封疆。经云：“日主最宜健旺，用神不可损伤”，信斯言也。,[]
滴天髓,滴天髓-0021,己酉丁卯庚辰甲申,庚,HEAVY,REN-CAIGUAN|SHISHI-BURUO|HEAVY-ROOT|YIN-PARTY|ROOT-STRUCK|ROOT-GAN-PRIORITY|WANGCHONG-SHUAI|SHI-GUI-LU|ZHONGGUA-2SIDE|JIRUO-WUGEN|GE-QUALITY|YONGSHEN-STRUCTURE|YONGSHEN-FINAL|ZHONG-HE,丙寅 乙丑 甲子 癸亥 壬戌 辛酉此亦以丁火官星为用，地支亦载以卯木财星，与前造大同小异。只为卯酉逢冲，克败丁火之根，支中少水，财星有克无生。虽时透甲木临于申支，谓地支不载，虽有若无。故身出旧家，诗书不继，破耗刑伤；一交戌运，支类西方，贫乏不堪。,[]
滴天髓,滴天髓-0022,庚申壬午辛酉癸巳,辛,HEAVY,REN-CAIGUAN|SHISHI-BURUO|XIEQI-TAIZHONG|HEAVY-ROOT|BIJIE-PARTY|ROOT-STRUCK|ROOT-GAN-PRIORITY|ZHONGGUA-2SIDE|JIRUO-WUGEN|JISHUAI-CONGSHENG|GE-QING|GE-QUALITY|CAI-RUO-SHEN-QIANG|SHI-ZHU-JI|YONGSHEN-STRUCTURE|YONGSHEN-FINAL|ZHONG-HE,癸未 甲申 乙酉 丙戌 丁亥 戊子此庚辛壬癸，金水双清，地支申酉巳午，煅炼有功，谓午火真神得用，理应名利双辉。所惜者五行无木，金虽失令而党多，火虽当令而无辅；更嫌壬癸覆之，紧贴庚辛之生，而申中又得长生，则壬水愈肆逞矣。虽有巳火助午，无如巳酉拱金，则午火之势必孤。所以申酉两运，破耗异常；丙戌运中，助起用神，大得际遇；一交亥运，壬水得禄，癸水临旺，火气克尽，家破身亡。,[]
滴天髓,滴天髓-0023,庚申壬午辛酉甲午,辛,HEAVY,REN-CAIGUAN|SHISHI-BURUO|XIEQI-TAIZHONG|HEAVY-ROOT|BIJIE-PARTY|ROOT-GAN-PRIORITY|ZHONGGUA-2SIDE|JISHUAI-CONGSHENG|SHIYONG-YUELING-XIANGFU|GE-QUALITY|CAI-RUO-SHEN-QIANG|SHI-ZHU-JI|YONGSHEN-STRUCTURE|YONGSHEN-FINAL|ZHONG-HE,癸未 甲申 乙酉 丙戌 丁亥 戊子此亦用午中丁火之杀，壬水亦覆之于上，亦有庚金紧贴之生。所喜者午时一助，更妙天干覆以甲木，则火之荫盛。且壬水见甲木而贪生，不来敌火，四柱有相生之谊，无争克之风，中乡榜，仕至观察。与前造只换得先后一时，天渊之隔，所谓毫厘千里之差也。天全一气，不可使地德莫之载。,[]
滴天髓,滴天髓-0024,甲申甲戌甲寅甲戌,甲,HEAVY,REN-CAIGUAN|SHISHI-BURUO|HEAVY-ROOT|BIJIE-PARTY|ROOT-STRUCK|ROOT-GAN-PRIORITY|ZHONGGUA-2SIDE|JIRUO-WUGEN|SHIYONG-YUELING-XIANGFU|GE-QUALITY|SHI-ZHU-JI|TIANGAN-XINGQING|YONGSHEN-STRUCTURE|YONGSHEN-FINAL|ZHONG-HE,乙亥 丙子 丁丑 戊寅 己卯 庚辰年支申金，冲去日主寅木，加以戌土乘权重见，生金助杀，谓地支不顾天干。夫四甲一寅，似乎强旺，第秋木休囚，冲去禄神，其根已拔，不作旺论。故寅卯亥子运中，衣食颇丰，一交庚辰，杀之元神透出。四子俱伤，破家不禄。干多不如支重，理固然也。,[]
滴天髓,滴天髓-0025,戊子戊午戊戌戊午,戊,HEAVY,REN-CAIGUAN|SHISHI-BURUO|HEAVY-ROOT|BIJIE-PARTY|ROOT-STRUCK|ROOT-GAN-PRIORITY|WANGCHONG-SHUAI|SHI-GUI-LU|ZHONGGUA-2SIDE|JIRUO-WUGEN|JIWANG-HUAIJI|SHIYONG-YUELING-XIANGFU|GE-QUALITY|YONGSHEN-STRUCTURE|YONGSHEN-FINAL|ZHONG-HE,己未 庚申 辛酉壬戌 癸亥 甲子此满局火土，子衰午旺，冲则午发而愈烈，熬干滴水，是谓天干不覆。初交已未，孤苦万状；至庚申辛酉运，引通戊土之性，大得际遇，娶妻生子，立业成家；一交壬戌，水不通根，暗拱火局，遭祝融之变，一家五口皆亡。如天干透一庚辛，或地支藏一申酉，岂至若是之结局乎？,[]
滴天髓,滴天髓-0026,戊申戊午戊戌戊午,戊,HEAVY,REN-CAIGUAN|SHISHI-BURUO|HEAVY-ROOT|BIJIE-PARTY|ROOT-STRUCK|ROOT-GAN-PRIORITY|SHI-GUI-LU|ZHONGGUA-2SIDE|JIRUO-WUGEN|JIWANG-HUAIJI|SHIYONG-YUELING-XIANGFU|GE-QUALITY|YONGSHEN-STRUCTURE|YONGSHEN-FINAL|ZHONG-HE,己未 庚申 辛酉 壬戌 癸亥 甲子此与前造只换一申字，而天干之气下降，地支之水有源，午火虽烈，究不能伤申金，用金明矣，况有子水为去病之喜神。交申运，戊辰年四月入学，九月登科，盖得太岁辰字，暗会水局之妙。惜将来壬戌运中，天干群比争财，地支暗会火局，未见其吉矣。,[]
滴天髓,滴天髓-0027,辛卯辛卯辛卯辛卯,辛,NONE,ZHONGGUA-2SIDE|WUGEN-YOUFU|SHIYONG-YUELING-XIANGFU|GE-QING|GE-QUALITY|YUN-SHENG-ROOT|SHI-ZHU-JI|YONGSHEN-STRUCTURE|YONGSHEN-FINAL,庚寅 己丑 戊子 丁亥 丙戌 己酉此造四木当权，四金临绝，虽曰反克地支，实无力克也。如果能克，可用财矣，若能用财，岂无成立乎？彼此母腹，数年间父母皆亡，与道士为徒；己丑戊子运，印绶生扶，衣食无亏；一交丁亥，生火克金，即亡其师，所有微业，嫖赌扫尽而死。地全三物，不可使天道莫之容。,[]
滴天髓,滴天髓-0028,辛卯庚寅甲辰丙寅,甲,HEAVY,REN-CAIGUAN|DESHI-BUWANG|XIEQI-TAIZHONG|HEAVY-ROOT|ROOT-STRUCK|ROOT-GAN-PRIORITY|SHI-GUI-LU|ZHONGGUA-2SIDE|JIRUO-WUGEN|JIWANG-HUAIJI|SHIYONG-YUELING-XIANGFU|GE-QUALITY|WANGJI-SIWO-SHENG|SHI-ZHU-JI|TIANGAN-XINGQING|YONGSHEN-STRUCTURE|YONGSHEN-FINAL|ZHONG-HE,己丑 戊子 丁亥 丙戌 乙酉 甲申此寅卯辰东方，兼之寅时，旺之极矣。年月两金临绝，旺神在提纲，休金难克，而且丙火透时，木火同心，谓强众而敌寡，势在去庚辛之寡。早行土运生金，破耗异常，进京入部办事；至丙戌运，分发广东，得军功，升知县，喜其克尽庚辛之美；至酉，庚辛得地，不禄宜矣。,[]
滴天髓,滴天髓-0029,庚寅庚辰甲寅丁卯,甲,HEAVY,REN-CAIGUAN|XIEQI-TAIZHONG|HEAVY-ROOT|ROOT-STRUCK|ROOT-GAN-PRIORITY|SHI-GUI-LU|ZHONGGUA-2SIDE|JIRUO-WUGEN|JISHUAI-CONGSHENG|SHIYONG-YUELING-XIANGFU|GE-QUALITY|TIANGAN-XINGQING|YONGSHEN-STRUCTURE|YONGSHEN-FINAL|ZHONG-HE,辛巳 壬午 癸未 甲申 乙酉 丙戌此亦寅、卯、辰东方。旺神不是提纲，辰土归垣，庚金得载，力量足以克木，丁火虽透，非庚金之敌，用杀明矣。至甲申运，庚金禄旺暗冲寅木，科甲联登，仕至郡守；一交丙运制杀，降职归田。陽乘陽位陽气昌，最要行程安顿。,[]
滴天髓,滴天髓-0030,癸巳丙辰丙午庚寅,丙,HEAVY,REN-CAIGUAN|SHISHI-BURUO|HEAVY-ROOT|BIJIE-PARTY|ROOT-STRUCK|ROOT-GAN-PRIORITY|SHI-GUI-LU|ZHONGGUA-2SIDE|JIRUO-WUGEN|JIWANG-HUAIJI|SHIYONG-YUELING-XIANGFU|GE-QUALITY|YONGSHEN-STRUCTURE|YONGSHEN-FINAL|ZHONG-HE,乙卯 甲寅 癸丑 壬子 辛亥 庚戌此东南之陽暖。天干金水，似乎无根，喜月支辰土，泄火蓄水而生金，庚金挂角逢生，则庚金可用。癸水即庚金之喜神。初运乙卯甲寅，金绝火生而水泄，孤苦不堪；一交癸丑北方陰湿之地，金水通根，又得巳丑拱金之妙，出外大得际遇，骤然发财十余万。陽暖逢寒，配合之美也。,[]
滴天髓,滴天髓-0031,戊寅乙丑丙寅庚寅,丙,HEAVY,REN-CAIGUAN|SHISHI-BURUO|XIEQI-TAIZHONG|HEAVY-ROOT|YIN-PARTY|ROOT-GAN-PRIORITY|SHI-GUI-LU|ZHONGGUA-2SIDE|JIRUO-WUGEN|JIWANG-HUAIJI|JISHUAI-CONGSHENG|GE-QING|GE-QUALITY|YONGSHEN-STRUCTURE|YONGSHEN-FINAL|ZHONG-HE,丙寅 丁卯 戊辰 己巳 庚午 辛未丙寅日元，虽支遇三寅，最喜丑土乘权，财星归库。若运走西北土金，财业必胜前造，惜一路东南木火之地，祖业破尽，遍历数省，奔驰不遇，至午运暗会劫局，死于广东。一事无成，莫非运也。陽乘陰位气盛，还须道路光亨。,[]
滴天髓,滴天髓-0032,丙子己亥乙酉壬午,乙,LIGHT,REN-CAIGUAN|SHISHI-BURUO|XIEQI-TAIZHONG|LIGHT-ROOT|YIN-PARTY|ROOT-STRUCK|ROOT-GAN-PRIORITY|WANGCHONG-SHUAI|SHI-GUI-LU|ZHONGGUA-2SIDE|JIRUO-WUGEN|JISHUAI-CONGSHENG|GE-QUALITY|SHI-ZHU-JI|TIANGAN-XINGQING|YONGSHEN-STRUCTURE|YONGSHEN-FINAL|ZHONG-HE,庚子 辛丑 壬寅 癸卯 甲辰 己巳此全酉、亥、子西北之陰寒。寒木更宜向陽，以丙火为用，壬水即其病也。然喜壬水远隔，与日主紧贴，日主本衰，未尝不喜其生，又有己土透干，亦能砥定中流。且喜天干水木火土，各立门户，相生有情；地支午火紧制七杀，年月火土，通根禄旺。更喜行运东南陽暖之地，不但四柱有情，而且行运光亨，早年联登甲第，仕至封疆，皆陰陽配合之妙也。,[]
滴天髓,滴天髓-0033,己亥丙子乙丑壬午,乙,LIGHT,REN-CAIGUAN|SHISHI-BURUO|XIEQI-TAIZHONG|LIGHT-ROOT|YIN-PARTY|ROOT-STRUCK|ROOT-GAN-PRIORITY|WANGCHONG-SHUAI|SHI-GUI-LU|ZHONGGUA-2SIDE|JIRUO-WUGEN|JISHUAI-CONGSHENG|GE-QUALITY|SHI-ZHU-JI|TIANGAN-XINGQING|YONGSHEN-STRUCTURE|YONGSHEN-FINAL|ZHONG-HE,乙亥 甲戌 癸酉 壬申 辛未 庚午此与前只换一酉子。以俗论之，酉换丑更美，酉乃七杀克我，丑乃偏财我克，又能止水，何其妙也。不知丑乃湿土，能泄火不能止水，酉虽七杀，午火紧克，不泄火之元神；彼则丙火在年，壬水遥远，又得己土一隔，此则丙火在月，壬水相近，已土不能为力，子水又逼近相冲。而且运走西北陰寒之地，丙火一无生扶，乙木何能发生？十干体象去：“虚湿之地，骑马亦忧”，斯言不谬也。所以屈志芸窗，一贫如洗，,[]
滴天髓,滴天髓-0034,甲寅戊辰丙寅丙申,丙,HEAVY,REN-CAIGUAN|SHISHI-BURUO|XIEQI-TAIZHONG|HEAVY-ROOT|YIN-PARTY|BIJIE-PARTY|ROOT-STRUCK|ROOT-GAN-PRIORITY|WANGCHONG-SHUAI|ZHONGGUA-2SIDE|JIRUO-WUGEN|JIWANG-HUAIJI|JISHUAI-CONGSHENG|SHIYONG-YUELING-XIANGFU|GE-QUALITY|SHI-ZHU-JI|YONGSHEN-STRUCTURE|YONGSHEN-FINAL|ZHONG-HE,乙巳 庚午 辛未 壬申 癸酉 甲戌此坐下印缓，生于季春，印气有余，又年逢甲寅，则太过矣。土虽当令，而木更坚，喜其寅申逢冲，财星得用，第嫌比肩盖头，冲之无力。早年运走南方，起倒异常；至壬申癸酉二十年，申冲寅木，克去比肩，创业兴家。此谓乘印就财也。,[]
滴天髓,滴天髓-0035,壬申甲辰丙寅丙申,丙,HEAVY,REN-CAIGUAN|SHISHI-BURUO|HEAVY-ROOT|YIN-PARTY|BIJIE-PARTY|ROOT-STRUCK|ROOT-GAN-PRIORITY|WANGCHONG-SHUAI|ZHONGGUA-2SIDE|JIRUO-WUGEN|JIWANG-HUAIJI|SHIYONG-YUELING-XIANGFU|GE-QUALITY|SHI-ZHU-JI|YONGSHEN-STRUCTURE|YONGSHEN-FINAL|ZHONG-HE,乙巳 丙午 丁未 戊申 己酉 庚戌此坐下印绶亦在季春，印绶未尝无余气，年干壬杀生印有情，不足畏也，所嫌者，两申冲寅，甲木之根拔。还喜壬水泄金生木，运走丙午劫去申财，入学补廪登科；丁未合去壬水，三走春闱不捷；戊申克去壬水，三冲寅木而死于途。此造之壬水，乃甲木之原神，断不可伤，壬水受伤，甲木必孤。凡独杀用印者，最忌制杀也。天合地者，地旺喜静。,[]
滴天髓,滴天髓-0036,己巳辛未壬午乙巳,壬,NONE,SHISHI-BURUO|SHAZHONG-SHENQING|XIEQI-TAIZHONG|YIN-PARTY|ZHONGGUA-2SIDE|WUGEN-YOUFU|JISHUAI-CONGSHENG|GE-QING|GE-QUALITY|YUN-SHENG-ROOT|SHI-ZHU-JI|YONGSHEN-STRUCTURE|YONGSHEN-FINAL|ZHONG-HE,庚午 己巳 戊辰 丁卯 丙寅 乙丑支类南方，乘权当令，地旺极矣；火炎土燥，脆金难滋水源，天衰极矣，故日干之情，不在辛金，其意向必在午中丁火而合从矣。己巳戊辰运，生金泄火，刑耗有之；丁卯丙寅，木火并旺，克尽辛金，经营发财巨万。,"['旺极', '衰极']"
滴天髓,滴天髓-0037,己丑丙子丁亥庚子,丁,NONE,CAIDUO-SHENRUAN|XIEQI-TAIZHONG|ZHONGGUA-2SIDE|JIRUO-WUGEN|WUGEN-YOUFU|JISHUAI-CONGSHENG|SHIYONG-YUELING-XIANGFU|GE-QING|GE-QUALITY|YUN-SHENG-ROOT|SHI-ZHU-JI|TIANGAN-XINGQING|YONGSHEN-STRUCTURE|YONGSHEN-FINAL,乙亥 甲戌 癸酉 壬申 辛未 庚午此造支类北方，地旺极矣；天干火虚，无木生扶，又有湿土晦火，天衰极矣。人皆论其杀重身轻。取火帮身敌杀。戊寅岁，金绝火生，又合去亥水，必有大凶，果卒季夏。此地支官星乘旺，又类官方，天干无印，己土泄丙，未足帮身，此为天地合而从官也。甲戌运生火克水，刑丧破耗，家业已尽；癸酉壬申克尽丙火，助起财官，获利五万；未运丙子年遭回禄，破去二万。人皆取其火土帮身，以午未运为美，殊不知,"['旺极', '衰极']"
滴天髓,滴天髓-0038,壬午己酉甲申甲子,甲,NONE,SHISHI-BURUO|CAIDUO-SHENRUAN|YIN-PARTY|ZHONGGUA-2SIDE|RI-BEI-HE|JIRUO-WUGEN|WUGEN-YOUFU|GE-QUALITY|YUN-SHENG-ROOT|TIANGAN-XINGQING|YONGSHEN-STRUCTURE|YONGSHEN-FINAL|ZHONG-HE,庚戌 辛亥 壬子 癸丑 甲寅 乙卯甲申日元，生于八月，官杀当权，喜其午火紧制酉金，子水化其申金，所谓去官留煞。煞印相生，木凋金旺，印星为用，甲第联登，由郎署出为观察，从臬宪而转封疆。,[]
滴天髓,滴天髓-0039,壬辰己酉甲申甲子,甲,LIGHT,REN-CAIGUAN|SHISHI-BURUO|LIGHT-ROOT|YIN-PARTY|BIJIE-PARTY|ROOT-GAN-PRIORITY|ZHONGGUA-2SIDE|RI-BEI-HE|JIRUO-WUGEN|GE-QING|GE-QUALITY|TIANGAN-XINGQING|YONGSHEN-STRUCTURE|YONGSHEN-FINAL|ZHONG-HE,庚戌 辛亥 壬子 癸丑 甲寅 乙卯此与前造只换一辰字，以俗论之，前则制官留杀，此则合官留杀，功名仕路，无所高下，殊不知有天渊之隔。夫制者克而去之，合者有去有不去也。如以辰土为财，则化金而助杀；以酉金为官，仍化金而党杀。由此观之，清中带浊，且以财为病者，不但功名蹭蹬，而且刑耗难辞。惟亥运逢生，可获一衿，壬子如逢木，秋闱有望；癸丑合去子印，一阻去程，有凶无吉；甲寅运被申冲破，寿元有碍矣。上下贵乎情协。,[]
滴天髓,滴天髓-0040,己巳癸酉丙寅庚寅,丙,HEAVY,REN-CAIGUAN|XIEQI-TAIZHONG|HEAVY-ROOT|ROOT-STRUCK|ROOT-GAN-PRIORITY|SHI-GUI-LU|ZHONGGUA-2SIDE|JIRUO-WUGEN|JISHUAI-CONGSHENG|GE-QUALITY|YONGSHEN-STRUCTURE|YONGSHEN-FINAL|ZHONG-HE,壬申 辛未 庚午 己巳 戊辰 丁卯此日主两坐长生，年支又逢禄旺，足以用官。癸水官星被己土贴身一伤，喜得官临财位，尤妙巳酉拱金，则己土之气已泄，而官星之根固矣。所以一生不遭凶险，名利两全也。,[]
滴天髓,滴天髓-0041,癸亥癸亥丙辰甲午,丙,HEAVY,REN-CAIGUAN|SHISHI-BURUO|HEAVY-ROOT|JUECHU-FENGSHENG|YIN-PARTY|ROOT-GAN-PRIORITY|SHI-GUI-LU|ZHONGGUA-2SIDE|GE-QUALITY|CAI-RUO-SHEN-QIANG|YONGSHEN-STRUCTURE|YONGSHEN-FINAL|ZHONG-HE,壬戌 辛酉 庚申 己未 戊午 丁巳此官杀乘旺，原可畏也，然喜午时生食制煞，时干透甲，生火泄水。旺杀半化为印，衰木两遇长生，赖此木根愈固，上下情协，不诬也。白手成家发财数万。,[]
滴天髓,滴天髓-0042,甲寅庚午乙卯丙子,乙,HEAVY,REN-CAIGUAN|SHISHI-BURUO|XIEQI-TAIZHONG|HEAVY-ROOT|TENGLUO-XIJIA|BIJIE-PARTY|ROOT-STRUCK|ROOT-GAN-PRIORITY|WANGCHONG-SHUAI|ZHONGGUA-2SIDE|RI-BEI-HE|JIRUO-WUGEN|JIWANG-HUAIJI|JISHUAI-CONGSHENG|GE-QUALITY|TIANGAN-XINGQING|YONGSHEN-STRUCTURE|YONGSHEN-FINAL|ZHONG-HE,辛未 壬申 癸酉 甲戌 乙亥 丙子专禄日主，时支子水生之，年干甲木，亦坐禄旺，用庚金则火旺无土，坐干火地，用丙火则子冲去其旺支，即或用火，亦无安顿之运。所以一败如灰，至乙亥运，水木齐来，竟为乞丐。,[]
滴天髓,滴天髓-0043,乙丑己卯乙亥壬午,乙,HEAVY,REN-CAIGUAN|DESHI-BUWANG|HEAVY-ROOT|YIN-PARTY|BIJIE-PARTY|ROOT-STRUCK|ROOT-GAN-PRIORITY|SHI-GUI-LU|ZHONGGUA-2SIDE|JIRUO-WUGEN|JIWANG-HUAIJI|GE-QUALITY|SHI-ZHU-JI|TIANGAN-XINGQING|YONGSHEN-STRUCTURE|YONGSHEN-FINAL|ZHONG-HE,戊寅 丁丑 丙子 乙亥 甲戌 癸酉此己土之财，通根在丑，得禄于午，似乎身财并旺，不知己土之财，比肩夺去，丑土之财，卯木克破，午火食神，亥水克之。壬水盖之，无从引化，所谓上下无情也。初逢戊寅丁丑，财逢生助，遗业颇丰；一交丙子，冲去午火，一败而尽；乙亥运，妻子俱卖，削发为僧，又不守清规，冻饿而死。合此两造观之，则上下之情协与不协，富贵贫贱，遂判天渊，即于此证验焉。左右贵乎同志。,[]
滴天髓,滴天髓-0044,壬申丙午庚午庚辰,庚,HEAVY,REN-CAIGUAN|SHISHI-BURUO|XIEQI-TAIZHONG|HEAVY-ROOT|BIJIE-PARTY|ROOT-GAN-PRIORITY|ZHONGGUA-2SIDE|JISHUAI-CONGSHENG|GE-QUALITY|SHI-ZHU-JI|YONGSHEN-STRUCTURE|YONGSHEN-FINAL|ZHONG-HE,丁未 戊申 己酉 庚戌 辛亥 壬子此丙火之杀虽旺，壬水之根亦固，日主有比肩之助，辰土之生，谓身杀两停。用壬制杀，天干之同志者；地支之同志者，辰土也，一制一化，可谓有情。运喜金水之乡，仕途显赫，位至封疆。,[]
滴天髓,滴天髓-0045,壬午丙午庚申戊寅,庚,HEAVY,REN-CAIGUAN|SHISHI-BURUO|XIEQI-TAIZHONG|HEAVY-ROOT|YIN-PARTY|ROOT-STRUCK|ROOT-GAN-PRIORITY|ZHONGGUA-2SIDE|JIRUO-WUGEN|JISHUAI-CONGSHENG|GE-QUALITY|SHI-ZHU-JI|YONGSHEN-STRUCTURE|YONGSHEN-FINAL|ZHONG-HE,丁未 戊申 己酉 庚戌 辛亥 壬子此造与前合观，大同小异，况乎日坐禄旺，壬水亦紧制杀，何彼则名利双收，此则终身不发？盖彼则壬水逢申之生地，制杀有权，此则壬水坐午之绝地，敌杀无力；彼则时干比劫帮身，又可生水，此则时上枭神克水，而不能生食。所谓左右不能同志者也。始其所始，终其所终，富贵福寿，永乎无穷。,[]
滴天髓,滴天髓-0046,壬寅甲辰丁亥己酉,丁,LIGHT,REN-CAIGUAN|SHISHI-BURUO|XIEQI-TAIZHONG|LIGHT-ROOT|YIN-PARTY|ROOT-GAN-PRIORITY|HE-HUASHEN-DESHI|SHI-GUI-LU|ZHONGGUA-2SIDE|RI-BEI-HE|JIRUO-WUGEN|JISHUAI-CONGSHENG|GE-QING|GE-QUALITY|SHI-ZHU-JI|TIANGAN-XINGQING|YONGSHEN-STRUCTURE|YONGSHEN-FINAL|ZHONG-HE,年干壬水为始，是支亥水为终。官生印，印生身，食神发用吐秀，财得食之覆，官逢财星之生。伤官虽当令，印缓制之有情，年月不反背，日时不妒忌，始终得所。贵至二品，富有百万，子孙济美，寿至八旬。,[]
滴天髓,滴天髓-0047,戊戌庚申癸亥乙卯,癸,HEAVY,REN-CAIGUAN|SHISHI-BURUO|XIEQI-TAIZHONG|HEAVY-ROOT|YIN-PARTY|ROOT-STRUCK|ROOT-GAN-PRIORITY|HE-HUASHEN-DESHI|SHI-GUI-LU|ZHONGGUA-2SIDE|RI-BEI-HE|JIRUO-WUGEN|JIWANG-HUAIJI|JISHUAI-CONGSHENG|GE-QUALITY|TIANGAN-XINGQING|YONGSHEN-STRUCTURE|YONGSHEN-FINAL|ZHONG-HE,此造土生金，金生水，水生木，干支同流，但有相生之谊，而无争妒之风、戊戌中财星归库，官司清印正分明，食神吐秀逢生。乡榜出身，仕至黄堂，一妻二妾，子有十三，科第连绵，富有百万，寿过九旬。,[]
滴天髓,滴天髓-0048,甲子丙寅己巳辛未,己,HEAVY,REN-CAIGUAN|SHISHI-BURUO|XIEQI-TAIZHONG|HEAVY-ROOT|YIN-PARTY|ROOT-STRUCK|ROOT-GAN-PRIORITY|SHI-GUI-LU|ZHONGGUA-2SIDE|RI-BEI-HE|JIRUO-WUGEN|JISHUAI-CONGSHENG|GE-QUALITY|SHI-ZHU-JI|TIANGAN-XINGQING|YONGSHEN-STRUCTURE|YONGSHEN-FINAL|ZHONG-HE,此造天干木生火，火生土，土生金，地支水生木，木生火，火生土，土生金。且由支而生干，从地支则以年支子水生寅木为始，至时干辛金为终；从天干亦以年支子水生甲木为始，至时干辛金为终。天地同流。正所谓始其所始，终其所终也，是以科甲联登，仕至极品，夫妇齐美，子孙衍，科甲不绝，寿至九旬。,[]
滴天髓,滴天髓-0049,甲午丁卯甲午丁卯,甲,HEAVY,REN-CAIGUAN|DESHI-BUWANG|XIEQI-TAIZHONG|HEAVY-ROOT|BIJIE-PARTY|ROOT-STRUCK|ROOT-GAN-PRIORITY|SHI-GUI-LU|ZHONGGUA-2SIDE|JIRUO-WUGEN|JIWANG-HUAIJI|SHIYONG-YUELING-XIANGFU|GE-QUALITY|WANGJI-SIWO-SHENG|TIANGAN-XINGQING|YONGSHEN-STRUCTURE|YONGSHEN-FINAL|ZHONG-HE,戊辰 己巳 庚午 辛未 壬申 癸酉此造木火各半，两气成象，取丁火伤官，秀气为用。四柱金水全无，纯粹可观。巳运丁火临官，南宫奏捷，名高翰苑；庚运官杀混局，降知县。夫南方之金，尚有不足，将来西方之水，难言无咎。,[]
滴天髓,滴天髓-0050,丁卯乙巳丁卯乙巳,丁,HEAVY,REN-CAIGUAN|HEAVY-ROOT|YIN-PARTY|BIJIE-PARTY|ROOT-GAN-PRIORITY|SHI-GUI-LU|ZHONGGUA-2SIDE|JIWANG-HUAIJI|SHIYONG-YUELING-XIANGFU|GE-QING|GE-QUALITY|SHI-ZHU-JI|TIANGAN-XINGQING|YONGSHEN-STRUCTURE|YONGSHEN-FINAL|ZHONG-HE,甲辰 癸卯 壬寅 辛丑 庚子 己亥此亦木火各半，两气成象，非前伤官之比。日主是火，长于夏令，木从火势，格成炎上，更不宜见金运。火逢生助。巡抚浙江；至辛运水年，木火皆伤。故不能免祸。所谓“二人同心，可顺而不可逆也。”,[]
滴天髓,滴天髓-0051,丙午戊戌丙午戊戌,丙,HEAVY,REN-CAIGUAN|SHISHI-BURUO|XIEQI-TAIZHONG|HEAVY-ROOT|BIJIE-PARTY|ROOT-STRUCK|ROOT-GAN-PRIORITY|SHI-GUI-LU|ZHONGGUA-2SIDE|JIRUO-WUGEN|JIWANG-HUAIJI|JISHUAI-CONGSHENG|SHIYONG-YUELING-XIANGFU|GE-QUALITY|SHI-ZHU-JI|YONGSHEN-STRUCTURE|YONGSHEN-FINAL|ZHONG-HE,己亥 庚子 辛丑 壬寅 癸卯 甲辰此火土各半，两气成象，取戌土食神，秀气为用。辛丑运湿土晦火，秀气流行，登乡榜；壬运壬年，赴会试，死于都中，盖水激丙火，则火灭也。如两戌换以两辰，不致燥烈，虽逢水运，亦不至大凶也。,[]
滴天髓,滴天髓-0052,戊戌辛酉戊戌辛酉,戊,LIGHT,REN-CAIGUAN|SHISHI-BURUO|XIEQI-TAIZHONG|LIGHT-ROOT|BIJIE-PARTY|ROOT-STRUCK|ROOT-GAN-PRIORITY|ZHONGGUA-2SIDE|JISHUAI-CONGSHENG|SHIYONG-YUELING-XIANGFU|GE-QUALITY|YONGSHEN-STRUCTURE|YONGSHEN-FINAL|ZHONG-HE,壬戌 癸亥 甲子 乙丑 丙寅 丁卯此土金各半，两气成象，取辛金伤官为用。喜其一路北方运，秀气流行，少年科甲，仕至黄堂；交丙破辛金之用，不禄。凡两气成象者，要日主去生，或食或伤。谓英华秀发，多致富贵；所不足者，运破局，不免于祸。如金水水木之印绶格，无秀可取，故无富贵，试之屡验。,[]
滴天髓,滴天髓-0053,戊戌癸亥戊戌癸亥,戊,LIGHT,REN-CAIGUAN|SHISHI-BURUO|LIGHT-ROOT|BIJIE-PARTY|ROOT-GAN-PRIORITY|ZHONGGUA-2SIDE|RI-BEI-HE|JIRUO-WUGEN|SHIYONG-YUELING-XIANGFU|GE-QUALITY|SHI-ZHU-JI|YONGSHEN-STRUCTURE|YONGSHEN-FINAL|ZHONG-HE,甲子 乙丑 丙寅 丁卯 戊辰 己巳此水土各半，两气成象，喜其通根燥土，财命有一。然气势稍寒，所以运至丙寅，寒逢陽，运登科甲，更妙亥中甲木暗生，仕至郡守，宦途平坦。,[]
滴天髓,滴天髓-0054,癸亥己未癸亥己未,癸,HEAVY,REN-CAIGUAN|SHISHI-BURUO|HEAVY-ROOT|BIJIE-PARTY|ROOT-STRUCK|ROOT-GAN-PRIORITY|ZHONGGUA-2SIDE|JIRUO-WUGEN|SHIYONG-YUELING-XIANGFU|GE-QUALITY|SHI-ZHU-JI|TIANGAN-XINGQING|YONGSHEN-STRUCTURE|YONGSHEN-FINAL|ZHONG-HE,戊午 丁巳 丙辰 乙卯 甲寅 癸丑此土水相克，两气成象，纯杀无制，日主受伤。初走火土之乡，生助七杀，正是明月清风谁与共，高山流水少知音；一交乙卯，运转东方，制杀化权，得奇遇，飞升县令。由此观之，生局必须食为美，印局无秀气，不足为佳。财局身财均敌，日主本气无伤，然又要运程安顿得好，斯为全美，一遇破局，则祸生矣。五气聚而成形，形不可害也。,[]
滴天髓,滴天髓-0055,壬戌壬子甲子戊辰,甲,LIGHT,REN-CAIGUAN|SHISHI-BURUO|LIGHT-ROOT|YIN-PARTY|ROOT-STRUCK|ROOT-GAN-PRIORITY|SHI-GUI-LU|ZHONGGUA-2SIDE|JIRUO-WUGEN|SHIYONG-YUELING-XIANGFU|GE-QUALITY|SHI-ZHU-JI|TIANGAN-XINGQING|YONGSHEN-STRUCTURE|YONGSHEN-FINAL|ZHONG-HE,癸丑 甲寅 乙卯 丙辰 丁巳 戊午 己未此造水势猖狂，独戊土以培之，以作砥柆之功，不致浮泛也。然戊土亦赖有戌土而根固，若有辰而无戌，辰乃湿土，见水则荡，戊土不能植根而虚矣。无根之土，岂能止百川之源？故此造所重者，戌之燥土也。但寒木无陽，必须火以温之，则木方可发荣，所以运至南方火旺之乡，发财数万，名成异路也。,[]
滴天髓,滴天髓-0056,戊寅乙卯甲辰辛未,甲,HEAVY,REN-CAIGUAN|DESHI-BUWANG|HEAVY-ROOT|BIJIE-PARTY|ROOT-STRUCK|ROOT-GAN-PRIORITY|SHI-GUI-LU|ZHONGGUA-2SIDE|JIRUO-WUGEN|JIWANG-HUAIJI|SHIYONG-YUELING-XIANGFU|GE-QUALITY|SHI-ZHU-JI|TIANGAN-XINGQING|YONGSHEN-STRUCTURE|YONGSHEN-FINAL|ZHONG-HE,丙辰 丁巳 戊午 己未 庚申 辛酉此造支类东方，劫刃肆逞，一点微金，成之不足，故书香不继，初运火土，不失化之情，财源通裕；至庚申辛酉，辛金得地，而成之异路，加捐仕至州牧；癸运生木泄金，不禄。,[]
滴天髓,滴天髓-0057,癸未乙卯甲戌乙亥,甲,HEAVY,REN-CAIGUAN|HEAVY-ROOT|YIN-PARTY|BIJIE-PARTY|ROOT-STRUCK|ROOT-GAN-PRIORITY|SHI-GUI-LU|ZHONGGUA-2SIDE|JIRUO-WUGEN|JIWANG-HUAIJI|GE-QING|GE-QUALITY|TIANGAN-XINGQING|YONGSHEN-STRUCTURE|YONGSHEN-FINAL|ZHONG-HE,甲寅 癸丑 壬子 辛亥 庚戌 己酉此造柱中，未土深藏，戌土自坐，谓财来就 ，未尝不美。只因四柱无金以成之，五行无火以行之，再加亥时，癸水通根生劫，亥卯未全，助起劫刃猖狂。查其岁运，又无成地，以致祖业消磨，克妻无子。由此推之，命之所重在运，运其可忽乎谚云：“人有凌云志，无运不能自达也。”独象喜行化地，而化神要昌。,[]
滴天髓,滴天髓-0058,甲寅丁卯甲辰丙寅,甲,HEAVY,REN-CAIGUAN|DESHI-BUWANG|XIEQI-TAIZHONG|HEAVY-ROOT|BIJIE-PARTY|ROOT-STRUCK|ROOT-GAN-PRIORITY|SHI-GUI-LU|ZHONGGUA-2SIDE|JIRUO-WUGEN|JIWANG-HUAIJI|GE-QUALITY|WANGJI-SIWO-SHENG|SHI-ZHU-JI|TIANGAN-XINGQING|YONGSHEN-STRUCTURE|YONGSHEN-FINAL|ZHONG-HE,戊辰 己巳 庚午 辛未 壬申 癸酉支全寅卯辰，东方一气，化神者，丙丁也。发泄菁华，少年科甲，早遂仕路之光；行财地，得过且过有食伤化劫之功；行金运，又得丙丁回克之能；交壬破局伤秀，降职归田不禄。,[]
滴天髓,滴天髓-0059,己未丁丑戊子己未,戊,HEAVY,REN-CAIGUAN|HEAVY-ROOT|YIN-PARTY|BIJIE-PARTY|ROOT-STRUCK|ROOT-GAN-PRIORITY|SHI-GUI-LU|ZHONGGUA-2SIDE|JIRUO-WUGEN|JIWANG-HUAIJI|SHIYONG-YUELING-XIANGFU|GE-QUALITY|SHI-ZHU-JI|YONGSHEN-STRUCTURE|YONGSHEN-FINAL|ZHONG-HE,丙子 乙亥 甲戌 癸酉 壬申 辛未费中堂造，天干戊已逢丁，地支重午丑未。子丑化土，斯真格象，已成稼穑。所不足者，丑中辛金无从引出，且局中丁火三见，辛金暗伤，未得生化之妙，所以嗣息艰难。若天干透一庚辛，地支藏一申酉，必多子矣。,[]
滴天髓,滴天髓-0060,丙寅甲午丙戌乙未,丙,HEAVY,REN-CAIGUAN|HEAVY-ROOT|YIN-PARTY|BIJIE-PARTY|ROOT-STRUCK|ROOT-GAN-PRIORITY|SHI-GUI-LU|ZHONGGUA-2SIDE|JIRUO-WUGEN|JIWANG-HUAIJI|SHIYONG-YUELING-XIANGFU|GE-QING|GE-QUALITY|YONGSHEN-STRUCTURE|YONGSHEN-FINAL|ZHONG-HE,乙未 丙申 丁酉 戊戌 乙亥 庚子支全火局，木从火势，格成炎上。惜木旺克土，秀气有伤，书香难就，武甲出身，仕至副将。行申酉运，运亦有戌未之化，所以无咎；亥运，幸得未会寅合，不过降职；交庚子，干无食伤，支逢冲激，死在军中。,[]
滴天髓,滴天髓-0061,庚申乙酉庚戌庚辰,庚,HEAVY,REN-CAIGUAN|DESHI-BUWANG|HEAVY-ROOT|BIJIE-PARTY|ROOT-STRUCK|ROOT-GAN-PRIORITY|HE-HUASHEN-DESHI|ZHONGGUA-2SIDE|RI-BEI-HE|JIRUO-WUGEN|JIWANG-HUAIJI|GE-QUALITY|SHI-ZHU-JI|YONGSHEN-STRUCTURE|YONGSHEN-FINAL|ZHONG-HE,丙戌 丁亥 戊子 己丑 庚寅 辛卯此造天干乙庚化合，地支申酉戌全，格成从革，惜无水，肃杀之气太锐，不但书香不利，而且不能善终。行伍出身，官至参将，一交寅运，阵亡。盖局无食伤之故耳；又寅戌暗拱，触其旺神也。,[]
滴天髓,滴天髓-0062,壬子辛亥癸丑壬子,癸,HEAVY,REN-CAIGUAN|HEAVY-ROOT|YIN-PARTY|BIJIE-PARTY|ROOT-GAN-PRIORITY|SHI-GUI-LU|ZHONGGUA-2SIDE|JIWANG-HUAIJI|GE-QING|GE-QUALITY|CAI-RUO-SHEN-QIANG|TIANGAN-XINGQING|YONGSHEN-STRUCTURE|YONGSHEN-FINAL|ZHONG-HE,壬子 癸丑 甲寅 乙卯 丙辰 丁巳地支亥子丑，干透壬癸辛，局成润下。喜行运不背，书香早遂；甲寅运气流行，登科发甲；乙卯宦途平坦，由县令而迁州牧；丙辰原局无食伤之化，群劫争财，不禄。全象喜行财地，而财神要旺。,[]
滴天髓,滴天髓-0063,戊申丙辰丁卯甲辰,丁,NONE,SHISHI-BURUO|XIEQI-TAIZHONG|YIN-PARTY|ZHONGGUA-2SIDE|WUGEN-YOUFU|JISHUAI-CONGSHENG|SHIYONG-YUELING-XIANGFU|GE-QUALITY|YUN-SHENG-ROOT|SHI-ZHU-JI|TIANGAN-XINGQING|YONGSHEN-STRUCTURE|YONGSHEN-FINAL|ZHONG-HE,丁巳 戊午 己未 庚申 辛酉 壬戌丁卯日元，生于季春。伤官生财，嫌其木盛土虚，书香难就。土得其伤官化劫，使丙火无争财之意，所以运至庚申辛酉，承先人事业虽微，而自创规模颇大，财发十余万。,[]
滴天髓,滴天髓-0064,己巳辛未丙午丁酉,丙,HEAVY,REN-CAIGUAN|SHISHI-BURUO|XIEQI-TAIZHONG|BIJIE-PARTY|ROOT-GAN-PRIORITY|ZHONGGUA-2SIDE|RI-BEI-HE|JIRUO-WUGEN|JIWANG-HUAIJI|JISHUAI-CONGSHENG|GE-QING|GE-QUALITY|SHI-ZHU-JI|YONGSHEN-STRUCTURE|YONGSHEN-FINAL|ZHONG-HE,此造火长夏天，支类南方，旺之极矣，火土伤官生财。格所嫌者，丁火羊刃透干，局中全无湿气，劫刃肆逞，祖业无恒，父母早亡，幼遭孤苦，中受饥寒。六旬之前，运走东南木火之地，妻财子禄，一字无成。至丑运，北方湿土，晦火生金，暗会金局，从此得际遇，立业发财，至七旬又买妾，连生二子。及甲子癸亥，北方水地，获利数万，寿至九旬。谚云：“有其运，必得其福”，为人岂可限量哉！形全者宜损其有余，形缺者宜补其不足。,[]
滴天髓,滴天髓-0065,丁丑庚戌庚子甲申,庚,HEAVY,REN-CAIGUAN|SHISHI-BURUO|BIJIE-PARTY|ROOT-GAN-PRIORITY|SHI-GUI-LU|ZHONGGUA-2SIDE|JIWANG-HUAIJI|SHIYONG-YUELING-XIANGFU|GE-QING|GE-QUALITY|CAI-RUO-SHEN-QIANG|YONGSHEN-STRUCTURE|YONGSHEN-FINAL|ZHONG-HE,己酉 戊申 丁未 丙午 乙巳 甲辰此秋金坚锐，官星虚脱，不能相制，财星临绝，何暇生官！初运土金，晦火生金，形伤破耗，无所不见；丁未丙午助起官星，家业鼎新；乙巳晚景优游，所谓伤之有功也。,[]
滴天髓,滴天髓-0066,戊申壬戌庚申乙酉,庚,HEAVY,REN-CAIGUAN|SHISHI-BURUO|XIEQI-TAIZHONG|HEAVY-ROOT|YIN-PARTY|ROOT-STRUCK|ROOT-GAN-PRIORITY|SHI-GUI-LU|ZHONGGUA-2SIDE|RI-BEI-HE|JIRUO-WUGEN|JIWANG-HUAIJI|JISHUAI-CONGSHENG|SHIYONG-YUELING-XIANGFU|GE-QUALITY|CAI-RUO-SHEN-QIANG|YONGSHEN-STRUCTURE|YONGSHEN-FINAL|ZHONG-HE,癸亥 甲子 乙丑 丙寅 丁卯 戊辰此造乙从庚化，官星不见，支类西方，又坐禄旺，权在一人。从其强势，虽有壬，戊土紧克，不能引通泄其杀气。初交癸亥，财喜如心，一交丙寅，触其旺神，一败如灰，衣食难度，自缢而死。所谓泄之有益，伤之有害也。,[]
滴天髓,滴天髓-0067,庚申辛巳丙辰乙未,丙,HEAVY,REN-CAIGUAN|DESHI-BUWANG|HEAVY-ROOT|YIN-PARTY|ROOT-STRUCK|ROOT-GAN-PRIORITY|SHI-GUI-LU|ZHONGGUA-2SIDE|RI-BEI-HE|JIRUO-WUGEN|JIWANG-HUAIJI|GE-QING|GE-QUALITY|YONGSHEN-STRUCTURE|YONGSHEN-FINAL|ZHONG-HE,壬午 癸未 甲申 乙酉 丙戌 丁亥此造以俗论之，丙火生于巳月，建禄必要用财，无如庚辛重叠根深，独印受伤，弱可知矣。运至甲申乙酉，金得地，木无根，破耗异常；丙戌丁运，重振家声。此财多身弱，所谓帮之则有功也。,['身弱']
滴天髓,滴天髓-0068,壬子癸丑丙午壬辰,丙,HEAVY,REN-CAIGUAN|HEAVY-ROOT|ROOT-STRUCK|ROOT-GAN-PRIORITY|ZHONGGUA-2SIDE|JIRUO-WUGEN|JIWANG-HUAIJI|SHIYONG-YUELING-XIANGFU|GE-QUALITY|SHI-ZHU-JI|YONGSHEN-STRUCTURE|YONGSHEN-FINAL|ZHONG-HE,甲寅 乙卯 丙辰 丁巳 戊午 己未此造满局官星，日主孤弱，虽食伤未见，但丑辰皆湿土，能蓄水，不能止水。初交甲寅乙卯，化杀生身，早游泮水，财炡有余：后交丙辰，不但不能帮身，反受官杀回克，刑妻克子，家业耗散；申年暗拱杀局而亡。所谓助之则吉，帮之反害也。,[]
滴天髓,滴天髓-0069,甲寅丁卯戊辰己未,戊,HEAVY,REN-CAIGUAN|SHISHI-BURUO|HEAVY-ROOT|YIN-PARTY|BIJIE-PARTY|ROOT-STRUCK|ROOT-GAN-PRIORITY|SHI-GUI-LU|ZHONGGUA-2SIDE|JIRUO-WUGEN|SHIYONG-YUELING-XIANGFU|GE-QUALITY|SHI-ZHU-JI|YONGSHEN-STRUCTURE|YONGSHEN-FINAL|ZHONG-HE,戊辰 己巳 庚午 辛未 壬申 癸酉此木方全，搭一未字为混，然无未字，则日主虚脱，且天干甲木透出作杀而不作官，必要未字日主气贯，身杀两停，名利双辉。鼎甲出身，仕至极品，可知方混局之无害也。,[]
滴天髓,滴天髓-0070,丙辰庚寅乙卯丁亥,乙,HEAVY,REN-CAIGUAN|DESHI-BUWANG|XIEQI-TAIZHONG|HEAVY-ROOT|ROOT-STRUCK|ROOT-GAN-PRIORITY|ZHONGGUA-2SIDE|RI-BEI-HE|JIRUO-WUGEN|JIWANG-HUAIJI|SHIYONG-YUELING-XIANGFU|GE-QUALITY|WANGJI-SIWO-SHENG|TIANGAN-XINGQING|YONGSHEN-STRUCTURE|YONGSHEN-FINAL|ZHONG-HE,辛卯 壬辰 癸巳 甲午 乙未 丙申 丁酉此支类东方，火明木秀，最喜丙火紧克庚金之浊，然春初木嫩，必得亥时生助。为人风流潇洒，学问渊深。丁亥生木助火，采芹攀桂；巳运南宫报捷，名高翰苑；午运拱寅合卯，采梁栋于邓林，是难哲匠，搜琳琅于瑶圃；爰藉宗工；至酉，乙木无根，金得地，冲破东方秀气，犯事落职，若无亥水化之，岂能免大凶！局混方兮有纯疵，行运喜南或喜北。,[]
滴天髓,滴天髓-0071,甲寅乙亥乙卯癸未,乙,HEAVY,REN-CAIGUAN|SHISHI-BURUO|HEAVY-ROOT|TENGLUO-XIJIA|YIN-PARTY|BIJIE-PARTY|ROOT-STRUCK|ROOT-GAN-PRIORITY|SHI-GUI-LU|ZHONGGUA-2SIDE|JIRUO-WUGEN|JIWANG-HUAIJI|GE-QING|GE-QUALITY|SHI-ZHU-JI|TIANGAN-XINGQING|YONGSHEN-STRUCTURE|YONGSHEN-FINAL|ZHONG-HE,此木局全，混一寅字，然四柱无金，其势从强，谓深得一方秀气。少年科第，惟庚辰辛巳运，虽有癸水之化，仍不免刑丧起倒，仕路蹭蹬。至六旬外，运走壬午癸未，由县令而迁司马，履黄堂而升观察，直如扬帆大海，谁能御之！由此观之，从强之木局，东南北运皆利，惟忌西方金运克破耳。,[]
滴天髓,滴天髓-0072,甲寅丁卯乙未丁亥,乙,HEAVY,REN-CAIGUAN|DESHI-BUWANG|XIEQI-TAIZHONG|HEAVY-ROOT|TENGLUO-XIJIA|BIJIE-PARTY|ROOT-STRUCK|ROOT-GAN-PRIORITY|ZHONGGUA-2SIDE|JIRUO-WUGEN|JIWANG-HUAIJI|GE-QING|GE-QUALITY|WANGJI-SIWO-SHENG|TIANGAN-XINGQING|YONGSHEN-STRUCTURE|YONGSHEN-FINAL|ZHONG-HE,戊辰 己巳 庚午 辛未 壬申 癸酉此亦木局全，混一寅字，取丁火食神秀气，非前造从强论也。至巳运，丁火临官，登科发甲；庚午辛未，南方金败之地，不伤体用，仕途平坦；壬申，木火皆伤，破局，死于军中。前则从强，南北皆利；此则木火，西北有害。由此两造观之，局混方之无害也。若然方局一齐来，须是干头无反复。,[]
滴天髓,滴天髓-0073,甲寅丁卯乙亥癸未,乙,HEAVY,REN-CAIGUAN|DESHI-BUWANG|XIEQI-TAIZHONG|HEAVY-ROOT|TENGLUO-XIJIA|YIN-PARTY|BIJIE-PARTY|ROOT-STRUCK|ROOT-GAN-PRIORITY|SHI-GUI-LU|ZHONGGUA-2SIDE|JIRUO-WUGEN|JIWANG-HUAIJI|SHIYONG-YUELING-XIANGFU|GE-QING|GE-QUALITY|WANGJI-SIWO-SHENG|SHI-ZHU-JI|TIANGAN-XINGQING|YONGSHEN-STRUCTURE|YONGSHEN-FINAL|ZHONG-HE,戊辰 己巳 庚午 辛未 壬申 癸酉此方局齐来，得月干丁火独透，发泄菁英，何其妙也。惜乎时干癸水透露，通根亥支，紧伤丁火秀气，谓干头反复，所以一衿尚不能博，贫乏无子。设使癸水换一火土，名利皆遂矣。,[]
滴天髓,滴天髓-0074,丁卯甲辰甲寅乙亥,甲,HEAVY,REN-CAIGUAN|SHISHI-BURUO|XIEQI-TAIZHONG|HEAVY-ROOT|BIJIE-PARTY|ROOT-STRUCK|ROOT-GAN-PRIORITY|SHI-GUI-LU|ZHONGGUA-2SIDE|JIRUO-WUGEN|JIWANG-HUAIJI|JISHUAI-CONGSHENG|GE-QUALITY|TIANGAN-XINGQING|YONGSHEN-STRUCTURE|YONGSHEN-FINAL|ZHONG-HE,癸卯 壬寅 辛丑 庚子 己亥 戊戌此亦方局齐来，干头无水，丁火秀气流行，行运不甚反悖。中乡榜，仕至州牧，子多财旺，赋性仁慈，品行端方，寿越八旬，夫妇齐眉。所谓木主仁，仁者寿，格名曲直仁寿者，信斯言也。由此两造观之，干头反复与全顺得序者，天渊也。成方干透一元神，生地库地皆非福。,[]
滴天髓,滴天髓-0075,戊寅甲寅甲辰丁卯,甲,HEAVY,REN-CAIGUAN|DESHI-BUWANG|XIEQI-TAIZHONG|HEAVY-ROOT|BIJIE-PARTY|ROOT-STRUCK|ROOT-GAN-PRIORITY|SHI-GUI-LU|ZHONGGUA-2SIDE|JIRUO-WUGEN|JIWANG-HUAIJI|GE-QUALITY|WANGJI-SIWO-SHENG|TIANGAN-XINGQING|YONGSHEN-STRUCTURE|YONGSHEN-FINAL|ZHONG-HE,乙卯 丙辰 丁巳 戊午 己未 庚申此成方，干透元神，四柱不杂金水，时干丁火吐秀，纯粹可观。初中行运火土，中乡榜，出宰名区；惜木多火炽，丁火不中以泄之，所以运至庚申，不能免祸。,[]
滴天髓,滴天髓-0076,癸卯丙辰甲辰丙寅,甲,HEAVY,REN-CAIGUAN|SHISHI-BURUO|XIEQI-TAIZHONG|HEAVY-ROOT|YIN-PARTY|ROOT-STRUCK|ROOT-GAN-PRIORITY|SHI-GUI-LU|ZHONGGUA-2SIDE|JIRUO-WUGEN|JIWANG-HUAIJI|JISHUAI-CONGSHENG|SHIYONG-YUELING-XIANGFU|GE-QUALITY|SHI-ZHU-JI|TIANGAN-XINGQING|YONGSHEN-STRUCTURE|YONGSHEN-FINAL|ZHONG-HE,乙卯 甲寅 癸丑 壬子 辛亥 庚戌此造财旺提纲，丙食生助，当以财星为用，丙火为喜，癸水为忌。身旺用财，遗业十余万。初年水木运，一败如灰：至辛亥运，火绝木生，水临旺，冻饿而死。以此观之，不论成方成局，必先察财官之势。若财旺提纲，则以财为用；或官得财助，则以官为用；如财不通月支，官无旺财生，必须弃其寡而从其众也。余皆仿此。成局干透一官星，左边右边空碌碌。,['身旺']
滴天髓,滴天髓-0077,辛未辛卯乙未丁亥,乙,HEAVY,REN-CAIGUAN|DESHI-BUWANG|XIEQI-TAIZHONG|HEAVY-ROOT|ROOT-GAN-PRIORITY|ZHONGGUA-2SIDE|JIWANG-HUAIJI|GE-QING|GE-QUALITY|WANGJI-SIWO-SHENG|TIANGAN-XINGQING|YONGSHEN-STRUCTURE|YONGSHEN-FINAL|ZHONG-HE,庚寅 己丑 戊子 丁亥 丙戌 乙酉此乙木归垣，亥卯未全，木势旺盛，金气虚脱，最喜时透丁火，制煞为用。故初运土金之乡，奔驰未遇；至于亥运，生木制煞，军前效力，得县佐；丙戌运中帮丁克辛，升县令。此所谓强众而敌寡，势在去其寡，非煞旺宜制而推也。至酉运，煞逢禄旺，冲破木局不禄。,[]
滴天髓,滴天髓-0078,辛未辛卯乙未戊寅,乙,HEAVY,REN-CAIGUAN|DESHI-BUWANG|HEAVY-ROOT|ROOT-GAN-PRIORITY|SHI-GUI-LU|ZHONGGUA-2SIDE|JIWANG-HUAIJI|GE-QING|GE-QUALITY|SHI-ZHU-JI|TIANGAN-XINGQING|YONGSHEN-STRUCTURE|YONGSHEN-FINAL|ZHONG-HE,庚寅 己丑 戊子 丁亥 丙戌 乙酉此乙木归垣，虽无全会，然寅时比亥之力量胜数倍矣。以大象观之，局中三土两金，似乎财生煞旺，不知卯旺提纲，支中皆木之根旺，非金之在地也。初运土金之乡，采芹食廪，家业丰裕：一交丁亥，制煞会局，刑妻克子，破耗异常，犯事革名，忧郁而死。,[]
滴天髓,滴天髓-0079,庚寅己卯乙亥癸未,乙,HEAVY,REN-CAIGUAN|DESHI-BUWANG|HEAVY-ROOT|YIN-PARTY|ROOT-STRUCK|ROOT-GAN-PRIORITY|SHI-GUI-LU|ZHONGGUA-2SIDE|RI-BEI-HE|JIRUO-WUGEN|JIWANG-HUAIJI|SHIYONG-YUELING-XIANGFU|GE-QING|GE-QUALITY|SHI-ZHU-JI|TIANGAN-XINGQING|YONGSHEN-STRUCTURE|YONGSHEN-FINAL|ZHONG-HE,庚辰 辛巳 壬午 癸未 甲申 乙酉此造正合本文成局，干透官星，左右皆空，四柱一无情致，用财则财会劫局，用官则官临绝地，用神无所着落，为人少恒一之志，多迁变之心，以致家业破耗。读书未就，而学医；医又不就，又学堪舆；自以为仲景再世，杨赖复生，而人终不信；又学巫，学易，学命，所学甚多，不能尽述。不但一无所就，而且财散人离，削发为僧矣。,[]
滴天髓,滴天髓-0080,庚辰癸未乙未癸未,乙,LIGHT,REN-CAIGUAN|SHISHI-BURUO|LIGHT-ROOT|YIN-PARTY|ROOT-GAN-PRIORITY|SHI-GUI-LU|ZHONGGUA-2SIDE|RI-BEI-HE|JIRUO-WUGEN|SHIYONG-YUELING-XIANGFU|GE-QING|GE-QUALITY|SHI-ZHU-JI|TIANGAN-XINGQING|YONGSHEN-STRUCTURE|YONGSHEN-FINAL|ZHONG-HE,甲申 乙酉 丙戌 丁亥 戊子 己丑此造支中三未通根，尚有余气，干透两癸，正三伏生寒，贴身生扶，亦通根身库。官星独发而清，癸水润土养金，生化不悖，财旺生官，中和纯粹。科甲出身，仕至藩臬，官境安和。,['中和']
滴天髓,滴天髓-0081,己丑壬申丁未丙午,丁,HEAVY,REN-CAIGUAN|SHISHI-BURUO|XIEQI-TAIZHONG|HEAVY-ROOT|BIJIE-PARTY|ROOT-STRUCK|ROOT-GAN-PRIORITY|SHI-GUI-LU|ZHONGGUA-2SIDE|RI-BEI-HE|JIRUO-WUGEN|JISHUAI-CONGSHENG|GE-QUALITY|TIANGAN-XINGQING|YONGSHEN-STRUCTURE|YONGSHEN-FINAL|ZHONG-HE,辛未 庚午 己巳 戊辰 丁卯 丙寅此造以大势观之，官得清地彼，何彼则富贵，此则困穷？不知此造无印，官紧克，午未虽是余气禄旺，丑中蓄水，暗伤午未之火，壬水逢生，又克丙火；更嫌己土一透，不能制水，反能晦火；兼之中运逢土，又泄火气，谓克泄交加。因之功名未遂，耗散资财，尚不免刑妻克子。细究皆己丑两字之患，幸格局顺正，气象不偏，将来运至木火之地，虽然屈抑于前，终必奋亨于后。,[]
滴天髓,滴天髓-0082,癸未乙卯丙午辛卯,丙,HEAVY,REN-CAIGUAN|SHISHI-BURUO|HEAVY-ROOT|YIN-PARTY|ROOT-STRUCK|ROOT-GAN-PRIORITY|ZHONGGUA-2SIDE|RI-BEI-HE|JIRUO-WUGEN|JIWANG-HUAIJI|SHIYONG-YUELING-XIANGFU|GE-QING|GE-QUALITY|CAI-RUO-SHEN-QIANG|YONGSHEN-STRUCTURE|YONGSHEN-FINAL|ZHONG-HE,甲寅 癸丑 壬子 辛亥 庚戌 己酉此官清印正格，喜其未卯拱木，纯粹之象，故为人品超群，才华卓越，文望若高山北斗，品行似良玉精金。异印星太重，官星泄气，神有余而精不足，以致功名蹭蹬，纵有凌去之志，难遂青钱之选，还喜格正局清，财星逢合，虽然大材小用，究竟名利两全，仕路清高。施菁莪之雅化，振古木之人才也。,[]
滴天髓,滴天髓-0083,辛卯丙申癸卯壬戌,癸,LIGHT,REN-CAIGUAN|SHISHI-BURUO|LIGHT-ROOT|YIN-PARTY|BIJIE-PARTY|ROOT-GAN-PRIORITY|ZHONGGUA-2SIDE|JIRUO-WUGEN|SHIYONG-YUELING-XIANGFU|GE-QING|GE-QUALITY|SHI-ZHU-JI|TIANGAN-XINGQING|YONGSHEN-STRUCTURE|YONGSHEN-FINAL|ZHONG-HE,乙未 甲午 癸巳 壬辰 辛卯 庚寅此印绶格，以申金为用，以丙火为病，以壬水为药，中和纯粹，秋水通源。运至癸巳，金水逢生得助，科甲联登；壬辰药病相济，由部属出为郡守。盖辛卯庚寅盖头，逢金不能生火环印，名利两全也。,['中和']
滴天髓,滴天髓-0084,辛卯丙申癸卯甲寅,癸,LIGHT,REN-CAIGUAN|SHISHI-BURUO|XIEQI-TAIZHONG|LIGHT-ROOT|YIN-PARTY|ROOT-GAN-PRIORITY|WANGCHONG-SHUAI|ZHONGGUA-2SIDE|JIRUO-WUGEN|JISHUAI-CONGSHENG|SHIYONG-YUELING-XIANGFU|GE-QUALITY|SHI-ZHU-JI|TIANGAN-XINGQING|YONGSHEN-STRUCTURE|YONGSHEN-FINAL|ZHONG-HE,乙未 甲午 癸巳 壬辰 辛卯 庚寅此亦以申金为用，以丙火为病，与前只换一寅字，不但有病无药，而且生助病神。彼则青钱万选，名利两全，此则机杼空抛，守株待兔。更嫌寅申遥冲，卯木助之，印绶反伤，木旺金缺，且月建乃六亲之位，未免分荆破斧，资财耗散。壬运帮身去病，财源稍裕；辛卯庚寅，东方无根之金，功名未能进取，家业不过小康。然格正局真，印星秉令，所以襟怀旷达，八斗才夸，争似元龙意气，五花笔吐，浑如司马文章。,[]
滴天髓,滴天髓-0085,己巳庚午丙午甲午,丙,HEAVY,REN-CAIGUAN|DESHI-BUWANG|XIEQI-TAIZHONG|HEAVY-ROOT|ROOT-STRUCK|ROOT-GAN-PRIORITY|SHI-GUI-LU|ZHONGGUA-2SIDE|JIRUO-WUGEN|JIWANG-HUAIJI|SHIYONG-YUELING-XIANGFU|GE-QUALITY|WANGJI-SIWO-SHENG|YONGSHEN-STRUCTURE|YONGSHEN-FINAL|ZHONG-HE,己巳 戊辰 丁卯 丙寅 乙丑 甲子 癸亥此造俗论，丙午日支全三午，四柱滴水全无，中年又无水运，必作飞天禄马，名利双辉，不知此造午中己土，巳中庚金，元神透出年月两干，真火土伤官生财格。初交己巳戊辰，晦火生金，遗业颇丰；丁卯丙寅，土金喜用皆伤，连遭回禄三次，又克两妻四子，家业破尽；至乙丑运，北方湿土，晦火生金，又合化有情，经营获利，纳妾生子 ，重振家园；甲子癸亥，北方水地润土养金，发财数万。若以飞天合,[]
滴天髓,滴天髓-0086,丁丑癸卯乙卯己卯,乙,HEAVY,REN-CAIGUAN|DESHI-BUWANG|HEAVY-ROOT|YIN-PARTY|ROOT-GAN-PRIORITY|SHI-GUI-LU|ZHONGGUA-2SIDE|JIWANG-HUAIJI|SHIYONG-YUELING-XIANGFU|GE-QING|GE-QUALITY|WANGJI-SIWO-SHENG|TIANGAN-XINGQING|YONGSHEN-STRUCTURE|YONGSHEN-FINAL|ZHONG-HE,壬寅 辛丑 庚子 己亥 戊戌 丁酉乙卯日，生于卯月卯时，旺之极矣，最喜丁火独发，泄其精英。惜癸水克丁，乃伤秀气，时干己土临绝，不能去其癸水，因之书香不继，初中运逢水木之地刑丧破耗，家业渐消：戊戌丁运，大遂经营之愿，发财巨万，若以飞天禄马论之，则戊戌运大破矣。,[]
滴天髓,滴天髓-0087,丁未癸丑甲辰甲戌,甲,LIGHT,REN-CAIGUAN|SHISHI-BURUO|XIEQI-TAIZHONG|LIGHT-ROOT|YIN-PARTY|BIJIE-PARTY|ROOT-STRUCK|ROOT-GAN-PRIORITY|ZHONGGUA-2SIDE|JIRUO-WUGEN|JISHUAI-CONGSHENG|SHIYONG-YUELING-XIANGFU|GE-QUALITY|SHI-ZHU-JI|TIANGAN-XINGQING|YONGSHEN-STRUCTURE|YONGSHEN-FINAL|ZHONG-HE,壬子 辛亥 庚戌 己酉 戊申 丁未此造支全四库逢冲，俗作杂气财官也，不知丑未逢冲，不特官星受伤，而且冲去库根；日主坐下余气，亦是根盘，更嫌戌冲，微根巳气，财多身弱；且旺土愈冲愈旺，则癸水必伤。初运壬子辛水旺之地，荫疪有余；一交庚戌，财煞并旺，椿萱并逝，刑妻克子；己酉戊申土盖天干，使金不能生水，家业破尽，无子而亡。,['身弱']
滴天髓,滴天髓-0088,丁亥癸丑甲子辛未,甲,HEAVY,REN-CAIGUAN|SHISHI-BURUO|XIEQI-TAIZHONG|HEAVY-ROOT|YIN-PARTY|ROOT-STRUCK|ROOT-GAN-PRIORITY|SHI-GUI-LU|ZHONGGUA-2SIDE|JIRUO-WUGEN|JISHUAI-CONGSHENG|SHIYONG-YUELING-XIANGFU|GE-QUALITY|SHI-ZHU-JI|TIANGAN-XINGQING|YONGSHEN-STRUCTURE|YONGSHEN-FINAL|ZHONG-HE,壬子 辛亥 庚戌 己酉 戊申 丁未甲子日元，生于丑月，支类北方；天干辛癸，官印元神发露，克去丁火，丑未遥隔；又水势乘权，不能冲丑，正得中和之象。所以土金水运，皆得生化之情，早游泮水，战胜秋闱。只因格局清寒，仕路未居显职，芹泮日长鸣孔铎，杏坛春暖奏虞弦也。前则逢冲，官印两伤，名利无成，此则不动，名成利遂。可知墓库逢冲必发者，谬也。,['中和']
滴天髓,滴天髓-0089,丙寅甲午丙午癸巳,丙,HEAVY,REN-CAIGUAN|HEAVY-ROOT|YIN-PARTY|BIJIE-PARTY|ROOT-STRUCK|ROOT-GAN-PRIORITY|SHI-GUI-LU|ZHONGGUA-2SIDE|JIRUO-WUGEN|JIWANG-HUAIJI|GE-QUALITY|SHI-ZHU-JI|YONGSHEN-STRUCTURE|YONGSHEN-FINAL|ZHONG-HE,乙未 丙申 丁酉 戊戌 己亥 庚子此火长夏令，月支坐刃，年支逢生，时支得禄，年月两支，又透甲丙，烈火焚木，旺之极矣，一点癸水熬干，只得从其强势。运逢木火土，财喜频增；申酉运中，刑耗多端；至亥运，激火之烈，家业破尽而亡。所谓旺极者，抑之反激而有害也。,['旺极']
滴天髓,滴天髓-0090,戊寅庚申丙申丙申,丙,HEAVY,REN-CAIGUAN|SHISHI-BURUO|XIEQI-TAIZHONG|HEAVY-ROOT|BIJIE-PARTY|ROOT-STRUCK|ROOT-GAN-PRIORITY|WANGCHONG-SHUAI|ZHONGGUA-2SIDE|JIRUO-WUGEN|JISHUAI-CONGSHENG|SHIYONG-YUELING-XIANGFU|GE-QUALITY|SHI-ZHU-JI|YONGSHEN-STRUCTURE|YONGSHEN-FINAL|ZHONG-HE,辛酉 壬戌 癸亥 甲子 乙丑 丙寅 丁卯丙火生于初秋，秋金乘令，二申冲去一寅，丙火之根已拔，比肩亦不能为力。年月两干，又透土金，只得从其弱势，顺财之性，以比肩为病。故运至水旺之地，制去比肩，事业巍峨：丙寅帮身，刑丧破髦。所谓弱极者扶之，徒劳无功，反有害也。此等格局颇多，以俗论之前造必以金水为用，此造必以木为用，以致吉凶颠倒，反归咎于命理之无凭故特书两造为后证云。,['弱极']
滴天髓,滴天髓-0091,癸酉甲子丙寅戊戌,丙,HEAVY,REN-CAIGUAN|SHISHI-BURUO|XIEQI-TAIZHONG|HEAVY-ROOT|YIN-PARTY|ROOT-STRUCK|ROOT-GAN-PRIORITY|SHI-GUI-LU|ZHONGGUA-2SIDE|JIRUO-WUGEN|JISHUAI-CONGSHENG|GE-QUALITY|SHI-ZHU-JI|YONGSHEN-STRUCTURE|YONGSHEN-FINAL|ZHONG-HE,癸亥 壬戌 辛酉 庚申 己未 戊午此造以甲木为精，衰木得水滋，而逢寅禄为精足，以戊土为神，坐戌通根，寅戌拱之为神旺。官生印，印生身，坐下长生为气贯流通，生化五行俱足。左右上下情协不悖，官来能挡，劫来有官，食来有印，东西南北之运，皆可行也，所以一生富贵福寿 ，可谓美矣。,[]
滴天髓,滴天髓-0092,癸未乙卯丙辰庚寅,丙,HEAVY,REN-CAIGUAN|SHISHI-BURUO|HEAVY-ROOT|YIN-PARTY|ROOT-GAN-PRIORITY|SHI-GUI-LU|ZHONGGUA-2SIDE|JIRUO-WUGEN|JIWANG-HUAIJI|GE-QUALITY|CAI-RUO-SHEN-QIANG|YONGSHEN-STRUCTURE|YONGSHEN-FINAL|ZHONG-HE,甲寅 癸丑 壬子 辛亥 庚戌 己酉此造以大势观之，官印相生，偏财时遇，五行不缺，四柱纯粹，俨然贵格，不如财官两字休囚，又遥隔不能相顾，支全寅、卯、辰。春土克尽，不能生金，金临绝地，不能生水，水之气尽泄于木，木之势愈旺而火炽，火炽则气毙，气毙则神枯。行运北方，又伤丙火之气，反助取木之精；即逢金运，所谓过于有余，损之反角其触，以致终身碌碌 ，名利无成出。,[]
滴天髓,滴天髓-0093,戊戌乙丑丙辰己丑,丙,LIGHT,REN-CAIGUAN|SHISHI-BURUO|XIEQI-TAIZHONG|LIGHT-ROOT|YIN-PARTY|ROOT-STRUCK|ROOT-GAN-PRIORITY|ZHONGGUA-2SIDE|JIRUO-WUGEN|JISHUAI-CONGSHENG|SHIYONG-YUELING-XIANGFU|GE-QUALITY|SHI-ZHU-JI|YONGSHEN-STRUCTURE|YONGSHEN-FINAL|ZHONG-HE,甲子 癸亥 壬戌 辛酉 庚申 己未此四柱皆土，命主元神，泄尽月干，乙木凋枯，所谓精气枯索。运逢壬戌，本主受伤；年逢辛未，紧克乙木，卒于九月患弱症而亡。此造运用逆行，大抵是枯命。,[]
滴天髓,滴天髓-0094,甲戌丙寅戊寅丙辰,戊,HEAVY,REN-CAIGUAN|SHISHI-BURUO|HEAVY-ROOT|YIN-PARTY|ROOT-STRUCK|ROOT-GAN-PRIORITY|SHI-GUI-LU|ZHONGGUA-2SIDE|JIRUO-WUGEN|SHIYONG-YUELING-XIANGFU|GE-QUALITY|SHI-ZHU-JI|YONGSHEN-STRUCTURE|YONGSHEN-FINAL|ZHONG-HE,丁卯 戊辰 己巳庚午 辛未 壬申戊寅日元，生于立春十五日后，正当甲木司令，地支两寅紧克辰戌之土，天干甲木，又制日干之戊，似乎煞旺身弱。然喜无金，则日元之气不泄，更妙无水，则丙火之印不坏，尤羡贴身透丙，化杀生身。由甲傍而悬青绶，从副尹以跻黄堂，名利双收也。,['身弱']
滴天髓,滴天髓-0095,甲戌丙寅戊辰庚申,戊,HEAVY,REN-CAIGUAN|SHISHI-BURUO|XIEQI-TAIZHONG|HEAVY-ROOT|YIN-PARTY|ROOT-STRUCK|ROOT-GAN-PRIORITY|WANGCHONG-SHUAI|SHI-GUI-LU|ZHONGGUA-2SIDE|JIRUO-WUGEN|JISHUAI-CONGSHENG|SHIYONG-YUELING-XIANGFU|GE-QUALITY|SHI-ZHU-JI|YONGSHEN-STRUCTURE|YONGSHEN-FINAL|ZHONG-HE,丁卯 戊辰 己巳 庚午 辛未 壬申戊辰日元，生于立春后六日，正戊土司令，月透丙火，生化有情，日支坐辰，通根身旺，又得食神制杀。俗论比之，胜于前造，不知嫩木寒土皆喜火，况杀既化，不宜再制。所嫌者，申时不但日主泄气，而且丙火临绝，以致书香难遂，一生起倒不宁，半世刑丧不免也。,['身旺']
滴天髓,滴天髓-0096,甲辰丁卯甲子戊辰,甲,HEAVY,REN-CAIGUAN|DESHI-BUWANG|HEAVY-ROOT|BIJIE-PARTY|ROOT-STRUCK|ROOT-GAN-PRIORITY|SHI-GUI-LU|ZHONGGUA-2SIDE|JIRUO-WUGEN|JIWANG-HUAIJI|SHIYONG-YUELING-XIANGFU|GE-QUALITY|WANGJI-SIWO-SHENG|SHI-ZHU-JI|TIANGAN-XINGQING|YONGSHEN-STRUCTURE|YONGSHEN-FINAL|ZHONG-HE,戊辰 己巳 庚午 辛未 壬申 癸酉甲子日生卯月，地支两辰，是木之余气也，又辰卯东方，子辰拱水，木太旺者似金也，以丁火为用。至巳运，丁火临旺，名列宫墙；庚辛两运，南方截脚之金，虽有刑耗，而无大患；未运克去子水，食廪天储；午运子水冲克，秋闱失意；壬申运金水齐来，刑妻克子，破耗多端；癸运不禄。,[]
滴天髓,滴天髓-0097,癸卯乙卯甲寅乙亥,甲,HEAVY,REN-CAIGUAN|HEAVY-ROOT|YIN-PARTY|BIJIE-PARTY|ROOT-STRUCK|ROOT-GAN-PRIORITY|SHI-GUI-LU|ZHONGGUA-2SIDE|JIRUO-WUGEN|JIWANG-HUAIJI|GE-QING|GE-QUALITY|TIANGAN-XINGQING|YONGSHEN-STRUCTURE|YONGSHEN-FINAL|ZHONG-HE,甲寅 癸丑 壬子 辛亥 庚戌 己酉此造四支皆木，又逢水生，六木两水，别无他气。木旺极者，似火也，出身祖业本丰。惟丑运刑伤，壬子水势乘旺，辛亥金不通根，支逢水旺，此二十年经营，获利数万；一交庚戌，土金并旺，破财而亡。,['旺极']
滴天髓,滴天髓-0098,乙丑甲申甲申辛未,甲,LIGHT,REN-CAIGUAN|SHISHI-BURUO|LIGHT-ROOT|JUECHU-FENGSHENG|BIJIE-PARTY|ROOT-STRUCK|ROOT-GAN-PRIORITY|SHI-GUI-LU|ZHONGGUA-2SIDE|JIRUO-WUGEN|GE-QUALITY|SHI-ZHU-JI|TIANGAN-XINGQING|YONGSHEN-STRUCTURE|YONGSHEN-FINAL|ZHONG-HE,癸未 壬午 辛巳 庚辰 己卯 戊寅此造地支土金，木无盘根之处，时干辛金，元神发透，木太衰者，似水也，初运癸未壬午，生木制金，刑丧早见，荫疪难丰；辛巳庚辰，金逢生地，白手发财数万；己卯运土无根，木得地，遭回禄，破财万余；至寅而亡 。,[]
滴天髓,滴天髓-0099,己巳己巳乙酉丙戌,乙,NONE,CAIDUO-SHENRUAN|XIEQI-TAIZHONG|ZHONGGUA-2SIDE|JIRUO-WUGEN|JISHUAI-CONGSHENG|SHIYONG-YUELING-XIANGFU|GE-QUALITY|YUN-SHENG-ROOT|SHI-ZHU-JI|TIANGAN-XINGQING|YONGSHEN-STRUCTURE|YONGSHEN-FINAL,戊辰 丁卯 丙寅 乙丑 甲子 癸亥此造地支皆逢克泄，天干又透火土，全无水气。木衰极者，似土也。初交戊辰丁运，获丰厚之荫疪，美景良多；卯运椿萱并谢；丙运大遂经营之愿，获利万金；寅运克妻破财，又遭回禄；乙丑支全金局，火土两泄，家业耗散；甲子北方水地，不禄宜矣。,['衰极']
滴天髓,滴天髓-0100,乙丑壬午丙戌甲午,丙,HEAVY,REN-CAIGUAN|DESHI-BUWANG|HEAVY-ROOT|ROOT-STRUCK|ROOT-GAN-PRIORITY|SHI-GUI-LU|ZHONGGUA-2SIDE|JIRUO-WUGEN|JIWANG-HUAIJI|SHIYONG-YUELING-XIANGFU|GE-QUALITY|YONGSHEN-STRUCTURE|YONGSHEN-FINAL|ZHONG-HE,辛巳 庚辰 己卯 戊寅 丁丑 丙子此丙戌日元，月时两刃，壬水无根，又逢木泄。火太旺者，似水也。初运庚辰辛巳，金逢生地，孔怀无辅助之人，亲党少知心之辈；己卯得际遇，戊寅全会火局，及丁丑二十年，发财四五万，至子运而亡。,[]
滴天髓,滴天髓-0101,戊寅丁巳丙寅甲午,丙,HEAVY,REN-CAIGUAN|DESHI-BUWANG|XIEQI-TAIZHONG|HEAVY-ROOT|YIN-PARTY|BIJIE-PARTY|ROOT-STRUCK|ROOT-GAN-PRIORITY|SHI-GUI-LU|ZHONGGUA-2SIDE|JIRUO-WUGEN|JIWANG-HUAIJI|GE-QUALITY|WANGJI-SIWO-SHENG|YONGSHEN-STRUCTURE|YONGSHEN-FINAL|ZHONG-HE,戊午 己未 庚申 辛酉 癸亥 壬戌此造丙火生孟夏，地支两坐长生而逢禄旺。火旺极者，似土也。初运虽不逢木，喜其南方火地，遗绪丰盈，读书过目成育；一交庚运，即弃诗书，受嬉好游，挥金如土；申运家破身亡。此造若逢木运，名利两全也。,['旺极']
滴天髓,滴天髓-0102,辛巳丁酉丁酉辛丑,丁,HEAVY,REN-CAIGUAN|SHISHI-BURUO|HEAVY-ROOT|BIJIE-PARTY|ROOT-STRUCK|ROOT-GAN-PRIORITY|ZHONGGUA-2SIDE|JIRUO-WUGEN|SHIYONG-YUELING-XIANGFU|GE-QUALITY|SHI-ZHU-JI|TIANGAN-XINGQING|YONGSHEN-STRUCTURE|YONGSHEN-FINAL|ZHONG-HE,丙申 乙未 甲午 癸巳 壬辰 辛卯丁火生于八月，秋金秉令，又全金局。火衰者，似木也。初运乙未甲午，火木并旺，骨肉如同画饼，六亲亦是浮云；一交癸巳，干透水，支拱金，出外经营，大得际遇；壬辰运中，发财十余万。,[]
滴天髓,滴天髓-0103,辛亥壬辰丙申己亥,丙,NONE,CAIDUO-SHENRUAN|SHAZHONG-SHENQING|XIEQI-TAIZHONG|ZHONGGUA-2SIDE|RI-BEI-HE|JIRUO-WUGEN|WUGEN-YOUFU|JISHUAI-CONGSHENG|GE-QUALITY|YUN-SHENG-ROOT|SHI-ZHU-JI|YONGSHEN-STRUCTURE|YONGSHEN-FINAL,辛卯 庚寅 己丑 戊子 丁亥 丙戌此财生杀，杀攻身，丙临申，申辰拱水。火衰极者，似金也。初运辛卯庚寅，东方木地，萱椿凋谢，祖业无恒；至己丑运，出外经营，青蚨衬辇，白镪随舆；及戊子二十年，春风吹枊，红绫易公子之裳，杏露沾衣，膏雨沐王孙之袖。所谓有其运，必得其福也。,['衰极']
滴天髓,滴天髓-0104,戊辰戊午戊申己未,戊,HEAVY,REN-CAIGUAN|SHISHI-BURUO|HEAVY-ROOT|BIJIE-PARTY|ROOT-GAN-PRIORITY|SHI-GUI-LU|ZHONGGUA-2SIDE|JIWANG-HUAIJI|SHIYONG-YUELING-XIANGFU|GE-QING|GE-QUALITY|SHI-ZHU-JI|YONGSHEN-STRUCTURE|YONGSHEN-FINAL|ZHONG-HE,己未 庚申 辛酉 壬戌 癸亥 甲子此造重重厚土，生于夏令，土太旺者，似木也，其用在金。庚申运，早采芹香；辛酉运辛丑年，饮鹿鸣，宴琼林，云程直上；壬戌运，刑丧挫折，丙午而亡。,[]
滴天髓,滴天髓-0105,戊戌丙辰己巳己巳,己,HEAVY,REN-CAIGUAN|HEAVY-ROOT|YIN-PARTY|BIJIE-PARTY|ROOT-STRUCK|ROOT-GAN-PRIORITY|SHI-GUI-LU|ZHONGGUA-2SIDE|JIRUO-WUGEN|JIWANG-HUAIJI|SHIYONG-YUELING-XIANGFU|GE-QUALITY|TIANGAN-XINGQING|YONGSHEN-STRUCTURE|YONGSHEN-FINAL|ZHONG-HE,丁巳 戊午 己未 庚申 辛酉 壬戌此造四柱火土，全无克泄。土旺极者，似金也。初运南方，遗业丰盈，午运入泮，己未棘闱，拔而不举；一交庚申，青蚨化蝶，家业渐消；辛酉财若春后霜雪，事业萧条；壬运克丙不禄。,['旺极']
滴天髓,滴天髓-0106,壬辰辛亥戊子癸丑,戊,HEAVY,REN-CAIGUAN|XIEQI-TAIZHONG|HEAVY-ROOT|ROOT-STRUCK|ROOT-GAN-PRIORITY|SHI-GUI-LU|ZHONGGUA-2SIDE|RI-BEI-HE|JIRUO-WUGEN|JISHUAI-CONGSHENG|GE-QING|GE-QUALITY|SHI-ZHU-JI|YONGSHEN-STRUCTURE|YONGSHEN-FINAL|ZHONG-HE,壬子 癸丑 甲寅 乙卯 丙辰 丁巳此造支类北方，水势汪洋，天干又透金水。土太衰者，似火也。运至甲寅乙卯，干支皆木，名成利遂；一交丙运，刑妻克子，破耗多端；至于巳运，岁运火土，暗伤体用，得风疾而亡。,[]
滴天髓,滴天髓-0107,癸酉甲子戊子壬子,戊,NONE,CAIDUO-SHENRUAN|ZHONGGUA-2SIDE|RI-BEI-HE|JIRUO-WUGEN|SHIYONG-YUELING-XIANGFU|GE-QING|GE-QUALITY|YUN-SHENG-ROOT|SHI-ZHU-JI|YONGSHEN-STRUCTURE|YONGSHEN-FINAL,癸亥 壬戌 辛酉 庚申 己未 戊午此四柱皆水，又得金生。土衰极者，似水也。初运癸亥，平宁之境；壬戌水无根，土得地，刑丧破耗，家业消亡；辛酉庚申二十年，大得际遇，白手发财十余万；己未运破去数万，寿亦在未而止。,['衰极']
滴天髓,滴天髓-0108,壬申己酉庚子庚辰,庚,HEAVY,REN-CAIGUAN|DESHI-BUWANG|XIEQI-TAIZHONG|HEAVY-ROOT|YIN-PARTY|BIJIE-PARTY|ROOT-STRUCK|ROOT-GAN-PRIORITY|ZHONGGUA-2SIDE|JIRUO-WUGEN|JIWANG-HUAIJI|GE-QING|GE-QUALITY|WANGJI-SIWO-SHENG|SHI-ZHU-JI|YONGSHEN-STRUCTURE|YONGSHEN-FINAL|ZHONG-HE,庚戌 辛亥 壬子 癸丑 甲寅 乙卯此造秋金秉令，木火全无。金太旺者，似火也。亥运壬水坐禄，早游泮水，壬子运用神临旺，撞破烟楼，高攀月桂；癸丑合去壬水旺地，囊内青蚨成蝶舞，枝上子规月下啼；甲寅乙卯，尚有制土卫水之功，仁路清高，枫叶未应毡共冷，梅开早觉笔先香。,[]
滴天髓,滴天髓-0109,庚申乙酉庚戌庚辰,庚,HEAVY,REN-CAIGUAN|DESHI-BUWANG|HEAVY-ROOT|BIJIE-PARTY|ROOT-STRUCK|ROOT-GAN-PRIORITY|HE-HUASHEN-DESHI|ZHONGGUA-2SIDE|RI-BEI-HE|JIRUO-WUGEN|JIWANG-HUAIJI|GE-QUALITY|SHI-ZHU-JI|YONGSHEN-STRUCTURE|YONGSHEN-FINAL|ZHONG-HE,丙戌 丁亥 戊子 己丑 庚寅 辛卯此造支类西方，又逢厚土，金旺极者，似水也。初运火，祖业无恒；至戊子运获厚利，纳房出仁已丑庚运，名利皆遂；一交寅运，犯事落职，大破财利；至卯不禄。,['旺极']
滴天髓,滴天髓-0110,己卯庚午辛卯甲午,辛,NONE,SHISHI-BURUO|CAIDUO-SHENRUAN|YIN-PARTY|ZHONGGUA-2SIDE|JIRUO-WUGEN|WUGEN-YOUFU|SHIYONG-YUELING-XIANGFU|GE-QUALITY|YUN-SHENG-ROOT|SHI-ZHU-JI|YONGSHEN-STRUCTURE|YONGSHEN-FINAL|ZHONG-HE,己巳 戊辰 丁卯 丙寅 乙丑 甲子辛金生于促夏，地支皆逢财杀。金太衰者，似土也。初运己巳戊辰，晦火生金，求名多滞，作事少成；一交丁卯，木火并旺，如枯苗得雨，勃然而兴，似鸿毛遇风，飘然而起，家业丰裕，交丑生金泄火，不禄。,[]
滴天髓,滴天髓-0111,己亥丁卯庚寅丙子,庚,NONE,SHISHI-BURUO|SHAZHONG-SHENQING|YIN-PARTY|ZHONGGUA-2SIDE|WUGEN-YOUFU|JISHUAI-CONGSHENG|GE-QUALITY|YUN-SHENG-ROOT|YONGSHEN-STRUCTURE|YONGSHEN-FINAL|ZHONG-HE,丙寅 乙丑 甲子 癸亥 壬戌 辛酉此造木旺乘权，又得水生，四面皆逢财杀。金衰极者，似木也。所以乙丑运中，土金暗旺，家业破尽；至甲子运，北方水旺，财源通裕；癸亥出仁，名利两全，壬戌水临绝地， 罢职而归。,['衰极']
滴天髓,滴天髓-0112,壬寅辛亥壬子辛丑,壬,HEAVY,REN-CAIGUAN|HEAVY-ROOT|YIN-PARTY|BIJIE-PARTY|ROOT-STRUCK|ROOT-GAN-PRIORITY|SHI-GUI-LU|ZHONGGUA-2SIDE|JIRUO-WUGEN|JIWANG-HUAIJI|GE-QING|GE-QUALITY|SHI-ZHU-JI|YONGSHEN-STRUCTURE|YONGSHEN-FINAL|ZHONG-HE,壬子 癸丑 甲寅 乙卯 戊辰 丁巳此造壬水生于孟冬，支类北方，干皆金水。水太旺者，似土也，喜其寅木吐秀。至甲寅运，早遂青云之志，可谓才藻翩翩，辉映杏坛桃李，文思弈弈，光腾药笼参芩，乙卯运官途顺遂，交丙而亡。,[]
滴天髓,滴天髓-0113,癸亥癸亥壬子庚子,壬,HEAVY,REN-CAIGUAN|HEAVY-ROOT|BIJIE-PARTY|ROOT-STRUCK|ROOT-GAN-PRIORITY|SHI-GUI-LU|ZHONGGUA-2SIDE|JIWANG-HUAIJI|GE-QUALITY|CAI-RUO-SHEN-QIANG|YONGSHEN-STRUCTURE|YONGSHEN-FINAL|ZHONG-HE,壬戌 辛酉 庚申 己未 戊午 丁巳此造四柱皆水，一无克泄，其势冲奔，不可遏也。初运壬戌，支逢土旺，早见刑丧；辛酉庚申，干支皆金，所谓月印舞江银作浪 ，门临五福锦铺花；交己未，妻子皆伤，家业破尽；戌午运，贫乏不堪，忧郁而卒。,[]
滴天髓,滴天髓-0114,丙辰乙未壬午癸卯,壬,LIGHT,REN-CAIGUAN|SHISHI-BURUO|XIEQI-TAIZHONG|LIGHT-ROOT|BIJIE-PARTY|ROOT-STRUCK|ROOT-GAN-PRIORITY|ZHONGGUA-2SIDE|JIRUO-WUGEN|JISHUAI-CONGSHENG|SHIYONG-YUELING-XIANGFU|GE-QUALITY|YONGSHEN-STRUCTURE|YONGSHEN-FINAL|ZHONG-HE,丙申 丁酉 戊戌 己亥 庚子 辛丑此火土当权，又逢木助，五行无金。水太衰者，似金也。初交丙申丁酉，盖头是火，使申酉不能生水，财喜并旺；戊戌运中，家业饶裕；己亥土无根，还喜支会木局，虽有破耗而无大患；一交庚子，家破人亡。,[]
滴天髓,滴天髓-0115,癸卯戊午壬寅丙午,壬,NONE,CAIDUO-SHENRUAN|SHAZHONG-SHENQING|HE-HUASHEN-DESHI|ZHONGGUA-2SIDE|JIRUO-WUGEN|WUGEN-YOUFU|JISHUAI-CONGSHENG|SHIYONG-YUELING-XIANGFU|GE-QUALITY|YUN-SHENG-ROOT|SHI-ZHU-JI|YONGSHEN-STRUCTURE|YONGSHEN-FINAL,丁巳 丙辰 乙卯 甲寅 癸丑 壬子此造丙火当权，戊癸从化，枯干壬水。水衰极者，似火也。初运逢火，从其火旺，丰衣足食；乙卯甲寅 ，名利双全；癸丑争官夺财，破耗而亡。以上二十造，五行极旺极衰，不得中和之气。原注云：“旺中有衰者存，衰中有旺者存”，此两句，即余之太旺太衰也：“旺之极者不可损，衰之极者不可益”，此两句，即余之极旺极旺衰也。特选此为后证。,"['旺极', '衰极', '中和']"
滴天髓,滴天髓-0116,辛巳甲午癸卯癸亥,癸,HEAVY,REN-CAIGUAN|SHISHI-BURUO|XIEQI-TAIZHONG|HEAVY-ROOT|YIN-PARTY|BIJIE-PARTY|ROOT-STRUCK|ROOT-GAN-PRIORITY|WANGCHONG-SHUAI|SHI-GUI-LU|ZHONGGUA-2SIDE|JIRUO-WUGEN|JISHUAI-CONGSHENG|GE-QUALITY|TIANGAN-XINGQING|YONGSHEN-STRUCTURE|YONGSHEN-FINAL|ZHONG-HE,癸巳 壬辰 辛卯 庚寅 己丑 戊子癸卯日元，生于亥时，日主之气已贯，喜其无土，才旺自能生官。更妙巳亥遥冲，去火存金，印星得用，木火受制，体用不伤，中和纯粹。为人智识深沉，器重荆山璞玉，才华卓越，光浮鉴水珠玑。庚运助辛制甲，自应台曜高躔，朗映紫薇，微嫌亥卯拱木，木旺金衰，未免嗣息艰难也。此莫宝斋先生造。,['中和']
滴天髓,滴天髓-0117,己酉丙子癸未戊午,癸,HEAVY,REN-CAIGUAN|DESHI-BUWANG|HEAVY-ROOT|ROOT-STRUCK|ROOT-GAN-PRIORITY|WANGCHONG-SHUAI|ZHONGGUA-2SIDE|RI-BEI-HE|JIRUO-WUGEN|JIWANG-HUAIJI|GE-QUALITY|SHI-ZHU-JI|TIANGAN-XINGQING|YONGSHEN-STRUCTURE|YONGSHEN-FINAL|ZHONG-HE,乙亥 甲戌 癸酉 壬申 辛未 庚午此王观察造，癸日子月 ，似乎旺相，不知财杀太重，旺中变弱，局中无木，混浊不清，陰内陽外之象。月透财星，其心意必欲爱之；时逢官杀，其心志必欲合之。所以权谋异众，才干过人，出生末微，心术不端。癸酉得逢际遇，由佐二至观察，奢华逢迎，无出其右；至未运不能免祸。所谓欲不除，似蛾扑灯，焚身乃止；如猩嗜酒，鞭血方休。,['旺相']
滴天髓,滴天髓-0118,辛酉庚子丙寅癸巳,丙,HEAVY,REN-CAIGUAN|HEAVY-ROOT|ROOT-STRUCK|ROOT-GAN-PRIORITY|HE-HUASHEN-DESHI|SHI-GUI-LU|ZHONGGUA-2SIDE|RI-BEI-HE|JIRUO-WUGEN|GE-QUALITY|SHI-ZHU-JI|YONGSHEN-STRUCTURE|YONGSHEN-FINAL|ZHONG-HE,乙亥 戊戌 丁酉 丙申 乙未 甲午此以金为源头，流至寅木，印绶生身更妙。巳时得禄，财又逢生，官星透露，清有精神，中和纯粹，起处亦佳，归局尤美，词林出身，仕至通政，一生无险，名利双辉。,['中和']
滴天髓,滴天髓-0119,辛丑癸巳戊申丙辰,戊,HEAVY,REN-CAIGUAN|SHISHI-BURUO|XIEQI-TAIZHONG|HEAVY-ROOT|YIN-PARTY|ROOT-STRUCK|ROOT-GAN-PRIORITY|HE-HUASHEN-DESHI|SHI-GUI-LU|ZHONGGUA-2SIDE|RI-BEI-HE|JIRUO-WUGEN|JIWANG-HUAIJI|JISHUAI-CONGSHENG|SHIYONG-YUELING-XIANGFU|GE-QING|GE-QUALITY|SHI-ZHU-JI|YONGSHEN-STRUCTURE|YONGSHEN-FINAL|ZHONG-HE,壬辰 辛卯 庚寅 己丑 戊子 丁亥此以火为源头，流至水方，更妙月时，两火之源，皆得流通，至金水归局，所以富有百万，贵至一品，一生履险如夷，所谓景星庆云，仰众吉之拱向；花攒锦簇，盼五福之絣致。,[]
滴天髓,滴天髓-0120,辛卯辛卯丙子甲午,丙,HEAVY,REN-CAIGUAN|SHISHI-BURUO|HEAVY-ROOT|YIN-PARTY|ROOT-STRUCK|ROOT-GAN-PRIORITY|SHI-GUI-LU|ZHONGGUA-2SIDE|RI-BEI-HE|JIRUO-WUGEN|JIWANG-HUAIJI|GE-QUALITY|CAI-RUO-SHEN-QIANG|YONGSHEN-STRUCTURE|YONGSHEN-FINAL|ZHONG-HE,庚寅 己丑 戊子 丁亥 丙戌 乙酉此以木为源头，五行无土，不能流至金；财官又隔绝，冲而逢泄，无生化之情。初运庚寅，叼上人之福；己丑运合子，泄火生金财福骈臻；戊子土虚水旺，暗助木神，刑耗端；丁亥克金会木，家破人亡。,[]
滴天髓,滴天髓-0121,庚寅壬午戊午丁巳,戊,HEAVY,REN-CAIGUAN|SHISHI-BURUO|XIEQI-TAIZHONG|HEAVY-ROOT|YIN-PARTY|ROOT-STRUCK|ROOT-GAN-PRIORITY|SHI-GUI-LU|ZHONGGUA-2SIDE|JIRUO-WUGEN|JIWANG-HUAIJI|JISHUAI-CONGSHENG|GE-QUALITY|CAI-RUO-SHEN-QIANG|YONGSHEN-STRUCTURE|YONGSHEN-FINAL|ZHONG-HE,癸未 甲申 乙酉 丙戌 丁亥 戊子此以火为源头，年支寅木主节，月干壬水隔之，不能流至金。初运土金之地，冲化阻节之神，业同秋水春花盛，人被尧天舜日恩；一交水春花盛，人被尧天舜日恩；一交丙戌，支会火局，枭神夺食，破耗异常，又克一妻二妾四子；至丁亥运，干支皆合化木，茕茕只影，孤苦不堪，削发为僧。凡富贵者，未有不从源头也。分其贵贱，全在收局一字定之。去我浊气，作我喜神，不贵亦富；去我清气，作我忌神，不贫亦,[]
滴天髓,滴天髓-0122,癸酉甲子丁卯丙午,丁,HEAVY,REN-CAIGUAN|SHISHI-BURUO|HEAVY-ROOT|YIN-PARTY|BIJIE-PARTY|ROOT-STRUCK|ROOT-GAN-PRIORITY|WANGCHONG-SHUAI|SHI-GUI-LU|ZHONGGUA-2SIDE|JIRUO-WUGEN|GE-QUALITY|TIANGAN-XINGQING|YONGSHEN-STRUCTURE|YONGSHEN-FINAL|ZHONG-HE,癸亥 壬戌 辛酉 庚申 乙未 戊午此造天干地支皆杀生印，印生身，时归禄旺，尤妙四冲反为四助，金见水克木而生水，水见木不克火而生木，此自然不隔不占，无阻节之物。日主弱中变旺，运遇水，仍能生木；逢金仍能生水，印绶不伤，所以秋闱早捷，仕至观察。,['日主弱']
滴天髓,滴天髓-0123,戊寅癸亥丁未辛亥,丁,LIGHT,REN-CAIGUAN|XIEQI-TAIZHONG|LIGHT-ROOT|ROOT-GAN-PRIORITY|ZHONGGUA-2SIDE|JIRUO-WUGEN|JISHUAI-CONGSHENG|SHIYONG-YUELING-XIANGFU|GE-QUALITY|SHI-ZHU-JI|TIANGAN-XINGQING|YONGSHEN-STRUCTURE|YONGSHEN-FINAL|ZHONG-HE,甲子 乙丑 丙寅 丁卯 戊辰 己巳此癸水临旺，贴身相克，被戊土合去，反作帮身。月支亥水本助杀，得年支寅亥合来生身，寅本遥隔，反为亲近。时支之亥，又逢未会，以杂为恩。，一来一去，何等情协，一往一会，通关无阻。所以科甲联登，仕至黄堂。,[]
滴天髓,滴天髓-0124,戊辰乙卯辛丑丁酉,辛,HEAVY,REN-CAIGUAN|SHISHI-BURUO|HEAVY-ROOT|YIN-PARTY|ROOT-STRUCK|ROOT-GAN-PRIORITY|WANGCHONG-SHUAI|SHI-GUI-LU|ZHONGGUA-2SIDE|JIRUO-WUGEN|GE-QUALITY|YONGSHEN-STRUCTURE|YONGSHEN-FINAL|ZHONG-HE,丙辰 丁巳 戊午 己未 庚申 辛酉此春金气弱，时杀紧克，年逢印绶，远隔不通。又被旺木克土坏印，不但戊土不能生化，即日支之丑土，亦被卯木所坏。此局内无可通之理。中运南方杀地，碌碌风霜，奔驰未遇；交庚申克去木神，得奇遇，分发陕西，屡得军功；及辛酉二十年，官至副尹，盖金能克木帮身，印可化杀而通也。,[]
滴天髓,滴天髓-0125,己巳丁卯辛卯乙未,辛,NONE,SHISHI-BURUO|CAIDUO-SHENRUAN|SHAZHONG-SHENQING|YIN-PARTY|ZHONGGUA-2SIDE|JIRUO-WUGEN|WUGEN-YOUFU|JISHUAI-CONGSHENG|SHIYONG-YUELING-XIANGFU|GE-QING|GE-QUALITY|YUN-SHENG-ROOT|SHI-ZHU-JI|YONGSHEN-STRUCTURE|YONGSHEN-FINAL|ZHONG-HE,丙寅 乙丑 甲子 癸亥 壬戌 辛酉此春金虚弱，木火当权，年印，月杀，未得相通，时支未土，又会卯化木，只有生杀之情，而无辅主之意，兼之一路运途无金，一派水木，仍滋杀之根源，以致破败祖业。一事无成，至亥运会木生杀而亡。,[]
滴天髓,滴天髓-0126,己酉丙寅庚申庚辰,庚,HEAVY,REN-CAIGUAN|SHISHI-BURUO|HEAVY-ROOT|JUECHU-FENGSHENG|YIN-PARTY|BIJIE-PARTY|ROOT-STRUCK|ROOT-GAN-PRIORITY|WANGCHONG-SHUAI|ZHONGGUA-2SIDE|JIRUO-WUGEN|SHIYONG-YUELING-XIANGFU|GE-QUALITY|SHI-ZHU-JI|YONGSHEN-STRUCTURE|YONGSHEN-FINAL|ZHONG-HE,乙丑 甲子 癸亥 壬戌 辛酉 庚申此造以俗论之，春金失令，旺财生杀，杀坐长生，必要扶身抑杀，不知春金虽不当令，地支两逢禄旺，又得辰时印比帮身，弱中变旺，所谓木嫩金坚。若无丙火，则寅木难存；若无寅木，则丙火无根，必要用财滋杀，木火两字，缺一不可也。甲运入泮；子运会水生木，补廪；癸运有己土当头，无咎；亥运合寅，丙火绝处逢生，棘闱奏捷；壬戌支类西方，木火并伤，一阻云程，刑耗并见；辛酉劫刃肆逞，不禄，此造,[]
滴天髓,滴天髓-0127,丙申庚寅庚申辛巳,庚,HEAVY,REN-CAIGUAN|SHISHI-BURUO|HEAVY-ROOT|JUECHU-FENGSHENG|BIJIE-PARTY|ROOT-STRUCK|ROOT-GAN-PRIORITY|WANGCHONG-SHUAI|SHI-GUI-LU|ZHONGGUA-2SIDE|JIRUO-WUGEN|SHIYONG-YUELING-XIANGFU|GE-QUALITY|SHI-ZHU-JI|YONGSHEN-STRUCTURE|YONGSHEN-FINAL|ZHONG-HE,辛卯 壬辰 癸巳 甲午 乙未 丙申此造天干三透庚辛，地支两坐禄旺，丙火虽挂角得禄，无如庚辛元神透露，非火之禄支，是金之长生，用财滋杀明矣。辰运木之余气，采芹生色；巳运火之禄旺，科甲联登；甲午乙未，木火并旺，仕至藩臬。若以八字观之，此造不及前造，只因前造运行西北，此造运走东南。富贵虽定于格局，穷通全在运限，所谓命好不如运好？”，信然也。二曰杀重用印格,[]
滴天髓,滴天髓-0128,戊子甲寅戊午甲寅,戊,HEAVY,REN-CAIGUAN|SHISHI-BURUO|HEAVY-ROOT|BIJIE-PARTY|ROOT-STRUCK|ROOT-GAN-PRIORITY|SHI-GUI-LU|ZHONGGUA-2SIDE|JIRUO-WUGEN|SHIYONG-YUELING-XIANGFU|GE-QUALITY|SHI-ZHU-JI|YONGSHEN-STRUCTURE|YONGSHEN-FINAL|ZHONG-HE,乙卯 丙辰 丁巳 戊午 己未 庚申戊土生寅月寅时，土衰木盛，最喜坐下午火，生拱有情，正谓众杀横行，一仁可化。子水之财，生寅木不冲午火，其情协，其关通。尤羡运走南方火土，所以早登黄甲，出仕驰名。,[]
滴天髓,滴天髓-0129,己亥丙寅戊子甲寅,戊,HEAVY,REN-CAIGUAN|SHISHI-BURUO|YIN-PARTY|BIJIE-PARTY|ROOT-STRUCK|ROOT-GAN-PRIORITY|SHI-GUI-LU|ZHONGGUA-2SIDE|JIRUO-WUGEN|SHIYONG-YUELING-XIANGFU|GE-QING|GE-QUALITY|SHI-ZHU-JI|YONGSHEN-STRUCTURE|YONGSHEN-FINAL|ZHONG-HE,乙丑 甲子 癸亥 壬戌 辛酉 庚申此造观格局似胜前造，此财印坐长生，前则印逢财冲。不知前则坐下印绶，七杀皆来生拱，而日主坚固，此则财坐日下，反去生杀，助纣为虐。兼之运走西北，戊午年中乡榜，己丑中进士，此两年比劫帮身，冲去财星之妙也。壬运劫丙坏印；丁运外艰，遭回禄；戌过拱印虽稍有生色，亦是春月秋花。将来辛酉运中，木多金缺，泄土生水，合去丙火，灾祸岂能免耶？,[]
滴天髓,滴天髓-0130,戊辰庚申甲子甲子,甲,LIGHT,REN-CAIGUAN|SHISHI-BURUO|LIGHT-ROOT|JUECHU-FENGSHENG|BIJIE-PARTY|ROOT-GAN-PRIORITY|ZHONGGUA-2SIDE|JIRUO-WUGEN|GE-QING|GE-QUALITY|TIANGAN-XINGQING|YONGSHEN-STRUCTURE|YONGSHEN-FINAL|ZHONG-HE,辛酉 壬戌 癸亥 甲子 乙丑 丙寅此造木凋金锐，厚土生金，原可畏也，然喜支全水局，化其肃杀之气，生化有情。至癸亥运，科甲连登，早蒙仕路之光；丙寅丁卯，制化皆宜。仕路封疆，官途平坦，生平履险如夷。,[]
滴天髓,滴天髓-0131,戊午丙辰庚寅丙戌,庚,LIGHT,REN-CAIGUAN|SHISHI-BURUO|LIGHT-ROOT|YIN-PARTY|ROOT-STRUCK|ROOT-GAN-PRIORITY|SHI-GUI-LU|ZHONGGUA-2SIDE|JIRUO-WUGEN|SHIYONG-YUELING-XIANGFU|GE-QUALITY|SHI-ZHU-JI|YONGSHEN-STRUCTURE|YONGSHEN-FINAL|ZHONG-HE,"丁巳 戊午 己未 庚申 辛酉 壬戌此造干透两杀，支全杀局，所喜戊土原神透出，是以化杀；寅木本要破甲印，尤喜会火，反培土之根源，巧借栽培。至己未运中，科甲连登；庚申辛酉，帮身有情，驰名宦海,裕后光前也。",[]
滴天髓,滴天髓-0132,癸亥癸亥丁卯癸卯,丁,NONE,SHAZHONG-SHENQING|ZHONGGUA-2SIDE|WUGEN-YOUFU|JISHUAI-CONGSHENG|GE-QUALITY|YUN-SHENG-ROOT|TIANGAN-XINGQING|YONGSHEN-STRUCTURE|YONGSHEN-FINAL,壬戌 辛酉 庚申 己未 戊午 丁巳 丙辰此造干透三癸，支逢两亥，乘权秉令。喜其无金，两印拱局，生化不悖，情而纯粹，辛酉庚申运中，蹭蹬功名，刑耗并见，已未交运，干制杀，支会印，功名层叠而上；接行戊午、丁巳、丙运，仕至观察，名利双辉。三曰食神制杀格,[]
滴天髓,滴天髓-0133,戊辰戊午壬辰甲辰,壬,LIGHT,REN-CAIGUAN|XIEQI-TAIZHONG|LIGHT-ROOT|ROOT-STRUCK|ROOT-GAN-PRIORITY|SHI-GUI-LU|ZHONGGUA-2SIDE|JIRUO-WUGEN|JISHUAI-CONGSHENG|GE-QUALITY|SHI-ZHU-JI|YONGSHEN-STRUCTURE|YONGSHEN-FINAL|ZHONG-HE,己未 庚申 辛酉 壬戌 癸亥 甲子此造四柱皆杀，喜支坐三辰，通根身库，妙在无金，时透食神制杀。辰乃木之余气，正谓一将当关，群凶自败。至癸亥运，食神逢生，日主得禄，科甲连登；甲运仕县令；子运衰神冲旺，不禄。,[]
滴天髓,滴天髓-0134,庚申庚辰甲戌丙寅,甲,HEAVY,REN-CAIGUAN|XIEQI-TAIZHONG|HEAVY-ROOT|ROOT-STRUCK|ROOT-GAN-PRIORITY|SHI-GUI-LU|ZHONGGUA-2SIDE|JIRUO-WUGEN|JISHUAI-CONGSHENG|SHIYONG-YUELING-XIANGFU|GE-QUALITY|SHI-ZHU-JI|TIANGAN-XINGQING|YONGSHEN-STRUCTURE|YONGSHEN-FINAL|ZHONG-HE,辛巳 壬午 癸未 甲申 乙酉 丙戌此造甲木生辰，虽有余气，但庚金并透，通根斫伐，最喜寅时禄旺，更妙丙火独透，制杀扶身。午运暗会火局，中乡榜；甲申乙酉杀逢禄旺，刑耗多端；直至丙戌运，选知县。,[]
滴天髓,滴天髓-0135,壬子壬子丙戌戊戌,丙,LIGHT,REN-CAIGUAN|XIEQI-TAIZHONG|LIGHT-ROOT|ROOT-GAN-PRIORITY|SHI-GUI-LU|ZHONGGUA-2SIDE|JIRUO-WUGEN|JISHUAI-CONGSHENG|GE-QING|GE-QUALITY|SHI-ZHU-JI|YONGSHEN-STRUCTURE|YONGSHEN-FINAL|ZHONG-HE,癸丑 甲寅 乙卯 丙辰 丁巳 戊午此造年月两逢壬子，杀势猖狂。喜其日时坐戌，通根身库，更妙戊土透出，足以砥定汪洋，尤羡运走东南，扶身抑杀。至乙卯运中，水临绝，火逢生，鹿鸣宴罢琼林宴，桂花香过杏花香，仕至郡守。,[]
滴天髓,滴天髓-0136,壬申丙午庚午丙戌,庚,HEAVY,REN-CAIGUAN|XIEQI-TAIZHONG|HEAVY-ROOT|ROOT-GAN-PRIORITY|SHI-GUI-LU|ZHONGGUA-2SIDE|JISHUAI-CONGSHENG|SHIYONG-YUELING-XIANGFU|GE-QUALITY|CAI-RUO-SHEN-QIANG|SHI-ZHU-JI|YONGSHEN-STRUCTURE|YONGSHEN-FINAL|ZHONG-HE,丁未 戊申 己酉 庚戌 辛亥 壬子此造两杀当权临旺，原可畏也。喜赖年干壬水临申，足以制杀；更妙无木，则水不泄，火无助。申运金水得助，发轫宫墙；酉运支类西方，早充观国之光，高豫南宫之选；后运金水，体用皆宜，由署郎出为郡守。四曰合官留杀格,[]
滴天髓,滴天髓-0137,癸丑戊午丙午壬辰,丙,HEAVY,REN-CAIGUAN|DESHI-BUWANG|XIEQI-TAIZHONG|HEAVY-ROOT|ROOT-STRUCK|ROOT-GAN-PRIORITY|HE-HUASHEN-DESHI|ZHONGGUA-2SIDE|JIRUO-WUGEN|JIWANG-HUAIJI|GE-QUALITY|WANGJI-SIWO-SHENG|SHI-ZHU-JI|YONGSHEN-STRUCTURE|YONGSHEN-FINAL|ZHONG-HE,丁巳 丙辰 乙卯 甲寅 癸丑 壬子此造火长夏天，旺之极矣。戊癸合而化为忌，还喜壬水通根身库；更妙年支坐丑，足以晦火养金而蓄水，则癸水仍得根，虽合而不化也。不化反喜其合，则不抗呼壬水矣。是以乙卯甲寅运，克土卫水，云程直上；至癸丑运，由琴堂而迁州牧；及壬子运，由治中而履黄堂，名利裕如也。,[]
滴天髓,滴天髓-0138,癸巳戊午丙午壬辰,丙,HEAVY,REN-CAIGUAN|DESHI-BUWANG|XIEQI-TAIZHONG|HEAVY-ROOT|ROOT-STRUCK|ROOT-GAN-PRIORITY|HE-HUASHEN-DESHI|ZHONGGUA-2SIDE|JIRUO-WUGEN|JIWANG-HUAIJI|GE-QUALITY|WANGJI-SIWO-SHENG|SHI-ZHU-JI|YONGSHEN-STRUCTURE|YONGSHEN-FINAL|ZHONG-HE,此铁樵自造（乾隆三十八年四月十八日辰时），亦长夏天，与前造只换一丑字，天渊之隔矣。夫丑乃北方之湿土，能晦丙火之烈，能收午火之焰，又能蓄水藏金。巳乃南方之火，癸临绝地，杯水车薪，喜其混也。不喜其清也。彼则戊癸合而不化，此则戊癸合而必化，不但不能助杀，抑且化火为劫，反助陽刃猖狂。巳中庚金，无从引助，壬水虽通根身库，总之无金滋助，清枯之象，兼之运走四十载木火，生助劫刃之地，所以上不能继父志以成名，下不能,[]
滴天髓,滴天髓-0139,戊申癸亥丙午壬辰,丙,HEAVY,REN-CAIGUAN|XIEQI-TAIZHONG|HEAVY-ROOT|JUECHU-FENGSHENG|ROOT-GAN-PRIORITY|ZHONGGUA-2SIDE|JIRUO-WUGEN|JISHUAI-CONGSHENG|GE-QUALITY|SHI-ZHU-JI|YONGSHEN-STRUCTURE|YONGSHEN-FINAL|ZHONG-HE,甲子 乙丑 丙寅 丁卯 戊辰 己巳此造日主虽坐旺刃，生于亥月，究竟休囚；五行无木，壬癸并透，支逢生旺，各立门户。喜其合去癸水，不致混也；更妙运走东南木火，乡榜出身，宠赐传来紫闼，承宣协佐黄堂。,[]
滴天髓,滴天髓-0140,戊午癸亥丙戌壬辰,丙,HEAVY,REN-CAIGUAN|XIEQI-TAIZHONG|HEAVY-ROOT|JUECHU-FENGSHENG|ROOT-STRUCK|ROOT-GAN-PRIORITY|ZHONGGUA-2SIDE|JIRUO-WUGEN|JISHUAI-CONGSHENG|GE-QUALITY|SHI-ZHU-JI|YONGSHEN-STRUCTURE|YONGSHEN-FINAL|ZHONG-HE,甲子 乙丑 丙寅 丁卯 戊辰 己巳丙戌日元，生于辰时，冲去库根，壬癸并透。喜其戊合，去官留杀；更喜年逢刃助，火虚有焰；更妙无金，稍胜前造。科甲出身，宿映台垣，重藉旬宣之职，猷分禹服，特隆锁钥之权。,[]
滴天髓,滴天髓-0141,壬申丁未丁未癸卯,丁,LIGHT,REN-CAIGUAN|SHISHI-BURUO|LIGHT-ROOT|BIJIE-PARTY|ROOT-GAN-PRIORITY|ZHONGGUA-2SIDE|RI-BEI-HE|JIRUO-WUGEN|SHIYONG-YUELING-XIANGFU|GE-QING|GE-QUALITY|TIANGAN-XINGQING|YONGSHEN-STRUCTURE|YONGSHEN-FINAL|ZHONG-HE,戊申 己酉 庚戌 辛亥 壬子 癸丑此造日月皆丁未，时杀无根，喜其壬水官星助杀，不宜合也。幸而壬水坐申，合而不化，申金为用，更妙运走西北金水，助起官杀，乡榜出身，仕榜连登，由县令而迁司马，位跻黄堂。,[]
滴天髓,滴天髓-0142,甲辰己巳戊辰乙卯,戊,HEAVY,REN-CAIGUAN|SHISHI-BURUO|HEAVY-ROOT|BIJIE-PARTY|ROOT-STRUCK|ROOT-GAN-PRIORITY|ZHONGGUA-2SIDE|JIRUO-WUGEN|JIWANG-HUAIJI|GE-QUALITY|SHI-ZHU-JI|YONGSHEN-STRUCTURE|YONGSHEN-FINAL|ZHONG-HE,庚午 辛未 壬申 癸酉 甲戌 乙亥戊土生于巳月，日主未尝不旺，然地支两辰，木之余气亦足。喜其合杀留官，官星坐禄，更妙运途生化不悖。所以早登云路，掌典籍而知制诰，陪侍从而应传宣也。,[]
滴天髓,滴天髓-0143,丙辰辛卯庚申丁丑,庚,HEAVY,REN-CAIGUAN|SHISHI-BURUO|HEAVY-ROOT|BIJIE-PARTY|ROOT-STRUCK|ROOT-GAN-PRIORITY|SHI-GUI-LU|ZHONGGUA-2SIDE|JIRUO-WUGEN|GE-QUALITY|YONGSHEN-STRUCTURE|YONGSHEN-FINAL|ZHONG-HE,壬辰 癸巳 甲午 乙未 丙申 丁酉此造春金虽不当令，喜其坐禄逢印，弱中变旺；丙辛一合，丁火独清，不但去杀，而且去劫，财无劫夺，官有生扶。尤妙运走东南木火，所以早遂青钱之选，兆人镜之芙蓉，作春官之桃李也。,[]
滴天髓,滴天髓-0144,丙辰辛卯乙亥庚辰,乙,HEAVY,REN-CAIGUAN|HEAVY-ROOT|ROOT-STRUCK|ROOT-GAN-PRIORITY|SHI-GUI-LU|ZHONGGUA-2SIDE|RI-BEI-HE|JIRUO-WUGEN|JIWANG-HUAIJI|SHIYONG-YUELING-XIANGFU|GE-QUALITY|WANGJI-SIWO-SHENG|SHI-ZHU-JI|TIANGAN-XINGQING|YONGSHEN-STRUCTURE|YONGSHEN-FINAL|ZHONG-HE,壬辰 癸巳 甲午 乙未 丙申 丁酉乙亥日元，坐下逢生，又月令建禄归垣，足以用财。喜丙辛金弱，而去乙庚，木旺不从。乡榜出身，至丙申丁酉，火盖天干，未能显秩；究竟方金地，亦足以琴堂解愠，花院征歌也。,[]
滴天髓,滴天髓-0145,癸亥戊午壬午己酉,壬,HEAVY,REN-CAIGUAN|SHISHI-BURUO|HEAVY-ROOT|BIJIE-PARTY|ROOT-GAN-PRIORITY|HE-HUASHEN-DESHI|ZHONGGUA-2SIDE|JIRUO-WUGEN|GE-QUALITY|YONGSHEN-STRUCTURE|YONGSHEN-FINAL|ZHONG-HE,丁巳 丙辰 乙卯 甲寅 癸丑 壬子此造旺杀逢财，喜其合也。妙在癸水临旺，合而不化，则有情戊土，不抗壬水也。合而化，则无情化火，仍生土也。由此以推，运走东方木地，早遂青云之志；运走北方水地，去财护印，翔步天衢，置身日舍也。五曰官杀混杂格,[]
滴天髓,滴天髓-0146,壬辰壬子丙寅癸巳,丙,HEAVY,REN-CAIGUAN|HEAVY-ROOT|ROOT-STRUCK|ROOT-GAN-PRIORITY|SHI-GUI-LU|ZHONGGUA-2SIDE|JIRUO-WUGEN|GE-QUALITY|SHI-ZHU-JI|YONGSHEN-STRUCTURE|YONGSHEN-FINAL|ZHONG-HE,癸丑 甲寅 乙卯 丙辰 丁巳 戊午此造壬癸当权，杀官重叠，最喜日坐长生，寅能纳水，化杀生身，时归禄旺，足以敌官；更妙无金，印星得用，煞势虽强，不足畏也。至丙运帮身，又逢己巳流年，去官之混，捷报南宫，出宰名区。,[]
滴天髓,滴天髓-0147,甲子乙亥己巳丁卯,己,HEAVY,REN-CAIGUAN|SHISHI-BURUO|HEAVY-ROOT|YIN-PARTY|ROOT-STRUCK|ROOT-GAN-PRIORITY|WANGCHONG-SHUAI|ZHONGGUA-2SIDE|RI-BEI-HE|JIRUO-WUGEN|GE-QUALITY|SHI-ZHU-JI|TIANGAN-XINGQING|YONGSHEN-STRUCTURE|YONGSHEN-FINAL|ZHONG-HE,丙子 丁丑 戊寅 己卯 庚辰 辛巳此造官遇长生，杀逢禄旺，巳亥虽冲破印，喜印木仍能生火，寅运合亥，化木生印，连登甲榜。庚辰辛巳制官服煞，失幡皂盖，出守大郡，名利两优。,[]
滴天髓,滴天髓-0148,丙辰丁酉庚午戊寅,庚,HEAVY,REN-CAIGUAN|DESHI-BUWANG|HEAVY-ROOT|YIN-PARTY|ROOT-GAN-PRIORITY|ZHONGGUA-2SIDE|JIWANG-HUAIJI|GE-QING|GE-QUALITY|SHI-ZHU-JI|YONGSHEN-STRUCTURE|YONGSHEN-FINAL|ZHONG-HE,戊戌 己亥 庚子 辛丑 壬寅 癸卯此造杀逢生，官得禄，喜其秋金秉令，更妙辰土泄火生金，不失中和之象；尤喜运走北方水地。庚子运冲去官根，鹿鸣方宴饮，雁塔又题名；辛丑壬寅运，横琴而歌解愠，游刃而赋烹鲜。,['中和']
滴天髓,滴天髓-0149,戊午己未壬申辛亥,壬,HEAVY,REN-CAIGUAN|SHISHI-BURUO|HEAVY-ROOT|YIN-PARTY|ROOT-STRUCK|ROOT-GAN-PRIORITY|SHI-GUI-LU|ZHONGGUA-2SIDE|JIRUO-WUGEN|GE-QUALITY|YONGSHEN-STRUCTURE|YONGSHEN-FINAL|ZHONG-HE,庚申 辛酉 壬戌 癸亥 甲子 乙丑此造官杀并旺当令，喜日坐长生，时逢禄旺，足以敌官挡杀。坐下印绶 ，引通财杀之气，运走西北金水之乡。所以少年科甲，裕经纶于管库，人推黼黻之工，乘抚宇于催科，世让文章之焕。,[]
滴天髓,滴天髓-0150,辛卯戊戌丙辰己亥,丙,LIGHT,REN-CAIGUAN|XIEQI-TAIZHONG|LIGHT-ROOT|ROOT-STRUCK|ROOT-GAN-PRIORITY|ZHONGGUA-2SIDE|RI-BEI-HE|JIRUO-WUGEN|JISHUAI-CONGSHENG|GE-QUALITY|SHI-ZHU-JI|YONGSHEN-STRUCTURE|YONGSHEN-FINAL|ZHONG-HE,丁酉 丙申 乙未 甲午 癸巳 壬辰时逢独杀，四食相制，年支卯木被辛金盖头，况秋木本不足疏土，所赖亥中甲木卫杀，至乙未运暗会木局，捷报南宫，名高翰苑：甲午运木死于午，合已化土，丁外艰：已巳年又冲去亥水，不禄。,[]
滴天髓,滴天髓-0151,辛卯戊戌丙辰壬辰,丙,LIGHT,REN-CAIGUAN|XIEQI-TAIZHONG|LIGHT-ROOT|ROOT-STRUCK|ROOT-GAN-PRIORITY|ZHONGGUA-2SIDE|RI-BEI-HE|JIRUO-WUGEN|JISHUAI-CONGSHENG|SHIYONG-YUELING-XIANGFU|GE-QUALITY|SHI-ZHU-JI|YONGSHEN-STRUCTURE|YONGSHEN-FINAL|ZHONG-HE,丁酉 丙申 乙未 甲午 癸巳 壬辰此亦一杀逢四制，所不及前造者，无亥卯之会也。虽早采芹香，以致蹭蹬秋闱纳捐瞩，仁路亦不能通达。喜时杀透露，行甲午运，无化土之患，然犹刑耗多端，而己身无咎。,[]
滴天髓,滴天髓-0152,壬辰丙午丙午壬辰,丙,HEAVY,REN-CAIGUAN|DESHI-BUWANG|HEAVY-ROOT|BIJIE-PARTY|ROOT-STRUCK|ROOT-GAN-PRIORITY|ZHONGGUA-2SIDE|JIRUO-WUGEN|JIWANG-HUAIJI|GE-QUALITY|CAI-RUO-SHEN-QIANG|SHI-ZHU-JI|YONGSHEN-STRUCTURE|YONGSHEN-FINAL|ZHONG-HE,丁未 戊申 乙酉 庚戌 辛亥 壬子此杀逢四制，柱中印虽不见，喜其杀透食藏， 通根身库。总之夏火当权，水无金滋。至酉运，合去辰土，财星滋杀，发甲点中书；庚运仁版连登，入参军机；戌运，燥土冲动壬水之根，又逢戊土透出，紧制壬水，不禄。,[]
滴天髓,滴天髓-0153,甲寅戊辰壬辰壬寅,壬,LIGHT,REN-CAIGUAN|SHISHI-BURUO|XIEQI-TAIZHONG|LIGHT-ROOT|BIJIE-PARTY|ROOT-STRUCK|ROOT-GAN-PRIORITY|ZHONGGUA-2SIDE|JIRUO-WUGEN|JISHUAI-CONGSHENG|SHIYONG-YUELING-XIANGFU|GE-QUALITY|SHI-ZHU-JI|YONGSHEN-STRUCTURE|YONGSHEN-FINAL|ZHONG-HE,己巳 庚午 辛未 壬申 癸酉 甲戌此造五杀逢五制，土虽当权，木亦雄壮，幸日主两坐库根，又得比肩匡扶。壬申运，日主逢生，冲去寅木，名登桂籍，雁塔高标；接连癸酉二十年，由县令履黄堂。名利裕如。,[]
滴天髓,滴天髓-0154,庚申戊寅戊寅庚申,戊,HEAVY,REN-CAIGUAN|SHISHI-BURUO|XIEQI-TAIZHONG|HEAVY-ROOT|BIJIE-PARTY|ROOT-STRUCK|ROOT-GAN-PRIORITY|WANGCHONG-SHUAI|SHI-GUI-LU|ZHONGGUA-2SIDE|JIRUO-WUGEN|JISHUAI-CONGSHENG|SHIYONG-YUELING-XIANGFU|GE-QUALITY|SHI-ZHU-JI|YONGSHEN-STRUCTURE|YONGSHEN-FINAL|ZHONG-HE,己卯 庚辰 辛巳 壬午 癸未 甲申此两杀逢四制，幸春木得时乘令，克不尽绝。至午运，补土之不足，去金之有余，登科擢县令：至甲申支，又逢食制，死于军功。,[]
滴天髓,滴天髓-0155,己丑辛未丙寅己丑,丙,HEAVY,REN-CAIGUAN|XIEQI-TAIZHONG|HEAVY-ROOT|ROOT-STRUCK|ROOT-GAN-PRIORITY|ZHONGGUA-2SIDE|RI-BEI-HE|JIRUO-WUGEN|JIWANG-HUAIJI|JISHUAI-CONGSHENG|SHIYONG-YUELING-XIANGFU|GE-QUALITY|SHI-ZHU-JI|YONGSHEN-STRUCTURE|YONGSHEN-FINAL|ZHONG-HE,庚午 己巳 戊辰 丁卯 丙寅 乙丑火土伤官重叠，幸在季夏，火气有余，又日坐长生，寅中甲木为用。至丁卯运，克去辛金，破其丑土，所谓有病得药，腾身而登月殿，庆集琼林；接运丙寅，体用皆宜，仕至黄堂。,[]
滴天髓,滴天髓-0156,辛酉丁酉戊午辛酉,戊,HEAVY,REN-CAIGUAN|SHISHI-BURUO|XIEQI-TAIZHONG|HEAVY-ROOT|YIN-PARTY|ROOT-GAN-PRIORITY|ZHONGGUA-2SIDE|JIWANG-HUAIJI|JISHUAI-CONGSHENG|SHIYONG-YUELING-XIANGFU|GE-QUALITY|CAI-RUO-SHEN-QIANG|YONGSHEN-STRUCTURE|YONGSHEN-FINAL|ZHONG-HE,丙申 乙未 甲午 癸巳 壬辰 辛卯此土金伤官重叠，喜其四柱无财，纯清气象。初运木火体用皆宜，所以壮岁首登龙虎榜，少年身到凤凰池。惜中运癸巳壬辰，金生火克，所以生平志节从何诉，半世勤劳只自怜。,[]
滴天髓,滴天髓-0157,壬戌壬子庚辰己卯,庚,LIGHT,REN-CAIGUAN|SHISHI-BURUO|XIEQI-TAIZHONG|LIGHT-ROOT|YIN-PARTY|ROOT-STRUCK|ROOT-GAN-PRIORITY|ZHONGGUA-2SIDE|JIRUO-WUGEN|JISHUAI-CONGSHENG|GE-QUALITY|SHI-ZHU-JI|YONGSHEN-STRUCTURE|YONGSHEN-FINAL|ZHONG-HE,癸丑 甲寅 乙卯 丙辰 丁巳 戊午此金水伤官当令，喜支藏暖土，足以砥定中流。因时财为病，兼之初运水木，以致书香不继；至三旬外，运逢火土，异路出身，仕至州牧；午运衰神冲旺，台省几时无谪宦，郊亭今日倍离愁。,[]
滴天髓,滴天髓-0158,丙辰癸巳乙丑丙子,乙,LIGHT,REN-CAIGUAN|SHISHI-BURUO|XIEQI-TAIZHONG|LIGHT-ROOT|YIN-PARTY|ROOT-STRUCK|ROOT-GAN-PRIORITY|ZHONGGUA-2SIDE|JIRUO-WUGEN|JISHUAI-CONGSHENG|GE-QING|GE-QUALITY|TIANGAN-XINGQING|YONGSHEN-STRUCTURE|YONGSHEN-FINAL|ZHONG-HE,甲午 乙未 丙申 丁酉 戊戌此木火伤官，印绶通根禄支，格局未尝不美。虽嫌财星坏印，而丑辰皆湿土，能蓄水晦火。惜乎运途无水，以致一介寒儒，至申运火绝水生，名列泮宫，后九赴秋闱不捷。二曰伤官用财格,[]
滴天髓,滴天髓-0159,丙申戊戌丁卯乙巳,丁,HEAVY,REN-CAIGUAN|SHISHI-BURUO|XIEQI-TAIZHONG|HEAVY-ROOT|YIN-PARTY|BIJIE-PARTY|ROOT-STRUCK|ROOT-GAN-PRIORITY|SHI-GUI-LU|ZHONGGUA-2SIDE|JIRUO-WUGEN|JIWANG-HUAIJI|JISHUAI-CONGSHENG|SHIYONG-YUELING-XIANGFU|GE-QING|GE-QUALITY|SHI-ZHU-JI|TIANGAN-XINGQING|YONGSHEN-STRUCTURE|YONGSHEN-FINAL|ZHONG-HE,乙亥 庚子 辛丑 壬寅 癸卯 甲辰此火土伤官，劫印重叠，旺可知矣，以申金财星为用。遗业本丰，辛丑壬运，经营获利，发财十余万；至寅运，金临绝地，劫遇长生，又寅申冲破，所谓“旺者冲衰衰者拔”，不禄宜矣。,[]
滴天髓,滴天髓-0160,癸亥乙卯壬申乙巳,壬,HEAVY,REN-CAIGUAN|SHISHI-BURUO|XIEQI-TAIZHONG|HEAVY-ROOT|BIJIE-PARTY|ROOT-STRUCK|ROOT-GAN-PRIORITY|ZHONGGUA-2SIDE|JIRUO-WUGEN|JIWANG-HUAIJI|JISHUAI-CONGSHENG|GE-QUALITY|SHI-ZHU-JI|YONGSHEN-STRUCTURE|YONGSHEN-FINAL|ZHONG-HE,甲寅 癸丑 壬子 辛亥 庚戌 己酉此水木伤官，日主坐长生，年支禄旺，日主不弱 ，足以用巳火之财。嫌其中运金水，半生碌碌风霜，起倒万状。至戌运，紧制亥水之劫，合起卯木化财，骤然发财数万；至酉冲破伤官，生助劫印，不禄。,[]
滴天髓,滴天髓-0161,戊子辛酉戊午丁巳,戊,HEAVY,REN-CAIGUAN|SHISHI-BURUO|XIEQI-TAIZHONG|HEAVY-ROOT|YIN-PARTY|BIJIE-PARTY|ROOT-STRUCK|ROOT-GAN-PRIORITY|WANGCHONG-SHUAI|SHI-GUI-LU|ZHONGGUA-2SIDE|JIRUO-WUGEN|JIWANG-HUAIJI|JISHUAI-CONGSHENG|GE-QUALITY|YONGSHEN-STRUCTURE|YONGSHEN-FINAL|ZHONG-HE,壬戌 癸亥 甲子 乙丑 丙寅 丁卯此土金伤官，日主禄旺，劫印重逢，一点财星，秋水通源。子赖酉生，酉伏子护，遗业小康；甲子乙丑二十年，制化皆宜，自创数万；至丙寅运，生助火土，克泄金水，不禄。,[]
滴天髓,滴天髓-0162,壬申辛亥辛酉庚寅,辛,HEAVY,REN-CAIGUAN|SHISHI-BURUO|XIEQI-TAIZHONG|HEAVY-ROOT|BIJIE-PARTY|ROOT-STRUCK|ROOT-GAN-PRIORITY|WANGCHONG-SHUAI|ZHONGGUA-2SIDE|JIRUO-WUGEN|JIWANG-HUAIJI|JISHUAI-CONGSHENG|SHIYONG-YUELING-XIANGFU|GE-QUALITY|SHI-ZHU-JI|YONGSHEN-STRUCTURE|YONGSHEN-FINAL|ZHONG-HE,壬子 癸丑 甲寅 乙卯 丙辰 丁巳此金水伤官，四柱比劫，虽用寅木之财，却喜亥水，泄金生木，使比劫无争夺之风，又得亥解申冲。若无亥水，一生起倒无宁，终成画饼。亥水者，生财之福神也。交甲寅乙卯，白手成家致富；后行火运，战克不静，财星泄气，无甚生色；至巳运，四孟冲，劫又逢生，不禄。三伤官用劫格,[]
滴天髓,滴天髓-0163,癸亥辛酉戊申己未,戊,HEAVY,REN-CAIGUAN|SHISHI-BURUO|XIEQI-TAIZHONG|HEAVY-ROOT|BIJIE-PARTY|ROOT-STRUCK|ROOT-GAN-PRIORITY|SHI-GUI-LU|ZHONGGUA-2SIDE|RI-BEI-HE|JIRUO-WUGEN|JIWANG-HUAIJI|JISHUAI-CONGSHENG|GE-QUALITY|SHI-ZHU-JI|YONGSHEN-STRUCTURE|YONGSHEN-FINAL|ZHONG-HE,庚申 己未 戊午 丁巳 丙辰 乙卯此土金伤官，财星太重，以致拂意芸窗。幸喜未时，劫财通根为用；更妙运途却佳，捐县佐出仕。至丁巳丙辰运，旺印用事，仕至州牧，宦资丰厚；乙卯冲克不静，罢职归田。,[]
滴天髓,滴天髓-0164,己未癸酉戊戌庚申,戊,HEAVY,REN-CAIGUAN|SHISHI-BURUO|XIEQI-TAIZHONG|HEAVY-ROOT|BIJIE-PARTY|ROOT-STRUCK|ROOT-GAN-PRIORITY|SHI-GUI-LU|ZHONGGUA-2SIDE|RI-BEI-HE|JIRUO-WUGEN|JIWANG-HUAIJI|JISHUAI-CONGSHENG|GE-QUALITY|SHI-ZHU-JI|YONGSHEN-STRUCTURE|YONGSHEN-FINAL|ZHONG-HE,壬申 辛未 庚午 己巳 戊辰 丁卯此土金伤官，支类西方，金气太重，以劫为用。喜其当头克癸，故书香继志；更妙运走南方火地，拔贡出身，由县令而迁州牧，荐莅黄堂。一生逢凶化吉，宦海无波也。,[]
滴天髓,滴天髓-0165,癸亥甲寅癸亥甲寅,癸,HEAVY,REN-CAIGUAN|SHISHI-BURUO|XIEQI-TAIZHONG|BIJIE-PARTY|ROOT-STRUCK|ROOT-GAN-PRIORITY|ZHONGGUA-2SIDE|JIRUO-WUGEN|JIWANG-HUAIJI|JISHUAI-CONGSHENG|SHIYONG-YUELING-XIANGFU|GE-QUALITY|SHI-ZHU-JI|TIANGAN-XINGQING|YONGSHEN-STRUCTURE|YONGSHEN-FINAL|ZHONG-HE,癸丑 壬子 辛亥 庚戌 己酉 戊申此水木伤官，喜其无财，故继志书香，嫌其地支寅亥化木，伤官太重，难遂青云。辛运入泮，亥运补廪，庚戌加捐出仕。己酉戊申二十年土金，生化不悖，仕至别驾，宦资丰厚。,[]
滴天髓,滴天髓-0166,戊申己未丙戌己丑,丙,LIGHT,REN-CAIGUAN|XIEQI-TAIZHONG|LIGHT-ROOT|ROOT-STRUCK|ROOT-GAN-PRIORITY|ZHONGGUA-2SIDE|JIRUO-WUGEN|JISHUAI-CONGSHENG|SHIYONG-YUELING-XIANGFU|GE-QUALITY|SHI-ZHU-JI|YONGSHEN-STRUCTURE|YONGSHEN-FINAL|ZHONG-HE,庚申 辛酉 壬戌 癸亥 甲子 乙丑此四柱伤官，若生丑辰月，为从儿格，名利皆遂。生于未月，火有余气，必以未中丁火为用。惜运走西北金水之地，以致破败祖业；至癸亥运，贫乏无聊，削发为僧。,[]
滴天髓,滴天髓-0167,戊辰庚申己酉癸酉,己,HEAVY,REN-CAIGUAN|SHISHI-BURUO|XIEQI-TAIZHONG|BIJIE-PARTY|ROOT-STRUCK|ROOT-GAN-PRIORITY|SHI-GUI-LU|ZHONGGUA-2SIDE|JIRUO-WUGEN|JIWANG-HUAIJI|JISHUAI-CONGSHENG|GE-QUALITY|TIANGAN-XINGQING|YONGSHEN-STRUCTURE|YONGSHEN-FINAL|ZHONG-HE,辛酉 壬戌 癸亥 甲子 乙丑 丙寅此亦伤官用劫，嫌其辰为湿土，生金拱水，未足帮身；更嫌运走西北金水之地，以致一败如灰，不成家室。以上五造，皆是用劫，何前三造名利两全，此两造一事无成？因运无帮助之故耳。由此推之，非人之无为，实运途困之耳。四曰伤官用伤官格,[]
滴天髓,滴天髓-0168,庚辰己卯壬辰庚子,壬,HEAVY,REN-CAIGUAN|HEAVY-ROOT|ROOT-STRUCK|ROOT-GAN-PRIORITY|SHI-GUI-LU|ZHONGGUA-2SIDE|JIRUO-WUGEN|JIWANG-HUAIJI|GE-QUALITY|CAI-RUO-SHEN-QIANG|YONGSHEN-STRUCTURE|YONGSHEN-FINAL|ZHONG-HE,庚辰 辛巳 壬午 癸未 甲申 乙酉壬水生于卯月，正水木伤官格。天干己土临绝，地支两辰，乃木之余气，一生金，一拱水，又透两庚，不但辰土不能制水，反生金助水，必以卯木为用，所谓一神得用，此象匪轻。初运庚辰辛巳，金之旺地，功名不遂；至壬午运，生财制金，名题雁塔；癸未生拱木神，甲申支全北方水局 ，木逢生助，仕版连登，由令尹而升司马，荐至黄堂，擢观察而履臬藩，入座封疆；一交酉，冲破卯木，诖误落职。所谓用神不,[]
滴天髓,滴天髓-0169,乙酉戊寅癸酉癸丑,癸,LIGHT,REN-CAIGUAN|SHISHI-BURUO|XIEQI-TAIZHONG|LIGHT-ROOT|BIJIE-PARTY|ROOT-GAN-PRIORITY|SHI-GUI-LU|ZHONGGUA-2SIDE|RI-BEI-HE|JIRUO-WUGEN|JISHUAI-CONGSHENG|GE-QUALITY|SHI-ZHU-JI|TIANGAN-XINGQING|YONGSHEN-STRUCTURE|YONGSHEN-FINAL|ZHONG-HE,丁丑 丙子 乙亥 甲戌 癸酉 壬申癸水生于寅月，正水木伤官。地支印星并旺，酉丑拱金，必以寅木为用，才能有余。乙亥运，木逢生旺，中乡榜；甲戌癸运，出仕县令；酉运支逢三酉，木嫩金多，诖误落职。前造与此造皆因少火，有病无药之故，若有火虽行金地，则无大患矣。,[]
滴天髓,滴天髓-0170,己卯庚午甲寅丁卯,甲,HEAVY,REN-CAIGUAN|XIEQI-TAIZHONG|HEAVY-ROOT|ROOT-STRUCK|ROOT-GAN-PRIORITY|SHI-GUI-LU|ZHONGGUA-2SIDE|RI-BEI-HE|JIRUO-WUGEN|JIWANG-HUAIJI|JISHUAI-CONGSHENG|GE-QING|GE-QUALITY|TIANGAN-XINGQING|YONGSHEN-STRUCTURE|YONGSHEN-FINAL|ZHONG-HE,己巳 戊辰 丁卯 丙寅 乙丑 甲子甲木生于午月，木火伤官。年月两干，土金无根，置之不用；地支两卯一寅，日元强，必以丁火为用，故人权谋异众。丁卯运，入泮登科，仕县令；丙寅运，克尽庚金，宦资大丰；乙丑合庚，晦火生金，落职。,[]
滴天髓,滴天髓-0171,丙子乙未丙辰乙未,丙,LIGHT,REN-CAIGUAN|SHISHI-BURUO|LIGHT-ROOT|YIN-PARTY|BIJIE-PARTY|ROOT-STRUCK|ROOT-GAN-PRIORITY|SHI-GUI-LU|ZHONGGUA-2SIDE|JIRUO-WUGEN|SHIYONG-YUELING-XIANGFU|GE-QUALITY|YONGSHEN-STRUCTURE|YONGSHEN-FINAL|ZHONG-HE,丙申 丁酉 戊戌 己亥 庚子 辛丑丙日未月，火土伤官。四柱无金，子水枯干，未土为用。第嫌乙木并透根深，功名难遂。初运丁酉丙申，制化乙木，财喜称心；戊戌十年，熙熙攘攘，日炽日昌；己运土无根，木回克，刑耗并见；一交亥运，木得生火，逢劫，得恶病而亡。五曰伤官用官格,[]
滴天髓,滴天髓-0172,壬戌己酉戊戌乙卯,戊,LIGHT,REN-CAIGUAN|SHISHI-BURUO|LIGHT-ROOT|BIJIE-PARTY|ROOT-STRUCK|ROOT-GAN-PRIORITY|WANGCHONG-SHUAI|ZHONGGUA-2SIDE|JIRUO-WUGEN|GE-QUALITY|SHI-ZHU-JI|YONGSHEN-STRUCTURE|YONGSHEN-FINAL|ZHONG-HE,庚戌 辛亥 壬子 癸丑 甲寅 乙卯戊日酉月，土金伤官，地支两戌，燥而且厚，妙在年干壬水，润土泄金而生木，足以用官。亥运，财官皆得生扶，功名顺遂；壬子，早遂仕路之志；癸丑，支拱金局，服制重重；甲寅乙卯二十年，仕至侍郎。,[]
滴天髓,滴天髓-0173,庚午己卯壬申己酉,壬,HEAVY,REN-CAIGUAN|SHISHI-BURUO|HEAVY-ROOT|YIN-PARTY|ROOT-GAN-PRIORITY|WANGCHONG-SHUAI|ZHONGGUA-2SIDE|JIWANG-HUAIJI|GE-QUALITY|YONGSHEN-STRUCTURE|YONGSHEN-FINAL|ZHONG-HE,庚辰 辛巳 壬午 癸未 甲申 乙酉壬水生于卯月，水木伤官。喜其官印通根，年支逢财，伤官有制有化，日元生旺，足以用官。巳运 ，官星临旺，采泮水之芹，折蟾宫之桂；壬午癸未，南方火地，出宰名区，莺迁州牧；甲申乙酉金得地，木临绝，虽退归，而安享琴书，其乐自如也。,[]
滴天髓,滴天髓-0174,辛未辛卯壬辰己酉,壬,LIGHT,REN-CAIGUAN|SHISHI-BURUO|LIGHT-ROOT|YIN-PARTY|ROOT-STRUCK|ROOT-GAN-PRIORITY|WANGCHONG-SHUAI|ZHONGGUA-2SIDE|JIRUO-WUGEN|GE-QUALITY|YONGSHEN-STRUCTURE|YONGSHEN-FINAL|ZHONG-HE,庚寅 己丑 戊子 丁亥 丙戌 乙酉壬水生于卯月，水木伤官，天干两辛，支逢辰酉，益水之源，官之根固，伤之荫泄，必以己土官星为用。己丑运，采芹食廪；戊子虽然蹭蹬秋闱，而家业日增；丁运亦无大患；至亥运会木局，伤官肆逞。刑耗并见而亡。,[]
滴天髓,滴天髓-0175,癸酉己未丙午癸巳,丙,HEAVY,REN-CAIGUAN|XIEQI-TAIZHONG|ROOT-GAN-PRIORITY|SHI-GUI-LU|ZHONGGUA-2SIDE|JIWANG-HUAIJI|JISHUAI-CONGSHENG|GE-QING|GE-QUALITY|SHI-ZHU-JI|YONGSHEN-STRUCTURE|YONGSHEN-FINAL|ZHONG-HE,戊午 丁巳 丙辰 乙卯 甲寅 癸丑 壬子丙午日元，支类南方，未土秉令，己土透出，火土伤官，藏财受劫，无官则财无存，无财则官亦无根；况火焰土燥，官星并透，以官为用。运至火土，破耗刑丧；乙卯甲寅运，虽能生火，究竟制伤卫官，大获财利，纳粟出仕；癸丑壬子运，由佐贰而升县令，名利两全。六曰假伤官格,[]
滴天髓,滴天髓-0176,戊申戊午丁巳乙巳,丁,HEAVY,REN-CAIGUAN|DESHI-BUWANG|XIEQI-TAIZHONG|HEAVY-ROOT|ROOT-STRUCK|ROOT-GAN-PRIORITY|SHI-GUI-LU|ZHONGGUA-2SIDE|JIRUO-WUGEN|JIWANG-HUAIJI|GE-QING|GE-QUALITY|WANGJI-SIWO-SHENG|SHI-ZHU-JI|TIANGAN-XINGQING|YONGSHEN-STRUCTURE|YONGSHEN-FINAL|ZHONG-HE,己未 庚申 辛酉 壬戌 癸亥 甲子此火土伤官，日主旺极，喜其伤官发泄菁华，更妙财星得用。庚申辛酉运，少年创业，发财十余万；壬戌幸而水不通根 ，虽有刑耗而无大患；至癸亥运，激火之烈，泄财之气，不禄。,"['日主旺', '旺极']"
滴天髓,滴天髓-0177,壬子辛亥壬子癸卯,壬,HEAVY,REN-CAIGUAN|HEAVY-ROOT|BIJIE-PARTY|ROOT-STRUCK|ROOT-GAN-PRIORITY|ZHONGGUA-2SIDE|JIWANG-HUAIJI|GE-QUALITY|CAI-RUO-SHEN-QIANG|YONGSHEN-STRUCTURE|YONGSHEN-FINAL|ZHONG-HE,壬子 癸丑 甲寅 乙卯 丙辰 丁巳六水乘权，其势泛溢，全赖卯木泄其精英。初交水运 ，仍得生助木神，平宁无咎；甲寅乙卯，正得用神之宜，采芹食禀，丁财并益；一交丙辰，群比争财，三子克二，夫妇皆亡。,[]
滴天髓,滴天髓-0178,壬辰壬子壬子癸卯,壬,HEAVY,REN-CAIGUAN|HEAVY-ROOT|BIJIE-PARTY|ROOT-STRUCK|ROOT-GAN-PRIORITY|ZHONGGUA-2SIDE|JIRUO-WUGEN|JIWANG-HUAIJI|GE-QUALITY|CAI-RUO-SHEN-QIANG|YONGSHEN-STRUCTURE|YONGSHEN-FINAL|ZHONG-HE,癸丑 甲寅 乙卯 丙辰 丁巳 戊午此天干皆水，支逢旺刃，喜其支合卯辰，精英吐秀，所以书香早遂。但木之原神不透，未免蹭蹬秋闱；更嫌运逢火地，犹恐寿元不永。交丙运庚午年，水火交战而亡。,[]
滴天髓,滴天髓-0179,戊午丙辰戊辰辛酉,戊,HEAVY,REN-CAIGUAN|DESHI-BUWANG|XIEQI-TAIZHONG|HEAVY-ROOT|YIN-PARTY|BIJIE-PARTY|ROOT-STRUCK|ROOT-GAN-PRIORITY|ZHONGGUA-2SIDE|JIRUO-WUGEN|JIWANG-HUAIJI|GE-QUALITY|WANGJI-SIWO-SHENG|YONGSHEN-STRUCTURE|YONGSHEN-FINAL|ZHONG-HE,丁巳 戊午 己未 庚申 辛酉 壬戌 癸亥此重重火土，最喜酉时，伤官透露，泄其菁华。三旬之前，运走火土，蹭蹬芸窗，一交庚申，云程直上。及辛酉壬戌癸亥四十载，体用合宜，由署郎出为巡使，从藩臬而转封疆，宦海无波。,[]
滴天髓,滴天髓-0180,乙酉辛巳戊午丙辰,戊,HEAVY,REN-CAIGUAN|SHISHI-BURUO|XIEQI-TAIZHONG|HEAVY-ROOT|YIN-PARTY|ROOT-GAN-PRIORITY|SHI-GUI-LU|ZHONGGUA-2SIDE|JIRUO-WUGEN|JIWANG-HUAIJI|JISHUAI-CONGSHENG|SHIYONG-YUELING-XIANGFU|GE-QING|GE-QUALITY|SHI-ZHU-JI|YONGSHEN-STRUCTURE|YONGSHEN-FINAL|ZHONG-HE,庚辰 己卯 戊寅 丁丑 丙子 乙亥此火土当权，乙木无根，以辛金为用。辛丑年入泮，后因运程不合，屡困秋闱。至丑运暗拱金局，科甲连登；丙子乙亥，地支之水，本可去火，天干木火不合，所以仕途蹭蹬，未能显秩耳。,[]
滴天髓,滴天髓-0181,丁酉乙巳戊午丙辰,戊,HEAVY,REN-CAIGUAN|SHISHI-BURUO|HEAVY-ROOT|YIN-PARTY|ROOT-GAN-PRIORITY|SHI-GUI-LU|ZHONGGUA-2SIDE|JIWANG-HUAIJI|SHIYONG-YUELING-XIANGFU|GE-QING|GE-QUALITY|SHI-ZHU-JI|YONGSHEN-STRUCTURE|YONGSHEN-FINAL|ZHONG-HE,甲辰 癸卯 壬寅 辛丑 庚子 己亥此与前造只换一辛字，八字不及前造，而运途却胜于前，亦以辛金为用，非官印论也。丁丑年湿土生金晦火，又全会金局，发甲入词林，盖运在辛丑，正岁运皆宜也。,[]
滴天髓,滴天髓-0182,丁丑丙午己酉辛未,己,HEAVY,REN-CAIGUAN|SHISHI-BURUO|XIEQI-TAIZHONG|HEAVY-ROOT|YIN-PARTY|ROOT-STRUCK|ROOT-GAN-PRIORITY|SHI-GUI-LU|ZHONGGUA-2SIDE|JIRUO-WUGEN|JIWANG-HUAIJI|JISHUAI-CONGSHENG|SHIYONG-YUELING-XIANGFU|GE-QUALITY|SHI-ZHU-JI|TIANGAN-XINGQING|YONGSHEN-STRUCTURE|YONGSHEN-FINAL|ZHONG-HE,乙巳 甲辰 癸卯 壬寅 辛丑 庚子此造土荣夏令，金绝火生，四柱水木全无，最喜金透通根。惜乎运走东方，生火克金，不但功名增蹬，而且财源鲜聚。交辛丑运，年逢戊辰，晦火生金，食神喜劫地，秋闱得意，名利裕如。,[]
滴天髓,滴天髓-0183,癸酉甲子丙寅乙未,丙,HEAVY,REN-CAIGUAN|SHISHI-BURUO|HEAVY-ROOT|YIN-PARTY|ROOT-STRUCK|ROOT-GAN-PRIORITY|SHI-GUI-LU|ZHONGGUA-2SIDE|JIRUO-WUGEN|GE-QUALITY|YONGSHEN-STRUCTURE|YONGSHEN-FINAL|ZHONG-HE,癸亥 壬戌 辛酉 庚申 己未 戊午丙生子月，坐下长生，印透根深，弱中之旺。喜其官星当令，透而生财，所谓“一清到底有精神”也；更妙源流不悖，纯粹可观。金水运中，登科发甲。名高翰苑；惜中运火土，以致终老于词林。,[]
滴天髓,滴天髓-0184,甲子丙寅己亥辛未,己,HEAVY,REN-CAIGUAN|SHISHI-BURUO|HEAVY-ROOT|YIN-PARTY|ROOT-STRUCK|ROOT-GAN-PRIORITY|SHI-GUI-LU|ZHONGGUA-2SIDE|RI-BEI-HE|JIRUO-WUGEN|GE-QUALITY|SHI-ZHU-JI|TIANGAN-XINGQING|YONGSHEN-STRUCTURE|YONGSHEN-FINAL|ZHONG-HE,丁卯 戊辰 己巳 庚午 辛未 壬申春土坐亥财官太旺，最喜独印逢生。财藏生官，财印绶之元神愈旺；气贯生时 ，而日主之气不薄；更妙连珠生化，尤羡运途不悖。所以恩分雕绵，宠锡金莲，地近清楚，职居津要。,[]
滴天髓,滴天髓-0185,癸未甲子丙寅丁酉,丙,HEAVY,REN-CAIGUAN|SHISHI-BURUO|HEAVY-ROOT|YIN-PARTY|BIJIE-PARTY|ROOT-STRUCK|ROOT-GAN-PRIORITY|ZHONGGUA-2SIDE|JIRUO-WUGEN|GE-QUALITY|SHI-ZHU-JI|YONGSHEN-STRUCTURE|YONGSHEN-FINAL|ZHONG-HE,癸亥 壬戌 辛酉 庚申 己未 戊午此与前癸酉者，大同小异。前则官坐财地，此则官坐伤地，兼之子未相贴，不但天干之官受克，即地支之官亦伤。更嫌劫入财乡，所谓财劫官伤，纵使芹香早采，仍蹭蹬秋闱。辛酉庚申运干支皆财，财如放稍春竹，利如蔓草生枝，家业丰裕；一交己未，伤妻克子，遭回禄，家业大破。可知穷通在运也。,[]
滴天髓,滴天髓-0186,乙亥庚辰戊戌丁巳,戊,HEAVY,REN-CAIGUAN|DESHI-BUWANG|XIEQI-TAIZHONG|HEAVY-ROOT|YIN-PARTY|ROOT-STRUCK|ROOT-GAN-PRIORITY|SHI-GUI-LU|ZHONGGUA-2SIDE|JIRUO-WUGEN|JIWANG-HUAIJI|SHIYONG-YUELING-XIANGFU|GE-QUALITY|WANGJI-SIWO-SHENG|YONGSHEN-STRUCTURE|YONGSHEN-FINAL|ZHONG-HE,己卯 戊寅 丁丑 丙子 乙亥 甲戌戊戌日元，生于辰月巳时，木退气，土乘权，印绶重逢。用官则被庚金合坏，用食则官又不从化，而火又克金，无奈何而用财，又有巳时遥冲，又不当令；若邀庚金生助，贪合忘生，且遥隔无情，所以起倒不一，幸而财官尚有余气，至乙亥运，补起财官，遂成小康。,[]
滴天髓,滴天髓-0187,癸亥己未丙午己丑,丙,HEAVY,REN-CAIGUAN|XIEQI-TAIZHONG|ROOT-STRUCK|ROOT-GAN-PRIORITY|ZHONGGUA-2SIDE|JIRUO-WUGEN|JIWANG-HUAIJI|JISHUAI-CONGSHENG|SHIYONG-YUELING-XIANGFU|GE-QUALITY|SHI-ZHU-JI|YONGSHEN-STRUCTURE|YONGSHEN-FINAL|ZHONG-HE,戊辰 丁巳 丙辰 乙卯 甲寅 癸丑火长夏令，原属旺论，然时在季夏，火气稍退，兼之重叠伤官泄气，丑乃湿土，能晦丙火之光，以旺变弱。浊气当权 ，清气失势，兼之先行三十年火土运，半生起倒多端。至乙卯甲寅，木蔬厚土，扫除浊气，生扶日元，卫护官星，左图右史，财茂业成。,[]
滴天髓,滴天髓-0188,丁卯丁未庚午己卯,庚,NONE,SHISHI-BURUO|SHAZHONG-SHENQING|YIN-PARTY|ZHONGGUA-2SIDE|WUGEN-YOUFU|JISHUAI-CONGSHENG|SHIYONG-YUELING-XIANGFU|GE-QING|GE-QUALITY|YUN-SHENG-ROOT|SHI-ZHU-JI|YONGSHEN-STRUCTURE|YONGSHEN-FINAL|ZHONG-HE,丙午 乙巳 甲辰 癸卯 壬寅 辛丑此造大略观之，财生官，官生印，印生身，似乎清美，无如午未南方，火烈土焦，能脆金，不能生金；且木从火势，又坏印绶，无生化之情，非清枯而何？更嫌运走东方，一生未遂，所谓“明月清风谁与共，高山流水少知音”也。,[]
滴天髓,滴天髓-0189,甲子丙寅己丑甲子,己,LIGHT,REN-CAIGUAN|SHISHI-BURUO|LIGHT-ROOT|YIN-PARTY|ROOT-GAN-PRIORITY|ZHONGGUA-2SIDE|RI-BEI-HE|JIRUO-WUGEN|GE-QING|GE-QUALITY|SHI-ZHU-JI|TIANGAN-XINGQING|YONGSHEN-STRUCTURE|YONGSHEN-FINAL|ZHONG-HE,丁卯 戊辰 己巳 庚午 辛未 壬申山东刘中堂造，己土卑薄，生于春初，寒湿之体，其气虚弱，得甲丙并透，印正官清，聚得真也。柱中金不现而不得化，假神不乱；更喜运走东南印旺之地，仕至尚书，有尊君庇民之德，负经邦论道之才也。,[]
滴天髓,滴天髓-0190,壬申壬寅丙子乙未,丙,HEAVY,REN-CAIGUAN|SHISHI-BURUO|HEAVY-ROOT|YIN-PARTY|ROOT-STRUCK|ROOT-GAN-PRIORITY|WANGCHONG-SHUAI|SHI-GUI-LU|ZHONGGUA-2SIDE|JIRUO-WUGEN|JIWANG-HUAIJI|GE-QUALITY|YONGSHEN-STRUCTURE|YONGSHEN-FINAL|ZHONG-HE,癸卯 甲辰 乙巳 丙午 丁未 戊申铁制军造，杀逞财势，嫩木逢生，最喜寅木真神当令，时干透出乙木元神。寅申之冲，谓之有病。运至南方火地，去申金之病，仕至封疆，声名赫弈。有润泽生民之德，怀任重致远之才也。,[]
滴天髓,滴天髓-0191,庚申戊寅壬子甲辰,壬,HEAVY,REN-CAIGUAN|SHISHI-BURUO|XIEQI-TAIZHONG|HEAVY-ROOT|YIN-PARTY|ROOT-STRUCK|ROOT-GAN-PRIORITY|WANGCHONG-SHUAI|SHI-GUI-LU|ZHONGGUA-2SIDE|JIRUO-WUGEN|JIWANG-HUAIJI|JISHUAI-CONGSHENG|SHIYONG-YUELING-XIANGFU|GE-QUALITY|SHI-ZHU-JI|YONGSHEN-STRUCTURE|YONGSHEN-FINAL|ZHONG-HE,己卯 庚辰 辛巳 壬午 癸未 甲申此造日临旺地，会局帮身，不当弱论。喜其时干甲木，真神发露；所嫌者，年遇庚申，冲克甲寅，又逢戊土之助，谓假乱真。虽然早采芹香，屡困秋闱；至壬午运，制化庚金，秋桂高攀，加捐县令；申运冲寅，假神得助，不禄。,[]
滴天髓,滴天髓-0192,乙酉戊寅壬午庚戌,壬,NONE,SHISHI-BURUO|SHAZHONG-SHENQING|XIEQI-TAIZHONG|YIN-PARTY|ZHONGGUA-2SIDE|WUGEN-YOUFU|JISHUAI-CONGSHENG|SHIYONG-YUELING-XIANGFU|GE-QUALITY|YUN-SHENG-ROOT|SHI-ZHU-JI|YONGSHEN-STRUCTURE|YONGSHEN-FINAL|ZHONG-HE,丁丑 丙子 乙亥 甲戌 癸酉 壬申壬水生于立春二十二日，正当甲木真神司令，而天干土金并透，地支通根戌酉，此谓真神失势，假神得局，用以庚金化煞，法当以假作真，纯粹可观。虽嫌支全火局。克金灼水，喜其火不透干，又得戊土生化更妙。运走西北，所以早登云路，甲第蜚声，仕至封疆，有利民济物之志，禀秀德真儒之器。总嫌火局为病，仕路未免起倒耳。,[]
滴天髓,滴天髓-0193,庚戌戊寅癸未癸丑,癸,LIGHT,REN-CAIGUAN|SHISHI-BURUO|LIGHT-ROOT|YIN-PARTY|BIJIE-PARTY|ROOT-STRUCK|ROOT-GAN-PRIORITY|SHI-GUI-LU|ZHONGGUA-2SIDE|RI-BEI-HE|JIRUO-WUGEN|GE-QUALITY|SHI-ZHU-JI|TIANGAN-XINGQING|YONGSHEN-STRUCTURE|YONGSHEN-FINAL|ZHONG-HE,癸水生于立春二十六日，正当甲木真神司令，而天干土金并透，地支丑戌通根。伤官虽当令，而官杀之势纵横，即使伤敌杀，而日主反泄，况未能敌乎？庚金虽是假神，无如日主爱假憎真，用以庚金，有两歧之妙：一则化杀官之强暴，二则生我之日元，时干比肩帮身，又能润土养金。第中运南方，生杀坏印，奔驰不遇；至甲申，运转西方，用神得地，得军功飞升知县：乙酉更佳，仁至州牧：一交丙，坏庚，不禄。,[]
滴天髓,滴天髓-0194,丙子己亥辛酉己亥,辛,HEAVY,REN-CAIGUAN|HEAVY-ROOT|ROOT-STRUCK|ROOT-GAN-PRIORITY|HE-HUASHEN-DESHI|ZHONGGUA-2SIDE|RI-BEI-HE|JIRUO-WUGEN|JIWANG-HUAIJI|SHIYONG-YUELING-XIANGFU|GE-QUALITY|SHI-ZHU-JI|YONGSHEN-STRUCTURE|YONGSHEN-FINAL|ZHONG-HE,庚子 辛丑 壬寅 癸卯 甲辰 乙巳此造以俗论之，寒金喜火，金水伤官喜见官，且日主专禄，必用丙火无疑。不知水势猖狂，病窃去命主无元神，不但不能官，即或用官，而丙火全无根气，必须用己土之印，使其止水生金卫火。丙入亥宫临绝，欲使丙火生土，而丙火先受水克，焉能生土？所以己土反被水伤，真神无情，假神虚脱。初运庚子辛丑。比劫帮身，叨荫之福，衣食颇丰：壬运丁艰；一交寅运，东方木地，虚土受伤，破荡祖业，刑妻克子，,[]
滴天髓,滴天髓-0195,壬申戊申庚辰甲申,庚,HEAVY,REN-CAIGUAN|DESHI-BUWANG|XIEQI-TAIZHONG|HEAVY-ROOT|YIN-PARTY|ROOT-GAN-PRIORITY|SHI-GUI-LU|ZHONGGUA-2SIDE|JIWANG-HUAIJI|SHIYONG-YUELING-XIANGFU|GE-QING|GE-QUALITY|WANGJI-SIWO-SHENG|YONGSHEN-STRUCTURE|YONGSHEN-FINAL|ZHONG-HE,己酉 庚戌 辛亥 壬子 癸丑 甲寅庚金生于七月，地支三申，旺之极矣，时干甲木无根，用年干壬水，泄其刚杀之气。所嫌者，月干枭神夺食。初年运走土金，刑丧早见，祖业无恒；一交辛亥，运转北方，经营得意，及壬子癸丑三十年财发十余万。其幼年未尝读书，后竟知文墨，此亦运行水地，发泄菁华之意也。,[]
滴天髓,滴天髓-0196,壬戌戊申庚寅丙戌,庚,HEAVY,REN-CAIGUAN|DESHI-BUWANG|XIEQI-TAIZHONG|HEAVY-ROOT|YIN-PARTY|ROOT-STRUCK|ROOT-GAN-PRIORITY|WANGCHONG-SHUAI|SHI-GUI-LU|ZHONGGUA-2SIDE|JIRUO-WUGEN|JIWANG-HUAIJI|SHIYONG-YUELING-XIANGFU|GE-QUALITY|WANGJI-SIWO-SHENG|SHI-ZHU-JI|YONGSHEN-STRUCTURE|YONGSHEN-FINAL|ZHONG-HE,己酉 庚戌 辛亥 壬子 癸丑 甲寅 乙卯庚金生于七月，支类土金，旺之极矣，壬水坐戌逢戊，枭神夺尽，时透丙火，支拱寅戌，必以丙火为用。惜运走四十载土金水地，所以五旬之前，一事无成：至甲寅运克制枭神，生起丙火，及乙卯二十年，财发巨万，所谓蒲柳望秋而凋，松柏经冬而茂也。,[]
滴天髓,滴天髓-0197,辛酉丁酉乙未丁丑,乙,LIGHT,REN-CAIGUAN|XIEQI-TAIZHONG|LIGHT-ROOT|ROOT-STRUCK|ROOT-GAN-PRIORITY|ZHONGGUA-2SIDE|JIRUO-WUGEN|JISHUAI-CONGSHENG|SHIYONG-YUELING-XIANGFU|GE-QUALITY|SHI-ZHU-JI|TIANGAN-XINGQING|YONGSHEN-STRUCTURE|YONGSHEN-FINAL|ZHONG-HE,丙申 乙未 甲午 癸巳 壬辰 辛卯乙木生于八月，木凋金锐，幸日主坐下库根，干透两丁，足以盘根制杀，祖业丰盈，芹香早采。但此造之病，不在杀旺，实在丑土；丑土之害，不特生金晦火，其害在丑未之冲也。天干木火，全赖未中一点微根，冲则被丑中金水暗伤，以致秋闱难捷。至癸巳运，支全金局，癸水克丁，遭水厄而亡。,[]
滴天髓,滴天髓-0198,戊辰辛酉乙亥甲申,乙,LIGHT,REN-CAIGUAN|SHISHI-BURUO|LIGHT-ROOT|TENGLUO-XIJIA|BIJIE-PARTY|ROOT-GAN-PRIORITY|ZHONGGUA-2SIDE|JIRUO-WUGEN|GE-QUALITY|SHI-ZHU-JI|TIANGAN-XINGQING|YONGSHEN-STRUCTURE|YONGSHEN-FINAL|ZHONG-HE,庚戌 辛亥 壬子 癸丑 甲寅 乙卯乙木生于八月，财生官杀，弱之极矣，所喜者，坐下印绶引通官杀之气，更妙甲木透时，谓藤萝系甲。出身虽寒微，至亥运入泮，壬子联登甲第，及壬癸运，早遂仕路之光；丑运丁艰，甲寅克土扶身，不次升迁；乙卯仕至侍郎。此造之所喜者，亥水也。若无亥水，不过庸人耳。然亥水必要坐下，如在别支，不行生化之情，功名不过小就耳。,[]
滴天髓,滴天髓-0199,庚辰庚辰庚申庚辰,庚,HEAVY,REN-CAIGUAN|SHISHI-BURUO|HEAVY-ROOT|BIJIE-PARTY|ROOT-GAN-PRIORITY|ZHONGGUA-2SIDE|JIWANG-HUAIJI|SHIYONG-YUELING-XIANGFU|GE-QUALITY|SHI-ZHU-JI|YONGSHEN-STRUCTURE|YONGSHEN-FINAL|ZHONG-HE,辛巳 壬午 癸未 甲申 乙酉 丙戌天干皆庚，又坐禄旺，印星当令，刚之极矣，谓权在一人。行伍出身，壬午癸未运，水盖天干地支之火，难以克金，故无害；一交甲申，西方金地及乙酉合化皆金，仕至总兵；丙运犯其旺神，死于军中。,[]
滴天髓,滴天髓-0200,癸酉甲子庚辰甲申,庚,HEAVY,REN-CAIGUAN|XIEQI-TAIZHONG|HEAVY-ROOT|ROOT-STRUCK|ROOT-GAN-PRIORITY|SHI-GUI-LU|ZHONGGUA-2SIDE|JIRUO-WUGEN|JIWANG-HUAIJI|JISHUAI-CONGSHENG|GE-QING|GE-QUALITY|YONGSHEN-STRUCTURE|YONGSHEN-FINAL|ZHONG-HE,癸亥 壬戌 辛酉 庚申 己未 戊午庚辰日元，支逢禄旺，水本当权，又会水局，天干枯木无根，置之不论，谓金水二人同心，必须顺其金水之性。故癸亥壬运，荫庇有余；戌运制水，还喜申、酉、戌全，虽见刑丧地而无大患，辛运入泮，酉运补廪，庚运登科，申运大旺财源；一交已未，运转南方，刑妻克子，家业渐消。戊午触水之性，家业破尽而亡。,[]
滴天髓,滴天髓-0201,壬子辛亥乙亥丙子,乙,NONE,SHISHI-BURUO|YIN-PARTY|HE-HUASHEN-DESHI|ZHONGGUA-2SIDE|WUGEN-YOUFU|GE-QUALITY|YUN-SHENG-ROOT|TIANGAN-XINGQING|YONGSHEN-STRUCTURE|YONGSHEN-FINAL|ZHONG-HE,壬子 癸丑 甲寅 乙卯 丙辰 丁巳壬水乘权坐亥子，所谓昆仑之水，冲奔无情，丙火克绝，置之不论，遗业颇丰，乙卯甲寅，顺其流，纳其气，入学补廪，丁财并益，家道日隆。一交丙运，水火交战，刑妻克子，破耗异常；辰运蓄水无咎；丁巳运连遭回禄两次，家破身亡。,[]
滴天髓,滴天髓-0202,甲申丙子庚辰戊寅,庚,HEAVY,REN-CAIGUAN|SHISHI-BURUO|HEAVY-ROOT|YIN-PARTY|ROOT-STRUCK|ROOT-GAN-PRIORITY|ZHONGGUA-2SIDE|JIRUO-WUGEN|JIWANG-HUAIJI|GE-QUALITY|SHI-ZHU-JI|YONGSHEN-STRUCTURE|YONGSHEN-FINAL|ZHONG-HE,丁丑 戊寅 己卯 庚辰 辛巳 壬午此寒金冷水，木凋土寒，若非寅时，则年月木火无根，不能作用矣，所谓寒虽甚，要暖有气也。由引论之，年得者寅也，地气上升，木火绝处逢生，一陽解冻。然不动丙火高亦不发，妙在寅中遥冲，谓之动，动则生火矣。凡四柱紧冲为克，遥冲为动，更喜运走东南，科甲出身，仕至黄堂，所谓“得气之寒，遇暖而发”，此之谓也。,[]
滴天髓,滴天髓-0203,己酉丙子庚辰甲申,庚,HEAVY,REN-CAIGUAN|SHISHI-BURUO|HEAVY-ROOT|YIN-PARTY|ROOT-STRUCK|ROOT-GAN-PRIORITY|SHI-GUI-LU|ZHONGGUA-2SIDE|JIRUO-WUGEN|JIWANG-HUAIJI|GE-QING|GE-QUALITY|YONGSHEN-STRUCTURE|YONGSHEN-FINAL|ZHONG-HE,乙亥 甲戌 癸酉 壬申 辛未 庚午此亦寒金冷水，土冻木凋，与前大同小异，前则有寅木，火有根，此则无寅木，火临绝，所谓寒甚而瞹无气，反以无瞹为美，所以初运乙亥，北主水地，有喜无忧；甲戌暗藏丁火，为丙火之根，刑丧破耗；壬运克去丙火，入申运食廪，癸酉财业日增，辛未运转南方，丙火得地生根，破耗多端；庚午运逢寅年，木火齐来，不禄。,[]
滴天髓,滴天髓-0204,丁丑丙午丙午壬辰,丙,HEAVY,REN-CAIGUAN|DESHI-BUWANG|HEAVY-ROOT|BIJIE-PARTY|ROOT-STRUCK|ROOT-GAN-PRIORITY|ZHONGGUA-2SIDE|JIRUO-WUGEN|JIWANG-HUAIJI|GE-QUALITY|SHI-ZHU-JI|YONGSHEN-STRUCTURE|YONGSHEN-FINAL|ZHONG-HE,己巳 甲辰 癸卯 壬寅 辛丑 庚子此火焰南离，重逢刽刃，暖之至矣。一点壬水，本不足以制猛烈之火，喜其坐辰，通根身库；更可爱者，年支丑土，丑乃北方湿土，能生金晦火而蓄水，所谓暖虽至而寒有根也。科甲出身，仕至封疆，微嫌运途欠畅，多于起伏也。,[]
滴天髓,滴天髓-0205,癸未丁巳丙午癸巳,丙,HEAVY,REN-CAIGUAN|HEAVY-ROOT|BIJIE-PARTY|ROOT-GAN-PRIORITY|SHI-GUI-LU|ZHONGGUA-2SIDE|JIWANG-HUAIJI|SHIYONG-YUELING-XIANGFU|GE-QING|GE-QUALITY|SHI-ZHU-JI|YONGSHEN-STRUCTURE|YONGSHEN-FINAL|ZHONG-HE,"丙辰 乙卯 甲寅 癸丑 壬子 辛亥此支类南方,又生巳时，暖之至矣。天干丙癸，地支全无根气，所谓暖之至，寒无根，反以无寒为美。所以初运丙辰，叨荫庇之福；乙卯甲寅，泄水生火，家业增新；癸丑寒气通根，叹椿萱之并逝，嗟兰桂之摧残；壬子运，祝融之变，家破而亡。",[]
滴天髓,滴天髓-0206,丙辰辛丑庚辰丙子,庚,LIGHT,REN-CAIGUAN|SHISHI-BURUO|LIGHT-ROOT|BIJIE-PARTY|ROOT-STRUCK|ROOT-GAN-PRIORITY|ZHONGGUA-2SIDE|JIRUO-WUGEN|SHIYONG-YUELING-XIANGFU|GE-QUALITY|YONGSHEN-STRUCTURE|YONGSHEN-FINAL|ZHONG-HE,壬寅 癸卯 甲辰 乙巳 丙午 丁未此造以俗论之，以为寒金喜火，干透两丙，独杀留清，推其木火运中，名利双全，不知支中重重湿土，年干丙火，合辛化水，时干丙火无根，只有寒湿之气，并无生发之意，只得用水，不能用火矣。所以初运壬寅癸卯，制土卫水，衣食颇丰；至丙午丁未二十年，妻子皆伤，家业破尽。削发为僧。,[]
滴天髓,滴天髓-0207,丁未壬子庚戌丙戌,庚,LIGHT,REN-CAIGUAN|XIEQI-TAIZHONG|LIGHT-ROOT|ROOT-STRUCK|ROOT-GAN-PRIORITY|SHI-GUI-LU|ZHONGGUA-2SIDE|JIRUO-WUGEN|JISHUAI-CONGSHENG|GE-QUALITY|SHI-ZHU-JI|YONGSHEN-STRUCTURE|YONGSHEN-FINAL|ZHONG-HE,辛亥 庚戌 己酉 戊申 丁未 丙午此造如以水势论之，此则仲冬水旺，所喜者支中重重燥土，足以去其湿气。只为相克，使子不能助壬；丁壬一合，使壬不能克丙。中运土金，入部办事，运筹挫折，境遇违心；丁未南方火旺，议叙出仕，至丙午二十年，得奇遇，仕至州牧。,[]
滴天髓,滴天髓-0208,癸未丁巳甲午庚午,甲,LIGHT,REN-CAIGUAN|XIEQI-TAIZHONG|LIGHT-ROOT|ROOT-GAN-PRIORITY|ZHONGGUA-2SIDE|JIRUO-WUGEN|JISHUAI-CONGSHENG|GE-QUALITY|SHI-ZHU-JI|TIANGAN-XINGQING|YONGSHEN-STRUCTURE|YONGSHEN-FINAL|ZHONG-HE,丙辰 乙卯 甲寅 癸丑 壬子 辛亥甲午日元，支全巳午未，燥烈极矣。天干金水无根，反激火之烈，只可顺火之气也。初运木火，顺其气势，财喜频增，至癸丑，叹刑丧，遭挫折，破耗多端；壬子冲激更甚，犯人命，遭回禄，破家而亡。,[]
滴天髓,滴天髓-0209,癸丑丁巳甲辰庚午,甲,LIGHT,REN-CAIGUAN|SHISHI-BURUO|XIEQI-TAIZHONG|LIGHT-ROOT|YIN-PARTY|ROOT-STRUCK|ROOT-GAN-PRIORITY|ZHONGGUA-2SIDE|JIRUO-WUGEN|JISHUAI-CONGSHENG|GE-QUALITY|SHI-ZHU-JI|TIANGAN-XINGQING|YONGSHEN-STRUCTURE|YONGSHEN-FINAL|ZHONG-HE,丙辰 乙卯 甲寅 癸丑 壬子 辛亥此与前造只换辰丑二字，丑乃北方湿土，晦火蓄水，癸水通根而载丑；辰亦湿土，又是木之余气，日元足盘根；庚金虽不能生水辅用，而癸水坐下余气，竟可作用。初运木旺，帮身护用，和平迪吉；至癸丑北方水地及壬子辛亥三十年，经营得意，事业称心。,[]
滴天髓,滴天髓-0210,己卯辛未丙子辛卯,丙,LIGHT,REN-CAIGUAN|XIEQI-TAIZHONG|LIGHT-ROOT|ROOT-STRUCK|ROOT-GAN-PRIORITY|ZHONGGUA-2SIDE|RI-BEI-HE|JIRUO-WUGEN|JISHUAI-CONGSHENG|SHIYONG-YUELING-XIANGFU|GE-QUALITY|YONGSHEN-STRUCTURE|YONGSHEN-FINAL|ZHONG-HE,庚午 己巳 戊辰 丁卯 丙寅 乙丑丙火生于未月，火气正盛，坐下官星，被未土伤尽，只得用天干辛金。所嫌者，未为燥土，不能生金，又暗藏劫刃；年干己土，本可生金，又坐下印地，所谓“吉神显露，凶物深藏”者也。初运己巳戊辰土旺之地，财喜辐辏，事事称心；交丁卯，土金两伤，连遭回禄三次，又伤丁七人，丙寅妻子皆克，出外不知所终。,[]
滴天髓,滴天髓-0211,壬午乙巳丁丑丙午,丁,HEAVY,REN-CAIGUAN|DESHI-BUWANG|HEAVY-ROOT|BIJIE-PARTY|ROOT-STRUCK|ROOT-GAN-PRIORITY|SHI-GUI-LU|ZHONGGUA-2SIDE|RI-BEI-HE|JIRUO-WUGEN|JIWANG-HUAIJI|GE-QUALITY|TIANGAN-XINGQING|YONGSHEN-STRUCTURE|YONGSHEN-FINAL|ZHONG-HE,丙午 丁未 戊申 己酉 庚戌 辛亥丁火生于孟夏，柱中劫旺逢枭，天干壬无根，置之不用。最喜丑中一点财星，深藏归库，丑为湿土，能泄火气，不但无争夺之风，反有生财之谊。因初交丙午丁未，所以身出寒门，书香不继；喜中运三十载西方土金地，化劫生财，财发十余万。所谓“吉神深藏，终身之福”也。,[]
滴天髓,滴天髓-0212,戊辰乙丑戊戌辛酉,戊,HEAVY,REN-CAIGUAN|DESHI-BUWANG|XIEQI-TAIZHONG|HEAVY-ROOT|BIJIE-PARTY|ROOT-STRUCK|ROOT-GAN-PRIORITY|ZHONGGUA-2SIDE|JIRUO-WUGEN|JIWANG-HUAIJI|SHIYONG-YUELING-XIANGFU|GE-QUALITY|WANGJI-SIWO-SHENG|YONGSHEN-STRUCTURE|YONGSHEN-FINAL|ZHONG-HE,丙寅 丁卯 戊辰 己巳 庚午 辛未此造重重厚土，乙木无根，伤官又旺，其势足以敌官星之寡。故初交丙寅丁卯，官星得地，刑耗多端；戊辰得际遇，捐纳出仕，及已巳二十年，土生金旺，从佐二而履琴堂。至未运破金，不禄。,[]
滴天髓,滴天髓-0213,戊午壬戌丁卯癸卯,丁,HEAVY,REN-CAIGUAN|XIEQI-TAIZHONG|HEAVY-ROOT|ROOT-STRUCK|ROOT-GAN-PRIORITY|ZHONGGUA-2SIDE|RI-BEI-HE|JIRUO-WUGEN|JIWANG-HUAIJI|JISHUAI-CONGSHENG|GE-QING|GE-QUALITY|TIANGAN-XINGQING|YONGSHEN-STRUCTURE|YONGSHEN-FINAL|ZHONG-HE,癸亥 甲子 乙丑 丙寅 丁卯 戊辰 己巳此伤官当令，印星并见，官煞虽透无根，势在去官。初年运走北方，官星得势，一事无成；丙寅丁卯，生助火土，经营发财巨万；戊辰己巳，去尽官煞，一子登科，晚景峥嵘。此造戌午拱火，日时逢印，日主旺极，莫作用印而推，亦不可作去官留杀论也。,"['日主旺', '旺极']"
滴天髓,滴天髓-0214,癸丑壬戌丙午庚寅,丙,HEAVY,REN-CAIGUAN|HEAVY-ROOT|ROOT-STRUCK|ROOT-GAN-PRIORITY|SHI-GUI-LU|ZHONGGUA-2SIDE|JIRUO-WUGEN|JIWANG-HUAIJI|SHIYONG-YUELING-XIANGFU|GE-QUALITY|YONGSHEN-STRUCTURE|YONGSHEN-FINAL|ZHONG-HE,辛酉 庚申 己未 戊午 丁巳 丙辰丙火生于九月，日主本不及时，第坐陽刃会火局，谓之强寡。年干癸进气，癸水通根余气丑土，泄其火局，庚金生助壬癸为众也。势在成乎众，故交辛酉庚申，金生水旺，遗业丰盈，其乐自如；一交己未，火土并旺，父母双亡；及戊午二十年，破败家业，妻子皆伤，至丙辰流落外方而亡。,[]
滴天髓,滴天髓-0215,丙寅庚寅甲申乙丑,甲,HEAVY,REN-CAIGUAN|DESHI-BUWANG|XIEQI-TAIZHONG|HEAVY-ROOT|BIJIE-PARTY|ROOT-STRUCK|ROOT-GAN-PRIORITY|WANGCHONG-SHUAI|ZHONGGUA-2SIDE|JIRUO-WUGEN|JIWANG-HUAIJI|GE-QUALITY|WANGJI-SIWO-SHENG|SHI-ZHU-JI|TIANGAN-XINGQING|YONGSHEN-STRUCTURE|YONGSHEN-FINAL|ZHONG-HE,辛卯 壬辰 癸巳 甲午 乙未 丙申甲木生于立春后四日，春初木嫩，天气寒凝，日主坐申，月透庚金，丑土贴生申金，木嫩金坚，用火以攻之。喜得年于透丙，三陽开泰，万象回春，何其妙也！初运辛卯壬辰，有伤丙火，蹭蹬芸窗；癸巳运转南方，丙火禄旺，纳粟入监，运捷南宫；甲午乙未，宦海无波，申运不禄。,[]
滴天髓,滴天髓-0216,庚戌己卯甲寅丁卯,甲,HEAVY,REN-CAIGUAN|DESHI-BUWANG|XIEQI-TAIZHONG|HEAVY-ROOT|ROOT-GAN-PRIORITY|SHI-GUI-LU|ZHONGGUA-2SIDE|RI-BEI-HE|JIRUO-WUGEN|JIWANG-HUAIJI|SHIYONG-YUELING-XIANGFU|GE-QING|GE-QUALITY|WANGJI-SIWO-SHENG|TIANGAN-XINGQING|YONGSHEN-STRUCTURE|YONGSHEN-FINAL|ZHONG-HE,庚辰 辛巳 壬午 癸未 甲申 乙酉甲木生于仲春，坐禄逢刃，木旺金衰，用土以成之，方能化土生金，斩削以成真。初游幕，获利纳捐，至癸未运出仕；甲申乙酉，木无根，金得地，从佐二升知县而迁州牧。,[]
滴天髓,滴天髓-0217,庚辰壬午甲辰丁卯,甲,HEAVY,REN-CAIGUAN|SHISHI-BURUO|XIEQI-TAIZHONG|HEAVY-ROOT|YIN-PARTY|ROOT-STRUCK|ROOT-GAN-PRIORITY|SHI-GUI-LU|ZHONGGUA-2SIDE|JIRUO-WUGEN|JIWANG-HUAIJI|JISHUAI-CONGSHENG|GE-QUALITY|TIANGAN-XINGQING|YONGSHEN-STRUCTURE|YONGSHEN-FINAL|ZHONG-HE,癸未 甲申 乙酉 丙戌 丁亥 戊子甲木生于仲夏，时干丁火透出，用水以润之，然水亦赖金生，金亦赖水养；更妙支逢两辰，泄火生金蓄水，一气相生，五行俱足。是以早游泮水，科甲联登，仕至观察，一生惟丙戌运金水两伤不利，其余皆顺境。,[]
滴天髓,滴天髓-0218,庚戌甲申甲戌乙丑,甲,NONE,SHAZHONG-SHENQING|JUECHU-FENGSHENG|HE-HUASHEN-DESHI|ZHONGGUA-2SIDE|WUGEN-YOUFU|JISHUAI-CONGSHENG|GE-QING|GE-QUALITY|YUN-SHENG-ROOT|SHI-ZHU-JI|TIANGAN-XINGQING|YONGSHEN-STRUCTURE|YONGSHEN-FINAL,乙酉 丙戌 丁亥 戊子 己丑 庚寅甲木生于孟秋，财生杀旺，虽天干三透甲乙，而地支不载，木凋金锐，用土以从之也。格成从杀。戌运武甲出身；丁亥运生木克金，刑耗多端；戊子己丑，财生杀旺，仕至副将。,[]
滴天髓,滴天髓-0219,辛酉庚子甲子丙寅,甲,HEAVY,REN-CAIGUAN|XIEQI-TAIZHONG|HEAVY-ROOT|ROOT-GAN-PRIORITY|HE-HUASHEN-DESHI|SHI-GUI-LU|ZHONGGUA-2SIDE|JIRUO-WUGEN|JIWANG-HUAIJI|JISHUAI-CONGSHENG|GE-QING|GE-QUALITY|SHI-ZHU-JI|TIANGAN-XINGQING|YONGSHEN-STRUCTURE|YONGSHEN-FINAL|ZHONG-HE,己亥 戊戌 丁酉 丙申 乙未 甲午甲木生于仲冬，木衰金寒，用火以暖之，金亦得其制矣；况乎时逢禄旺，一陽解冻，所谓“得气之寒，遇暖而发”。故寒木必得火以生之也。所以科甲联登，仕至侍郎。上五造举甲木为例，乙木亦同此论。,[]
滴天髓,滴天髓-0220,丙子己亥丙寅戊子,丙,HEAVY,REN-CAIGUAN|SHISHI-BURUO|XIEQI-TAIZHONG|HEAVY-ROOT|JUECHU-FENGSHENG|BIJIE-PARTY|ROOT-STRUCK|ROOT-GAN-PRIORITY|ZHONGGUA-2SIDE|JIRUO-WUGEN|JISHUAI-CONGSHENG|GE-QING|GE-QUALITY|CAI-RUO-SHEN-QIANG|SHI-ZHU-JI|YONGSHEN-STRUCTURE|YONGSHEN-FINAL|ZHONG-HE,庚子 辛丑 壬寅 癸卯 甲辰 乙巳丙火生于孟冬，又逢两子，天干离衰，地支坎旺，用寅木以升之也。至壬寅，东方木地，采芹折桂；卯运出仕，一路运走东南，仕至观察。,[]
滴天髓,滴天髓-0221,壬午壬寅壬戌庚戌,壬,NONE,SHISHI-BURUO|YIN-PARTY|ZHONGGUA-2SIDE|WUGEN-YOUFU|SHIYONG-YUELING-XIANGFU|GE-QING|GE-QUALITY|YUN-SHENG-ROOT|SHI-ZHU-JI|YONGSHEN-STRUCTURE|YONGSHEN-FINAL|ZHONG-HE,癸卯 甲辰 乙巳 丙午 丁未 戊申壬水生于孟春，支全火局，虽年月两透比肩，皆属无根。天干坎衰，地支离旺，用庚金以降之也。惜乎运途东南，在外奔驰四十年，一无成就；至五旬外，交戊申，娶妻三，年已六旬矣。连生三子，至戌运而终。,[]
滴天髓,滴天髓-0222,丙子丙申丙子丙申,丙,NONE,ZHONGGUA-2SIDE|WUGEN-YOUFU|SHIYONG-YUELING-XIANGFU|GE-QING|GE-QUALITY|YUN-SHENG-ROOT|SHI-ZHU-JI|YONGSHEN-STRUCTURE|YONGSHEN-FINAL,此造地支，两申两子，水逢生旺，金作水论；天干四丙，地支无根，离衰坎旺，须以木运和之也。惜乎五行不顺，五十年西北金水之地，故艰难险阻，刑伤颠沛；五旬外运走壬寅，东方木地，财进业兴，及癸卯甲辰，发财数万。,[]
滴天髓,滴天髓-0223,癸巳壬戌壬午壬寅,壬,NONE,ZHONGGUA-2SIDE|WUGEN-YOUFU|SHIYONG-YUELING-XIANGFU|GE-QUALITY|YUN-SHENG-ROOT|SHI-ZHU-JI|YONGSHEN-STRUCTURE|YONGSHEN-FINAL,辛酉 庚申 己未 戊午 丁巳 丙辰壬午日元，生于戌月，支会火局，年支坐巳，天干皆饮，地支皆离，必须金运以解之也。初交辛酉庚申，正得成其既济，解其财杀之势，叨化日之光，丰衣足食；一交己未，刑耗异常，戊午财杀并旺，出外遇盗丧身。,[]
滴天髓,滴天髓-0224,壬子丙午壬子丙午,壬,HEAVY,REN-CAIGUAN|SHISHI-BURUO|HEAVY-ROOT|BIJIE-PARTY|ROOT-STRUCK|ROOT-GAN-PRIORITY|WANGCHONG-SHUAI|ZHONGGUA-2SIDE|JIRUO-WUGEN|SHIYONG-YUELING-XIANGFU|GE-QUALITY|SHI-ZHU-JI|YONGSHEN-STRUCTURE|YONGSHEN-FINAL|ZHONG-HE,丁未 戊申 己酉 庚戌 辛亥 壬子此造水火交战于干支，火当令，水休囚，喜其无土，日和不克。初交丁未，年逢戊午，天克地冲，财杀两旺，父母双亡，流为乞丐；交申运逢际遇，己酉运发财数万，娶妻生子成家。,[]
滴天髓,滴天髓-0225,癸卯乙丑庚申丁丑,庚,HEAVY,REN-CAIGUAN|XIEQI-TAIZHONG|HEAVY-ROOT|ROOT-GAN-PRIORITY|SHI-GUI-LU|ZHONGGUA-2SIDE|RI-BEI-HE|JIRUO-WUGEN|JIWANG-HUAIJI|JISHUAI-CONGSHENG|SHIYONG-YUELING-XIANGFU|GE-QING|GE-QUALITY|YONGSHEN-STRUCTURE|YONGSHEN-FINAL|ZHONG-HE,甲子 癸亥 壬戌 辛酉 庚申 己未此造寒金坐禄，印绶当权，足以用火敌寒。所忌者，年干癸水克丁为病，全赖月干乙木通根，泄水生火，此喜神即是财星也。更喜财星逢合，谓财来就我，其妻贤淑勤能，生三子，皆就书香。,[]
滴天髓,滴天髓-0226,丁未乙巳丁酉癸卯,丁,HEAVY,REN-CAIGUAN|HEAVY-ROOT|YIN-PARTY|BIJIE-PARTY|ROOT-STRUCK|ROOT-GAN-PRIORITY|ZHONGGUA-2SIDE|JIRUO-WUGEN|JIWANG-HUAIJI|GE-QUALITY|TIANGAN-XINGQING|YONGSHEN-STRUCTURE|YONGSHEN-FINAL|ZHONG-HE,甲辰 癸卯 壬寅 辛丑 庚子 己亥丁火生于孟夏，柱中枭劫当权，一点癸水，不足相制，最喜坐下酉金，冲去卯木，生起癸水。出身贫寒，癸运入学，又得财巨万；壬运登科，辛丑选知县，仕至郡守。此造若无酉金，不但无财，而且名亦不成矣。,[]
滴天髓,滴天髓-0227,乙亥庚辰丙申壬辰,丙,NONE,SHISHI-BURUO|CAIDUO-SHENRUAN|SHAZHONG-SHENQING|YIN-PARTY|ZHONGGUA-2SIDE|JIRUO-WUGEN|WUGEN-YOUFU|JISHUAI-CONGSHENG|SHIYONG-YUELING-XIANGFU|GE-QUALITY|YUN-SHENG-ROOT|SHI-ZHU-JI|YONGSHEN-STRUCTURE|YONGSHEN-FINAL|ZHONG-HE,己卯 戊寅 丁丑 丙子 乙亥 甲戌丙火生于季春，印绶通根生旺，日主坐财，时干又透壬水，必以乙木为用。可嫌者，乙庚化金，生杀坏印，其妻不贤，妒悍异常，无子而绝。财之为害。可畏哉！,[]
滴天髓,滴天髓-0228,辛丑辛丑戊戌癸丑,戊,HEAVY,REN-CAIGUAN|DESHI-BUWANG|XIEQI-TAIZHONG|HEAVY-ROOT|ROOT-GAN-PRIORITY|SHI-GUI-LU|ZHONGGUA-2SIDE|RI-BEI-HE|JIRUO-WUGEN|JIWANG-HUAIJI|SHIYONG-YUELING-XIANGFU|GE-QING|GE-QUALITY|WANGJI-SIWO-SHENG|SHI-ZHU-JI|YONGSHEN-STRUCTURE|YONGSHEN-FINAL|ZHONG-HE,庚子 己亥 戊戌 丁酉 丙申 乙未此造日主旺，比劫多，年月伤官并透通根，丑为湿土，能生金蓄水，戌为火库，日主临之，不致寒冻也，是以家业富厚，更喜运走西方不悖，余虽断其多子，实不敢定其数目，询之云，自十六岁生子，每年得一子，连生十六子，并无损伤。此因命之美，印星不现，辛金明润不杂木火之妙也。,['日主旺']
滴天髓,滴天髓-0229,癸亥甲子丁酉癸卯,丁,LIGHT,REN-CAIGUAN|SHISHI-BURUO|LIGHT-ROOT|YIN-PARTY|ROOT-STRUCK|ROOT-GAN-PRIORITY|ZHONGGUA-2SIDE|JIRUO-WUGEN|GE-QUALITY|TIANGAN-XINGQING|YONGSHEN-STRUCTURE|YONGSHEN-FINAL|ZHONG-HE,癸亥 壬戌 辛酉 庚申 己未 戊午此造杀官当令，嫌其甲木透干，不能弃命从杀，只得杀重用印，则忌卯酉逢冲，去甲木之旺地。所生妻生八女，妾生入女，竟儿子。所谓身衰印作和，此财星坏印之故也，。,['身衰']
滴天髓,滴天髓-0230,乙未辛巳戊戌丁巳,戊,HEAVY,REN-CAIGUAN|SHISHI-BURUO|XIEQI-TAIZHONG|HEAVY-ROOT|YIN-PARTY|ROOT-STRUCK|ROOT-GAN-PRIORITY|SHI-GUI-LU|ZHONGGUA-2SIDE|JIRUO-WUGEN|JIWANG-HUAIJI|JISHUAI-CONGSHENG|SHIYONG-YUELING-XIANGFU|GE-QING|GE-QUALITY|CAI-RUO-SHEN-QIANG|YONGSHEN-STRUCTURE|YONGSHEN-FINAL|ZHONG-HE,庚辰 己卯 戊寅 丁丑 丙子 乙亥戊土生于巳月，柱中火土本旺，辛金露而无根；兼之己时，丁火独透克辛，局中全无湿气；更嫌年干乙木，助火之烈，所以克两妻，生十二子，刑逝十子。现存二子。,[]
滴天髓,滴天髓-0231,戊子癸亥壬戌甲辰,壬,HEAVY,REN-CAIGUAN|DESHI-BUWANG|XIEQI-TAIZHONG|HEAVY-ROOT|BIJIE-PARTY|ROOT-STRUCK|ROOT-GAN-PRIORITY|SHI-GUI-LU|ZHONGGUA-2SIDE|JIRUO-WUGEN|JIWANG-HUAIJI|GE-QUALITY|WANGJI-SIWO-SHENG|SHI-ZHU-JI|YONGSHEN-STRUCTURE|YONGSHEN-FINAL|ZHONG-HE,甲子 乙丑 丙寅 丁卯 戊辰 己巳壬水生于孟冬，喜其无金，食神独透，所以书香小就，甲寅入泮，有十子皆育。其不妻者，无财之妙也；秋闱不利者，无地寅卯也。此造如戌土换之以木，青云得路矣。,[]
滴天髓,滴天髓-0232,庚寅丙戌辛亥辛卯,辛,LIGHT,REN-CAIGUAN|SHISHI-BURUO|LIGHT-ROOT|BIJIE-PARTY|ROOT-GAN-PRIORITY|ZHONGGUA-2SIDE|RI-BEI-HE|JIRUO-WUGEN|GE-QING|GE-QUALITY|SHI-ZHU-JI|YONGSHEN-STRUCTURE|YONGSHEN-FINAL|ZHONG-HE,丁亥 戊子 己丑 庚寅 辛卯 壬辰辛金生于戌月，印星当令；又寅 拱丙生天干，比劫不能下生亥水；又亥卯拱木，四柱皆成财官，二妻四妾生三子皆克，生十二女又克其九。还喜秋金有气，家业丰隆。,[]
滴天髓,滴天髓-0233,丁酉丁未戊戌丁巳,戊,HEAVY,REN-CAIGUAN|HEAVY-ROOT|YIN-PARTY|ROOT-STRUCK|ROOT-GAN-PRIORITY|SHI-GUI-LU|ZHONGGUA-2SIDE|JIRUO-WUGEN|JIWANG-HUAIJI|GE-QUALITY|CAI-RUO-SHEN-QIANG|YONGSHEN-STRUCTURE|YONGSHEN-FINAL|ZHONG-HE,丙午 乙巳 甲辰 癸卯 壬寅 辛丑土生夏令，重叠印绶 ，四柱全无水气，燥土不泄火生金，克三妻五子。至丑运湿土晦火生金，又会金局，得一子方育。由此数造观之，食神伤官为子也明矣。凡子息之有无，命中有一定之理，命中子只有五数，水一火二木三金四土五也。当令者倍之，休囚者减半，除加减之外而多者，此秉赋之故也。,[]
滴天髓,滴天髓-0234,辛卯辛卯甲辰丁卯,甲,HEAVY,REN-CAIGUAN|HEAVY-ROOT|ROOT-STRUCK|ROOT-GAN-PRIORITY|SHI-GUI-LU|ZHONGGUA-2SIDE|JIRUO-WUGEN|JIWANG-HUAIJI|SHIYONG-YUELING-XIANGFU|GE-QUALITY|WANGJI-SIWO-SHENG|TIANGAN-XINGQING|YONGSHEN-STRUCTURE|YONGSHEN-FINAL|ZHONG-HE,庚寅 己丑 戊子 丁亥 丙戌 乙酉此造春木雄壮，金透无根，喜其丁火透露，伤其辛金，所以已丑戊子运中，不但得子不育，而且财多破耗，丁亥支拱木而干透火，丁财并益，丙戌俞美，生五子，家业增新，由此观之，凡八字之用神即是子星，如用神是火，其子必在木火运星，或木火流年得；如不是木火运年得，必子息翕中多木火，或木火日主，否则难抬，或不肖，试之屡验，然命内用神，不物妻财子禄，而穷通寿夭，皆在用神一字定之，其可忽,[]
滴天髓,滴天髓-0235,癸卯乙丑丙子己丑,丙,NONE,SHISHI-BURUO|SHAZHONG-SHENQING|XIEQI-TAIZHONG|YIN-PARTY|ZHONGGUA-2SIDE|WUGEN-YOUFU|JISHUAI-CONGSHENG|SHIYONG-YUELING-XIANGFU|GE-QUALITY|YUN-SHENG-ROOT|SHI-ZHU-JI|YONGSHEN-STRUCTURE|YONGSHEN-FINAL|ZHONG-HE,甲子 癸亥 壬戌 辛酉 庚申 己未此造官印透而得禄，财星藏而归库，格局未尝不美，所嫌者，丑时伤官肆逞，官星退气，日主衰弱，全赖乙木生火而卫官。年月官印相生，亦出身官家，至亥支入泮；壬戌水通根，破耗异常加捐出仕，不过清规；至酉运，财星坏印，竟伏国刑。,['衰弱']
滴天髓,滴天髓-0236,乙卯丁亥戊午丙辰,戊,HEAVY,REN-CAIGUAN|SHISHI-BURUO|HEAVY-ROOT|YIN-PARTY|ROOT-STRUCK|ROOT-GAN-PRIORITY|SHI-GUI-LU|ZHONGGUA-2SIDE|JIRUO-WUGEN|GE-QUALITY|SHI-ZHU-JI|YONGSHEN-STRUCTURE|YONGSHEN-FINAL|ZHONG-HE,丙戌 乙酉 甲申 癸未 壬午 辛巳戊土生于孟冬，财星临旺，官印双清坐禄，日元临旺逢生，四柱纯粹可观，五行生化有情，喜用皆有精神，所以行运不破局，身出官家，连登科甲，生五子皆登仁籍，富贵福寿之造也。,[]
滴天髓,滴天髓-0237,丁巳辛亥戊子戊午,戊,HEAVY,REN-CAIGUAN|SHISHI-BURUO|XIEQI-TAIZHONG|HEAVY-ROOT|YIN-PARTY|BIJIE-PARTY|ROOT-STRUCK|ROOT-GAN-PRIORITY|WANGCHONG-SHUAI|SHI-GUI-LU|ZHONGGUA-2SIDE|JIRUO-WUGEN|JISHUAI-CONGSHENG|GE-QUALITY|YONGSHEN-STRUCTURE|YONGSHEN-FINAL|ZHONG-HE,庚戌 己酉 戊申 丁未 丙午 乙巳此造柱中三火二土，似乎旺相，不知亥子当权，冲坏印绶，天干火土虚脱，其祖上大富，至父辈破败；兼之初运西金地，生助旺水，半生颠连不遇。及交丁未，运转南方，接连丙午二十年，大遂经营之愿，发财十余万。,['旺相']
滴天髓,滴天髓-0238,乙亥辛巳丙辰癸巳,丙,HEAVY,REN-CAIGUAN|DESHI-BUWANG|HEAVY-ROOT|YIN-PARTY|ROOT-STRUCK|ROOT-GAN-PRIORITY|WANGCHONG-SHUAI|SHI-GUI-LU|ZHONGGUA-2SIDE|RI-BEI-HE|JIRUO-WUGEN|JIWANG-HUAIJI|SHIYONG-YUELING-XIANGFU|GE-QUALITY|SHI-ZHU-JI|YONGSHEN-STRUCTURE|YONGSHEN-FINAL|ZHONG-HE,庚辰 己卯 戊寅 丁丑 丙子 乙亥此造支逢两禄乘权，年干印透通根，凡推命者，作旺论用，以财星断其名利双收。然丙火生于孟夏，火气方进，年干印绶，被月干财星所坏，巳亥逢冲，破禄去火，则金反得生扶，木火失势。又坐下辰土，窃去命主元神，时干癸盖头，巳火亦伤，必作弱推，用以巳火。初运东方木土，出身遗业丰厚，丙子火不通根，官星得地，定多破耗，丑运生金泄火刑克异常，定粗十去八九，夫妇皆亡。,[]
滴天髓,滴天髓-0239,丁亥壬寅丙子丁酉,丙,HEAVY,REN-CAIGUAN|SHISHI-BURUO|BIJIE-PARTY|ROOT-STRUCK|ROOT-GAN-PRIORITY|HE-HUASHEN-DESHI|ZHONGGUA-2SIDE|JIRUO-WUGEN|JIWANG-HUAIJI|GE-QING|GE-QUALITY|SHI-ZHU-JI|YONGSHEN-STRUCTURE|YONGSHEN-FINAL|ZHONG-HE,辛丑 庚子 己亥 戊戌 丁酉 丙申丙火生于春初，谓相火有焰，不作旺论。月干壬水通根，亥子杀旺无制，喜其丁壬寅亥合而化印，以杂为恩。时支财星，生官坏印，以杂为恩。时支财星，生官坏印，又得丁火盖头，使其不能克木，所以同胞七人，皆就书香，而且兄爱弟敬。,[]
滴天髓,滴天髓-0240,癸巳戊午丙午庚寅,丙,HEAVY,REN-CAIGUAN|DESHI-BUWANG|XIEQI-TAIZHONG|HEAVY-ROOT|ROOT-STRUCK|ROOT-GAN-PRIORITY|HE-HUASHEN-DESHI|SHI-GUI-LU|ZHONGGUA-2SIDE|JIRUO-WUGEN|JIWANG-HUAIJI|GE-QUALITY|WANGJI-SIWO-SHENG|YONGSHEN-STRUCTURE|YONGSHEN-FINAL|ZHONG-HE,丁巳 丙辰 乙卯 甲寅 癸丑 壬子此造羊刃当权，又逢生旺，更可嫌者，戊癸合而化火，财为众劫所夺，兄弟六人，皆不成器，遭累不堪。余造年月日皆同，换一壬辰时，弱杀不能相制，亦有六弟，得力者早亡，其余皆不肖，以致拖累破家。总之劫刃太旺，财官无气，兄弟反少，纵有，不如无也。然官杀太旺亦伤残，必须身财并旺，官印通根，可敦友爱之情。,[]
滴天髓,滴天髓-0241,甲申丙子壬寅辛亥,壬,HEAVY,REN-CAIGUAN|DESHI-BUWANG|XIEQI-TAIZHONG|HEAVY-ROOT|YIN-PARTY|ROOT-STRUCK|ROOT-GAN-PRIORITY|HE-HUASHEN-DESHI|SHI-GUI-LU|ZHONGGUA-2SIDE|JIRUO-WUGEN|JIWANG-HUAIJI|GE-QUALITY|WANGJI-SIWO-SHENG|YONGSHEN-STRUCTURE|YONGSHEN-FINAL|ZHONG-HE,丁丑 戊寅 己卯 庚辰 辛巳 壬午壬水生于仲冬，羊刃当权，年月木火无根，日支食神冲破，似乎平常。然喜日寅时亥，乃木火生地；寅亥合，则木火之气愈贯；子申会，则食神反得生扶，所谓财气通门户也。富有百余万，凡巨富之命，财星不多，只要生化有情，即是财气通门户，若财临旺地，不宜见官，日主失令，必要比劫助之，期为美也。,[]
滴天髓,滴天髓-0242,壬申丙午癸亥戊午,癸,HEAVY,REN-CAIGUAN|SHISHI-BURUO|HEAVY-ROOT|BIJIE-PARTY|ROOT-STRUCK|ROOT-GAN-PRIORITY|HE-HUASHEN-DESHI|ZHONGGUA-2SIDE|RI-BEI-HE|JIRUO-WUGEN|SHIYONG-YUELING-XIANGFU|GE-QUALITY|SHI-ZHU-JI|TIANGAN-XINGQING|YONGSHEN-STRUCTURE|YONGSHEN-FINAL|ZHONG-HE,丁未 戊申 己酉 庚戌 辛亥 壬子癸水生于仲夏，又逢午时，财官太旺。喜其日元得地，更妙年干劫坐长生，财星有气，尤羡五行无木，财水泄而火无助，壬水可用。且运走西北，金水得地，遗绪不丰，自创四五十万，一妻四妾八子。何知其人贵？官星有理会。,[]
滴天髓,滴天髓-0243,癸卯癸亥丁卯辛亥,丁,NONE,SHAZHONG-SHENQING|ZHONGGUA-2SIDE|JIRUO-WUGEN|WUGEN-YOUFU|JISHUAI-CONGSHENG|SHIYONG-YUELING-XIANGFU|GE-QUALITY|YUN-SHENG-ROOT|SHI-ZHU-JI|TIANGAN-XINGQING|YONGSHEN-STRUCTURE|YONGSHEN-FINAL,壬戌 辛酉 庚申 己未 戊午 丁巳此造官杀乘权，原可畏也，然喜支拱印局，巧借栽培，流通水势，官星有理会。第嫌初运庚申辛酉，生杀坏印，偃蹇功名；己未支全印局，干透食神，云程直上，仕至尚书。然有其命必得其运，如不得其运，一介寒儒矣。,[]
滴天髓,滴天髓-0244,癸酉丁巳丙午壬辰,丙,HEAVY,REN-CAIGUAN|DESHI-BUWANG|HEAVY-ROOT|BIJIE-PARTY|ROOT-GAN-PRIORITY|ZHONGGUA-2SIDE|JIRUO-WUGEN|JIWANG-HUAIJI|SHIYONG-YUELING-XIANGFU|GE-QING|GE-QUALITY|SHI-ZHU-JI|YONGSHEN-STRUCTURE|YONGSHEN-FINAL|ZHONG-HE,丙辰 乙卯 甲寅 癸丑 壬子 辛亥丙火生于孟夏，坐禄临旺，喜其巳酉拱金，财生官，官制劫，更妙时透壬水，助起官星，以成既济。三旬外运走北方水地，登科发甲，名利双辉。勿以官杀混杂为嫌也，身旺者，必要官杀混杂而发也。,['身旺']
滴天髓,滴天髓-0245,甲午丙寅辛酉己丑,辛,HEAVY,REN-CAIGUAN|SHISHI-BURUO|HEAVY-ROOT|YIN-PARTY|ROOT-STRUCK|ROOT-GAN-PRIORITY|SHI-GUI-LU|ZHONGGUA-2SIDE|RI-BEI-HE|JIRUO-WUGEN|GE-QUALITY|YONGSHEN-STRUCTURE|YONGSHEN-FINAL|ZHONG-HE,丁卯 戊辰 己巳 庚午 辛未 壬申此造财临旺地，官遇长生，日主坐禄，印绶通根，天干四字，地支皆临禄旺，五行无水，清而纯粹。春金虽弱，喜其时印通根得用，庚运帮身。癸酉看登科；午运杀旺，病晦刑丧；辛运己卯年发甲入词林；后运金水帮身，仕路未可限量也。,[]
滴天髓,滴天髓-0246,乙巳辛巳庚辰甲申,庚,HEAVY,REN-CAIGUAN|SHISHI-BURUO|HEAVY-ROOT|BIJIE-PARTY|ROOT-STRUCK|ROOT-GAN-PRIORITY|SHI-GUI-LU|ZHONGGUA-2SIDE|RI-BEI-HE|JIRUO-WUGEN|SHIYONG-YUELING-XIANGFU|GE-QING|GE-QUALITY|YONGSHEN-STRUCTURE|YONGSHEN-FINAL|ZHONG-HE,庚辰 己卯 戊寅 丁丑 丙子 乙亥庚金生于立夏前五日，土当令，火未司权，庚金之生坐实，且辰支申昌，生扶并旺，身强杀浅。嫌其财露无根逢劫，所以出身贫寒；一交丁运，官星元神发露，戊寅己卯两年，财星得地，喜用齐来，科甲联登，又入词林。书云，“以杀化权，定显露门贵客”，此之谓也。何知其人贫?财贫神反不真。,['身强']
滴天髓,滴天髓-0247,壬子戊申戊戌辛酉,戊,LIGHT,REN-CAIGUAN|SHISHI-BURUO|XIEQI-TAIZHONG|LIGHT-ROOT|BIJIE-PARTY|ROOT-STRUCK|ROOT-GAN-PRIORITY|ZHONGGUA-2SIDE|JIRUO-WUGEN|JISHUAI-CONGSHENG|GE-QUALITY|YONGSHEN-STRUCTURE|YONGSHEN-FINAL|ZHONG-HE,己酉 庚戌 辛亥 壬子 癸丑 甲寅戊土生于孟秋，支在西方，秀气流行，格局本佳，出身大富。所嫌者，年干壬水能根会局，则财星反不真矣。兼之运走西北金水之地，所以轻财重义，耗散异常，惟戌运入泮得子。辛亥壬子贫乏不堪。,[]
滴天髓,滴天髓-0248,癸卯甲寅丁巳己酉,丁,HEAVY,REN-CAIGUAN|SHISHI-BURUO|XIEQI-TAIZHONG|HEAVY-ROOT|YIN-PARTY|ROOT-STRUCK|ROOT-GAN-PRIORITY|WANGCHONG-SHUAI|SHI-GUI-LU|ZHONGGUA-2SIDE|JIRUO-WUGEN|JIWANG-HUAIJI|JISHUAI-CONGSHENG|GE-QUALITY|SHI-ZHU-JI|TIANGAN-XINGQING|YONGSHEN-STRUCTURE|YONGSHEN-FINAL|ZHONG-HE,癸丑 壬子 辛亥 庚戌 己酉 戊申此造财藏杀露，杀印相生，又联珠相生，似乎贵格，所以祖业二十余万；不知年干之杀无根，其菁华尽被印绶窃去，必用酉金之财。盖头覆之以土。似科有情，但木旺土虚，相火逢生，则巳酉不会，财不真矣。一交壬子，泄金生木，一败如灰；至亥支，印遇长生，竟遭饿死。,[]
滴天髓,滴天髓-0249,庚午壬午丙寅庚寅,丙,HEAVY,REN-CAIGUAN|HEAVY-ROOT|ROOT-STRUCK|ROOT-GAN-PRIORITY|SHI-GUI-LU|ZHONGGUA-2SIDE|JIRUO-WUGEN|JIWANG-HUAIJI|GE-QUALITY|CAI-RUO-SHEN-QIANG|YONGSHEN-STRUCTURE|YONGSHEN-FINAL|ZHONG-HE,癸未 甲申 乙酉 丙戌 丁亥 戊子此夏火逢金，财滋弱杀，两支不杂，杀刃神清，定然名利双辉。不知地支木火，不载金水，杯水车薪，不但不能制火，反泄财星之气，夏月庚金败绝，财之不真可知矣。早运癸未、甲申、乙酉土金之地，丰衣足食；一交丙戌，支全火局，刑妻克子，破耗异常，数万家业，尽付东流；丁亥合壬寅而化木，孤苦不堪而死。,[]
滴天髓,滴天髓-0250,乙卯乙酉庚寅壬午,庚,HEAVY,REN-CAIGUAN|DESHI-BUWANG|HEAVY-ROOT|ROOT-STRUCK|ROOT-GAN-PRIORITY|WANGCHONG-SHUAI|HE-HUASHEN-DESHI|ZHONGGUA-2SIDE|RI-BEI-HE|JIRUO-WUGEN|JIWANG-HUAIJI|GE-QUALITY|WANGJI-SIWO-SHENG|SHI-ZHU-JI|YONGSHEN-STRUCTURE|YONGSHEN-FINAL|ZHONG-HE,甲申 癸未 壬午 辛巳 庚辰 己卯秋金乘令，财官并旺，食神吐秀，大象观之，富贵之命。第财星太重，官星拱局，日主反弱，不任其财官，全赖劫刃扶身，被卯冲午克，时干壬水，不能克火，反泄日元之气，财财星不真矣。初运甲申禄旺，早年入泮，其后运走南方，贫乏不堪。,[]
滴天髓,滴天髓-0251,辛丑丙申癸巳庚申,癸,LIGHT,REN-CAIGUAN|SHISHI-BURUO|LIGHT-ROOT|YIN-PARTY|ROOT-GAN-PRIORITY|ZHONGGUA-2SIDE|JIRUO-WUGEN|SHIYONG-YUELING-XIANGFU|GE-QING|GE-QUALITY|SHI-ZHU-JI|TIANGAN-XINGQING|YONGSHEN-STRUCTURE|YONGSHEN-FINAL|ZHONG-HE,乙未 甲午 癸巳 壬辰 辛卯 庚寅此财星坐禄，一杀独清，似乎佳美，所嫌者，印星太重，丑土生金泄火，丙辛合而化水，以财为用，申又合巳，则财更不真。初运乙未甲午，木火并旺，祖业颇丰；一交癸巳，皆从申合，一败如灰，竟为乞丐。,[]
滴天髓,滴天髓-0252,庚辰乙酉丁丑乙巳,丁,HEAVY,REN-CAIGUAN|SHISHI-BURUO|YIN-PARTY|ROOT-GAN-PRIORITY|HE-HUASHEN-DESHI|SHI-GUI-LU|ZHONGGUA-2SIDE|JIRUO-WUGEN|GE-QING|GE-QUALITY|SHI-ZHU-JI|TIANGAN-XINGQING|YONGSHEN-STRUCTURE|YONGSHEN-FINAL|ZHONG-HE,丙戌 丁亥 戊子 己丑 庚寅 辛卯丁火日元，时逢旺地，两印生身。火焰金叠，似乎富格，不知月干乙木，从庚而化，支会金局，四柱皆财，反不真矣。祖业亦丰，初运丙戌丁亥，比劫帮身，财喜如心；戊子已丑，生金晦火，财散人离，竟冻饿而死。何知其人贱？官星还不见。,[]
滴天髓,滴天髓-0253,丁丑壬子丁亥甲辰,丁,NONE,SHISHI-BURUO|SHAZHONG-SHENQING|YIN-PARTY|ZHONGGUA-2SIDE|RI-BEI-HE|WUGEN-YOUFU|JISHUAI-CONGSHENG|SHIYONG-YUELING-XIANGFU|GE-QING|GE-QUALITY|YUN-SHENG-ROOT|SHI-ZHU-JI|TIANGAN-XINGQING|YONGSHEN-STRUCTURE|YONGSHEN-FINAL|ZHONG-HE,辛亥 庚戌 己酉 戊申 丁未 丙午丁火生于仲冬，干透壬水，支全亥、子、丑北方，官星旺格；辰乃湿土，不能制水，反能晦火，谓清枯之象，官星反不真也。喜其无金，气势纯清，其为人学问真确，处世无苟，训蒙度日，苦守清贫，上等官星不见也。,[]
滴天髓,滴天髓-0254,丙辰庚寅丙午壬辰,丙,HEAVY,REN-CAIGUAN|SHISHI-BURUO|HEAVY-ROOT|BIJIE-PARTY|ROOT-GAN-PRIORITY|ZHONGGUA-2SIDE|JIWANG-HUAIJI|SHIYONG-YUELING-XIANGFU|GE-QUALITY|CAI-RUO-SHEN-QIANG|SHI-ZHU-JI|YONGSHEN-STRUCTURE|YONGSHEN-FINAL|ZHONG-HE,辛卯 壬辰 癸巳 甲午 乙未 丙申此造财绝无根，官又无气，兼之运走东南之地，幼年丧父，依母转嫁他姓；数年母死，牧牛度日，稍长则卖力佣工；后双目失明，不能佣作，求乞自活。,[]
滴天髓,滴天髓-0255,丁卯甲辰辛亥癸巳,辛,NONE,CAIDUO-SHENRUAN|SHAZHONG-SHENQING|XIEQI-TAIZHONG|ZHONGGUA-2SIDE|JIRUO-WUGEN|WUGEN-YOUFU|JISHUAI-CONGSHENG|SHIYONG-YUELING-XIANGFU|GE-QUALITY|YUN-SHENG-ROOT|SHI-ZHU-JI|YONGSHEN-STRUCTURE|YONGSHEN-FINAL,癸卯 壬寅 辛丑 庚子 己亥 戊戌此春金逢火，理宜印化杀，财星坏印，癸水克丁，亥水冲巳，似乎制杀有情，不知春水休囚，木火并旺，不但不能克火，反去生木泄金；财官本可荣身，而日空不能胜任，虽心专必欲求之。亦何盖哉！出身未属微贱。初习梨园，后因失音随官；人极伶俐，且极会趋逢，随任数年，发财背主，竟损纳从九品出仕，作威作福，无所不为；后因犯事革职，依然落魄。何知其人吉？喜神为辅弼。,[]
滴天髓,滴天髓-0256,甲子丙寅戊寅己未,戊,HEAVY,REN-CAIGUAN|SHISHI-BURUO|HEAVY-ROOT|YIN-PARTY|BIJIE-PARTY|ROOT-STRUCK|ROOT-GAN-PRIORITY|SHI-GUI-LU|ZHONGGUA-2SIDE|JIRUO-WUGEN|GE-QUALITY|SHI-ZHU-JI|YONGSHEN-STRUCTURE|YONGSHEN-FINAL|ZHONG-HE,春初土虚，杀旺逢财，以丙火为用，喜其财印相隔，生生不悖；更妙未时帮身为喜，四柱纯粹，主从得宜。所以早登甲第，一生有吉无凶，仕至观察，后退归优游林下，生六子皆登科第，夫妇齐眉，寿越八旬。,[]
滴天髓,滴天髓-0257,丙申己亥庚辰戊寅,庚,HEAVY,REN-CAIGUAN|SHISHI-BURUO|HEAVY-ROOT|YIN-PARTY|ROOT-STRUCK|ROOT-GAN-PRIORITY|ZHONGGUA-2SIDE|JIRUO-WUGEN|JIWANG-HUAIJI|SHIYONG-YUELING-XIANGFU|GE-QUALITY|SHI-ZHU-JI|YONGSHEN-STRUCTURE|YONGSHEN-FINAL|ZHONG-HE,庚子 辛丑 壬寅 癸卯 甲辰 乙巳 丙午此寒金喜火，得时支寅木之生，则火有焰，然有财杀，必先身旺。妙在年支坐禄，三印贴生，更妙亥水当权，申金含生忘冲。无火则土冻金寒，无木则水旺火虚，以火为用，以木为喜，木火两字，缺一不可。所以生平无凶无险，登科发甲，宦海无波，后裔济美，寿至八旬之外。何知其人凶？忌神辗转攻。,['身旺']
滴天髓,滴天髓-0258,乙亥戊寅丙子甲午,丙,HEAVY,REN-CAIGUAN|SHISHI-BURUO|XIEQI-TAIZHONG|YIN-PARTY|ROOT-STRUCK|ROOT-GAN-PRIORITY|WANGCHONG-SHUAI|SHI-GUI-LU|ZHONGGUA-2SIDE|JIRUO-WUGEN|JIWANG-HUAIJI|JISHUAI-CONGSHENG|GE-QUALITY|CAI-RUO-SHEN-QIANG|YONGSHEN-STRUCTURE|YONGSHEN-FINAL|ZHONG-HE,丁丑 丙子 乙亥 甲戌 癸酉 壬申丙火生于寅月，印星当令，时逢刃旺，甲乙并旺透，四柱无金；寅亥化木，子水冲破，官星无用，必以月干戊土为用。忌神即是甲木，亥子之水，反生旺木，所谓忌神辗转攻也。初交丁丑，生助用神，祖业十余万，其乐自如；一交丙子，火不通根，父母双亡，连遭回禄；乙亥水木并旺，又遭回禄，克三妻四子，赴水而亡。,[]
滴天髓,滴天髓-0259,辛巳庚寅丙辰己丑,丙,HEAVY,REN-CAIGUAN|XIEQI-TAIZHONG|HEAVY-ROOT|ROOT-STRUCK|ROOT-GAN-PRIORITY|ZHONGGUA-2SIDE|RI-BEI-HE|JIRUO-WUGEN|JIWANG-HUAIJI|JISHUAI-CONGSHENG|GE-QUALITY|SHI-ZHU-JI|YONGSHEN-STRUCTURE|YONGSHEN-FINAL|ZHONG-HE,己丑 戊子 丁亥 丙戌 乙酉 甲申丙火生寅，木嫩火相，未为旺也，生丑时，窃去命主元神，以寅木为用。所嫌庚金当头之忌，木嫩逢金，火虚见泄。初交己丑戊子，生金泄火，幼丧父母，孤苦不堪；丁亥丙戌，火在西北，不能去尽忌神，所以历尽风霜，稍成家业；一交乙酉，干支皆化忌神，刑妻克子，遭水厄而亡。何知其人寿？性定元神厚,[]
滴天髓,滴天髓-0260,辛丑癸巳甲子丙寅,甲,HEAVY,REN-CAIGUAN|SHISHI-BURUO|XIEQI-TAIZHONG|HEAVY-ROOT|YIN-PARTY|ROOT-STRUCK|ROOT-GAN-PRIORITY|SHI-GUI-LU|ZHONGGUA-2SIDE|JIRUO-WUGEN|JIWANG-HUAIJI|JISHUAI-CONGSHENG|SHIYONG-YUELING-XIANGFU|GE-QUALITY|SHI-ZHU-JI|TIANGAN-XINGQING|YONGSHEN-STRUCTURE|YONGSHEN-FINAL|ZHONG-HE,此从巳火起源头，生丑土，丑土生辛金，辛生癸，癸生甲，甲生丙火；甲禄居寅，癸禄居子，丙禄居巳，官坐财地，财逢食生，五行元刘皆厚，四柱通根生旺，左右上下有情，为人刚柔相济，仁德兼资，贵至三品，富有百万，子十三人，寿至百岁，无疾而终。,[]
滴天髓,滴天髓-0261,己酉乙亥丙寅戊子,丙,HEAVY,REN-CAIGUAN|SHISHI-BURUO|XIEQI-TAIZHONG|HEAVY-ROOT|JUECHU-FENGSHENG|YIN-PARTY|ROOT-STRUCK|ROOT-GAN-PRIORITY|ZHONGGUA-2SIDE|JIRUO-WUGEN|JISHUAI-CONGSHENG|GE-QING|GE-QUALITY|SHI-ZHU-JI|YONGSHEN-STRUCTURE|YONGSHEN-FINAL|ZHONG-HE,甲戌 癸酉 壬申 辛未 庚午 己巳 戊辰此以酉金为源头，生亥水，亥水合寅而生丙，丙火生戊土，元神皆厚。乡榜出身，仕至观察，为人宽厚端方，九子二十四孙，富有百余万，寿至百二十岁，无疾而终。,[]
滴天髓,滴天髓-0262,己酉辛未壬寅壬寅,壬,NONE,SHISHI-BURUO|SHAZHONG-SHENQING|YIN-PARTY|ZHONGGUA-2SIDE|WUGEN-YOUFU|JISHUAI-CONGSHENG|GE-QING|GE-QUALITY|YUN-SHENG-ROOT|SHI-ZHU-JI|YONGSHEN-STRUCTURE|YONGSHEN-FINAL|ZHONG-HE,此以未土为源头，生辛金，辛金生壬水，壬水生寅木，四柱生化有情，元神厚而纯粹。所喜者，火喜其包藏不露。早登科甲，仕至三品；为人品行端方，廉和仁厚；八子十九孙，寿至九旬有六。,[]
滴天髓,滴天髓-0263,丁未庚戌庚辰丙子,庚,LIGHT,REN-CAIGUAN|SHISHI-BURUO|LIGHT-ROOT|BIJIE-PARTY|ROOT-STRUCK|ROOT-GAN-PRIORITY|ZHONGGUA-2SIDE|JIRUO-WUGEN|GE-QUALITY|YONGSHEN-STRUCTURE|YONGSHEN-FINAL|ZHONG-HE,己酉 戊申 丁未 丙午 乙巳 甲辰此以丁火为源头，生土，土生金，两藏财库，身旺用官。中年行运不背，所以早登乡榜，名利双辉。为人有刚明决断之本，无刻薄欺瞒之意。惜乎无木，火之元神不足，孙枝虽旺，子息未免多损之忧。,['身旺']
滴天髓,滴天髓-0264,乙未戊寅乙卯庚辰,乙,HEAVY,REN-CAIGUAN|DESHI-BUWANG|HEAVY-ROOT|BIJIE-PARTY|ROOT-STRUCK|ROOT-GAN-PRIORITY|SHI-GUI-LU|ZHONGGUA-2SIDE|RI-BEI-HE|JIRUO-WUGEN|JIWANG-HUAIJI|SHIYONG-YUELING-XIANGFU|GE-QUALITY|SHI-ZHU-JI|TIANGAN-XINGQING|YONGSHEN-STRUCTURE|YONGSHEN-FINAL|ZHONG-HE,此支类东方，正曲直仁寿格，大势观之，财官有气，名利裕如。第五行火不出现，财之元神虚脱，寅卯东方木旺，官司星之根亦薄。所以一生操剥削，资囊未满先倾，且平生仗义疏财；为人无骄谄，存古道，苦守清贫；生四子皆得力，寿至九十四岁。,[]
滴天髓,滴天髓-0265,癸丑甲寅戊戌庚申,戊,HEAVY,REN-CAIGUAN|XIEQI-TAIZHONG|HEAVY-ROOT|ROOT-STRUCK|ROOT-GAN-PRIORITY|WANGCHONG-SHUAI|SHI-GUI-LU|ZHONGGUA-2SIDE|RI-BEI-HE|JIRUO-WUGEN|JISHUAI-CONGSHENG|SHIYONG-YUELING-XIANGFU|GE-QUALITY|SHI-ZHU-JI|YONGSHEN-STRUCTURE|YONGSHEN-FINAL|ZHONG-HE,癸丑 壬子 辛亥 庚戌 己酉 戊申戊戌日逢庚申时，食神有力，杀旺无印，足以强制。生八九子，有三四子贵显而授一品之诰封者，土金有情之妙也。其为人贪恶两备者，不能化杀之故也，婬靡无礼者，火不现，水得地之故也。盖寅申冲，则丙火必坏，丑戌刑则丁火亦伤，兼之癸水透，则日主之心志必合，而求之不顾；寅戌支藏之火，暗中克尽，夫火司礼，为人岂可无礼？无礼则无所不为矣！设使年干癸水，换于丁火，未有不仁德者也。其富贵福,[]
滴天髓,滴天髓-0266,戊辰庚申己卯戊辰,己,HEAVY,REN-CAIGUAN|SHISHI-BURUO|XIEQI-TAIZHONG|HEAVY-ROOT|BIJIE-PARTY|ROOT-STRUCK|ROOT-GAN-PRIORITY|SHI-GUI-LU|ZHONGGUA-2SIDE|JIRUO-WUGEN|JIWANG-HUAIJI|JISHUAI-CONGSHENG|SHIYONG-YUELING-XIANGFU|GE-QUALITY|SHI-ZHU-JI|TIANGAN-XINGQING|YONGSHEN-STRUCTURE|YONGSHEN-FINAL|ZHONG-HE,辛酉 壬戌 癸亥 甲子 乙丑 丙寅此土金伤官，辰中癸水，正财归库，申中壬水，正财逢生，劫虽旺，而不能夺；且土气尽归于金，伤官化劫，暗处生财，兼之独杀为权，故为人权谋异众，地支皆陰湿之气，作事诡谲多端，一生所重者财，而少仁义，至四旬无子，娶两妾又无子。寿至九旬外，异财如命，卒后家业四十余万，分夺而尽。细究之，皆因财星守于藏蓄，不得流行之故也，财不流行，秋金逢土而愈坚，生意遂绝耳，大凡财厚无子者，皆类,[]
滴天髓,滴天髓-0267,乙丑乙酉丙辰辛卯,丙,NONE,SHISHI-BURUO|CAIDUO-SHENRUAN|YIN-PARTY|WANGCHONG-SHUAI|ZHONGGUA-2SIDE|RI-BEI-HE|JIRUO-WUGEN|WUGEN-YOUFU|GE-QUALITY|YUN-SHENG-ROOT|YONGSHEN-STRUCTURE|YONGSHEN-FINAL|ZHONG-HE,甲申 癸未 壬午 辛巳 庚辰 己卯此造三印扶身，辰酉合而不冲，四柱无水，似呼中格。第支皆湿土，晦火生金，辰及木之余气，与酉合财，木不能托根，与酉化金，则木反被其损，天干两乙，地支不载，凋可知矣，由此推之，日元虚弱，至午运，破酉卫卯，得一子；辛巳全会金局坏印，则元气大伤，会财则财极必反，夫妇双亡。,[]
滴天髓,滴天髓-0268,己丑戊辰辛亥戊戌,辛,LIGHT,REN-CAIGUAN|SHISHI-BURUO|LIGHT-ROOT|YIN-PARTY|ROOT-STRUCK|ROOT-GAN-PRIORITY|SHI-GUI-LU|ZHONGGUA-2SIDE|JIRUO-WUGEN|SHIYONG-YUELING-XIANGFU|GE-QUALITY|SHI-ZHU-JI|YONGSHEN-STRUCTURE|YONGSHEN-FINAL|ZHONG-HE,丁卯 丙寅 乙丑 甲子 癸亥 壬戌此重重厚土，埋藏脆嫩之金，五行无木，未得疏扬之利；一点亥水克绝，支藏甲乙，无从引助；然春土气虚，藏财可用，初运东方木地，疪荫有余；寅运得一子。乙丑运，土又通根而夭。,[]
滴天髓,滴天髓-0269,壬寅壬寅甲寅壬申,甲,HEAVY,REN-CAIGUAN|HEAVY-ROOT|YIN-PARTY|ROOT-STRUCK|ROOT-GAN-PRIORITY|WANGCHONG-SHUAI|ZHONGGUA-2SIDE|JIRUO-WUGEN|JIWANG-HUAIJI|SHIYONG-YUELING-XIANGFU|GE-QUALITY|SHI-ZHU-JI|TIANGAN-XINGQING|YONGSHEN-STRUCTURE|YONGSHEN-FINAL|ZHONG-HE,癸卯 甲辰 乙巳 丙午 丁未 戊申春木重逢禄，支得申时，似乎时杀留清，不知木旺金缺，必要有火才佳；天于三壬，寅中丙火受克，神枯可知。至丙支，逢三壬回克，家业败尽，夭而无子。凡水木并旺无土者，最忌火运，即不伤身，刑耗异常。若俗论必用申金，两火克金之故也。如丙火克金为害，则前之乙已运，紧克申金，而且三刑，何反美乎？,[]
滴天髓,滴天髓-0270,辛丑辛丑癸酉癸丑,癸,LIGHT,REN-CAIGUAN|SHISHI-BURUO|LIGHT-ROOT|YIN-PARTY|BIJIE-PARTY|ROOT-GAN-PRIORITY|SHI-GUI-LU|ZHONGGUA-2SIDE|SHIYONG-YUELING-XIANGFU|GE-QING|GE-QUALITY|SHI-ZHU-JI|TIANGAN-XINGQING|YONGSHEN-STRUCTURE|YONGSHEN-FINAL|ZHONG-HE,庚子 己亥 戊戌 丁酉 丙申 乙未此重重湿土，叠叠寒金，癸水浊而且冻，所谓陰之甚，寒之至者也。毫无生发，气浊神枯，故春人愚昧不堪，一事无成，至戊戌运，生金克水而夭。以俗论之，两干不杂，金水双清，地支三杀，杀印相生之美，定为贵格，前则春木带嫩金。斩削成大器，皆作名利两全之格也，不知夭命，皆类此格，学者宜深究之。,[]
滴天髓,滴天髓-0271,戊申甲寅壬寅丁未,壬,HEAVY,REN-CAIGUAN|XIEQI-TAIZHONG|HEAVY-ROOT|ROOT-STRUCK|ROOT-GAN-PRIORITY|WANGCHONG-SHUAI|HE-HUASHEN-DESHI|ZHONGGUA-2SIDE|RI-BEI-HE|JIRUO-WUGEN|JIWANG-HUAIJI|JISHUAI-CONGSHENG|GE-QUALITY|SHI-ZHU-JI|YONGSHEN-STRUCTURE|YONGSHEN-FINAL|ZHONG-HE,壬水生于孟春，土虚木盛。制杀太过。寅申逢冲，本是克木，不知木旺金缺。金反被伤，则戊土无根依抚，而日主之壬水，可任性而行，见其财星有势，自然从财而去，以致伤夫败业，弃子从人也。,[]
滴天髓,滴天髓-0272,丁未乙巳甲午丁卯,甲,HEAVY,REN-CAIGUAN|SHISHI-BURUO|XIEQI-TAIZHONG|HEAVY-ROOT|BIJIE-PARTY|ROOT-STRUCK|ROOT-GAN-PRIORITY|SHI-GUI-LU|ZHONGGUA-2SIDE|JIRUO-WUGEN|JIWANG-HUAIJI|JISHUAI-CONGSHENG|GE-QING|GE-QUALITY|TIANGAN-XINGQING|YONGSHEN-STRUCTURE|YONGSHEN-FINAL|ZHONG-HE,甲午日元，生于巳月，支类南方，干透两丁。火势猛烈。泄气太过，局中无水，只可用劫。初运又走火地，是以早刑夫主。人极聪明美貌，而轻佻异常，不能守节。至戊申运，与木火争战，不堪言矣。,[]
滴天髓,滴天髓-0273,戊戌己未丙辰戊戌,丙,LIGHT,REN-CAIGUAN|XIEQI-TAIZHONG|LIGHT-ROOT|ROOT-STRUCK|ROOT-GAN-PRIORITY|SHI-GUI-LU|ZHONGGUA-2SIDE|JIRUO-WUGEN|JISHUAI-CONGSHENG|SHIYONG-YUELING-XIANGFU|GE-QUALITY|SHI-ZHU-JI|YONGSHEN-STRUCTURE|YONGSHEN-FINAL|ZHONG-HE,满局伤官，五行无木，印星不现，格成顺局，故其人聪明美貌。第四柱无金，土过燥厚，辛金夫星投墓于戌，是以婬乱不堪。夫遭凶死，又随人走，不二三年又克，至乙卯运，犯土之旺，自缢而死。,[]
滴天髓,滴天髓-0274,戊午乙丑戊戌丙辰,戊,HEAVY,REN-CAIGUAN|DESHI-BUWANG|HEAVY-ROOT|YIN-PARTY|BIJIE-PARTY|ROOT-STRUCK|ROOT-GAN-PRIORITY|SHI-GUI-LU|ZHONGGUA-2SIDE|JIRUO-WUGEN|JIWANG-HUAIJI|SHIYONG-YUELING-XIANGFU|GE-QUALITY|SHI-ZHU-JI|YONGSHEN-STRUCTURE|YONGSHEN-FINAL|ZHONG-HE,戊土生于丑月，土旺用事，木正凋枯，且丑乃金库，辛金伏藏，不能托根；更兼辰戌冲去藏官，置夫主于度外，且中运西方金地，婬贱不堪。,[]
滴天髓,滴天髓-0275,己亥丙寅丁亥庚戌,丁,LIGHT,REN-CAIGUAN|SHISHI-BURUO|XIEQI-TAIZHONG|LIGHT-ROOT|BIJIE-PARTY|ROOT-GAN-PRIORITY|SHI-GUI-LU|ZHONGGUA-2SIDE|JIRUO-WUGEN|JISHUAI-CONGSHENG|SHIYONG-YUELING-XIANGFU|GE-QUALITY|SHI-ZHU-JI|TIANGAN-XINGQING|YONGSHEN-STRUCTURE|YONGSHEN-FINAL|ZHONG-HE,丁卯 戊辰 己巳 庚午 辛未 壬申 癸酉丁火生于寅月，木正当权，火逢相旺，必以亥水官星为夫明矣。年支亥水合寅化木，而日支亥水，必要生扶为是；时干庚金隔绝，无生扶之意，又逢戌土紧克之，则日主之情，必向庚金矣。所以婬贱之至也。,[]
滴天髓,滴天髓-0276,丁未癸丑庚子丁亥,庚,LIGHT,REN-CAIGUAN|XIEQI-TAIZHONG|LIGHT-ROOT|ROOT-STRUCK|ROOT-GAN-PRIORITY|ZHONGGUA-2SIDE|JIRUO-WUGEN|JISHUAI-CONGSHENG|GE-QUALITY|SHI-ZHU-JI|YONGSHEN-STRUCTURE|YONGSHEN-FINAL|ZHONG-HE,甲寅 乙卯 丙辰 丁巳 戊午 己未 庚申寒金喜火，嫌其支全亥子丑。北方水旺，又有干癸克丁，丑未冲去丁火余气，五行无木，未得生化之情。时干之丁虚脱无根，焉能管伏庚金？而日主之情，不顾丁火可知，所以水性杨花也。,[]
滴天髓,滴天髓-0277,丁丑癸丑庚子乙酉,庚,HEAVY,REN-CAIGUAN|XIEQI-TAIZHONG|ROOT-STRUCK|ROOT-GAN-PRIORITY|SHI-GUI-LU|ZHONGGUA-2SIDE|RI-BEI-HE|JIRUO-WUGEN|JIWANG-HUAIJI|JISHUAI-CONGSHENG|SHIYONG-YUELING-XIANGFU|GE-QING|GE-QUALITY|CAI-RUO-SHEN-QIANG|YONGSHEN-STRUCTURE|YONGSHEN-FINAL|ZHONG-HE,庚金生于季冬，不但寒金喜火，而且时逢陽刃印绶当权，足以用火敌寒；月干癸水，通根禄支，克绝丁火，其意足以欺官；时逢乙木，喜而合之，其情必向财矣。所以背夫而去，婬秽不堪也。,[]
滴天髓,滴天髓-0278,丁丑壬子辛巳丙申,辛,HEAVY,REN-CAIGUAN|XIEQI-TAIZHONG|ROOT-STRUCK|ROOT-GAN-PRIORITY|HE-HUASHEN-DESHI|SHI-GUI-LU|ZHONGGUA-2SIDE|RI-BEI-HE|JIRUO-WUGEN|JIWANG-HUAIJI|JISHUAI-CONGSHENG|GE-QING|GE-QUALITY|CAI-RUO-SHEN-QIANG|YONGSHEN-STRUCTURE|YONGSHEN-FINAL|ZHONG-HE,"壬水合去丁火之杀，丙火官星得禄于日支，似乎佳美,所以出身旧家，因其貌美而菁媚。群以赛杨妃称之。四五岁时，眉日秀丽，及十三四益娇冶，成为画中人。年十八，归士人妻，士素醇谨好学，惑而昵爱之，逾年而学废，竟以痨病而死。从此婬秽不堪，后身败名裂。无所依托，自缢而死。此造因多合之故耳。夫十士之合。以官化伤官，谓贪合忘官，且巳申合亦化伤官，丁壬合则暗化财星，其意中将丙火置之度外明矣。其情必向丁壬一边，况乎干支",[]
滴天髓,滴天髓-0279,戊子戊午癸酉戊午,癸,HEAVY,REN-CAIGUAN|HEAVY-ROOT|ROOT-STRUCK|ROOT-GAN-PRIORITY|WANGCHONG-SHUAI|HE-HUASHEN-DESHI|ZHONGGUA-2SIDE|RI-BEI-HE|JIRUO-WUGEN|SHIYONG-YUELING-XIANGFU|GE-QUALITY|SHI-ZHU-JI|TIANGAN-XINGQING|YONGSHEN-STRUCTURE|YONGSHEN-FINAL|ZHONG-HE,癸水生于午月，财官并旺，坐下印绶，年支坐禄，未尝不中和。天干三透戊土，争合癸水，则日主之情，竟无定见；地支两午坏酉，而财官之势，不分强弱，日主之情，自然依财势而去。只有年干正夫无财势。其力量不敌月时两干之官，故将正无置之不顾矣。运至乙卯，木生火旺，月时两土，仍得生扶，年干之土无化而受克，所以夫得疾而死，后婬秽异常，尤物祸人，信哉！,['中和']
滴天髓,滴天髓-0280,乙未辛巳乙亥丙戌,乙,LIGHT,REN-CAIGUAN|SHISHI-BURUO|XIEQI-TAIZHONG|LIGHT-ROOT|BIJIE-PARTY|ROOT-STRUCK|ROOT-GAN-PRIORITY|WANGCHONG-SHUAI|ZHONGGUA-2SIDE|JIRUO-WUGEN|JISHUAI-CONGSHENG|SHIYONG-YUELING-XIANGFU|GE-QUALITY|SHI-ZHU-JI|TIANGAN-XINGQING|YONGSHEN-STRUCTURE|YONGSHEN-FINAL|ZHONG-HE,年月日六字观之，乙木生于巳月，伤官当令，最喜坐下亥印冲巳制伤，不特日主喜其滋扶，抑且辛金得其卫美，正所谓伤官用印，独杀留清，不但貌美，而且才高，书画皆精。所嫌戌时紧克亥水，暴陽一透，辛金受伤，既不利于夫子之宫，兼损坏乎生平之性矣。,[]
滴天髓,滴天髓-0281,丁巳戊申癸丑乙卯,癸,LIGHT,REN-CAIGUAN|XIEQI-TAIZHONG|LIGHT-ROOT|ROOT-GAN-PRIORITY|SHI-GUI-LU|ZHONGGUA-2SIDE|RI-BEI-HE|JIRUO-WUGEN|JISHUAI-CONGSHENG|GE-QING|GE-QUALITY|TIANGAN-XINGQING|YONGSHEN-STRUCTURE|YONGSHEN-FINAL|ZHONG-HE,此造官星食神坐禄，印绶当令逢生，财生官旺，不伤印绶，印绶当令，足以扶身，食神得地，一气相生，五行停匀，安详纯粹。夫荣子贵，受两代一品之封。,[]
滴天髓,滴天髓-0282,乙亥癸酉甲辰丙寅,甲,HEAVY,REN-CAIGUAN|SHISHI-BURUO|XIEQI-TAIZHONG|YIN-PARTY|BIJIE-PARTY|ROOT-STRUCK|ROOT-GAN-PRIORITY|SHI-GUI-LU|ZHONGGUA-2SIDE|JIRUO-WUGEN|JISHUAI-CONGSHENG|GE-QING|GE-QUALITY|SHI-ZHU-JI|TIANGAN-XINGQING|YONGSHEN-STRUCTURE|YONGSHEN-FINAL|ZHONG-HE,八月官星财星助金，生于寅时，年时两支逢生得禄，火水干透，无相克之势，有生化之情。财星得地，四柱通根，五行不悖，气静和平纯粹，生化有情。夫荣子贵，受一品之封。,[]
滴天髓,滴天髓-0283,辛酉壬辰丁巳甲辰,丁,HEAVY,REN-CAIGUAN|SHISHI-BURUO|HEAVY-ROOT|YIN-PARTY|ROOT-GAN-PRIORITY|ZHONGGUA-2SIDE|RI-BEI-HE|JIRUO-WUGEN|JIWANG-HUAIJI|SHIYONG-YUELING-XIANGFU|GE-QUALITY|SHI-ZHU-JI|TIANGAN-XINGQING|YONGSHEN-STRUCTURE|YONGSHEN-FINAL|ZHONG-HE,伤官虽旺，合酉化金，则官星之元神愈厚矣。巳火拱金，辰土引之，则财之元神更固矣。时透印绶，助日主之光辉，制辰土之伤官，所谓木不枯，火不烈，水不涸，土不燥，金不脆，气静和平之象。夫荣子贵，受一品封。,[]
滴天髓,滴天髓-0284,己巳癸酉壬辰甲辰,壬,LIGHT,REN-CAIGUAN|SHISHI-BURUO|XIEQI-TAIZHONG|LIGHT-ROOT|BIJIE-PARTY|ROOT-STRUCK|ROOT-GAN-PRIORITY|SHI-GUI-LU|ZHONGGUA-2SIDE|JIRUO-WUGEN|JISHUAI-CONGSHENG|GE-QUALITY|SHI-ZHU-JI|YONGSHEN-STRUCTURE|YONGSHEN-FINAL|ZHONG-HE,秋水通源，印星秉令，官杀虽旺，制化合宜，更妙时透甲木，制杀吐秀 ，一派纯粹之气，所以人品端庄，精于诗书。喜运途无火。官不助，印不伤，夫星贵显，子嗣秀美，诰封二品之荣。,[]
滴天髓,滴天髓-0285,庚辰壬午乙亥癸未,乙,LIGHT,REN-CAIGUAN|SHISHI-BURUO|LIGHT-ROOT|YIN-PARTY|ROOT-GAN-PRIORITY|SHI-GUI-LU|ZHONGGUA-2SIDE|RI-BEI-HE|JIRUO-WUGEN|SHIYONG-YUELING-XIANGFU|GE-QING|GE-QUALITY|SHI-ZHU-JI|TIANGAN-XINGQING|YONGSHEN-STRUCTURE|YONGSHEN-FINAL|ZHONG-HE,木生午月，火势猛而金柔脆之时，喜壬癸通根制火，辰土泄火生金，则火土不烈燥，水木不枯涸，接续相生，清而纯粹。为女中才子，生三子，夫任京官，家道清寒。在家教子读书，二子登科，一子发甲，夫官郎中，子官御史，受二代之封。,[]
滴天髓,滴天髓-0286,庚辰戊寅乙酉壬午,乙,HEAVY,REN-CAIGUAN|DESHI-BUWANG|HEAVY-ROOT|YIN-PARTY|ROOT-GAN-PRIORITY|SHI-GUI-LU|ZHONGGUA-2SIDE|RI-BEI-HE|JIRUO-WUGEN|JIWANG-HUAIJI|GE-QING|GE-QUALITY|SHI-ZHU-JI|TIANGAN-XINGQING|YONGSHEN-STRUCTURE|YONGSHEN-FINAL|ZHONG-HE,乙木生于春初，木嫩金坚，最喜午时制杀卫身，寒木向陽，官印双清，财星生官，不坏印绶，纯粹安和。夫官二品，五子二十三孙，一生无疾，夫妇齐眉，寿至八旬外，无疾而终，后裔皆显贵。,[]
滴天髓,滴天髓-0287,丙辰癸巳丁丑甲辰,丁,HEAVY,REN-CAIGUAN|DESHI-BUWANG|HEAVY-ROOT|YIN-PARTY|BIJIE-PARTY|ROOT-GAN-PRIORITY|ZHONGGUA-2SIDE|JIWANG-HUAIJI|SHIYONG-YUELING-XIANGFU|GE-QUALITY|SHI-ZHU-JI|TIANGAN-XINGQING|YONGSHEN-STRUCTURE|YONGSHEN-FINAL|ZHONG-HE,丁火生于巳月，癸水夫星清透，时干甲木，印绶独清，是以品格端庄，持身贞洁。惜丙火太旺，生助伤官，以臻镜破钗分。然喜巳丑拱金，财星得用，身旺以财为子，教子成名，两子皆贵，受三品之封。,['身旺']
滴天髓,滴天髓-0288,丙寅辛卯癸酉戊午,癸,LIGHT,REN-CAIGUAN|SHISHI-BURUO|LIGHT-ROOT|YIN-PARTY|ROOT-STRUCK|ROOT-GAN-PRIORITY|WANGCHONG-SHUAI|ZHONGGUA-2SIDE|RI-BEI-HE|JIRUO-WUGEN|GE-QUALITY|SHI-ZHU-JI|TIANGAN-XINGQING|YONGSHEN-STRUCTURE|YONGSHEN-FINAL|ZHONG-HE,癸水生于仲春，泄气之地，兼之财官并旺，日元柔弱，以印为夫，清而得用，是以秉性端庄，勤俭纺织。至丑运，泄火拱金，连生二子；戊子运冲去午火，不伤酉金，夫主登科发甲；一交丁亥，酉归矣。此造之病，实在财旺耳。天干之辛，丙火合之，地支之酉，午火破之，更兼寅卯当权生火，丁亥运合寅化木，助起旺神，又丁火紧克辛金，不禄宜矣。,[]
滴天髓,滴天髓-0289,辛丑辛卯丙子癸巳,丙,HEAVY,REN-CAIGUAN|HEAVY-ROOT|ROOT-GAN-PRIORITY|SHI-GUI-LU|ZHONGGUA-2SIDE|RI-BEI-HE|JIRUO-WUGEN|JIWANG-HUAIJI|GE-QUALITY|SHI-ZHU-JI|YONGSHEN-STRUCTURE|YONGSHEN-FINAL|ZHONG-HE,丙火生于仲春，火相木旺之时，正得中和之象，年月两透财星，地支巳丑拱金，财旺生官，官星得禄，以印为夫，谓真神得用。秉性勤俭，纺织佐读，奉甘旨得舅姑之欢心。至甲午运帮身卫印，夫主运登甲榜，诰封宜人；寿至酉运，会金冲卯不禄。,['中和']
滴天髓,滴天髓-0290,丁酉癸卯丙辰丙申,丙,NONE,SHAZHONG-SHENQING|WANGCHONG-SHUAI|ZHONGGUA-2SIDE|WUGEN-YOUFU|JISHUAI-CONGSHENG|GE-QUALITY|YUN-SHENG-ROOT|SHI-ZHU-JI|YONGSHEN-STRUCTURE|YONGSHEN-FINAL,丙火生于仲春，官透财藏，印星秉令，比劫邦身，似乎旺相。第嫌卯酉逢冲，癸丁相克，木火损而金水存，虽赖时干丙火之助，但丙临申位，亦自顾不暇。幸辰中蓄藏余气，一点微苗，尚存春令，犹能备用，较之前造更弱，亦以印星为夫，为人端庄幽娴，知书达理，丙午运，破其酉金，夫主癸科，生二子，诰封四品；至四旬外，运走戊申，泄火生金不禄。,['旺相']
滴天髓,滴天髓-0291,癸丑庚申戊午己未,戊,HEAVY,REN-CAIGUAN|SHISHI-BURUO|XIEQI-TAIZHONG|HEAVY-ROOT|BIJIE-PARTY|ROOT-STRUCK|ROOT-GAN-PRIORITY|SHI-GUI-LU|ZHONGGUA-2SIDE|RI-BEI-HE|JIRUO-WUGEN|JIWANG-HUAIJI|JISHUAI-CONGSHENG|GE-QUALITY|SHI-ZHU-JI|YONGSHEN-STRUCTURE|YONGSHEN-FINAL|ZHONG-HE,辛酉 壬戌 癸亥 甲子 乙丑 丙寅戊土生于孟秋，柱中劫印重重，得食神秉令夫，泄其菁英，更喜癸水润土养金，秀气流行，是以人品端庄，知大义，虽出农家，安贫纺织佐夫，孝事舅姑。至癸亥，夫举于乡，施登甲榜，仕至黄堂，虽夫贵，夫尝以贵妇自矜，在家仍布衣操作。生四子，皆美秀，寿至丙运，夺食不禄。,[]
滴天髓,滴天髓-0292,癸未庚申戊戌己未,戊,HEAVY,REN-CAIGUAN|SHISHI-BURUO|XIEQI-TAIZHONG|HEAVY-ROOT|BIJIE-PARTY|ROOT-STRUCK|ROOT-GAN-PRIORITY|SHI-GUI-LU|ZHONGGUA-2SIDE|RI-BEI-HE|JIRUO-WUGEN|JIWANG-HUAIJI|JISHUAI-CONGSHENG|GE-QING|GE-QUALITY|SHI-ZHU-JI|YONGSHEN-STRUCTURE|YONGSHEN-FINAL|ZHONG-HE,此与前造，只换未戌二支，其余皆同。未丑皆土，午换以戌，用金去火为宜。大势观之，胜于前造，今反不及者何也？夫丑乃交北方湿土，能生金晦火，又能蓄水；未乃南方燥土，能脆金助火，又能枯水，午虽火，遇丑土而贪生，戌虽土，藏火而愈燥。幸秋金用事，所以贵也。虽出身贫寒，而人品端谨，持家勤俭。夫中乡榜。仕县令，生二子。,[]
滴天髓,滴天髓-0293,己酉辛未戊辰壬戌,戊,HEAVY,REN-CAIGUAN|DESHI-BUWANG|XIEQI-TAIZHONG|HEAVY-ROOT|BIJIE-PARTY|ROOT-STRUCK|ROOT-GAN-PRIORITY|SHI-GUI-LU|ZHONGGUA-2SIDE|JIRUO-WUGEN|JIWANG-HUAIJI|SHIYONG-YUELING-XIANGFU|GE-QUALITY|WANGJI-SIWO-SHENG|YONGSHEN-STRUCTURE|YONGSHEN-FINAL|ZHONG-HE,土荣夏令，逢金吐秀，更喜无木，富贵之造也。所以身出宦家，通诗书，达礼教。至酉运，夫星禄旺，生一子，夫主登科。甲戌运刑冲出丁火，闺中雪舞，而家道日落，青年守节，苦志教子成名。至子运，子登科，仕至郡守，受紫诰之封，寿至寅运金绝之地。,[]
滴天髓,滴天髓-0294,丁亥壬子癸丑甲寅,癸,HEAVY,REN-CAIGUAN|DESHI-BUWANG|XIEQI-TAIZHONG|HEAVY-ROOT|BIJIE-PARTY|ROOT-STRUCK|ROOT-GAN-PRIORITY|ZHONGGUA-2SIDE|JIRUO-WUGEN|JIWANG-HUAIJI|GE-QING|GE-QUALITY|WANGJI-SIWO-SHENG|SHI-ZHU-JI|TIANGAN-XINGQING|YONGSHEN-STRUCTURE|YONGSHEN-FINAL|ZHONG-HE,癸水生于仲冬，支全亥子丑，北方一气，其势泛滥，一点丁火无根，最喜寅时，纳水而泄其菁华。甲木夫星坐禄，故为人聪明貌美，端庄幽娴；更喜运走东南木火之地，夫荣子秀，福泽有余。,[]
滴天髓,滴天髓-0295,乙卯丙戌乙卯丁亥,乙,HEAVY,REN-CAIGUAN|SHISHI-BURUO|XIEQI-TAIZHONG|HEAVY-ROOT|BIJIE-PARTY|ROOT-GAN-PRIORITY|ZHONGGUA-2SIDE|JISHUAI-CONGSHENG|GE-QING|GE-QUALITY|TIANGAN-XINGQING|YONGSHEN-STRUCTURE|YONGSHEN-FINAL|ZHONG-HE,乙木生于季秋，柱中两坐禄旺，亥卯又拱木局，四柱无金，日元旺矣。喜其丙丁并透，泄木生于土。财星为夫，为人端庄和顺，夫中乡榜，出仕琴堂。生三子，寿至壬运。,[]
滴天髓,滴天髓-0296,戊寅甲寅丁未辛丑,丁,LIGHT,REN-CAIGUAN|SHISHI-BURUO|XIEQI-TAIZHONG|LIGHT-ROOT|YIN-PARTY|ROOT-STRUCK|ROOT-GAN-PRIORITY|ZHONGGUA-2SIDE|JIRUO-WUGEN|JISHUAI-CONGSHENG|GE-QUALITY|SHI-ZHU-JI|TIANGAN-XINGQING|YONGSHEN-STRUCTURE|YONGSHEN-FINAL|ZHONG-HE,丁火生于春令，印绶太重，最喜丑时，坐下财库，冲去未中比印，生起财星，必以辛金为夫，丑土为子也。初运北方水地，泄金生木，出身寒微；至庚戌、己酉、戊申三十载土金这地，裕夫发财，生三子皆贵，诰封恭人。所谓弃印就财，且夫得子助。故后嗣荣发也。,[]
滴天髓,滴天髓-0297,壬辰己酉辛丑癸巳,辛,HEAVY,REN-CAIGUAN|DESHI-BUWANG|XIEQI-TAIZHONG|HEAVY-ROOT|YIN-PARTY|ROOT-STRUCK|ROOT-GAN-PRIORITY|ZHONGGUA-2SIDE|JIRUO-WUGEN|JIWANG-HUAIJI|GE-QING|GE-QUALITY|WANGJI-SIWO-SHENG|SHI-ZHU-JI|YONGSHEN-STRUCTURE|YONGSHEN-FINAL|ZHONG-HE,戊申 丁未 丙午 己巳 甲辰 癸卯 壬寅辛金生于仲秋，支全金局，五行无木，火已成金，必无用官之理。喜其壬癸并透，泄其精英，为人聪明端谨，颇知诗礼。所惜者，十九岁运走丁未，南方火旺，生土逼水，流年庚戌，支全克水，无子而夭。,[]
滴天髓,滴天髓-0298,甲午丙寅乙卯己卯,乙,HEAVY,REN-CAIGUAN|DESHI-BUWANG|XIEQI-TAIZHONG|HEAVY-ROOT|TENGLUO-XIJIA|BIJIE-PARTY|ROOT-STRUCK|ROOT-GAN-PRIORITY|SHI-GUI-LU|ZHONGGUA-2SIDE|JIRUO-WUGEN|JIWANG-HUAIJI|GE-QING|GE-QUALITY|WANGJI-SIWO-SHENG|TIANGAN-XINGQING|YONGSHEN-STRUCTURE|YONGSHEN-FINAL|ZHONG-HE,旺木逢火，通明之象，妙在金水全无，纯清不杂，为了端庄。以丙火为夫，惜运走北方水地，寿亦不永，生三子留一，至壬运，克丙火而阻矣。设使两造运皆顺行，不特寿长，若男造名利两全，女造则夫荣子贵也。,[]
滴天髓,滴天髓-0299,丁未壬寅乙卯己卯,乙,HEAVY,REN-CAIGUAN|DESHI-BUWANG|XIEQI-TAIZHONG|HEAVY-ROOT|ROOT-GAN-PRIORITY|HE-HUASHEN-DESHI|SHI-GUI-LU|ZHONGGUA-2SIDE|JIRUO-WUGEN|JIWANG-HUAIJI|GE-QING|GE-QUALITY|WANGJI-SIWO-SHENG|TIANGAN-XINGQING|YONGSHEN-STRUCTURE|YONGSHEN-FINAL|ZHONG-HE,春木森森，旺之极矣。时干己土无根，以丁火为主。丁壬之合，去水却妙，化木不宜，所以出身贫寒。喜其运走南方火地，不但帮夫兴家，而且子息亦多，寿至申运，壬水逢生而阻。此与前造论之，不及前造，此造由行运不背，故胜之。然而命好不如运好。男女皆然也。,[]
滴天髓,滴天髓-0300,辛丑癸巳丙子丁酉,丙,HEAVY,REN-CAIGUAN|DESHI-BUWANG|HEAVY-ROOT|BIJIE-PARTY|ROOT-GAN-PRIORITY|ZHONGGUA-2SIDE|RI-BEI-HE|JIRUO-WUGEN|JIWANG-HUAIJI|GE-QING|GE-QUALITY|SHI-ZHU-JI|YONGSHEN-STRUCTURE|YONGSHEN-FINAL|ZHONG-HE,壬辰 辛卯 庚寅 己丑 戊子 丁亥丙火生于巳月，虽云建禄，五行无木生助。天干既透财官，地支不宜再见酉子，更不宜再会金局，则巳火之禄，非日干有也。虽丁火可以帮身，癸水伤之，谓财多身弱，兼之官星又旺，日主虚弱极矣。且初交壬运逢杀，辛亥年天干逢壬癸克丙丁，地支亥冲巳破禄，运根拔尽，得疳疾而亡。,"['身弱', '弱极']"
滴天髓,滴天髓-0301,癸丑己未丙寅辛卯,丙,HEAVY,REN-CAIGUAN|XIEQI-TAIZHONG|HEAVY-ROOT|ROOT-STRUCK|ROOT-GAN-PRIORITY|ZHONGGUA-2SIDE|RI-BEI-HE|JIRUO-WUGEN|JIWANG-HUAIJI|JISHUAI-CONGSHENG|SHIYONG-YUELING-XIANGFU|GE-QUALITY|YONGSHEN-STRUCTURE|YONGSHEN-FINAL|ZHONG-HE,戊午 丁巳 丙辰 乙卯 甲寅 癸丑前造因财官太旺，以致夭亡，此则日坐长生，又生夏令，财官为用，伤官为喜，伤生财，财又生官，似乎生化有情。殊不知前则财多身弱，以官作杀，此则财绝官休，恐难厚享。癸水官星生未月，火土枯干，余气在丑，蓄水藏金，然己土当头伤癸，丑未冲去金水根源，时上辛又临绝，虽有若无，焉能生远隔之水？则己土亦不能生隔绝之金。且运走东南木火这地，断非守业之人也。,['身弱']
滴天髓,滴天髓-0302,庚戌壬午丙寅己亥,丙,HEAVY,REN-CAIGUAN|DESHI-BUWANG|XIEQI-TAIZHONG|HEAVY-ROOT|ROOT-STRUCK|ROOT-GAN-PRIORITY|ZHONGGUA-2SIDE|JIRUO-WUGEN|JIWANG-HUAIJI|GE-QING|GE-QUALITY|WANGJI-SIWO-SHENG|SHI-ZHU-JI|YONGSHEN-STRUCTURE|YONGSHEN-FINAL|ZHONG-HE,癸未 甲申 乙酉 丙戌 丁亥 戊子丙用壬杀，身强杀浅，以杀化权；更喜财滋弱杀，定然名利双全。惜支全火局，寅亥又化木而生火，年月之庚壬无根而少生扶，至丁巳年，巳亥冲去壬水之禄，丁火合去壬水之用，死于疳症。,['身强']
滴天髓,滴天髓-0303,壬申戊申壬申戊申,壬,HEAVY,REN-CAIGUAN|SHISHI-BURUO|HEAVY-ROOT|BIJIE-PARTY|ROOT-GAN-PRIORITY|SHI-GUI-LU|ZHONGGUA-2SIDE|JIWANG-HUAIJI|SHIYONG-YUELING-XIANGFU|GE-QING|GE-QUALITY|CAI-RUO-SHEN-QIANG|SHI-ZHU-JI|YONGSHEN-STRUCTURE|YONGSHEN-FINAL|ZHONG-HE,己酉 庚戌 辛亥 壬子 癸丑 甲寅壬水生于秋令，地支皆坐长生，天干两戊两壬，大势观之，支全一气，两干不杂，且杀印相生，为大贵之格。不知金多水浊，母多子病，四柱无火克金，金反不能生水，戊土之菁华尽泄于金，谓偏枯之象，必然难养，名利皆虚，果死于三岁甲戌年。,[]
滴天髓,滴天髓-0304,壬申甲辰壬申戊申,壬,HEAVY,REN-CAIGUAN|SHISHI-BURUO|XIEQI-TAIZHONG|HEAVY-ROOT|BIJIE-PARTY|ROOT-GAN-PRIORITY|SHI-GUI-LU|ZHONGGUA-2SIDE|JIWANG-HUAIJI|JISHUAI-CONGSHENG|SHIYONG-YUELING-XIANGFU|GE-QING|GE-QUALITY|CAI-RUO-SHEN-QIANG|SHI-ZHU-JI|YONGSHEN-STRUCTURE|YONGSHEN-FINAL|ZHONG-HE,乙巳 丙午 丁未 戊申 己酉 庚戌壬水生于季春，似乎杀印相生，地支三遇长生，食神制杀为权，定为贵格。不知春土气虚，月透甲木，不但辰土受制，而时干之戊，亦受其克。五行无火，未得生生之妙，亦母多子病，偏枯之象，必然难养也。后死于痘症。,[]
滴天髓,滴天髓-0305,癸丑壬戌丁亥壬寅,丁,LIGHT,REN-CAIGUAN|LIGHT-ROOT|ROOT-GAN-PRIORITY|ZHONGGUA-2SIDE|RI-BEI-HE|JIRUO-WUGEN|SHIYONG-YUELING-XIANGFU|GE-QING|GE-QUALITY|TIANGAN-XINGQING|YONGSHEN-STRUCTURE|YONGSHEN-FINAL|ZHONG-HE,辛酉 庚申 己未 戊午 丁巳 丙辰此造丁火陰柔，生于深秋，杀官重叠，必不能养。殊不知官杀虽旺，妙在戌月，通根身库，足以制水；更妙无金，时支寅木不伤，气贯生时，足以纳水，不但易养成人，可遂书香之志。然官杀一类，勿以官为喜，杀为憎，身弱者官皆是杀，身旺者杀皆是官，只要无财有印，便为佳造。如云丁火死寅，谬之极矣。寅中甲木，乃丁之嫡母，何以为死？凡陰干以生地为死，死地为生，非正论也。果幼年无疾，聪慧过人，,"['身旺', '身弱']"
滴天髓,滴天髓-0306,壬戌甲辰丁酉己酉,丁,LIGHT,REN-CAIGUAN|SHISHI-BURUO|XIEQI-TAIZHONG|LIGHT-ROOT|YIN-PARTY|ROOT-STRUCK|ROOT-GAN-PRIORITY|HE-HUASHEN-DESHI|SHI-GUI-LU|ZHONGGUA-2SIDE|RI-BEI-HE|JIRUO-WUGEN|JISHUAI-CONGSHENG|GE-QUALITY|SHI-ZHU-JI|TIANGAN-XINGQING|YONGSHEN-STRUCTURE|YONGSHEN-FINAL|ZHONG-HE,乙巳 丙午 丁未 戊申 己酉 庚戌此造概云木透月干，春木足以生火，年干壬水生木，日时两坐长生，皆作旺论。惜地支土金太重，天干水木之根必浅，水木无气，则丁火之荫不固。夫甲木生于季春，退气之神也，辰酉合而化金，则甲木之余气已绝；戌土隔之，使金不能生水，戌土足以制之，壬水受克，不能生木；辰酉化金，必能克木，日主根源不固可知，如谓酉是丁火长生，五行颠倒矣。酉中纯辛，无他气所杂，金生水，无生火之理。火到酉位,[]
滴天髓,滴天髓-0307,癸酉戊午庚寅丁丑,庚,HEAVY,REN-CAIGUAN|SHISHI-BURUO|XIEQI-TAIZHONG|HEAVY-ROOT|YIN-PARTY|ROOT-STRUCK|ROOT-GAN-PRIORITY|HE-HUASHEN-DESHI|SHI-GUI-LU|ZHONGGUA-2SIDE|JIRUO-WUGEN|JISHUAI-CONGSHENG|SHIYONG-YUELING-XIANGFU|GE-QUALITY|YONGSHEN-STRUCTURE|YONGSHEN-FINAL|ZHONG-HE,丁巳 丙辰 乙卯 甲寅 癸丑 壬子庚金生于仲夏，正官得禄，年时酉丑通根，正得中和之气。寅午财官拱合，财不坏印，官能生印，财官印三字，生化不悖，癸从戊合，去其陰浊之气，所以品行端方，恒存古道。早游泮水，训蒙自守；丁酉登科，后挑知县不赴，情愿就教，安贫乐道。有人言其小就者，片曰：功名者，非掇巍科登高位而为功名也，功成名自著，况吾无经济材，就教职不悉衣食不敷，吾行吾志，不负君父之恩足矣！,['中和']
滴天髓,滴天髓-0308,丙寅庚子己亥甲戌,己,HEAVY,REN-CAIGUAN|SHISHI-BURUO|XIEQI-TAIZHONG|HEAVY-ROOT|YIN-PARTY|ROOT-GAN-PRIORITY|SHI-GUI-LU|ZHONGGUA-2SIDE|RI-BEI-HE|JIRUO-WUGEN|JISHUAI-CONGSHENG|GE-QING|GE-QUALITY|TIANGAN-XINGQING|YONGSHEN-STRUCTURE|YONGSHEN-FINAL|ZHONG-HE,辛丑 壬寅 癸卯 甲辰 乙巳 丙午己土生于仲冬，寒湿之体，水冷木凋，庚金又克木生水，似乎混浊。妙在年干透丙，一陽解冻，冬日可暖，去庚金之浊，不特己喜其和暖，而甲木亦喜其发荣；更妙戌时燥土，砥定泛浊之水，培其凋枯之木，而日主根元亦固。况甲己为中和之合，故处世端方，恒存古道，廉恭和厚，有古君子之风；微嫌水势太旺，功名不过禀贡。,['中和']
滴天髓,滴天髓-0309,丙戌辛丑己卯甲子,己,HEAVY,REN-CAIGUAN|DESHI-BUWANG|XIEQI-TAIZHONG|HEAVY-ROOT|YIN-PARTY|ROOT-GAN-PRIORITY|HE-HUASHEN-DESHI|ZHONGGUA-2SIDE|RI-BEI-HE|JIRUO-WUGEN|JIWANG-HUAIJI|SHIYONG-YUELING-XIANGFU|GE-QUALITY|WANGJI-SIWO-SHENG|SHI-ZHU-JI|TIANGAN-XINGQING|YONGSHEN-STRUCTURE|YONGSHEN-FINAL|ZHONG-HE,壬寅 癸卯 甲辰 乙巳 丙午 丁未此造水冷金寒，土冻木凋，得年干透丙，一陽解冻，似乎佳美。第丙辛合而化水，以陽变陰，反增寒湿之气。陽正之象反为陰邪之类，故其为人贪婪无厌，奸谋百出，趋财奉势，见富贵而生谄容，势利骄矜。所谓多能之象也。,[]
滴天髓,滴天髓-0310,戊辰甲子壬子辛亥,壬,HEAVY,REN-CAIGUAN|DESHI-BUWANG|XIEQI-TAIZHONG|HEAVY-ROOT|ROOT-GAN-PRIORITY|SHI-GUI-LU|ZHONGGUA-2SIDE|JIWANG-HUAIJI|GE-QING|GE-QUALITY|CAI-RUO-SHEN-QIANG|WANGJI-SIWO-SHENG|YONGSHEN-STRUCTURE|YONGSHEN-FINAL|ZHONG-HE,乙丑 丙寅 丁卯 戊辰 己巳 庚午壬水生地仲冬，三逢禄旺，所谓昆仑之水，可顺而不可逆也。喜其子辰拱水，则戊土之根不固，月干甲木为用，泄其泛滥之水，此即局中显奋发之机也。运至丙寅丁卯，寒木得火以发荣，去陰寒之金土，是以早登甲第。翰苑名高；至戊辰运，逆水之性，以致阻寿。,[]
滴天髓,滴天髓-0311,甲申丙子癸亥癸亥,癸,HEAVY,REN-CAIGUAN|DESHI-BUWANG|XIEQI-TAIZHONG|HEAVY-ROOT|BIJIE-PARTY|ROOT-STRUCK|ROOT-GAN-PRIORITY|SHI-GUI-LU|ZHONGGUA-2SIDE|JIRUO-WUGEN|JIWANG-HUAIJI|GE-QUALITY|CAI-RUO-SHEN-QIANG|WANGJI-SIWO-SHENG|TIANGAN-XINGQING|YONGSHEN-STRUCTURE|YONGSHEN-FINAL|ZHONG-HE,丁丑 戊寅 己卯 庚辰 辛巳 壬午癸水生于仲冬，三逢旺支，其势汪洋，喜其甲丙并透，支中绝处逢生，木土互相护卫，金得流行，水得温和，木得发荣，火得生扶，用神必是甲木，为奋发之机。一交戊寅，云程直上；己卯早遂仕路之光；庚辰辛巳虽有制化之情，却无生扶之意，以致蹭蹬仕途，未能显秩也。,[]
滴天髓,滴天髓-0312,甲申庚午丁亥壬寅,丁,HEAVY,REN-CAIGUAN|DESHI-BUWANG|HEAVY-ROOT|YIN-PARTY|ROOT-GAN-PRIORITY|ZHONGGUA-2SIDE|RI-BEI-HE|JIRUO-WUGEN|JIWANG-HUAIJI|GE-QUALITY|TIANGAN-XINGQING|YONGSHEN-STRUCTURE|YONGSHEN-FINAL|ZHONG-HE,辛未 壬申 癸酉 甲戌 乙亥 丙子此造天干四字，地支皆坐禄旺，惟日主坐当令之禄，足以任其财官。清而且厚。清足神旺，所以东西南北之运。皆无咎也。出遗业百余万，早登科甲，仁至方伯，六旬外退归林下；一妻四妾，十三子，优游晚景，寿越九旬。,[]
滴天髓,滴天髓-0313,癸丑乙丑癸丑癸丑,癸,LIGHT,REN-CAIGUAN|SHISHI-BURUO|LIGHT-ROOT|BIJIE-PARTY|ROOT-GAN-PRIORITY|SHI-GUI-LU|ZHONGGUA-2SIDE|JIRUO-WUGEN|SHIYONG-YUELING-XIANGFU|GE-QING|GE-QUALITY|SHI-ZHU-JI|TIANGAN-XINGQING|YONGSHEN-STRUCTURE|YONGSHEN-FINAL|ZHONG-HE,甲子 癸亥 壬戌 辛酉 庚申 己未此天干三癸，地支一气，食神清透，杀印相生，皆云名利两全之格。予云：癸水至陰，又生季冬，支皆湿土，土湿水弱，沟渠之谓也；且水土冰冻，陰晦湿滞，无生发之气，名利皆虚，凡富贵之造，寒暖适中，精神奋发，未有陰寒湿带，偏枯之象而能富贵者也。至壬申年，父母皆亡，读书又不能通，又无恒业可守，人又陰弱，一无作为，竟为乞丐。,[]
滴天髓,滴天髓-0314,丁酉甲辰戊戌戊午,戊,HEAVY,REN-CAIGUAN|DESHI-BUWANG|HEAVY-ROOT|YIN-PARTY|BIJIE-PARTY|ROOT-STRUCK|ROOT-GAN-PRIORITY|SHI-GUI-LU|ZHONGGUA-2SIDE|JIRUO-WUGEN|JIWANG-HUAIJI|GE-QUALITY|YONGSHEN-STRUCTURE|YONGSHEN-FINAL|ZHONG-HE,癸卯 壬寅 辛丑 庚子 己亥 戊戌此重重厚土，甲木退气，不能疏土，则土情必要年支酉金，发泄菁华。金逢火，盖其意亦欲日主之生，虽然远隔，两意情能，喜辰酉合而近之，如中有媒矣。初运癸卯壬寅，离间喜神，功名蹭蹬。困苦刑伤；辛丑运中，晦火会金入泮，连登科甲；庚子己亥戊戌，西北土金之地，仕至尚书。,[]
滴天髓,滴天髓-0315,丁酉乙巳丁丑丙午,丁,HEAVY,REN-CAIGUAN|HEAVY-ROOT|BIJIE-PARTY|ROOT-STRUCK|ROOT-GAN-PRIORITY|SHI-GUI-LU|ZHONGGUA-2SIDE|JIRUO-WUGEN|JIWANG-HUAIJI|GE-QUALITY|TIANGAN-XINGQING|YONGSHEN-STRUCTURE|YONGSHEN-FINAL|ZHONG-HE,甲辰 癸卯 壬寅 辛丑 庚子 己亥丁火生于巳月午时，比劫并旺，又逢木助，其势猛烈，年支酉金，本日主之所喜，遥隔远列，又被丁火盖之，巳火劫之，似乎无情。最喜坐下丑土，烈火逢湿土，则成生育慈爱之心，邀己酉合成金，归之库内，其情似相和好，不特财来就我，又能泄火吐秀，故能发甲，仕至藩臬，名利双全。,[]
滴天髓,滴天髓-0316,癸酉戊午丙辰甲午,丙,HEAVY,REN-CAIGUAN|DESHI-BUWANG|XIEQI-TAIZHONG|HEAVY-ROOT|YIN-PARTY|ROOT-STRUCK|ROOT-GAN-PRIORITY|HE-HUASHEN-DESHI|SHI-GUI-LU|ZHONGGUA-2SIDE|JIRUO-WUGEN|JIWANG-HUAIJI|SHIYONG-YUELING-XIANGFU|GE-QUALITY|WANGJI-SIWO-SHENG|YONGSHEN-STRUCTURE|YONGSHEN-FINAL|ZHONG-HE,丁巳 丙辰 乙卯 甲寅 癸丑 壬子丙火生于午月时，旺可知矣。一点癸水，本不相浊，戊土合之，又助火之烈；年支酉金，本有情与辰合，又被午火离间，求合不得，年谓怨起恩中也。兼之运走东南火木之地，一生只刑伤破耗，并无财喜之事。克二妻七子，遭回禄四次，至寅运而亡。,[]
滴天髓,滴天髓-0317,庚寅戊子甲寅丙寅,甲,HEAVY,REN-CAIGUAN|XIEQI-TAIZHONG|HEAVY-ROOT|ROOT-GAN-PRIORITY|SHI-GUI-LU|ZHONGGUA-2SIDE|JIWANG-HUAIJI|JISHUAI-CONGSHENG|GE-QING|GE-QUALITY|SHI-ZHU-JI|TIANGAN-XINGQING|YONGSHEN-STRUCTURE|YONGSHEN-FINAL|ZHONG-HE,己丑 庚寅 辛卯 壬辰 癸巳 甲午 乙未甲木生于子月，两陽进气，旺印生身，支坐三寅，松柏之体，旺而且坚，一点庚金临绝，不能克木，反为忌神，寒木向陽，时干丙火清透，敌其寒凝，泄其菁英，而为用喜神冬火本虚，以寅木为喜神，月干戊土能制水，又能生金，故为闲神，以水为仇神，喜其丙火清纯。至卯运泄水生火，早登科甲；壬辰癸巳，得闲神制合，官途平坦；甲午乙未，火旺之地，仁至尚书。,[]
滴天髓,滴天髓-0318,甲子丁卯甲寅庚午,甲,HEAVY,REN-CAIGUAN|DESHI-BUWANG|XIEQI-TAIZHONG|HEAVY-ROOT|BIJIE-PARTY|ROOT-STRUCK|ROOT-GAN-PRIORITY|ZHONGGUA-2SIDE|JIRUO-WUGEN|JIWANG-HUAIJI|GE-QUALITY|WANGJI-SIWO-SHENG|SHI-ZHU-JI|TIANGAN-XINGQING|YONGSHEN-STRUCTURE|YONGSHEN-FINAL|ZHONG-HE,戊辰 己巳 庚午 辛未 壬申 癸酉甲木生于促春，支逢禄刃，干透比肩，旺之极矣，时上庚金，无根为忌，月干丁火为用，通辉之气。所以早登之路，仁至观察；惜无土之闲神，运至壬申，金水并伤体用，故不能免祸耳。出门要向天涯游，何事裙钗瓷意留。,[]
滴天髓,滴天髓-0319,乙未庚辰戊辰丙辰,戊,HEAVY,REN-CAIGUAN|DESHI-BUWANG|HEAVY-ROOT|YIN-PARTY|ROOT-STRUCK|ROOT-GAN-PRIORITY|SHI-GUI-LU|ZHONGGUA-2SIDE|JIRUO-WUGEN|JIWANG-HUAIJI|SHIYONG-YUELING-XIANGFU|GE-QUALITY|WANGJI-SIWO-SHENG|SHI-ZHU-JI|YONGSHEN-STRUCTURE|YONGSHEN-FINAL|ZHONG-HE,己卯 戊寅 丁丑 丙子 乙亥 甲戌戊土生于季春，乙木官星透露，盘根在未，余气在辰，本可为用。嫌其合庚，谓贪合忌克，不顾日主之喜我，合而不化。庚金亦可作用，又有丙火当头，至二十一岁，因小试不利，即弃诗书，不事生产，以酒为事；且曰：高车大纛不为荣，连陌度阡，吾不为富，惟此怡悦性情，适吾口体，以终吾身，足矣！,[]
滴天髓,滴天髓-0320,丁丑癸卯丙戌辛卯,丙,LIGHT,REN-CAIGUAN|SHISHI-BURUO|LIGHT-ROOT|BIJIE-PARTY|ROOT-GAN-PRIORITY|ZHONGGUA-2SIDE|RI-BEI-HE|JIRUO-WUGEN|SHIYONG-YUELING-XIANGFU|GE-QING|GE-QUALITY|YONGSHEN-STRUCTURE|YONGSHEN-FINAL|ZHONG-HE,壬寅 辛丑 庚子 己亥 戊戌 丁酉丙火生于仲春，印正官清，日元生旺，足以用官。所嫌丙辛一合，不顾用神之辅我，辛金柔软，丙火逢之而怯，柔能制刚，恋恋不舍，忌有为之志；丙嫌卯戌合而化劫，所以幼年过目成诵，后因恋洒色，废学亡资，竟为酒色丧身，一事无成。不管白雪与明月，任君策马朝天阙。,[]
滴天髓,滴天髓-0321,丁卯辛亥丙寅丙申,丙,HEAVY,REN-CAIGUAN|SHISHI-BURUO|HEAVY-ROOT|JUECHU-FENGSHENG|BIJIE-PARTY|ROOT-STRUCK|ROOT-GAN-PRIORITY|WANGCHONG-SHUAI|HE-HUASHEN-DESHI|ZHONGGUA-2SIDE|RI-BEI-HE|JIRUO-WUGEN|SHIYONG-YUELING-XIANGFU|GE-QUALITY|SHI-ZHU-JI|YONGSHEN-STRUCTURE|YONGSHEN-FINAL|ZHONG-HE,庚戌 己酉 戊申 丁未 丙午 乙巳此造杀虽秉令，而印绶亦旺，兼之比劫并透，身旺足以用杀。用杀不宜合杀，合则不显，加以辛金贴身，而日主之情，必贪恋羁绊。喜其丁火劫去辛金，使日主无贪恋之私，申金冲动寅木，使日主无牵制之意。更妙申金滋杀，日主依喜用而驰骤矣。至戊申运，登科发甲，大志有为也。,['身旺']
滴天髓,滴天髓-0322,辛巳丙申壬寅庚戌,壬,HEAVY,REN-CAIGUAN|SHISHI-BURUO|HEAVY-ROOT|YIN-PARTY|ROOT-STRUCK|ROOT-GAN-PRIORITY|WANGCHONG-SHUAI|ZHONGGUA-2SIDE|JIRUO-WUGEN|JIWANG-HUAIJI|SHIYONG-YUELING-XIANGFU|GE-QUALITY|SHI-ZHU-JI|YONGSHEN-STRUCTURE|YONGSHEN-FINAL|ZHONG-HE,乙未 甲午 癸巳 壬辰 辛卯 庚寅壬水生于申月，虽秋水通源，而财杀并旺，以申金为用。第天干丙辛、地支申巳皆合，合之能化，亦可帮身，合之不化，反为羁绊，不顾日主，喜我为用也，且金当令，火通根，只有贪恋之私，而无化合之意。妙在日主自克丙火，使丙火无暇合辛，寅去冲动申金，使其克木、则丙火之根反拔，而日主之壬，固无牵制之私，用神随日主而驰骤矣，至癸巳运，连登甲第，仕至观察，而成其大志也。,[]
滴天髓,滴天髓-0323,戊戌丙辰乙未丙戌,乙,LIGHT,REN-CAIGUAN|XIEQI-TAIZHONG|LIGHT-ROOT|ROOT-STRUCK|ROOT-GAN-PRIORITY|ZHONGGUA-2SIDE|JIRUO-WUGEN|JISHUAI-CONGSHENG|SHIYONG-YUELING-XIANGFU|GE-QUALITY|SHI-ZHU-JI|TIANGAN-XINGQING|YONGSHEN-STRUCTURE|YONGSHEN-FINAL|ZHONG-HE,丁巳 戊午 己未 庚申 辛酉 壬戌乙木生于季春，蟠根在未，余气在辰，似乎财多身弱，但四柱皆财，其势必从。春土气虚，得丙火发实之，且火乃木之秀气，土乃火之秀气，三者为全，无金以泄之，无水以靡之。更喜运走南方火地，秀气流行，所以第发丹墀，鸿笔奏三千之绩，名题金榜，鳌头冠五百之仙也，志有为也。,['身弱']
滴天髓,滴天髓-0324,壬寅壬寅庚寅戊寅,庚,NONE,SHISHI-BURUO|JUECHU-FENGSHENG|YIN-PARTY|ZHONGGUA-2SIDE|WUGEN-YOUFU|SHIYONG-YUELING-XIANGFU|GE-QING|GE-QUALITY|YUN-SHENG-ROOT|SHI-ZHU-JI|YONGSHEN-STRUCTURE|YONGSHEN-FINAL|ZHONG-HE,癸卯 甲辰 乙巳 丙午 丁未 戊申庚金生于孟春，四支皆寅，戊土虽生犹死。喜其两壬透干年月，引通庚金，生扶嫩木而从财也。亦是秀气流行，更喜运走东南不悖，木亦得其敷荣，所以早登甲第，仕至黄堂。,[]
滴天髓,滴天髓-0325,丙寅庚寅壬午乙巳,壬,NONE,SHISHI-BURUO|CAIDUO-SHENRUAN|XIEQI-TAIZHONG|YIN-PARTY|ZHONGGUA-2SIDE|JIRUO-WUGEN|WUGEN-YOUFU|JISHUAI-CONGSHENG|SHIYONG-YUELING-XIANGFU|GE-QUALITY|YUN-SHENG-ROOT|SHI-ZHU-JI|YONGSHEN-STRUCTURE|YONGSHEN-FINAL|ZHONG-HE,辛卯 壬辰 癸巳 甲午 乙未 丙申壬水生于孟春，木当令，而火逢生，一点庚金临绝，丙火力能锻之，从财格真。水生木，水生木，木生火，秀所流行，登科发仁，至侍郎。凡从财格，必要食务吐秀，不但功名显达，而且一生无大起倒凶灾。盖从财最忌比劫运，柱中有食伤，能化比劫生财之妙也。若无若食伤吐秀，书香难遂，一逢比劫，无生化之情，必有起倒刑伤也。,[]
滴天髓,滴天髓-0326,丁卯壬寅庚午丙戌,庚,LIGHT,REN-CAIGUAN|LIGHT-ROOT|JUECHU-FENGSHENG|ROOT-GAN-PRIORITY|HE-HUASHEN-DESHI|SHI-GUI-LU|ZHONGGUA-2SIDE|JIRUO-WUGEN|SHIYONG-YUELING-XIANGFU|GE-QING|GE-QUALITY|SHI-ZHU-JI|YONGSHEN-STRUCTURE|YONGSHEN-FINAL|ZHONG-HE,辛丑 庚子 乙亥 戊戌 丁酉 丙申庚生寅月，支全火局，财生杀旺，绝无一毫生扶之意；月干壬水，丁壬合而化木，又从火势，皆成杀党，从象斯真，中乡榜，挑知县，酉运丁艰，丙运仕版连登，申运诖误落职。,[]
滴天髓,滴天髓-0327,辛巳辛丑乙酉乙酉,乙,NONE,SHAZHONG-SHENQING|ZHONGGUA-2SIDE|WUGEN-YOUFU|JISHUAI-CONGSHENG|SHIYONG-YUELING-XIANGFU|GE-QUALITY|YUN-SHENG-ROOT|SHI-ZHU-JI|TIANGAN-XINGQING|YONGSHEN-STRUCTURE|YONGSHEN-FINAL,庚子 己亥 戊戌 丁酉 丙申 乙未乙木生于季冬，支全金局，干透两辛，从杀斯真。戊戌运连登甲第，置身翰苑；丁酉丙申，火截脚而金得也，仕版连登；乙未运，冲破金局，木得蟠根，不禄。,[]
滴天髓,滴天髓-0328,癸卯乙卯甲寅乙亥,甲,HEAVY,REN-CAIGUAN|HEAVY-ROOT|YIN-PARTY|BIJIE-PARTY|ROOT-STRUCK|ROOT-GAN-PRIORITY|SHI-GUI-LU|ZHONGGUA-2SIDE|JIRUO-WUGEN|JIWANG-HUAIJI|GE-QING|GE-QUALITY|TIANGAN-XINGQING|YONGSHEN-STRUCTURE|YONGSHEN-FINAL|ZHONG-HE,甲寅 癸丑 壬子 辛亥 庚戌 己酉甲木生于仲春，支逢两卯之旺、寅之禄，亥之生，干有乙之助，癸之印旺之极矣，从其旺神。初行甲运，早采芹香；癸丑北方湿土，亦作水论，登科发甲；壬子印星照临，辛亥金不通根，支逢生旺，仕至黄堂；一交庚砘，土金并旺，触其旺神，故不能免咎也。,[]
滴天髓,滴天髓-0329,丙午甲午丙午甲午,丙,HEAVY,REN-CAIGUAN|HEAVY-ROOT|BIJIE-PARTY|ROOT-STRUCK|ROOT-GAN-PRIORITY|SHI-GUI-LU|ZHONGGUA-2SIDE|JIWANG-HUAIJI|SHIYONG-YUELING-XIANGFU|GE-QUALITY|CAI-RUO-SHEN-QIANG|YONGSHEN-STRUCTURE|YONGSHEN-FINAL|ZHONG-HE,乙未 丙申 丁酉 戊戌 己亥 庚子丙生仲夏，四柱皆刃，天干并透甲丙，强旺极矣，可顺而不可逆也。初运乙未，早游泮水，丙运登科，申运大病危险，丁运发甲，酉运丁艰，戊戌己运仕途坦平，亥运犯其旺神，死于军前。,['旺极']
滴天髓,滴天髓-0330,癸酉癸亥庚申丁亥,庚,HEAVY,REN-CAIGUAN|XIEQI-TAIZHONG|HEAVY-ROOT|ROOT-STRUCK|ROOT-GAN-PRIORITY|ZHONGGUA-2SIDE|JIRUO-WUGEN|JIWANG-HUAIJI|JISHUAI-CONGSHENG|SHIYONG-YUELING-XIANGFU|GE-QUALITY|SHI-ZHU-JI|YONGSHEN-STRUCTURE|YONGSHEN-FINAL|ZHONG-HE,壬戌 辛酉 庚申 己未 戊午 丁巳庚金生于孟冬，水势当权，金逢禄旺，时干丁火无根，局中气势金水，亦是从金水而论，丁反为病。初交癸亥，去其丁火，其乐自如；壬戌运入泮，而丧服重重，因戌土之制水也；辛酉庚申，癸科发甲，出仕琴堂；己未运转南方，火土齐来，诖误落职；戊午，更多破耗而亡。,[]
滴天髓,滴天髓-0331,丙戌壬辰癸巳甲寅,癸,LIGHT,REN-CAIGUAN|SHISHI-BURUO|XIEQI-TAIZHONG|LIGHT-ROOT|BIJIE-PARTY|ROOT-STRUCK|ROOT-GAN-PRIORITY|ZHONGGUA-2SIDE|JIRUO-WUGEN|JISHUAI-CONGSHENG|SHIYONG-YUELING-XIANGFU|GE-QUALITY|SHI-ZHU-JI|TIANGAN-XINGQING|YONGSHEN-STRUCTURE|YONGSHEN-FINAL|ZHONG-HE,癸巳 甲午 乙未 丙申 丁酉 戊戌癸水生于季春，柱中财、官、伤三者并旺，印星伏而无气，日主休囚无根，惟官星当令，须从官星之势。所喜坐下财星，引通伤官之气，至甲午运，会成火局生官，云程直上；乙未出仕，申酉运有丙丁盖头，仕途平坦，戊戌运仕至观察；至亥运帮身，冲去巳火，不禄。所谓弱之极者不可益也。,[]
滴天髓,滴天髓-0332,癸酉乙丑丙申丙申,丙,NONE,SHAZHONG-SHENQING|ZHONGGUA-2SIDE|WUGEN-YOUFU|JISHUAI-CONGSHENG|GE-QING|GE-QUALITY|YUN-SHENG-ROOT|SHI-ZHU-JI|YONGSHEN-STRUCTURE|YONGSHEN-FINAL,甲子 癸亥 壬戌 辛酉 庚申 己未丙火生丑临申，衰绝无气，酉丑拱金，月乙木凋枯无根，官星坐财，伤逢财化，从化金水之势。癸亥运中，入泮登科；辛酉庚申，去印生官，由县令而迁州牧，宦囊丰厚；己未南方燥土，伤官助劫，不禄。,[]
滴天髓,滴天髓-0333,乙丑甲申甲辰己巳,甲,LIGHT,REN-CAIGUAN|SHISHI-BURUO|LIGHT-ROOT|JUECHU-FENGSHENG|BIJIE-PARTY|ROOT-STRUCK|ROOT-GAN-PRIORITY|ZHONGGUA-2SIDE|RI-BEI-HE|JIRUO-WUGEN|SHIYONG-YUELING-XIANGFU|GE-QING|GE-QUALITY|SHI-ZHU-JI|TIANGAN-XINGQING|YONGSHEN-STRUCTURE|YONGSHEN-FINAL|ZHONG-HE,癸未 壬午 辛巳 庚辰 己卯 戊寅年月两干之甲乙，得当令之申金、丑内之辛金制化，不起争妒之风。时干己土临旺，与日主亲切而合，合神真实，乃谓真化。但秋金当令，化神泄气不足。至午运助化神，中乡榜；辛巳金火土并旺，癸黄甲，宴琼林，入翰苑，仕黄堂，庚辰合乙制化比劫，仕至藩臬。,[]
滴天髓,滴天髓-0334,戊辰壬戌甲辰己巳,甲,LIGHT,REN-CAIGUAN|SHISHI-BURUO|LIGHT-ROOT|YIN-PARTY|ROOT-STRUCK|ROOT-GAN-PRIORITY|HE-HUASHEN-DESHI|ZHONGGUA-2SIDE|RI-BEI-HE|JIRUO-WUGEN|SHIYONG-YUELING-XIANGFU|GE-QUALITY|SHI-ZHU-JI|TIANGAN-XINGQING|YONGSHEN-STRUCTURE|YONGSHEN-FINAL|ZHONG-HE,癸亥 甲子 乙丑 丙寅 丁卯 戊辰甲木生于季秋，土旺乘权，克去壬水，又无比劫，合神更真，化气有余。惜运走东北水木之地，功名仕路，不及前造，至丑运丁酉年，暗会金局，泄化神而吐秀，登科；戊戌年发甲，仕至州牧。,[]
滴天髓,滴天髓-0335,己卯丁卯壬午甲辰,壬,LIGHT,REN-CAIGUAN|XIEQI-TAIZHONG|LIGHT-ROOT|ROOT-STRUCK|ROOT-GAN-PRIORITY|HE-HUASHEN-DESHI|SHI-GUI-LU|ZHONGGUA-2SIDE|RI-BEI-HE|JIRUO-WUGEN|JISHUAI-CONGSHENG|SHIYONG-YUELING-XIANGFU|GE-QUALITY|SHI-ZHU-JI|YONGSHEN-STRUCTURE|YONGSHEN-FINAL|ZHONG-HE,丙寅 乙丑 甲子 癸亥 壬戌 辛酉壬水生于仲春，化象斯真。最喜甲木元神透露，化气有余。余则宜泄，斯化神吐秀，喜其坐下午，午生辰土，秀气流行。少年科甲，翰苑名高，惜乎中运水旺之地，未能显秩，终于县宰。,[]
滴天髓,滴天髓-0336,己卯丁卯壬午癸卯,壬,NONE,CAIDUO-SHENRUAN|SHAZHONG-SHENQING|HE-HUASHEN-DESHI|ZHONGGUA-2SIDE|RI-BEI-HE|JIRUO-WUGEN|WUGEN-YOUFU|JISHUAI-CONGSHENG|SHIYONG-YUELING-XIANGFU|GE-QING|GE-QUALITY|YUN-SHENG-ROOT|YONGSHEN-STRUCTURE|YONGSHEN-FINAL,丙寅 乙丑 甲子 癸亥 壬戌 辛酉此与前造只换一卯字，化象更真，化神更有余。嫌其癸劫争财，年干己土，透隔无根，不能去其癸水。午火未能流行。此癸水，真乃夺标之客也。虽中乡榜，终不能出仕。,[]
滴天髓,滴天髓-0337,丙戌戊戌癸巳壬戌,癸,NONE,CAIDUO-SHENRUAN|SHAZHONG-SHENQING|ZHONGGUA-2SIDE|RI-BEI-HE|JIRUO-WUGEN|WUGEN-YOUFU|JISHUAI-CONGSHENG|SHIYONG-YUELING-XIANGFU|GE-QING|GE-QUALITY|YUN-SHENG-ROOT|SHI-ZHU-JI|TIANGAN-XINGQING|YONGSHEN-STRUCTURE|YONGSHEN-FINAL,己亥 庚子 辛丑 壬寅 癸卯 甲辰癸水生于季秋，丙火透而通根，化火斯真。嫌其时透壬水克丙，只中乡榜，直至卯运，壬水绝地，挑知县，历三任而不升，亦壬水夺财之故也。,[]
滴天髓,滴天髓-0338,癸巳乙卯己亥癸酉,己,HEAVY,REN-CAIGUAN|HEAVY-ROOT|ROOT-STRUCK|ROOT-GAN-PRIORITY|WANGCHONG-SHUAI|SHI-GUI-LU|ZHONGGUA-2SIDE|JIRUO-WUGEN|GE-QUALITY|TIANGAN-XINGQING|YONGSHEN-STRUCTURE|YONGSHEN-FINAL|ZHONG-HE,甲寅 癸丑 壬子 辛亥 庚戌 己酉春土虚脱，杀势当权，财遇旺支，喜其巳亥逢冲破印，格成弃命从杀。第卯酉冲杀，巳酉半会金局，不作真从而论。所以出身寒微。妙在中隔亥水，谓源浊流清，故能崛起家声，出类拨萃，早游泮水。壬子运中，连登科甲，以中书而履黄堂，擢观察，辛亥运金虚水实，相生不悖，仕途平坦；将来庚戈戌，土金并旺，水木两伤，恐不免意外风波耳。,[]
滴天髓,滴天髓-0339,丁丑壬寅丙申壬辰,丙,HEAVY,REN-CAIGUAN|SHISHI-BURUO|HEAVY-ROOT|BIJIE-PARTY|ROOT-STRUCK|ROOT-GAN-PRIORITY|WANGCHONG-SHUAI|HE-HUASHEN-DESHI|ZHONGGUA-2SIDE|JIRUO-WUGEN|JIWANG-HUAIJI|SHIYONG-YUELING-XIANGFU|GE-QUALITY|SHI-ZHU-JI|YONGSHEN-STRUCTURE|YONGSHEN-FINAL|ZHONG-HE,辛丑 庚子 己亥 戊戌 丁酉 丙申丙火生于初春，火虚木嫩，嫩木逢金，紧贴相冲，运根拔尽，申金又辰土生扶，杀势愈旺，格成从杀，用财更妙。年支丑土，生金晦火，故身出官家，早登科甲；运走西北金水，仕至观察，虽逢土运，仍得金以化之，所以无险阻也。,[]
滴天髓,滴天髓-0340,乙卯己卯戊辰癸亥,戊,HEAVY,REN-CAIGUAN|SHISHI-BURUO|HEAVY-ROOT|BIJIE-PARTY|ROOT-STRUCK|ROOT-GAN-PRIORITY|ZHONGGUA-2SIDE|RI-BEI-HE|JIRUO-WUGEN|GE-QUALITY|SHI-ZHU-JI|YONGSHEN-STRUCTURE|YONGSHEN-FINAL|ZHONG-HE,戊寅 丁丑 丙子 乙亥 甲戌 癸酉戊土生于仲春，木正当权，坐下辰土，蓄水养木，四柱绝无金气。又得亥时，水旺生木，又无火以生化之，格取从官，非身衰论也。虽非科甲出身，运走丙子乙亥，连登仕版，位至封疆；至癸酉运，落职而亡。,['身衰']
滴天髓,滴天髓-0341,丁卯丙寅辛亥庚寅,辛,NONE,SHAZHONG-SHENQING|ZHONGGUA-2SIDE|RI-BEI-HE|WUGEN-YOUFU|JISHUAI-CONGSHENG|SHIYONG-YUELING-XIANGFU|GE-QING|GE-QUALITY|YUN-SHENG-ROOT|SHI-ZHU-JI|YONGSHEN-STRUCTURE|YONGSHEN-FINAL,乙丑 甲子 癸亥 壬戌 辛酉 庚申辛金生于孟春，天干丙丁庚辛陰陽相克，且金绝火生，地支寅木当令，日时寅亥化木，格取从杀。运走水地，生木助火，一无凶处，连登甲榜，由县宰至郡守，生三子，皆秀发。,[]
滴天髓,滴天髓-0342,癸亥乙卯己未丁卯,己,HEAVY,REN-CAIGUAN|SHISHI-BURUO|HEAVY-ROOT|YIN-PARTY|ROOT-GAN-PRIORITY|ZHONGGUA-2SIDE|SHIYONG-YUELING-XIANGFU|GE-QING|GE-QUALITY|SHI-ZHU-JI|TIANGAN-XINGQING|YONGSHEN-STRUCTURE|YONGSHEN-FINAL|ZHONG-HE,甲寅 癸丑 壬子 辛亥 庚戌 己酉己土生于仲春，春木当令会局，时干丁火，被年上癸水克去，未土又会木局，不得不从杀矣。科甲出身，仕至观察。,[]
滴天髓,滴天髓-0343,己卯甲戌甲子己巳,甲,HEAVY,REN-CAIGUAN|SHISHI-BURUO|HEAVY-ROOT|BIJIE-PARTY|ROOT-STRUCK|ROOT-GAN-PRIORITY|HE-HUASHEN-DESHI|ZHONGGUA-2SIDE|RI-BEI-HE|JIRUO-WUGEN|SHIYONG-YUELING-XIANGFU|GE-QUALITY|SHI-ZHU-JI|TIANGAN-XINGQING|YONGSHEN-STRUCTURE|YONGSHEN-FINAL|ZHONG-HE,癸酉 壬申 辛未 庚午 己巳 戊辰天干两甲逢两已，各自相合，地支卯戌合，虽不能化火生土，却无争妒之意，虽是假化，却有情而不悖。未运破其子水，中乡榜；庚午己巳，生助化神，出仕琴堂。,[]
滴天髓,滴天髓-0344,甲子丙子甲申己巳,甲,NONE,CAIDUO-SHENRUAN|XIEQI-TAIZHONG|ZHONGGUA-2SIDE|RI-BEI-HE|JIRUO-WUGEN|WUGEN-YOUFU|JISHUAI-CONGSHENG|GE-QING|GE-QUALITY|YUN-SHENG-ROOT|SHI-ZHU-JI|TIANGAN-XINGQING|YONGSHEN-STRUCTURE|YONGSHEN-FINAL,丁丑 戊寅 己卯 庚辰 辛巳 壬午甲木生于仲冬，印绶当权，本是杀印相生，无如坐下绝地，虚极不受水生，见己土贪合，合神虽真而失令，必赖丙火之生，解其寒凝之气。嫌其旺水秉令，则火亦虚脱，不能生扶，化神假而不清，因之人品不端，至庚辰运甲午年，克木生土，中乡榜而不仕。,[]
滴天髓,滴天髓-0345,甲寅丁丑甲戌己巳,甲,HEAVY,REN-CAIGUAN|SHISHI-BURUO|XIEQI-TAIZHONG|HEAVY-ROOT|BIJIE-PARTY|ROOT-STRUCK|ROOT-GAN-PRIORITY|HE-HUASHEN-DESHI|ZHONGGUA-2SIDE|RI-BEI-HE|JIRUO-WUGEN|JISHUAI-CONGSHENG|GE-QUALITY|SHI-ZHU-JI|TIANGAN-XINGQING|YONGSHEN-STRUCTURE|YONGSHEN-FINAL|ZHONG-HE,戊寅 己卯 庚辰 辛巳 壬午 癸未甲木生于丑月，己土通根临旺，年之禄比，见丁火有相生之谊，无争妒之势，虽是假化，动有情而不悖。至庚辰运，科甲连登；辛巳任午，南方火地，生助化神，仁至黄堂。,[]
滴天髓,滴天髓-0346,甲寅辛未癸亥戊午,癸,HEAVY,REN-CAIGUAN|XIEQI-TAIZHONG|HEAVY-ROOT|ROOT-STRUCK|ROOT-GAN-PRIORITY|ZHONGGUA-2SIDE|RI-BEI-HE|JIRUO-WUGEN|JISHUAI-CONGSHENG|SHIYONG-YUELING-XIANGFU|GE-QING|GE-QUALITY|SHI-ZHU-JI|TIANGAN-XINGQING|YONGSHEN-STRUCTURE|YONGSHEN-FINAL|ZHONG-HE,壬申 癸酉 甲戌 乙亥 丙子 丁丑癸水生于季夏，木火并旺，月干辛金无气，不能生水，日主虽旺地，仍受火土两带，时干戊土，合神真而且旺，日主不能从合矣。初运壬申癸酉，金水并旺，孤苦不堪；至甲戌运，支会火局，出外大得际遇；乙亥水逢木泄，支得会局，名成异路，财帛丰盈；一交丙子，火不通根，诖误落职，至壬子年不禄。,[]
滴天髓,滴天髓-0347,甲辰丁卯壬辰辛亥,壬,HEAVY,REN-CAIGUAN|XIEQI-TAIZHONG|HEAVY-ROOT|ROOT-STRUCK|ROOT-GAN-PRIORITY|HE-HUASHEN-DESHI|SHI-GUI-LU|ZHONGGUA-2SIDE|RI-BEI-HE|JIRUO-WUGEN|JIWANG-HUAIJI|JISHUAI-CONGSHENG|GE-QUALITY|CAI-RUO-SHEN-QIANG|YONGSHEN-STRUCTURE|YONGSHEN-FINAL|ZHONG-HE,戊辰 己巳 庚午 辛未 壬申 癸酉壬水生于仲春，虽时逢禄印，而化神当令，又年干元神透出，时干辛金无根临绝，丁火合神，足以克之。辛金不能生水，则亥水非壬之禄旺，乃甲之长生，日干不得不从合而化矣。运走南方火地，采芹食廪，战胜棘闱；至壬申癸酉，金水破局，不但不能出仕，而且刑伤破耗。,[]
滴天髓,滴天髓-0348,丁卯壬寅癸卯丙辰,癸,LIGHT,REN-CAIGUAN|SHISHI-BURUO|LIGHT-ROOT|BIJIE-PARTY|ROOT-STRUCK|ROOT-GAN-PRIORITY|HE-HUASHEN-DESHI|SHI-GUI-LU|ZHONGGUA-2SIDE|JIRUO-WUGEN|SHIYONG-YUELING-XIANGFU|GE-QUALITY|SHI-ZHU-JI|TIANGAN-XINGQING|YONGSHEN-STRUCTURE|YONGSHEN-FINAL|ZHONG-HE,辛丑 庚子 己亥 戊戌 丁酉 丙申癸水生于孟春，支全寅、卯、辰，东方一气，格成水木从儿，以时干丙火为用，所谓儿又生儿。只嫌月干壬水为病，喜丁火合壬化木，反生丙火，转成生育之意，所以早登科甲，置身翰苑，仕至封疆；申运木火绝地，不禄。,[]
滴天髓,滴天髓-0349,丁巳癸卯癸卯丙辰,癸,LIGHT,REN-CAIGUAN|SHISHI-BURUO|LIGHT-ROOT|BIJIE-PARTY|ROOT-STRUCK|ROOT-GAN-PRIORITY|SHI-GUI-LU|ZHONGGUA-2SIDE|JIRUO-WUGEN|SHIYONG-YUELING-XIANGFU|GE-QUALITY|SHI-ZHU-JI|TIANGAN-XINGQING|YONGSHEN-STRUCTURE|YONGSHEN-FINAL|ZHONG-HE,壬寅 辛丑 庚子 己亥 戊戌 丁酉癸水生于仲春，木旺乘权，四柱无金，亦水木从儿。寅运支类东方，甲戌年入泮，丙子年中乡榜，其不及前造者，月干癸水争财，无制合之美也。喜其财星有势，仕路定可亨通。,[]
滴天髓,滴天髓-0350,己未丁丑丙戌戊戌,丙,LIGHT,REN-CAIGUAN|SHISHI-BURUO|XIEQI-TAIZHONG|LIGHT-ROOT|BIJIE-PARTY|ROOT-STRUCK|ROOT-GAN-PRIORITY|SHI-GUI-LU|ZHONGGUA-2SIDE|JIRUO-WUGEN|JISHUAI-CONGSHENG|SHIYONG-YUELING-XIANGFU|GE-QUALITY|SHI-ZHU-JI|YONGSHEN-STRUCTURE|YONGSHEN-FINAL|ZHONG-HE,丙子 乙亥 甲戌 癸酉 壬申 辛未丙火生于季冬，满局皆土，格成火土从儿，丑中辛财为用，谓“一个玄机暗里存”也。所嫌丁火盖头，通根未戌，忌神深重，未能显秩。妙在中运走癸酉壬申，喜用齐来，宦途顺遂。,[]
滴天髓,滴天髓-0351,己未辛未丙戌戊戌,丙,LIGHT,REN-CAIGUAN|XIEQI-TAIZHONG|LIGHT-ROOT|ROOT-STRUCK|ROOT-GAN-PRIORITY|SHI-GUI-LU|ZHONGGUA-2SIDE|RI-BEI-HE|JIRUO-WUGEN|JISHUAI-CONGSHENG|SHIYONG-YUELING-XIANGFU|GE-QING|GE-QUALITY|SHI-ZHU-JI|YONGSHEN-STRUCTURE|YONGSHEN-FINAL|ZHONG-HE,庚午 己巳 戊辰 丁卯 丙寅丙火生于季夏，满局皆土，格取从儿，月干辛金独发，所谓从儿又见儿也。大象观之，胜于前造，其功名富贵反不及者何也？前造金虽不现，而丑内蓄藏三冬湿土，能晦火养金，此辛金显露，而九夏熔金，根气不固，未戌丁火当权，所谓“凶物深藏”也兼之运走东南木火之地，虽中乡榜，一教终身。,[]
滴天髓,滴天髓-0352,甲午丁丑甲午丙寅,甲,HEAVY,REN-CAIGUAN|SHISHI-BURUO|XIEQI-TAIZHONG|HEAVY-ROOT|BIJIE-PARTY|ROOT-GAN-PRIORITY|SHI-GUI-LU|ZHONGGUA-2SIDE|JISHUAI-CONGSHENG|GE-QUALITY|SHI-ZHU-JI|TIANGAN-XINGQING|YONGSHEN-STRUCTURE|YONGSHEN-FINAL|ZHONG-HE,"戊寅 己卯 庚辰 辛巳 壬午 癸未甲木生于季冬，火虚而幸通根有焰，格取从儿。木虽进气，又逢禄比帮身，所谓从儿不论身强弱，非身弱论也。前造过于燥烈。此则湿土逢燥,地润天和，生肓不悖。联登甲第，仕至待郎。","['身弱', '身强']"
滴天髓,滴天髓-0353,辛丑辛丑戊申壬子,戊,HEAVY,REN-CAIGUAN|DESHI-BUWANG|XIEQI-TAIZHONG|HEAVY-ROOT|ROOT-GAN-PRIORITY|ZHONGGUA-2SIDE|JIWANG-HUAIJI|SHIYONG-YUELING-XIANGFU|GE-QING|GE-QUALITY|WANGJI-SIWO-SHENG|SHI-ZHU-JI|YONGSHEN-STRUCTURE|YONGSHEN-FINAL|ZHONG-HE,庚子 己亥 戊戌 丁酉 丙申 乙未戊土生于季冬，辛金并透通根坐下申金壬水，旺而逢生，纯粹可观，早游泮水，至亥运，类聚北方，高攀秋桂；交戊戌通根燥土，夺去壬水，至丙寅年冲去申金壬水之根，体用两伤，不禄。,[]
滴天髓,滴天髓-0354,庚子庚辰戊申辛酉,戊,HEAVY,REN-CAIGUAN|DESHI-BUWANG|XIEQI-TAIZHONG|HEAVY-ROOT|ROOT-GAN-PRIORITY|ZHONGGUA-2SIDE|JIWANG-HUAIJI|GE-QING|GE-QUALITY|WANGJI-SIWO-SHENG|YONGSHEN-STRUCTURE|YONGSHEN-FINAL|ZHONG-HE,辛巳 壬午 癸未 甲申 乙酉 丙戌此造戊生季春，局中层叠庚辛，格取从儿，喜其支会财局，生肓有情，与前大同小异，此因中年运土金，生助财星，所以甲第联登，仕至郡守；前造之不禄不仕，实运之背也。,[]
滴天髓,滴天髓-0355,壬寅辛亥辛亥壬辰,辛,NONE,XIEQI-TAIZHONG|ZHONGGUA-2SIDE|WUGEN-YOUFU|JISHUAI-CONGSHENG|GE-QUALITY|YUN-SHENG-ROOT|SHI-ZHU-JI|YONGSHEN-STRUCTURE|YONGSHEN-FINAL,壬子 癸丑 甲寅 乙卯 丙辰 丁巳辛金生于孟冬，壬水当权，财逢生旺，金水两涵，格取从儿。读书一目数行，至甲寅运，登科发甲；乙卯运由署郎出守黄堂；一交丙辰，官印齐来，又逢戊戌年冲动印绶，破其伤官，不禄。,[]
滴天髓,滴天髓-0356,壬子辛亥辛卯辛卯,辛,LIGHT,REN-CAIGUAN|XIEQI-TAIZHONG|LIGHT-ROOT|ROOT-STRUCK|ROOT-GAN-PRIORITY|ZHONGGUA-2SIDE|JIRUO-WUGEN|JISHUAI-CONGSHENG|GE-QUALITY|SHI-ZHU-JI|YONGSHEN-STRUCTURE|YONGSHEN-FINAL|ZHONG-HE,壬子 癸丑 甲寅 乙卯 丙辰 丁巳辛金生于孟冬，水势当权，虽天干三透辛金，而地支临绝，格取从儿，读书过目成诵，早年入泮，甲寅拨贡出仕县宰，乙卯运仕路顺遂，丙辰诖误，至戌年旺土克水而殁。凡从儿格，行运不背，逢财者未有不富贵者也；且透气流行，人必聪明出类，学问精通。,[]
滴天髓,滴天髓-0357,壬辰壬子甲寅戊辰,甲,HEAVY,REN-CAIGUAN|SHISHI-BURUO|HEAVY-ROOT|YIN-PARTY|ROOT-STRUCK|ROOT-GAN-PRIORITY|SHI-GUI-LU|ZHONGGUA-2SIDE|JIRUO-WUGEN|JIWANG-HUAIJI|SHIYONG-YUELING-XIANGFU|GE-QUALITY|SHI-ZHU-JI|TIANGAN-XINGQING|YONGSHEN-STRUCTURE|YONGSHEN-FINAL|ZHONG-HE,癸丑 甲寅 乙卯 丙辰 丁巳 戊午甲木生于仲冬，虽日坐禄支，不致浮泛，而水势太旺；辰土虽能蓄水，喜其戊土透露，辰乃木余气。足以止水托根，谓君赖臣生也。所以早登科申，翰苑名高；更妙南方一路火土之运，禄位未可限量也。,[]
滴天髓,滴天髓-0358,壬戌壬子甲子戊辰,甲,LIGHT,REN-CAIGUAN|SHISHI-BURUO|LIGHT-ROOT|YIN-PARTY|ROOT-STRUCK|ROOT-GAN-PRIORITY|SHI-GUI-LU|ZHONGGUA-2SIDE|JIRUO-WUGEN|SHIYONG-YUELING-XIANGFU|GE-QUALITY|SHI-ZHU-JI|TIANGAN-XINGQING|YONGSHEN-STRUCTURE|YONGSHEN-FINAL|ZHONG-HE,癸丑 甲寅 乙卯 丙辰 丁巳 戊午甲木生于仲冬，前造坐寅而实，此则从子而虚，所喜年支带火之戌土，较辰土力量大过矣。盖戊土之根固，足以补日主之虚，行运亦同，功名亦同，仕至尚书。,[]
滴天髓,滴天髓-0359,己巳戊辰辛酉己亥,辛,HEAVY,REN-CAIGUAN|SHISHI-BURUO|HEAVY-ROOT|YIN-PARTY|ROOT-GAN-PRIORITY|ZHONGGUA-2SIDE|JIWANG-HUAIJI|GE-QUALITY|SHI-ZHU-JI|YONGSHEN-STRUCTURE|YONGSHEN-FINAL|ZHONG-HE,丁卯 丙寅 乙丑 甲子 癸亥 壬戌陈提督造，辛生辰月，土虽重叠，春土究属气辟而松；木有余气，亥中甲木逢生，辰酉辗转相生，反助木之根源，遥冲巳火，使其不生戊巳之土，亦君赖臣生也。其不就书香者，木之元神不透也，然喜生化不悖，运走东北不木之地，故武职超群。,[]
滴天髓,滴天髓-0360,戊午丁巳己卯庚午,己,HEAVY,REN-CAIGUAN|SHISHI-BURUO|XIEQI-TAIZHONG|HEAVY-ROOT|YIN-PARTY|BIJIE-PARTY|ROOT-STRUCK|ROOT-GAN-PRIORITY|SHI-GUI-LU|ZHONGGUA-2SIDE|JIRUO-WUGEN|JIWANG-HUAIJI|JISHUAI-CONGSHENG|GE-QUALITY|CAI-RUO-SHEN-QIANG|TIANGAN-XINGQING|YONGSHEN-STRUCTURE|YONGSHEN-FINAL|ZHONG-HE,戊午 己未 庚申 辛酉 壬戌 癸亥已土生于孟夏，局中印星当令，火旺土焦，又能焚木，至庚子年春闱奏捷，带金之水足以制火之烈，润土之燥也。其不能显秩，仁路蹭蹬者，局中无水之故也。,[]
滴天髓,滴天髓-0361,甲申丙寅甲申庚午,甲,HEAVY,REN-CAIGUAN|DESHI-BUWANG|XIEQI-TAIZHONG|HEAVY-ROOT|BIJIE-PARTY|ROOT-STRUCK|ROOT-GAN-PRIORITY|WANGCHONG-SHUAI|ZHONGGUA-2SIDE|JIRUO-WUGEN|JIWANG-HUAIJI|GE-QUALITY|WANGJI-SIWO-SHENG|SHI-ZHU-JI|TIANGAN-XINGQING|YONGSHEN-STRUCTURE|YONGSHEN-FINAL|ZHONG-HE,丁卯 戊辰 己巳 庚午 辛未 壬申春初木嫩，双冲寅禄，又时透庚金，木嫩金坚，金赖丙火逢生临旺；尤妙五行无水。谓儿有救母，使庚申之金，不伤甲木。至巳运，丙火禄地，中乡榜，庚午运发甲，辛未运仕县宰。总嫌庚金盖头，不能升迁，壬申运不但仕路蹭蹬，亦恐不禄。,[]
滴天髓,滴天髓-0362,甲申丙子乙酉丙戌,乙,NONE,XIEQI-TAIZHONG|TENGLUO-XIJIA|ZHONGGUA-2SIDE|WUGEN-YOUFU|JISHUAI-CONGSHENG|GE-QUALITY|YUN-SHENG-ROOT|SHI-ZHU-JI|TIANGAN-XINGQING|YONGSHEN-STRUCTURE|YONGSHEN-FINAL,丁丑 戊寅 己卯 庚辰 辛巳 壬午乙木生于仲冬，虽逢相位，究竟冬凋不茂，又支类西方，财杀肆逞，喜其丙火并透，则金不寒，水不冻，寒木向陽，儿能救母。为人性情慷慨。虽在经营，规模出俗，创业十余万。其不利于书香者，由戌土生杀坏印之故也。,[]
滴天髓,滴天髓-0363,丙辰乙未壬辰甲辰,壬,LIGHT,REN-CAIGUAN|XIEQI-TAIZHONG|LIGHT-ROOT|ROOT-STRUCK|ROOT-GAN-PRIORITY|SHI-GUI-LU|ZHONGGUA-2SIDE|JIRUO-WUGEN|JISHUAI-CONGSHENG|SHIYONG-YUELING-XIANGFU|GE-QUALITY|SHI-ZHU-JI|YONGSHEN-STRUCTURE|YONGSHEN-FINAL|ZHONG-HE,壬水生于季夏，休囚之地，喜其三逢辰支，通根身库，辰土能蓄水养木，甲乙并透，通根制土，儿能生母。微嫌丙火泄木生土，功名不过一衿；妙在中晚运走东北水木之地，捐出纳出仕，位至藩臬，富有百余万。,[]
滴天髓,滴天髓-0364,癸卯乙卯己卯辛未,己,HEAVY,REN-CAIGUAN|HEAVY-ROOT|ROOT-GAN-PRIORITY|SHI-GUI-LU|ZHONGGUA-2SIDE|SHIYONG-YUELING-XIANGFU|GE-QING|GE-QUALITY|CAI-RUO-SHEN-QIANG|SHI-ZHU-JI|TIANGAN-XINGQING|YONGSHEN-STRUCTURE|YONGSHEN-FINAL|ZHONG-HE,甲寅 癸丑 壬子 辛亥 庚戌 己酉己土生于仲春，四杀当令，日元虚脱极矣，还喜湿土能生木，不愁木盛，若戊土必不支矣。更妙未土，通根有余，足以用辛金制杀，儿能生母。至癸酉年，辛金得禄，中乡榜，庚戌出仕县令。所嫌者，年干癸水，生木泄金，仕路不显，宦囊如洗。为官清介，人品端方。,[]
滴天髓,滴天髓-0365,癸卯甲寅丁卯甲辰,丁,NONE,SHISHI-BURUO|SHAZHONG-SHENQING|YIN-PARTY|ZHONGGUA-2SIDE|WUGEN-YOUFU|JISHUAI-CONGSHENG|SHIYONG-YUELING-XIANGFU|GE-QUALITY|YUN-SHENG-ROOT|SHI-ZHU-JI|TIANGAN-XINGQING|YONGSHEN-STRUCTURE|YONGSHEN-FINAL|ZHONG-HE,此造俗谓杀印相生，身强杀浅，金水运名利双收，不知癸水之气，尽归甲木，地支寅、卯、辰全，木多火熄，初运癸丑壬子，生木克火，刑伤破耗；辛亥、庚戌、巳酉、戊申，土生金旺，触卯木之旺神，颠沛异常，夫存生之地，是以六旬以前，一事无成。丁未运助起日元，顺母这性，得际遇，娶妾连生两子：及丙午二十年，发财数万，寿至九旬外。,['身强']
滴天髓,滴天髓-0366,戊戌丙辰辛丑戊戌,辛,LIGHT,REN-CAIGUAN|SHISHI-BURUO|LIGHT-ROOT|YIN-PARTY|ROOT-STRUCK|ROOT-GAN-PRIORITY|SHI-GUI-LU|ZHONGGUA-2SIDE|RI-BEI-HE|JIRUO-WUGEN|SHIYONG-YUELING-XIANGFU|GE-QUALITY|SHI-ZHU-JI|YONGSHEN-STRUCTURE|YONGSHEN-FINAL|ZHONG-HE,丁巳 戊午 己未 庚申 辛酉 壬戌辛金生季春，四柱皆土，丙火官星，元神泄尽，土重金坦，母多灭子。初运火土，刑丧破败，荡焉无存：一交庚申，助起日元，顺母之性，大得际遇；及辛酉，拱保辰丑，捐纳出仕；壬戌运，土又得地，诖误落职。,[]
滴天髓,滴天髓-0367,丙戌戊戌辛丑戊戌,辛,LIGHT,REN-CAIGUAN|SHISHI-BURUO|LIGHT-ROOT|YIN-PARTY|ROOT-GAN-PRIORITY|SHI-GUI-LU|ZHONGGUA-2SIDE|RI-BEI-HE|JIRUO-WUGEN|SHIYONG-YUELING-XIANGFU|GE-QING|GE-QUALITY|SHI-ZHU-JI|YONGSHEN-STRUCTURE|YONGSHEN-FINAL|ZHONG-HE,己亥 庚子 辛丑 壬寅 癸卯 甲辰此与前只换一戌字，因初己亥、庚子、辛丑金水，丑土养金，出身富贵辛运加捐；一交壬运，水木齐来，犯母之性，彼以土重逢木必佳，强为出仕，犯事落职。,[]
滴天髓,滴天髓-0368,壬子壬寅甲子壬申,甲,HEAVY,REN-CAIGUAN|HEAVY-ROOT|YIN-PARTY|ROOT-STRUCK|ROOT-GAN-PRIORITY|WANGCHONG-SHUAI|ZHONGGUA-2SIDE|JIRUO-WUGEN|JIWANG-HUAIJI|SHIYONG-YUELING-XIANGFU|GE-QUALITY|SHI-ZHU-JI|TIANGAN-XINGQING|YONGSHEN-STRUCTURE|YONGSHEN-FINAL|ZHONG-HE,癸卯 甲辰 乙巳 丙午 丁未 戊申此俗论木生孟春，时杀独清。许其名高禄重，不知春初嫩木，气又寒凝，不能纳水；时支申金，乃壬水生地，又子申拱水，乃母多灭子也。惜运无木助，逢火运与水战，犹恐名利无成也。初行癸卯甲辰。东方木地，顺母助子。荫庇大好；一交乙巳，运转南方，父母并亡。财散人离；丙行水火交战，家业破尽而逝。,[]
滴天髓,滴天髓-0369,己亥戊辰甲寅辛未,甲,HEAVY,REN-CAIGUAN|HEAVY-ROOT|ROOT-STRUCK|ROOT-GAN-PRIORITY|HE-HUASHEN-DESHI|SHI-GUI-LU|ZHONGGUA-2SIDE|RI-BEI-HE|JIRUO-WUGEN|SHIYONG-YUELING-XIANGFU|GE-QING|GE-QUALITY|SHI-ZHU-JI|TIANGAN-XINGQING|YONGSHEN-STRUCTURE|YONGSHEN-FINAL|ZHONG-HE,丁卯 丙寅 乙丑 甲子 癸亥 壬戌甲寅日元，生于季春。四柱土多，时透辛金，土生金，金克木谓夫健怕妻。初运木火，去其土金，早游泮水，连登科甲；甲子癸亥，印旺逢生，日元足以任其财官，仕路超腾。,[]
滴天髓,滴天髓-0370,己巳戊辰甲子辛未,甲,LIGHT,REN-CAIGUAN|LIGHT-ROOT|ROOT-STRUCK|ROOT-GAN-PRIORITY|HE-HUASHEN-DESHI|SHI-GUI-LU|ZHONGGUA-2SIDE|RI-BEI-HE|JIRUO-WUGEN|SHIYONG-YUELING-XIANGFU|GE-QUALITY|SHI-ZHU-JI|TIANGAN-XINGQING|YONGSHEN-STRUCTURE|YONGSHEN-FINAL|ZHONG-HE,丁卯 丙寅 乙丑 甲子 癸亥 壬戌甲木生于季春，木有余气，坐下印绶，中和之象；财星重叠当令，时透官星，土旺生金，夫健怕妻。初运木火，去其土金，早年入泮，科甲连登。仕路不能显秩者，只因土之病也。前造有亥，又坐-禄，支更健于此，此则子未相穿坏印，彼则寅能制土护印也。,['中和']
滴天髓,滴天髓-0371,乙亥辛巳丁巳庚戌,丁,HEAVY,REN-CAIGUAN|DESHI-BUWANG|HEAVY-ROOT|YIN-PARTY|ROOT-STRUCK|ROOT-GAN-PRIORITY|WANGCHONG-SHUAI|SHI-GUI-LU|ZHONGGUA-2SIDE|JIRUO-WUGEN|JIWANG-HUAIJI|SHIYONG-YUELING-XIANGFU|GE-QUALITY|SHI-ZHU-JI|TIANGAN-XINGQING|YONGSHEN-STRUCTURE|YONGSHEN-FINAL|ZHONG-HE,庚辰 乙卯 戊寅 丁丑 丙子 乙亥戴尚书造。丁巳日元，生于孟夏，月时两透庚辛，地支又逢生助，巳亥逢冲，去火存金，夫健怕妻。喜其运走东方木地，助印扶身，大魁天下，宦海无波；一交子运，两巳爱制，不禄,[]
滴天髓,滴天髓-0372,癸亥甲子戊戌癸丑,戊,HEAVY,REN-CAIGUAN|HEAVY-ROOT|ROOT-GAN-PRIORITY|SHI-GUI-LU|ZHONGGUA-2SIDE|RI-BEI-HE|JIRUO-WUGEN|SHIYONG-YUELING-XIANGFU|GE-QING|GE-QUALITY|SHI-ZHU-JI|YONGSHEN-STRUCTURE|YONGSHEN-FINAL|ZHONG-HE,癸亥 壬戌 辛酉 庚申 己未 戊午戊戌日元，生于子月亥年，月透甲木逢生，水生木，木克土，夫健怕妻，最喜坐下戌之燥土，中藏丁火印绶，财虽旺，不能破印，所谓“玄机暗里存”也。第嫌支类北方，财势太旺，物极必反，虽位至方伯，宦资不丰。,[]
滴天髓,滴天髓-0373,癸亥癸亥戊午甲寅,戊,HEAVY,REN-CAIGUAN|HEAVY-ROOT|ROOT-STRUCK|ROOT-GAN-PRIORITY|SHI-GUI-LU|ZHONGGUA-2SIDE|RI-BEI-HE|JIRUO-WUGEN|SHIYONG-YUELING-XIANGFU|GE-QUALITY|SHI-ZHU-JI|YONGSHEN-STRUCTURE|YONGSHEN-FINAL|ZHONG-HE,壬戌 辛酉 庚申 己未 戊午 丁巳仓提督造。戊午日元，生于亥月亥年，时逢甲寅杀旺，财杀肆逞，财星足以破印，以致难就书香。幸而寅拱午印，克处逢生，以杀化印，所以武职超群。,[]
滴天髓,滴天髓-0374,癸酉乙卯丁未辛亥,丁,LIGHT,REN-CAIGUAN|SHISHI-BURUO|LIGHT-ROOT|YIN-PARTY|ROOT-STRUCK|ROOT-GAN-PRIORITY|WANGCHONG-SHUAI|ZHONGGUA-2SIDE|JIRUO-WUGEN|GE-QUALITY|SHI-ZHU-JI|TIANGAN-XINGQING|YONGSHEN-STRUCTURE|YONGSHEN-FINAL|ZHONG-HE,甲寅 癸丑 壬子 辛亥 庚戌 己酉李都司造。丁火生于仲春，支全木局，癸坐酉支，似乎财滋弱杀，杀印相生。不知卯酉逢冲，破其印局；天干乙辛交战，又伤印之元神，则财刹肆逞。至辛过壬子年，又逢财杀，犯法遭刑。,[]
滴天髓,滴天髓-0375,癸酉辛酉乙卯己卯,乙,HEAVY,REN-CAIGUAN|HEAVY-ROOT|ROOT-STRUCK|ROOT-GAN-PRIORITY|WANGCHONG-SHUAI|SHI-GUI-LU|ZHONGGUA-2SIDE|JIRUO-WUGEN|GE-QUALITY|CAI-RUO-SHEN-QIANG|TIANGAN-XINGQING|YONGSHEN-STRUCTURE|YONGSHEN-FINAL|ZHONG-HE,庚申 己未 戊午 丁巳 丙辰 乙卯天干乙辛己癸，地支两卯两酉，金锐木凋，天地交战。金当令，反有己土之生，木休囚，癸水不能生扶。中运南方，火运制杀，异路出身，升知县，至辰运生金助煞，遂罹国法。,[]
滴天髓,滴天髓-0376,壬申壬寅壬午甲辰,壬,HEAVY,REN-CAIGUAN|SHISHI-BURUO|XIEQI-TAIZHONG|HEAVY-ROOT|BIJIE-PARTY|ROOT-STRUCK|ROOT-GAN-PRIORITY|WANGCHONG-SHUAI|SHI-GUI-LU|ZHONGGUA-2SIDE|JIRUO-WUGEN|JIWANG-HUAIJI|JISHUAI-CONGSHENG|SHIYONG-YUELING-XIANGFU|GE-QUALITY|SHI-ZHU-JI|YONGSHEN-STRUCTURE|YONGSHEN-FINAL|ZHONG-HE,癸卯 甲辰 乙巳 丙午 丁未 戊申壬水生于寅月，年月两透比肩，坐申逢生，水势通源。且春初木嫩，逢冲似乎不美，喜其坐下午火，能解春寒，木得发生，金亦有制。更妙时干甲木，元神发露，天干之水，亦有所归，运行木地，有生化之情，无争战之患矣。是以棘围奏捷，出宰名区，至申运两冲寅木，不禄。,[]
滴天髓,滴天髓-0377,壬申壬寅壬申辛丑,壬,HEAVY,REN-CAIGUAN|SHISHI-BURUO|HEAVY-ROOT|YIN-PARTY|BIJIE-PARTY|ROOT-STRUCK|ROOT-GAN-PRIORITY|WANGCHONG-SHUAI|SHI-GUI-LU|ZHONGGUA-2SIDE|JIRUO-WUGEN|JIWANG-HUAIJI|GE-QUALITY|SHI-ZHU-JI|YONGSHEN-STRUCTURE|YONGSHEN-FINAL|ZHONG-HE,癸卯 甲辰 乙巳 丙午 丁未 戊申天干三壬，地支两申，春实木嫩，难当两申夹冲，五行无火，少制化之情，更嫌丑湿土生金，谓气浊神枯之象。初运癸卯甲辰，助其木之不足，荫庇有余；乙巳刑冲并见，刑丧破败；丙午群比争财，天干无木之化，家破身亡。,[]
滴天髓,滴天髓-0378,乙亥辛巳戊申甲寅,戊,HEAVY,REN-CAIGUAN|XIEQI-TAIZHONG|HEAVY-ROOT|ROOT-STRUCK|ROOT-GAN-PRIORITY|WANGCHONG-SHUAI|SHI-GUI-LU|ZHONGGUA-2SIDE|JIRUO-WUGEN|JIWANG-HUAIJI|JISHUAI-CONGSHENG|SHIYONG-YUELING-XIANGFU|GE-QUALITY|SHI-ZHU-JI|YONGSHEN-STRUCTURE|YONGSHEN-FINAL|ZHONG-HE,庚辰 己卯 戊寅 丁丑 丙子 乙亥天干乙辛甲戊，地支寅申巳亥，天地交战，似乎不美。然喜天干乙辛去官星之混杀，地支寅申，制杀之肆逞。巳亥逢冲，坏印本属不喜，喜在立夏后十天，戊土司令，则亥水受制而巳火不伤。中年运途，木火助印扶身，联登甲第，仕至郡守；至子运，扶起亥水，生煞坏印，不禄。,[]
滴天髓,滴天髓-0379,乙亥辛巳甲子庚午,甲,HEAVY,REN-CAIGUAN|SHISHI-BURUO|HEAVY-ROOT|BIJIE-PARTY|ROOT-STRUCK|ROOT-GAN-PRIORITY|WANGCHONG-SHUAI|ZHONGGUA-2SIDE|JIRUO-WUGEN|JIWANG-HUAIJI|GE-QUALITY|SHI-ZHU-JI|TIANGAN-XINGQING|YONGSHEN-STRUCTURE|YONGSHEN-FINAL|ZHONG-HE,庚辰 己卯 戊寅 丁丑 丙子 乙亥天干甲乙庚辛，地支巳亥子午天地交战，局中火旺水衰，印绶未尝不喜官杀之生。不知庚辛在巳午之上，与亥子茫无关切，正谓克泄交加；兼之运途不逢水地，刑耗异常，克三妻四子。至丁丑运合去子水，晦火生金，一事无成而亡。,[]
滴天髓,滴天髓-0380,辛亥庚寅丙子乙未,丙,HEAVY,REN-CAIGUAN|SHISHI-BURUO|YIN-PARTY|ROOT-STRUCK|ROOT-GAN-PRIORITY|SHI-GUI-LU|ZHONGGUA-2SIDE|RI-BEI-HE|JIRUO-WUGEN|JIWANG-HUAIJI|GE-QUALITY|CAI-RUO-SHEN-QIANG|YONGSHEN-STRUCTURE|YONGSHEN-FINAL|ZHONG-HE,己丑 戊子 丁亥 丙戌 乙酉 甲申朱中堂造，丙子日元，生于春初，火虚木嫩，用神在木，忌神在金，最喜亥水流通金怀，合寅生木为宜。时支未土，又得乙木盘根之制，去浊留清，中和纯粹。为人宽厚和平一生宦途安稳。,['中和']
滴天髓,滴天髓-0381,戊子庚申壬寅辛丑,壬,HEAVY,REN-CAIGUAN|SHISHI-BURUO|HEAVY-ROOT|YIN-PARTY|ROOT-STRUCK|ROOT-GAN-PRIORITY|WANGCHONG-SHUAI|SHI-GUI-LU|ZHONGGUA-2SIDE|JIRUO-WUGEN|JIWANG-HUAIJI|GE-QUALITY|SHI-ZHU-JI|YONGSHEN-STRUCTURE|YONGSHEN-FINAL|ZHONG-HE,辛酉 壬戌 癸亥 甲子 乙丑 丙寅壬寅日元，生于孟秋，秋水通源，重重印绶，戊丑之土，能生金，不能制水，置之不用，只得顺不之性，以寅木为用。至癸运，泄金生木入泮；亥运支类北方，云其丑土湿滞之病，又生合宣木，科甲连登，名高翰苑。所嫌者，寅申逢痩，秀气有伤，降知县。甲子水木齐业，仁路一安，乙地驼合庚助虎，罢职回家；丑运生金，不禄。,[]
滴天髓,滴天髓-0382,丁亥壬寅丙午丁酉,丙,HEAVY,REN-CAIGUAN|SHISHI-BURUO|BIJIE-PARTY|ROOT-STRUCK|ROOT-GAN-PRIORITY|HE-HUASHEN-DESHI|ZHONGGUA-2SIDE|JIRUO-WUGEN|JIWANG-HUAIJI|GE-QING|GE-QUALITY|SHI-ZHU-JI|YONGSHEN-STRUCTURE|YONGSHEN-FINAL|ZHONG-HE,辛丑 庚子 己亥 戊戌 丁酉 丙申丙午日元，生于寅月，天干两适丁飊一可知矣。壬水通根亥支，正杀印相生。所嫌者本壬寅亥支，正确样印相生，所嫌者丁壬寅亥，以致劫刃肆逞，群劫争财。初交北方金水，遗业在盛；戊戌运又会火局，克尽金不，家破身亡。,[]
滴天髓,滴天髓-0383,己亥甲戌戊寅丙辰,戊,HEAVY,REN-CAIGUAN|DESHI-BUWANG|HEAVY-ROOT|YIN-PARTY|BIJIE-PARTY|ROOT-STRUCK|ROOT-GAN-PRIORITY|HE-HUASHEN-DESHI|SHI-GUI-LU|ZHONGGUA-2SIDE|JIRUO-WUGEN|JIWANG-HUAIJI|SHIYONG-YUELING-XIANGFU|GE-QUALITY|SHI-ZHU-JI|YONGSHEN-STRUCTURE|YONGSHEN-FINAL|ZHONG-HE,癸酉 壬申 辛未 庚午 己巳 戊辰谢侍郎造，态生季秋，土司令，动尝不旺，但甲木进气，支得长生禄旺，支辰为木之余气，泄火养木，无金以制之，杀势旺矣。喜其甲己合之为宜，则日主不受其克；更妙中年运走土金，制化合宜，名高禄得。,[]
滴天髓,滴天髓-0384,丁未壬寅甲子丙寅,甲,HEAVY,REN-CAIGUAN|DESHI-BUWANG|XIEQI-TAIZHONG|HEAVY-ROOT|YIN-PARTY|ROOT-STRUCK|ROOT-GAN-PRIORITY|HE-HUASHEN-DESHI|SHI-GUI-LU|ZHONGGUA-2SIDE|JIRUO-WUGEN|JIWANG-HUAIJI|SHIYONG-YUELING-XIANGFU|GE-QUALITY|WANGJI-SIWO-SHENG|SHI-ZHU-JI|TIANGAN-XINGQING|YONGSHEN-STRUCTURE|YONGSHEN-FINAL|ZHONG-HE,辛丑 庚子 己亥 戊戌 丁酉 丙申甲木生于寅月寅时，木嫩气虚，以丙火解冻敌寒为用，以壬水克丙为忌，最喜丁壬之合化木，反生丙火。癸酉年本属不吉，喜其大运在己，能克估水，棘闱奏捷。戊运卯年发异惜限于地，未能大用。,[]
滴天髓,滴天髓-0385,丁亥壬寅甲戌甲子,甲,HEAVY,REN-CAIGUAN|DESHI-BUWANG|XIEQI-TAIZHONG|HEAVY-ROOT|YIN-PARTY|BIJIE-PARTY|ROOT-STRUCK|ROOT-GAN-PRIORITY|HE-HUASHEN-DESHI|ZHONGGUA-2SIDE|JIRUO-WUGEN|JIWANG-HUAIJI|GE-QING|GE-QUALITY|WANGJI-SIWO-SHENG|TIANGAN-XINGQING|YONGSHEN-STRUCTURE|YONGSHEN-FINAL|ZHONG-HE,辛丑 庚子 己亥 戊戌 丁酉 丙申此与前造只换一亥字，则土无水润，不能养木，甲已之合为不宜，杀无气势，劫肆逞矣。壬申运生化，虽得一衿而不第；中运又逢土金，刑妻克子，家业潜消；至巳运而卒。毫厘得里之隔也。,[]
滴天髓,滴天髓-0386,丁亥壬寅甲戌甲子,甲,HEAVY,REN-CAIGUAN|DESHI-BUWANG|XIEQI-TAIZHONG|HEAVY-ROOT|YIN-PARTY|BIJIE-PARTY|ROOT-STRUCK|ROOT-GAN-PRIORITY|HE-HUASHEN-DESHI|ZHONGGUA-2SIDE|JIRUO-WUGEN|JIWANG-HUAIJI|GE-QING|GE-QUALITY|WANGJI-SIWO-SHENG|TIANGAN-XINGQING|YONGSHEN-STRUCTURE|YONGSHEN-FINAL|ZHONG-HE,辛丑 庚子 己亥 戊戌 丁酉 丙申甲生寅月，得时当令，如用丁火，壬水合去，如用戊土，寅亥生合克戌，一生成败不一，刑耗多端。还喜中背，温饱而己。所以合之宜者，名利袷如；合之不宜者刑伤破败。,[]
滴天髓,滴天髓-0387,甲戌丙寅甲戌乙亥,甲,HEAVY,REN-CAIGUAN|DESHI-BUWANG|XIEQI-TAIZHONG|HEAVY-ROOT|BIJIE-PARTY|ROOT-STRUCK|ROOT-GAN-PRIORITY|SHI-GUI-LU|ZHONGGUA-2SIDE|JIRUO-WUGEN|JIWANG-HUAIJI|SHIYONG-YUELING-XIANGFU|GE-QING|GE-QUALITY|WANGJI-SIWO-SHENG|TIANGAN-XINGQING|YONGSHEN-STRUCTURE|YONGSHEN-FINAL|ZHONG-HE,丁卯 戊辰 己巳 庚午 辛未 壬申甲生于寅月，又得亥之生，比劫之助，年日两支之戌土虚弱，谓君盛臣衰，最喜月透丙火，顺君之性，戌得生拱之情，则上安遭遇下全。己巳运，火土并旺，科甲连登；庚是辛未，火得地，金无根，又有两火回克，庚辛不能抗君，午未足以益臣，仁至藩臬；壬申间寅克丙，逆君之性，不禄。,[]
滴天髓,滴天髓-0388,甲子甲戌甲寅乙亥,甲,HEAVY,REN-CAIGUAN|SHISHI-BURUO|HEAVY-ROOT|BIJIE-PARTY|ROOT-STRUCK|ROOT-GAN-PRIORITY|SHI-GUI-LU|ZHONGGUA-2SIDE|JIRUO-WUGEN|GE-QING|GE-QUALITY|TIANGAN-XINGQING|YONGSHEN-STRUCTURE|YONGSHEN-FINAL|ZHONG-HE,乙亥 丙子 丁丑 戊寅 己卯 庚辰甲寅日元，生于季秋，土旺用事，不比春时虚土，所以此一戌，足以抵彼之两戌。生亥时，又天干皆木，君盛臣衰，所嬚者，局中无火以行之，群比争财，无以益臣，则上安而下难全矣。初运北主水旺。助君之势，刑丧破耗，祖业不保；丁丑运，火土齐来，稍成家业；戊寅己卯无根，木临旺，回禄三次，起倒异常，刑妻克子，至卯而亡。,[]
滴天髓,滴天髓-0389,戊寅甲寅甲寅庚午,甲,HEAVY,REN-CAIGUAN|DESHI-BUWANG|HEAVY-ROOT|BIJIE-PARTY|ROOT-GAN-PRIORITY|ZHONGGUA-2SIDE|JIWANG-HUAIJI|GE-QING|GE-QUALITY|SHI-ZHU-JI|TIANGAN-XINGQING|YONGSHEN-STRUCTURE|YONGSHEN-FINAL|ZHONG-HE,乙卯 丙辰 丁巳 戊午 己未 庚申甲寅日元，年月皆寅，满盘皆木，时上庚金无根，臣盛君衰极矣。喜其午时流通木性，则戊土弱而有根，臣心顺矣，又逢丙辰、丁巳、戊午己未带土之火，生化不悖，臣顺君安。早登科甲，仕至侍郎；庚申运，不能和臣，不禄。,['衰极']
滴天髓,滴天髓-0390,癸卯乙卯甲寅辛未,甲,HEAVY,REN-CAIGUAN|HEAVY-ROOT|BIJIE-PARTY|ROOT-GAN-PRIORITY|SHI-GUI-LU|ZHONGGUA-2SIDE|JIWANG-HUAIJI|SHIYONG-YUELING-XIANGFU|GE-QING|GE-QUALITY|SHI-ZHU-JI|TIANGAN-XINGQING|YONGSHEN-STRUCTURE|YONGSHEN-FINAL|ZHONG-HE,甲寅 癸丑 壬子 辛亥 庚戌 己酉甲寅日元，年月皆卯，又透乙癸，未乃南方燥土，木之库根，非生金之土，故辛金之君，无能为矣。当存君之子，以癸水为用，运逢甲寅癸丑，遗绪丰盈；壬子辛亥，名利两优；一交庚戌，土金并旺，不能容臣犯事落职，破耗克子而亡。,[]
滴天髓,滴天髓-0391,戊午戊午戊午甲寅,戊,HEAVY,REN-CAIGUAN|SHISHI-BURUO|HEAVY-ROOT|BIJIE-PARTY|ROOT-STRUCK|ROOT-GAN-PRIORITY|SHI-GUI-LU|ZHONGGUA-2SIDE|JIWANG-HUAIJI|GE-QUALITY|CAI-RUO-SHEN-QIANG|SHI-ZHU-JI|YONGSHEN-STRUCTURE|YONGSHEN-FINAL|ZHONG-HE,己未 庚申 辛酉 壬戌 癸亥 甲子此造三逢戊午，时杀虽坐禄支，局中无水，火土燥烈，臣盛君衰，且寅午拱会，木从火势，转生日主，君恩虽重，而日主之意向，反不以甲木为念，故运走西主金地，功名显赫，甚重私情，不以君恩为念也。运逢水旺，又不能存君之子，诖误落职。,[]
滴天髓,滴天髓-0392,甲寅丙子己酉己巳,己,HEAVY,REN-CAIGUAN|SHISHI-BURUO|HEAVY-ROOT|YIN-PARTY|BIJIE-PARTY|ROOT-STRUCK|ROOT-GAN-PRIORITY|SHI-GUI-LU|ZHONGGUA-2SIDE|RI-BEI-HE|JIRUO-WUGEN|GE-QUALITY|TIANGAN-XINGQING|YONGSHEN-STRUCTURE|YONGSHEN-FINAL|ZHONG-HE,丁丑 戊寅 己卯 庚辰 辛巳 壬午己酉日元，生于仲冬，甲寅官生坐禄，子水财星当令，财旺生官，时逢印绶，此谓君臣两盛。更妙月干丙火一透，寒土向陽，转生日主，君恩重矣。早登科甲，翰苑名高。缘坐下酉金，支得巳时之拱，火生之，金卫之，水养之，而日主之力量，足以克财，故共为官重财，而忘君恩矣。,[]
滴天髓,滴天髓-0393,戊午甲寅乙卯己卯,乙,HEAVY,REN-CAIGUAN|DESHI-BUWANG|HEAVY-ROOT|TENGLUO-XIJIA|BIJIE-PARTY|ROOT-STRUCK|ROOT-GAN-PRIORITY|SHI-GUI-LU|ZHONGGUA-2SIDE|JIRUO-WUGEN|JIWANG-HUAIJI|GE-QING|GE-QUALITY|TIANGAN-XINGQING|YONGSHEN-STRUCTURE|YONGSHEN-FINAL|ZHONG-HE,乙卯 丙辰 丁巳 戊午 己未 庚申乙卯日元，生于寅月卯时，满盘皆木，只有年支午火，母旺子孤。喜其会子，寅午半会，母之性慈而向子，子亦能顺母之意，而生戊土之孙。更喜运中火土，所以少年早登虎榜，身入凤池，仁至侍郎。一交庚申，触母之性，不禄。,[]
滴天髓,滴天髓-0394,癸卯丙辰甲寅乙亥,甲,HEAVY,REN-CAIGUAN|SHISHI-BURUO|XIEQI-TAIZHONG|HEAVY-ROOT|YIN-PARTY|BIJIE-PARTY|ROOT-STRUCK|ROOT-GAN-PRIORITY|SHI-GUI-LU|ZHONGGUA-2SIDE|JIRUO-WUGEN|JIWANG-HUAIJI|JISHUAI-CONGSHENG|GE-QUALITY|TIANGAN-XINGQING|YONGSHEN-STRUCTURE|YONGSHEN-FINAL|ZHONG-HE,乙卯 甲寅 癸丑 壬子 辛亥 庚戌甲寅日元，生于季春，支类东方，一点丙火虚露，母众子孤。辰乃湿土，晦火养木，兼之癸水透干，时逢亥旺，母无慈爱恤孤之心，反有灭了之意。初运乙卯甲寅，尚有生扶爱子之情，其乐自如；一交癸丑带水之土，母心必变，子不能安，破败异常；至壬子，克绝其子，家破人离，自缢而亡。,[]
滴天髓,滴天髓-0395,癸亥乙卯甲寅乙亥,甲,HEAVY,REN-CAIGUAN|HEAVY-ROOT|YIN-PARTY|BIJIE-PARTY|ROOT-STRUCK|ROOT-GAN-PRIORITY|SHI-GUI-LU|ZHONGGUA-2SIDE|JIRUO-WUGEN|JIWANG-HUAIJI|GE-QUALITY|TIANGAN-XINGQING|YONGSHEN-STRUCTURE|YONGSHEN-FINAL|ZHONG-HE,甲寅 癸丑 壬子 辛亥 庚戌 己酉甲寅日元，生于仲春，卯亥寅亥拱合，满局皆木，则年士癸水无势，子旺母孤，其情依乎木，木之性亦依乎水，谓弱子情谐。初运甲寅癸丑，荫庇有余，早游泮水；壬子中乡榜，辛亥金水相生，由县宰迁省牧；庚戌土金并旺，母子不安，诖误落职而亡。,[]
滴天髓,滴天髓-0396,乙亥己卯甲寅甲子,甲,HEAVY,REN-CAIGUAN|DESHI-BUWANG|HEAVY-ROOT|BIJIE-PARTY|ROOT-STRUCK|ROOT-GAN-PRIORITY|ZHONGGUA-2SIDE|RI-BEI-HE|JIRUO-WUGEN|JIWANG-HUAIJI|GE-QUALITY|TIANGAN-XINGQING|YONGSHEN-STRUCTURE|YONGSHEN-FINAL|ZHONG-HE,戊寅 丁丑 丙子 乙亥 甲戌 癸酉甲寅日元，生于仲春，满局皆木，亥卯又拱，时支子水衰极，其情更依乎木。日主恋己土之私情，而不顾母。丁丑运，火土齐来，反不容母；谚云“妇不贤则家不和”，刑伤破耗。丙子火不通根，平安无咎；甲戌又逢土旺，破耗异常；乙亥癸酉，生化不悖，续妻生子，重振家声；壬申晚景愈佳，金水相生之故也。,['衰极']
滴天髓,滴天髓-0397,己丑丙寅甲子戊辰,甲,HEAVY,REN-CAIGUAN|DESHI-BUWANG|XIEQI-TAIZHONG|HEAVY-ROOT|ROOT-STRUCK|ROOT-GAN-PRIORITY|SHI-GUI-LU|ZHONGGUA-2SIDE|RI-BEI-HE|JIRUO-WUGEN|JIWANG-HUAIJI|SHIYONG-YUELING-XIANGFU|GE-QING|GE-QUALITY|WANGJI-SIWO-SHENG|SHI-ZHU-JI|TIANGAN-XINGQING|YONGSHEN-STRUCTURE|YONGSHEN-FINAL|ZHONG-HE,乙丑 甲子 癸亥 壬戌 辛酉 庚申甲子日元，生于孟春，木当令而不太过，火居相位不烈，土虽多而不燥，水虽少而不涸，金本无而暗蓄，则不受火之克，而得土之生，无争战之风，有相生之美。为人不苟，无骄谄刻薄之行，有廉恭仁厚之风。,[]
滴天髓,滴天髓-0398,己酉丁卯己卯乙丑,己,LIGHT,REN-CAIGUAN|SHISHI-BURUO|LIGHT-ROOT|BIJIE-PARTY|ROOT-STRUCK|ROOT-GAN-PRIORITY|WANGCHONG-SHUAI|SHI-GUI-LU|ZHONGGUA-2SIDE|JIRUO-WUGEN|GE-QUALITY|SHI-ZHU-JI|TIANGAN-XINGQING|YONGSHEN-STRUCTURE|YONGSHEN-FINAL|ZHONG-HE,丙寅 乙丑 甲子 癸亥 壬戌 辛酉己卯日元，生于仲春，土虚寡信，木多金缺，陰火不能生湿土，信义皆虚。且八字纯陰，一味趋炎附势，其心存损人利己之事，萌幸灾乐祸之意。,[]
滴天髓,滴天髓-0399,丙戌乙未丙子甲午,丙,HEAVY,REN-CAIGUAN|SHISHI-BURUO|YIN-PARTY|BIJIE-PARTY|ROOT-STRUCK|ROOT-GAN-PRIORITY|SHI-GUI-LU|ZHONGGUA-2SIDE|JIRUO-WUGEN|JIWANG-HUAIJI|SHIYONG-YUELING-XIANGFU|GE-QUALITY|YONGSHEN-STRUCTURE|YONGSHEN-FINAL|ZHONG-HE,丙申 丁酉 戊戌 己亥 庚子 辛丑丙生季夏，火炎土燥，天干甲乙，枯木助火之烈，更嫌子水冲激之急，偏枯混乱之象。性情乖张，处世多骄傲，且争躁如风火，顺其性千金不惜，逆其性一芥中分。因之家业破败无存。火烈而性燥者，遇金水之激。,[]
滴天髓,滴天髓-0400,丙戌甲午丙午己丑,丙,HEAVY,REN-CAIGUAN|DESHI-BUWANG|XIEQI-TAIZHONG|HEAVY-ROOT|BIJIE-PARTY|ROOT-STRUCK|ROOT-GAN-PRIORITY|ZHONGGUA-2SIDE|JIRUO-WUGEN|JIWANG-HUAIJI|SHIYONG-YUELING-XIANGFU|GE-QUALITY|WANGJI-SIWO-SHENG|SHI-ZHU-JI|YONGSHEN-STRUCTURE|YONGSHEN-FINAL|ZHONG-HE,乙未 丙申 丁酉 戊戌 乙亥 庚子丙午日元，生于午月，年月又逢甲丙，猛烈极矣，最喜丑时，干支皆湿土，能收丙之烈，能晦午之光，顺其性，悦其情，不凌下也。其人威而不猛，严而不恶，名利双辉。,[]
滴天髓,滴天髓-0401,辛巳甲午丙子甲午,丙,HEAVY,REN-CAIGUAN|DESHI-BUWANG|HEAVY-ROOT|ROOT-STRUCK|ROOT-GAN-PRIORITY|WANGCHONG-SHUAI|SHI-GUI-LU|ZHONGGUA-2SIDE|RI-BEI-HE|JIRUO-WUGEN|JIWANG-HUAIJI|SHIYONG-YUELING-XIANGFU|GE-QUALITY|YONGSHEN-STRUCTURE|YONGSHEN-FINAL|ZHONG-HE,癸巳 壬辰 辛卯 庚寅 己丑 戊子丙火生于午月午时，木从火势烈之极矣，无土以顺其性，金无根，水无源，激其猛烈之性，所以幼失父母，依兄嫂居。好勇不安分，年十六七，身材雄伟，膂力过人，好习拳棒，乐与里党无赖交游，放宕无忌，兄嫂不能禁，后因搏虎，而被虎噬。水奔而性柔者，全金木之神。,[]
滴天髓,滴天髓-0402,癸亥甲子壬申庚子,壬,HEAVY,REN-CAIGUAN|DESHI-BUWANG|XIEQI-TAIZHONG|HEAVY-ROOT|YIN-PARTY|BIJIE-PARTY|ROOT-STRUCK|ROOT-GAN-PRIORITY|SHI-GUI-LU|ZHONGGUA-2SIDE|JIRUO-WUGEN|JIWANG-HUAIJI|SHIYONG-YUELING-XIANGFU|GE-QUALITY|CAI-RUO-SHEN-QIANG|WANGJI-SIWO-SHENG|YONGSHEN-STRUCTURE|YONGSHEN-FINAL|ZHONG-HE,癸亥 壬戌 辛酉 庚申 己未 戊午壬申日元，生于子月，年时亥子，干透癸庚，其势冲奔，不可遏也。月干甲木凋枯，又被金伐之，不能纳水，反用庚金顺其气势。为人刚柔相济，仁德兼资，积学笃行，不求名誉。初运癸亥，从其旺神，荫疪大好；壬戌水不通根，戌土激之，刑丧破耗；辛酉庚申入泮补禀，又得四子，家业日增；一交己未，激其冲奔之势，连克三子，破耗异常，至戊运而亡。,[]
滴天髓,滴天髓-0403,壬寅壬子壬辰壬寅,壬,HEAVY,REN-CAIGUAN|HEAVY-ROOT|BIJIE-PARTY|ROOT-GAN-PRIORITY|ZHONGGUA-2SIDE|JIWANG-HUAIJI|GE-QING|GE-QUALITY|SHI-ZHU-JI|YONGSHEN-STRUCTURE|YONGSHEN-FINAL|ZHONG-HE,癸丑 甲寅 乙卯 丙辰 丁巳 戊午天干四壬，生于子月，冲奔之势。最喜寅时，疏其辰土之於塞，纳其壬水之旺神，所以不骄不傲，赋性颖异，读书过目不忘，为文倚马万言。甲寅入泮，乙卯登科，奈数奇不能得遂所学，至丙辰，冲激旺水，群比争财，不禄。,[]
滴天髓,滴天髓-0404,癸未癸亥壬子戊申,壬,HEAVY,REN-CAIGUAN|DESHI-BUWANG|HEAVY-ROOT|BIJIE-PARTY|ROOT-STRUCK|ROOT-GAN-PRIORITY|SHI-GUI-LU|ZHONGGUA-2SIDE|JIRUO-WUGEN|JIWANG-HUAIJI|SHIYONG-YUELING-XIANGFU|GE-QUALITY|SHI-ZHU-JI|YONGSHEN-STRUCTURE|YONGSHEN-FINAL|ZHONG-HE,壬戌 辛酉 庚申 乙未 戊午 丁巳壬子日元，生于亥月申时，年月两透癸水，只可顺其势，不可逆其流。所嫌未戊两字，激水之性，敌其为介非倒置，作事不端，无所忌惮。初运壬戌，支逢土旺，父母皆亡；辛酉庚申，泄土生水，虽无赖邪僻之行，幸免凶咎；一交己未，助土激水，一家五口，回禄烧死。木奔南而软怯。,[]
滴天髓,滴天髓-0405,庚辰壬午甲午丙寅,甲,HEAVY,REN-CAIGUAN|SHISHI-BURUO|XIEQI-TAIZHONG|HEAVY-ROOT|YIN-PARTY|ROOT-GAN-PRIORITY|SHI-GUI-LU|ZHONGGUA-2SIDE|JIWANG-HUAIJI|JISHUAI-CONGSHENG|GE-QUALITY|SHI-ZHU-JI|TIANGAN-XINGQING|YONGSHEN-STRUCTURE|YONGSHEN-FINAL|ZHONG-HE,癸未 甲申 乙酉 丙戌 丁亥 戊子甲午日元，生于午月，木奔南方，虽时逢禄旺，丙火逢生，寅午拱火，非日主有矣。最喜月透壬水以济火，然壬水庚金之生，不能克丙为用，庚金无辰土，亦不能生水。此造所妙者辰也，晦火，养木，蓄水，生金，使火不烈，木不枯，金不熔，水不涸，全赖辰之一字，得中和之象，申运壬水逢生，用乙酉金旺水生，入泮补廪而举于乡；丙戌火土并旺，服制重重；丁亥壬水得地，出宰闽中，德教并行，改成民化。所,['中和']
滴天髓,滴天髓-0406,丙戌甲午甲申丙寅,甲,HEAVY,REN-CAIGUAN|SHISHI-BURUO|XIEQI-TAIZHONG|HEAVY-ROOT|BIJIE-PARTY|ROOT-STRUCK|ROOT-GAN-PRIORITY|SHI-GUI-LU|ZHONGGUA-2SIDE|JIRUO-WUGEN|JIWANG-HUAIJI|JISHUAI-CONGSHENG|GE-QUALITY|SHI-ZHU-JI|TIANGAN-XINGQING|YONGSHEN-STRUCTURE|YONGSHEN-FINAL|ZHONG-HE,乙未 丙申 丁酉 戊戌 己亥 庚子甲申日元，生于午月，两透丙火，支会火局，木奔南方，燥土不能晦火生金，无水则申金克尽，柔软极矣。其人为昵私恩，不知大体，作事狐疑，少决断，所为心性多疑，贪小利，背大义，一事无成。金见水以流通。,[]
滴天髓,滴天髓-0407,甲申癸酉庚子乙酉,庚,HEAVY,REN-CAIGUAN|DESHI-BUWANG|XIEQI-TAIZHONG|HEAVY-ROOT|ROOT-STRUCK|ROOT-GAN-PRIORITY|HE-HUASHEN-DESHI|SHI-GUI-LU|ZHONGGUA-2SIDE|RI-BEI-HE|JIRUO-WUGEN|JIWANG-HUAIJI|SHIYONG-YUELING-XIANGFU|GE-QUALITY|CAI-RUO-SHEN-QIANG|WANGJI-SIWO-SHENG|YONGSHEN-STRUCTURE|YONGSHEN-FINAL|ZHONG-HE,甲戌 乙亥 丙子 丁丑 戊寅 己卯庚生酉月，又年时申酉，秋金锐锐，喜其坐下子水，透出癸水元神，流通金性，泄其菁华。为人任大事而布置有方，处烦杂而主张不靡，且慷慨好施，克己利人也。,[]
滴天髓,滴天髓-0408,壬申壬子庚辰丙子,庚,HEAVY,REN-CAIGUAN|XIEQI-TAIZHONG|HEAVY-ROOT|ROOT-GAN-PRIORITY|ZHONGGUA-2SIDE|JIWANG-HUAIJI|JISHUAI-CONGSHENG|SHIYONG-YUELING-XIANGFU|GE-QING|GE-QUALITY|YONGSHEN-STRUCTURE|YONGSHEN-FINAL|ZHONG-HE,癸丑 甲寅 乙卯 丙辰 丁巳 戊午庚生仲冬，天干两透壬水，支会水局，金衰水旺，本属偏象，更嫌时透丙火混局。金主义而方，水司智而圆，金多水少，智圆行方，水泛金衰，方正之气绝，圆智之心盛矣。中年运逢火土，冲激壬水之性，刑伤破耗，财散人离，半生奸诈，诱人财物，尽付东流。凡人穷达富贵，数已注定，君子乐得为君子，小人枉自为小人。最拗者西水还南。,[]
滴天髓,滴天髓-0409,癸亥庚申壬申甲辰,壬,HEAVY,REN-CAIGUAN|SHISHI-BURUO|XIEQI-TAIZHONG|HEAVY-ROOT|YIN-PARTY|BIJIE-PARTY|ROOT-STRUCK|ROOT-GAN-PRIORITY|SHI-GUI-LU|ZHONGGUA-2SIDE|JIRUO-WUGEN|JIWANG-HUAIJI|JISHUAI-CONGSHENG|SHIYONG-YUELING-XIANGFU|GE-QUALITY|CAI-RUO-SHEN-QIANG|SHI-ZHU-JI|YONGSHEN-STRUCTURE|YONGSHEN-FINAL|ZHONG-HE,己未 戊午 丁巳 丙辰 乙卯 甲寅壬申日元，生于亥年申月，亥为天门，申为天关，即天河之口，正西方之水，发源最长。所喜者，时干甲木得辰土，通根养木，足以纳水，则智之性行而为仁，礼亦备矣。为人有惊奇之品汇，无巧利之才华。中年南方火运，得甲木生化，名利两全。,[]
滴天髓,滴天髓-0410,癸亥庚申壬子丙午,壬,HEAVY,REN-CAIGUAN|SHISHI-BURUO|HEAVY-ROOT|YIN-PARTY|BIJIE-PARTY|ROOT-STRUCK|ROOT-GAN-PRIORITY|WANGCHONG-SHUAI|ZHONGGUA-2SIDE|JIRUO-WUGEN|JIWANG-HUAIJI|GE-QUALITY|SHI-ZHU-JI|YONGSHEN-STRUCTURE|YONGSHEN-FINAL|ZHONG-HE,己未 戊午 丁巳 丙辰 乙卯 甲寅壬子日元，生于申月亥年，西方之水，浩荡之势，无归纳之处，时逢丙午，冲激以逆其性。为人强拗无礼，兼这运走南方火土，家业破败无存。至午运，强人妻，被人殴死。俗以丙火为用，运逢火土为佳，不知金水同心。可顺而不可逆。须逢木运，生化有情，可免凶灾，而人亦知礼矣。至刚者东火转北。,[]
滴天髓,滴天髓-0411,丙寅甲午丙午己丑,丙,HEAVY,REN-CAIGUAN|DESHI-BUWANG|XIEQI-TAIZHONG|HEAVY-ROOT|YIN-PARTY|BIJIE-PARTY|ROOT-STRUCK|ROOT-GAN-PRIORITY|ZHONGGUA-2SIDE|JIRUO-WUGEN|JIWANG-HUAIJI|SHIYONG-YUELING-XIANGFU|GE-QUALITY|WANGJI-SIWO-SHENG|SHI-ZHU-JI|YONGSHEN-STRUCTURE|YONGSHEN-FINAL|ZHONG-HE,乙未 丙申 丁酉 戊戌 己亥 庚子丙午日元，生于午月寅年，年月又透甲丙，其焚烈炎上之势，不可遏也。最妙支在丑时，湿土收其猛烈之性，为人有容有养，骄谄不施。运逢土金，仍得丑土之化。科甲连登，仕至郡守。,[]
滴天髓,滴天髓-0412,丁卯丙午丙午庚寅,丙,HEAVY,REN-CAIGUAN|HEAVY-ROOT|BIJIE-PARTY|ROOT-STRUCK|ROOT-GAN-PRIORITY|SHI-GUI-LU|ZHONGGUA-2SIDE|JIRUO-WUGEN|JIWANG-HUAIJI|GE-QUALITY|CAI-RUO-SHEN-QIANG|YONGSHEN-STRUCTURE|YONGSHEN-FINAL|ZHONG-HE,乙巳 甲辰 癸卯 壬寅 辛丑 庚子丙午日元，生于午月，年时寅卯，庚金无根，置之不用，格成炎上；局中无土吐秀，书香不利，行伍出身。至卯运得官，壬运失职；寅运得军功，骤升都司；辛丑运生化之机无气，一交庚子，冲激午刃，又逢甲子年双冲羊刃，死于军中。顺生之机，遇击神而抗。,[]
滴天髓,滴天髓-0413,己亥丙寅甲寅壬申,甲,HEAVY,REN-CAIGUAN|DESHI-BUWANG|XIEQI-TAIZHONG|HEAVY-ROOT|YIN-PARTY|ROOT-STRUCK|ROOT-GAN-PRIORITY|WANGCHONG-SHUAI|ZHONGGUA-2SIDE|RI-BEI-HE|JIRUO-WUGEN|JIWANG-HUAIJI|SHIYONG-YUELING-XIANGFU|GE-QUALITY|WANGJI-SIWO-SHENG|SHI-ZHU-JI|TIANGAN-XINGQING|YONGSHEN-STRUCTURE|YONGSHEN-FINAL|ZHONG-HE,乙丑 甲子 癸亥 壬戌 辛酉 庚申甲寅日元，生于寅月，木旺得丙火透出，顺生之机，通辉之象，读书过目成诵。所嫌者时遇金水之击，年干己土虚脱，不制其水；兼之初运北方水地，不但功名难遂，而且破耗刑伤，一交辛酉，助水之击，合去丙火而亡。,[]
滴天髓,滴天髓-0414,庚寅戊寅甲午壬申,甲,HEAVY,REN-CAIGUAN|DESHI-BUWANG|HEAVY-ROOT|YIN-PARTY|ROOT-STRUCK|ROOT-GAN-PRIORITY|WANGCHONG-SHUAI|ZHONGGUA-2SIDE|JIRUO-WUGEN|JIWANG-HUAIJI|SHIYONG-YUELING-XIANGFU|GE-QUALITY|SHI-ZHU-JI|TIANGAN-XINGQING|YONGSHEN-STRUCTURE|YONGSHEN-FINAL|ZHONG-HE,己卯 庚辰 辛巳 壬午 癸未 甲申甲午日元，生于寅月，戊土透出，寅午拱火，顺生之机，德性慷慨，襟情磊落。亦嫌时逢金水之击，读书未售，破耗多端；兼之中运不济，有志未伸。还喜春金不旺，火土通根，体用不伤，后昆继起。逆生之序，见闲神而狂。,[]
滴天髓,滴天髓-0415,壬子辛亥甲寅甲子,甲,HEAVY,REN-CAIGUAN|SHISHI-BURUO|HEAVY-ROOT|YIN-PARTY|BIJIE-PARTY|ROOT-STRUCK|ROOT-GAN-PRIORITY|ZHONGGUA-2SIDE|JIRUO-WUGEN|JIWANG-HUAIJI|GE-QING|GE-QUALITY|TIANGAN-XINGQING|YONGSHEN-STRUCTURE|YONGSHEN-FINAL|ZHONG-HE,壬子 癸丑 甲寅 乙卯 丙辰 丁巳甲寅日元，生于亥月，水旺木坚，旺之极矣。一点辛金，从水之势，不逆其性，安而且和，逆生之序，更妙无土，不逆水性。初运北方，入泮登科；甲寅乙卯，从其旺神，出宰名区；丙辰尚有拱合之情，虽落职而免凶咎；丁巳遇闲神冲击，逆其性序而卒。,[]
滴天髓,滴天髓-0416,壬寅辛亥甲寅己巳,甲,HEAVY,REN-CAIGUAN|SHISHI-BURUO|HEAVY-ROOT|YIN-PARTY|ROOT-STRUCK|ROOT-GAN-PRIORITY|WANGCHONG-SHUAI|ZHONGGUA-2SIDE|RI-BEI-HE|JIRUO-WUGEN|JIWANG-HUAIJI|GE-QUALITY|SHI-ZHU-JI|TIANGAN-XINGQING|YONGSHEN-STRUCTURE|YONGSHEN-FINAL|ZHONG-HE,壬子 癸丑 甲寅 乙卯 丙辰 丁巳甲寅日元，生于寅年亥月，辛金顺水，不逆木性，逆生之序。所嫌巳时为闲神，火土冲克逆其性，又不能制水。初交壬子，遗绪丰盈；癸丑地支闲神结党，刑耗多端；甲寅乙卯，丁财并益；一交丙辰，助起火土，妻子皆伤，又遭回禄，自患颠狂之症，投水而亡。,[]
滴天髓,滴天髓-0417,戊戌丁巳甲寅己巳,甲,HEAVY,REN-CAIGUAN|XIEQI-TAIZHONG|HEAVY-ROOT|ROOT-STRUCK|ROOT-GAN-PRIORITY|ZHONGGUA-2SIDE|RI-BEI-HE|JIRUO-WUGEN|JIWANG-HUAIJI|JISHUAI-CONGSHENG|SHIYONG-YUELING-XIANGFU|GE-QUALITY|SHI-ZHU-JI|TIANGAN-XINGQING|YONGSHEN-STRUCTURE|YONGSHEN-FINAL|ZHONG-HE,戊午 己未 庚申 辛酉 壬戌 癸亥甲寅日元，生于巳月，丙火司令，虽坐禄支，其精泄尽，火旺木焚，喜土以行之，此衰极从弱之理。初运戊午己未，顺其火土之性，祖业颇丰，又得一衿；庚申逆火之性，泄土之气；至癸亥年，冲激火势而亡。陽明遇金，郁而多烦。,['衰极']
滴天髓,滴天髓-0418,乙丑丙戌丙午庚寅,丙,HEAVY,REN-CAIGUAN|SHISHI-BURUO|HEAVY-ROOT|YIN-PARTY|BIJIE-PARTY|ROOT-STRUCK|ROOT-GAN-PRIORITY|SHI-GUI-LU|ZHONGGUA-2SIDE|JIRUO-WUGEN|JIWANG-HUAIJI|SHIYONG-YUELING-XIANGFU|GE-QUALITY|YONGSHEN-STRUCTURE|YONGSHEN-FINAL|ZHONG-HE,乙酉 甲申 癸未 壬午 辛巳 庚辰丙火日主，支全寅午戌，食神生旺，真神得用，格局最佳。初运乙酉甲申，引通丑内藏金，家业颇丰，又得一衿。所嫌者，支会火局，时上庚金临绝，又有比肩争夺，不能作用。丑中辛金伏郁于内，是以十走秋闱不第；且少年运走南方，三遭回禄，四伤其妻，五克其子，至晚年孤贫一身。,[]
滴天髓,滴天髓-0419,壬戌丙午丙寅己丑,丙,HEAVY,REN-CAIGUAN|DESHI-BUWANG|XIEQI-TAIZHONG|HEAVY-ROOT|BIJIE-PARTY|ROOT-STRUCK|ROOT-GAN-PRIORITY|ZHONGGUA-2SIDE|JIRUO-WUGEN|JIWANG-HUAIJI|SHIYONG-YUELING-XIANGFU|GE-QUALITY|WANGJI-SIWO-SHENG|SHI-ZHU-JI|YONGSHEN-STRUCTURE|YONGSHEN-FINAL|ZHONG-HE,丁未 戊申 己酉 庚戌 辛亥 壬子丙寅日元，生地午月，支全火局，陽明之气，第此缘劫刃当权，壬水无根，置之不用，不及前造多矣。丑中辛金伏郁，所喜者，运走西北陰浊之地。出身吏部，发财十余万；异路出仕，升州牧，名利两全，而多畅遂也。陽浊藏火，包而多滞。,[]
滴天髓,滴天髓-0420,癸亥辛酉癸丑壬戌,癸,HEAVY,REN-CAIGUAN|SHISHI-BURUO|HEAVY-ROOT|YIN-PARTY|BIJIE-PARTY|ROOT-GAN-PRIORITY|ZHONGGUA-2SIDE|JIWANG-HUAIJI|SHIYONG-YUELING-XIANGFU|GE-QUALITY|SHI-ZHU-JI|TIANGAN-XINGQING|YONGSHEN-STRUCTURE|YONGSHEN-FINAL|ZHONG-HE,庚申 己未 戊午 丁巳 丙辰 乙卯陈榜眼造，癸水生于仲秋，支全酉、亥、丑为陰浊，天干三水一辛，逢戌时，陰浊藏火，亥中湿木，不能生无焰之火。喜其运走东南陽明之地，引通包藏之气，身居鼎甲，发挥素志也。,[]
滴天髓,滴天髓-0421,丁丑辛亥癸亥癸亥,癸,HEAVY,REN-CAIGUAN|HEAVY-ROOT|YIN-PARTY|BIJIE-PARTY|ROOT-STRUCK|ROOT-GAN-PRIORITY|SHI-GUI-LU|ZHONGGUA-2SIDE|JIRUO-WUGEN|JIWANG-HUAIJI|SHIYONG-YUELING-XIANGFU|GE-QUALITY|CAI-RUO-SHEN-QIANG|TIANGAN-XINGQING|YONGSHEN-STRUCTURE|YONGSHEN-FINAL|ZHONG-HE,庚戌 己酉 戊申 丁未 丙午 乙巳地支三亥一丑，天干二癸一丁，陰浊之至，年干丁火，不能包藏，虚而无焰，亥中甲木，无从引助，喜其运走南方陽明这地，又逢丙午丁未流年，科甲连登，仁至观察,[]
滴天髓,滴天髓-0422,辛丑己亥辛酉癸巳,辛,HEAVY,REN-CAIGUAN|SHISHI-BURUO|XIEQI-TAIZHONG|HEAVY-ROOT|YIN-PARTY|BIJIE-PARTY|ROOT-GAN-PRIORITY|WANGCHONG-SHUAI|ZHONGGUA-2SIDE|JIWANG-HUAIJI|JISHUAI-CONGSHENG|GE-QUALITY|SHI-ZHU-JI|YONGSHEN-STRUCTURE|YONGSHEN-FINAL|ZHONG-HE,戊戌 丁酉 丙申 乙未 甲午 癸巳支全丑、亥、酉，月干湿土逢辛癸陰浊之气，时支巳火，本可暖局，大象似比前造更美，不知己酉丑全金局，则亥中甲木受伤，巳火丑土之财官，竟化枭而生劫矣。纵运火土，不能援引，出家为僧。羊刃局，战则逞威，弱则怕事；伤官格，清则谦和，浊则刚猛。用神多者，情性不常；时支柘者，虎头蛇尾。,[]
滴天髓,滴天髓-0423,丙寅甲午丙申壬辰,丙,HEAVY,REN-CAIGUAN|DESHI-BUWANG|HEAVY-ROOT|YIN-PARTY|BIJIE-PARTY|ROOT-STRUCK|ROOT-GAN-PRIORITY|ZHONGGUA-2SIDE|JIRUO-WUGEN|JIWANG-HUAIJI|GE-QUALITY|SHI-ZHU-JI|YONGSHEN-STRUCTURE|YONGSHEN-FINAL|ZHONG-HE,乙未 丙申 丁酉 戊戌 己亥 庚子丙火生于午月，陽刃局逢寅申，生拱又逢比助，旺可知矣。最喜辰时，壬水透露更妙，申辰泄火生金而拱水，正得既济，所以早登科甲，仕版连登，掌兵刑重伤，执生杀大权。,[]
滴天髓,滴天髓-0424,丙申甲午丙寅壬辰,丙,HEAVY,REN-CAIGUAN|DESHI-BUWANG|HEAVY-ROOT|YIN-PARTY|BIJIE-PARTY|ROOT-STRUCK|ROOT-GAN-PRIORITY|ZHONGGUA-2SIDE|JIRUO-WUGEN|JIWANG-HUAIJI|GE-QUALITY|SHI-ZHU-JI|YONGSHEN-STRUCTURE|YONGSHEN-FINAL|ZHONG-HE,乙未 丙申 丁酉 戊戌 己亥 庚子此与前八字皆同，前则坐下申金，生拱壬水有情，此则申在年支远隔，又被比劫所夺，至申运生杀，又甲子流年会成杀局，冲去羊刃，中乡榜，以后一阻云程，与前造天渊之隔者，申金不接壬水之气也。,[]
滴天髓,滴天髓-0425,戊子戊午丙辰戊戌,丙,HEAVY,REN-CAIGUAN|DESHI-BUWANG|XIEQI-TAIZHONG|HEAVY-ROOT|ROOT-STRUCK|ROOT-GAN-PRIORITY|WANGCHONG-SHUAI|SHI-GUI-LU|ZHONGGUA-2SIDE|JIRUO-WUGEN|JIWANG-HUAIJI|SHIYONG-YUELING-XIANGFU|GE-QUALITY|WANGJI-SIWO-SHENG|SHI-ZHU-JI|YONGSHEN-STRUCTURE|YONGSHEN-FINAL|ZHONG-HE,己未 庚申 辛酉 壬戌 癸亥 甲子丙日午提，刃强当令，子冲之，辰泄之，弱可知矣。天干三戊，窃日主之精华；兼之运走西北金水这地，则羊刃更受其敌，不便功名蹭蹬，而且 财源鲜聚。至甲寅年 ，会火焗，疏厚土，恩科发榜。,[]
滴天髓,滴天髓-0426,庚午乙酉庚午壬午,庚,HEAVY,REN-CAIGUAN|HEAVY-ROOT|BIJIE-PARTY|ROOT-GAN-PRIORITY|HE-HUASHEN-DESHI|ZHONGGUA-2SIDE|RI-BEI-HE|JIRUO-WUGEN|JIWANG-HUAIJI|GE-QUALITY|CAI-RUO-SHEN-QIANG|WANGJI-SIWO-SHENG|SHI-ZHU-JI|YONGSHEN-STRUCTURE|YONGSHEN-FINAL|ZHONG-HE,丙戌 丁亥 戊子 己丑 庚寅 辛卯和中堂造，庚生种秋，支中官星三见，则酉金是刃受制，五行无土，弱可知矣。喜其时上壬水为辅，吐其秀气，所以聪明，权势为最。第月干乙木透露，恋财而争合，一生所爱者财，不知急流勇退。但财临刃地，日在官乡，官能制刃财必生官，官为君象，故运走庚寅，金逢绝地，官得生拱，其财仍归官矣。由此观之，财乃害人之物，所谓欲不除，似蛾扑灯，焚身乃止；如猩嗜洒，鞭血方休。悔无及矣。,[]
滴天髓,滴天髓-0427,己丑丙子壬辰戊申,壬,HEAVY,REN-CAIGUAN|DESHI-BUWANG|HEAVY-ROOT|ROOT-STRUCK|ROOT-GAN-PRIORITY|SHI-GUI-LU|ZHONGGUA-2SIDE|JIRUO-WUGEN|JIWANG-HUAIJI|GE-QING|GE-QUALITY|CAI-RUO-SHEN-QIANG|SHI-ZHU-JI|YONGSHEN-STRUCTURE|YONGSHEN-FINAL|ZHONG-HE,乙亥 甲戌 癸酉 壬申 辛未 庚午印提台造，壬不生于子月，官杀并透通根，全赖支会水局，助起羊刃，谓杀刃两旺。惜乎无木，秀气未哇，身出寒微。喜其丙敌寒解冻，为人宽厚和平，行伍出身。癸酉运助刃帮身，得官；壬申运，正谓一岁九迁，仕至极品；一交未运制刃，至丁丑年火土并旺，又克合子水，不禄。,[]
滴天髓,滴天髓-0428,辛卯乙未甲子庚午,甲,HEAVY,REN-CAIGUAN|SHISHI-BURUO|BIJIE-PARTY|ROOT-STRUCK|ROOT-GAN-PRIORITY|ZHONGGUA-2SIDE|JIRUO-WUGEN|JIWANG-HUAIJI|SHIYONG-YUELING-XIANGFU|GE-QUALITY|SHI-ZHU-JI|TIANGAN-XINGQING|YONGSHEN-STRUCTURE|YONGSHEN-FINAL|ZHONG-HE,甲午 癸巳 壬辰 辛卯 庚寅 己丑稽中堂造，甲子日元，生于未月午时，谓夏木逢水，伤官佩印。所喜者卯木克住未土，则子水不受其伤，足以冲午有病得药，去浊留清。天干甲乙庚辛，各立门户，不作混论，乃滋印之喜神。更妙运走东北水木之地，体有合宜，一生宦途平顺。,[]
滴天髓,滴天髓-0429,庚午壬午甲戌庚午,甲,NONE,SHAZHONG-SHENQING|ZHONGGUA-2SIDE|WUGEN-YOUFU|JISHUAI-CONGSHENG|SHIYONG-YUELING-XIANGFU|GE-QUALITY|YUN-SHENG-ROOT|SHI-ZHU-JI|TIANGAN-XINGQING|YONGSHEN-STRUCTURE|YONGSHEN-FINAL,癸未 甲申 乙酉 丙戌 丁亥 戊子甲木生于午月，支中三午一戌，火炎土燥，伤官肆逞，月壬水无根，全赖庚金滋水，所以科甲联合。其仕路蹭蹬者，只因地支皆火，无干金水，木无托根之地，神有余而足之故也。,[]
滴天髓,滴天髓-0430,甲子丙子庚辰庚辰,庚,NONE,CAIDUO-SHENRUAN|ZHONGGUA-2SIDE|JIRUO-WUGEN|WUGEN-YOUFU|SHIYONG-YUELING-XIANGFU|GE-QUALITY|YUN-SHENG-ROOT|SHI-ZHU-JI|YONGSHEN-STRUCTURE|YONGSHEN-FINAL,丁丑 戊寅 己卯 庚辰 辛巳 壬午周侍朗造，庚金生于仲冬，金水寒冻，月干丙火，得年之甲木生扶，解其寒冻之气，谓冬金得火。但子辰双拱，日元必虚，用神不在丙火而在辰土，比肩佐之，所以运至庚辰辛巳，仕版连登。,[]
滴天髓,滴天髓-0431,丁巳壬子辛巳丁酉,辛,HEAVY,REN-CAIGUAN|XIEQI-TAIZHONG|HEAVY-ROOT|ROOT-STRUCK|ROOT-GAN-PRIORITY|SHI-GUI-LU|ZHONGGUA-2SIDE|JIRUO-WUGEN|JIWANG-HUAIJI|JISHUAI-CONGSHENG|GE-QING|GE-QUALITY|CAI-RUO-SHEN-QIANG|YONGSHEN-STRUCTURE|YONGSHEN-FINAL|ZHONG-HE,辛亥 庚戌 己酉 戊申 丁未 丙午熊中丞学鹏造，辛金生于仲冬，金寒不冷，遇于泄扫，全赖酉时扶身，己酉拱而佐这。天干丁火，不过取其敌寒解冻，非用丁火也。用神必在酉金，故运至土金之地，仁路显赫，一交丁未败事矣。凡冬金喜火取其暖局之意，非作用神也。,[]
滴天髓,滴天髓-0432,癸未甲寅戊戌庚申,戊,HEAVY,REN-CAIGUAN|XIEQI-TAIZHONG|HEAVY-ROOT|ROOT-STRUCK|ROOT-GAN-PRIORITY|WANGCHONG-SHUAI|SHI-GUI-LU|ZHONGGUA-2SIDE|RI-BEI-HE|JIRUO-WUGEN|JISHUAI-CONGSHENG|SHIYONG-YUELING-XIANGFU|GE-QUALITY|SHI-ZHU-JI|YONGSHEN-STRUCTURE|YONGSHEN-FINAL|ZHONG-HE,戊生寅月，木旺土虚，喜其坐戌通根，足以用金制杀。况庚金办坐禄支，力能伐木，所谓不太过者宜克也。虽年干癸水生杀，得未土制之，使其不能生木，喜者有扶，憎者得去，五行和矣。且一路运程与体用不背，寿至九旬，耳目聪明，行止自如。子旺孙多，名利福寿俱全，一世无灾无病。,[]
滴天髓,滴天髓-0433,甲寅庚午戊寅甲寅,戊,HEAVY,REN-CAIGUAN|HEAVY-ROOT|ROOT-GAN-PRIORITY|SHI-GUI-LU|ZHONGGUA-2SIDE|JIWANG-HUAIJI|GE-QING|GE-QUALITY|CAI-RUO-SHEN-QIANG|SHI-ZHU-JI|YONGSHEN-STRUCTURE|YONGSHEN-FINAL|ZHONG-HE,辛未 壬申 癸酉 甲戌 乙亥 丙子局中七杀五见，一庚临午无根，所谓弱神无根，宜去之，旺神太过，宜泄之也。且午火则和矣。喜其午火当令，全无水气，虽运逢金水，不能破局而无疑。运走木火，名利两全。此因神足，精气自生，是以富贵福寿，一世无灾，子广孙多，后嗣济美。,[]
滴天髓,滴天髓-0434,甲子丙子癸亥乙卯,癸,HEAVY,REN-CAIGUAN|DESHI-BUWANG|XIEQI-TAIZHONG|HEAVY-ROOT|ROOT-STRUCK|ROOT-GAN-PRIORITY|SHI-GUI-LU|ZHONGGUA-2SIDE|JIRUO-WUGEN|JIWANG-HUAIJI|GE-QUALITY|CAI-RUO-SHEN-QIANG|WANGJI-SIWO-SHENG|TIANGAN-XINGQING|YONGSHEN-STRUCTURE|YONGSHEN-FINAL|ZHONG-HE,丁丑 戊寅 己卯 庚辰 辛巳 壬午癸亥日元，年月坐子，旺可知矣。最喜卯时泄其菁英，里发于表，木气有余，火虚得用，谓精足神旺。喜其无土金之杂，有土则火泄，不能止水，反与木不和，有金则木损，更助共汪洋。其一生无灾者，缘无土金之混也。年登耄耋。而饮啖愈壮，耳目聪明，步履康健，见者疑五十许人，名利两全，子孙众多。血气乱者，生平多疾。,[]
滴天髓,滴天髓-0435,丙申乙未丁未庚戌,丁,LIGHT,REN-CAIGUAN|SHISHI-BURUO|LIGHT-ROOT|YIN-PARTY|BIJIE-PARTY|ROOT-STRUCK|ROOT-GAN-PRIORITY|SHI-GUI-LU|ZHONGGUA-2SIDE|JIRUO-WUGEN|SHIYONG-YUELING-XIANGFU|GE-QING|GE-QUALITY|SHI-ZHU-JI|TIANGAN-XINGQING|YONGSHEN-STRUCTURE|YONGSHEN-FINAL|ZHONG-HE,丙申 丁酉 戊戌 己亥 庚子 辛丑丁生季夏，未戌燥土，不能晦火生金，丙火足以焚木克金，则土愈燥而不泄。申中壬水涸而精必枯，故初患痰火。亥运水不敌火，反能生木助火，正杯水车薪，火势愈烈，吐血而亡。,[]
滴天髓,滴天髓-0436,壬寅丁未丙申甲午,丙,HEAVY,REN-CAIGUAN|SHISHI-BURUO|YIN-PARTY|BIJIE-PARTY|ROOT-STRUCK|ROOT-GAN-PRIORITY|SHI-GUI-LU|ZHONGGUA-2SIDE|JIRUO-WUGEN|JIWANG-HUAIJI|SHIYONG-YUELING-XIANGFU|GE-QUALITY|YONGSHEN-STRUCTURE|YONGSHEN-FINAL|ZHONG-HE,戊申 己酉 庚戌 辛亥 壬子 癸丑丙火生于未月午时，年干壬水无根，申金远隔，本不能生水，又被寅冲午劫，则肺气愈亏。兼之丁壬相合化木，从火则心火愈旺，肾水必涸，所以病犯遗泄，又有痰漱。至戌运全会火局，肺愈绝，肾水燥，吐血而亡。,[]
滴天髓,滴天髓-0437,甲辰丙寅丙寅壬辰,丙,HEAVY,REN-CAIGUAN|SHISHI-BURUO|HEAVY-ROOT|YIN-PARTY|BIJIE-PARTY|ROOT-GAN-PRIORITY|ZHONGGUA-2SIDE|JIWANG-HUAIJI|SHIYONG-YUELING-XIANGFU|GE-QUALITY|CAI-RUO-SHEN-QIANG|SHI-ZHU-JI|YONGSHEN-STRUCTURE|YONGSHEN-FINAL|ZHONG-HE,丁卯 戊辰 己巳 庚午 辛未 壬申木当令，火逢生，辰本湿土，能蓄水，被丙寅所克，脾胃受伤，肺金自绝，木多渗水，而肾水亦枯。至庚运，木旺金缺，金水并见，木火金肆逞矣，吐血而亡。此造木火同心，可顺而不可逆，反以壬水为忌，故初逢丁卯、戊辰、己巳等运，反无碍。忌神入五脏而病凶。,[]
滴天髓,滴天髓-0438,庚寅己丑丙子乙未,丙,HEAVY,REN-CAIGUAN|SHISHI-BURUO|XIEQI-TAIZHONG|HEAVY-ROOT|YIN-PARTY|ROOT-STRUCK|ROOT-GAN-PRIORITY|SHI-GUI-LU|ZHONGGUA-2SIDE|JIRUO-WUGEN|JIWANG-HUAIJI|JISHUAI-CONGSHENG|SHIYONG-YUELING-XIANGFU|GE-QUALITY|YONGSHEN-STRUCTURE|YONGSHEN-FINAL|ZHONG-HE,庚寅 辛卯 壬辰 癸巳 甲午 乙未丙火生于季冬，坐下子水，火虚无焰，用神在木。木本凋柘，虽处两陽，萌芽未动，庚透临绝，为病甚浅，所嫌者月支丑土，使庚金通根，丑内藏辛，正忌神深入五脏，又己土乃庚金嫡母，晦火生金，足以破寅。子水为肾，丑合之不能生木，化土反能助金，丑土之为病，不但生金，抑且移累于水，是以病患肚肾两亏。至卯运，能破丑土，名列宫墙；乙运庚合，巳丑拱金，虚损之症，不治而亡。,[]
滴天髓,滴天髓-0439,丁亥辛亥辛未壬辰,辛,NONE,SHAZHONG-SHENQING|XIEQI-TAIZHONG|ZHONGGUA-2SIDE|WUGEN-YOUFU|JISHUAI-CONGSHENG|GE-QUALITY|YUN-SHENG-ROOT|SHI-ZHU-JI|YONGSHEN-STRUCTURE|YONGSHEN-FINAL,庚戌 己酉 戊申 丁未 丙午 乙巳辛金生于孟冬，丁火克去比肩，日主孤立无助，伤官透而当令，窃去命主元神，用神在土不在火也。未为木之库根，辰乃木之余气，皆藏乙木之忌；年月两亥，又是木之生地，亥未拱木，此忌神入五脏归六腑。由此论之，谓脾虚肾泄，其病患头眩遗泄，又更盛于胃腕痛，无十日之安。至己酉运，日主逢禄，采芹得子，戊运克去壬水补廪；申运壬不逢生，病势愈重，丁运日主受伤而卒。观上两造，其病症与八字五行,[]
滴天髓,滴天髓-0440,壬辰甲辰庚午丙戌,庚,LIGHT,REN-CAIGUAN|XIEQI-TAIZHONG|LIGHT-ROOT|ROOT-STRUCK|ROOT-GAN-PRIORITY|SHI-GUI-LU|ZHONGGUA-2SIDE|JIRUO-WUGEN|JISHUAI-CONGSHENG|SHIYONG-YUELING-XIANGFU|GE-QUALITY|SHI-ZHU-JI|YONGSHEN-STRUCTURE|YONGSHEN-FINAL|ZHONG-HE,乙巳 丙午 丁未 戊申 己酉 庚戌 辛亥庚午日元，生于辰月戌时，春金杀旺，用神在土。月干甲木，本是客神，得两土，所以脾胃无病，然熬水炼金，而患弱症。至戊申运，土金并旺，局以木为病，木主风，金能克木；接连己酉庚与三十载，发财十余万，辛亥运金不通根，木得长生，忽患风疾而卒。,[]
滴天髓,滴天髓-0441,癸丑戊午壬寅庚戌,壬,LIGHT,REN-CAIGUAN|SHISHI-BURUO|LIGHT-ROOT|YIN-PARTY|BIJIE-PARTY|ROOT-STRUCK|ROOT-GAN-PRIORITY|HE-HUASHEN-DESHI|ZHONGGUA-2SIDE|JIRUO-WUGEN|SHIYONG-YUELING-XIANGFU|GE-QUALITY|SHI-ZHU-JI|YONGSHEN-STRUCTURE|YONGSHEN-FINAL|ZHONG-HE,丁巳 丙辰 乙卯 甲寅 癸丑 壬子壬寅日元，生于五月戌时，杀旺又逢财局，杀愈肆逞，所以客神不在午火，反在寅木，助其火势；客神又化忌神，戊癸化火，则金水相伤。运至乙卯，金水临绝，得肺肾两亏之症，声哑而嗽，于甲戌年正月木火并旺而卒。,[]
滴天髓,滴天髓-0442,乙亥庚辰丙子庚寅,丙,HEAVY,REN-CAIGUAN|SHISHI-BURUO|HEAVY-ROOT|YIN-PARTY|ROOT-STRUCK|ROOT-GAN-PRIORITY|SHI-GUI-LU|ZHONGGUA-2SIDE|JIRUO-WUGEN|JIWANG-HUAIJI|SHIYONG-YUELING-XIANGFU|GE-QING|GE-QUALITY|CAI-RUO-SHEN-QIANG|YONGSHEN-STRUCTURE|YONGSHEN-FINAL|ZHONG-HE,己卯 戊寅 丁丑 丙子 乙亥 甲戌丙子日元，生于季春，湿土司令，蓄水养木，用神在木，得亥之生，辰之余，寅之助。乙木虽与庚金合而不化，庚金浮露天干为客神，不能深入脏腑，而游六经也。水为精，亥子两见，辰又拱而蓄之，木余为气，春令有余，寅亥生合火为旺神，时在五陽进气，通根年月，气贯生时，精气神三者俱足，则邪气无从而入。行运又不背，一生无疾，名利裕如。惟土虚湿，又金以泄之，所以脾胃虚寒，不免泄泻之病耳。木,[]
滴天髓,滴天髓-0443,丁亥丁未乙亥己卯,乙,HEAVY,REN-CAIGUAN|XIEQI-TAIZHONG|HEAVY-ROOT|ROOT-GAN-PRIORITY|SHI-GUI-LU|ZHONGGUA-2SIDE|JISHUAI-CONGSHENG|SHIYONG-YUELING-XIANGFU|GE-QUALITY|TIANGAN-XINGQING|YONGSHEN-STRUCTURE|YONGSHEN-FINAL|ZHONG-HE,丙午 乙巳 甲辰 癸卯 壬寅 辛丑乙木生于未月，休囚之位，年月两透丁火，泄气太过。最喜时禄通根，则受亥水之生，润其燥烈之土；更妙会局帮身，通辉之象。至甲辰运，虎榜居首，科甲连登，格取食神用印也。,[]
滴天髓,滴天髓-0444,丙戌乙未乙巳丁亥,乙,LIGHT,REN-CAIGUAN|SHISHI-BURUO|XIEQI-TAIZHONG|LIGHT-ROOT|BIJIE-PARTY|ROOT-STRUCK|ROOT-GAN-PRIORITY|ZHONGGUA-2SIDE|JIRUO-WUGEN|JISHUAI-CONGSHENG|GE-QUALITY|TIANGAN-XINGQING|YONGSHEN-STRUCTURE|YONGSHEN-FINAL|ZHONG-HE,丙申 丁酉 戊戌 己亥 庚子 辛丑乙木生于未月，干透丙丁，通根巳戌，发泄太过，不受水生，反以亥水为病，格成顺局从儿。初交丙申丁酉，得丙丁盖头，平顺之境；戊戌运克尽亥水，名利两得；至己亥水地，病患膨胀。只因四柱火旺又逢燥土，水无所归，故得此病而亡。土不受火者气伤。,[]
滴天髓,滴天髓-0445,己巳辛未戊戌己未,戊,HEAVY,REN-CAIGUAN|DESHI-BUWANG|XIEQI-TAIZHONG|HEAVY-ROOT|BIJIE-PARTY|ROOT-STRUCK|ROOT-GAN-PRIORITY|SHI-GUI-LU|ZHONGGUA-2SIDE|JIRUO-WUGEN|JIWANG-HUAIJI|SHIYONG-YUELING-XIANGFU|GE-QING|GE-QUALITY|CAI-RUO-SHEN-QIANG|WANGJI-SIWO-SHENG|SHI-ZHU-JI|YONGSHEN-STRUCTURE|YONGSHEN-FINAL|ZHONG-HE,庚午 己巳 戊辰 丁卯 丙寅 乙丑戊土生于未月，重叠厚土，喜其天干无火，辛金透出，谓里发于表，其精华皆在辛金。运走己巳戊辰，生金有情，名利裕如。丁卯运辛金受伤，地支火土并旺，不能疏土，反从火势，则土愈旺，辛属肺，肺受伤，血脉不能流通，病患气血两亏两亡。,[]
滴天髓,滴天髓-0446,庚辰己丑己亥壬申,己,HEAVY,REN-CAIGUAN|DESHI-BUWANG|XIEQI-TAIZHONG|HEAVY-ROOT|BIJIE-PARTY|ROOT-STRUCK|ROOT-GAN-PRIORITY|ZHONGGUA-2SIDE|JIRUO-WUGEN|JIWANG-HUAIJI|GE-QUALITY|WANGJI-SIWO-SHENG|SHI-ZHU-JI|TIANGAN-XINGQING|YONGSHEN-STRUCTURE|YONGSHEN-FINAL|ZHONG-HE,庚寅 辛卯 壬辰 癸巳 甲午 乙未己亥日元，生于丑月虚湿之地，辰丑蓄水藏金，庚壬透而通根，只得任其虚湿之气，反以水为用而从财也。初运庚寅辛卯，天干逢金生水，地支遇水克土，荫疪有余；壬辰癸巳，不但财业日增，抑且名列宫墙；巳运克妻破财。此造四柱无火，得申时壬水逢生，格成假从财，故遗业丰厚，读书入学，妻子两全，若一见火，为财多身弱，一事无成。至甲午运，木无根而从火，己巳年火土并旺，气血必伤，病患肠胃血症,['身弱']
滴天髓,滴天髓-0447,壬辰壬子辛酉己丑,辛,HEAVY,REN-CAIGUAN|SHISHI-BURUO|XIEQI-TAIZHONG|HEAVY-ROOT|YIN-PARTY|ROOT-STRUCK|ROOT-GAN-PRIORITY|SHI-GUI-LU|ZHONGGUA-2SIDE|JIRUO-WUGEN|JIWANG-HUAIJI|JISHUAI-CONGSHENG|SHIYONG-YUELING-XIANGFU|GE-QING|GE-QUALITY|YONGSHEN-STRUCTURE|YONGSHEN-FINAL|ZHONG-HE,癸丑 甲寅 乙卯 丙辰 丁巳 戊午辛金生于仲冬，金水伤官，局中全无火气，金寒水冷，土湿而冻，初患冷漱。然伤官佩印，格局纯清，读书过目成诵，早年入泮。甲寅乙卯，泄水之气，家业大增；至丙辰运，水火相克而得疾，丙寅年火金旺，水愈激，竟成弱症而亡。,[]
滴天髓,滴天髓-0448,己丑丙子辛酉壬辰,辛,HEAVY,REN-CAIGUAN|SHISHI-BURUO|XIEQI-TAIZHONG|HEAVY-ROOT|YIN-PARTY|ROOT-STRUCK|ROOT-GAN-PRIORITY|HE-HUASHEN-DESHI|ZHONGGUA-2SIDE|RI-BEI-HE|JIRUO-WUGEN|JIWANG-HUAIJI|JISHUAI-CONGSHENG|SHIYONG-YUELING-XIANGFU|GE-QING|GE-QUALITY|SHI-ZHU-JI|YONGSHEN-STRUCTURE|YONGSHEN-FINAL|ZHONG-HE,乙亥 甲戌 癸酉 壬申 辛未 庚午金水伤官，丙火透露，去其寒凝，故无冷嗽之病；癸酉入学补廪，而举于乡，问曰：金水伤官喜官星，何以癸酉水之运而得功名？余曰：金水伤官喜火，不过要其暖局，非取以为用也。取火为用者，十无一二，取水为用者十有八九；取火者必要木火齐来，又要日元旺相，此造日元虽旺，局中少木，虚火无根，必以水为用神也。壬申运由教习得知县，辛未支丁丑年，火土并旺，合取壬水，子水亦伤，得疾而亡。,['旺相']
滴天髓,滴天髓-0449,甲戌丙子庚子丙戌,庚,LIGHT,REN-CAIGUAN|LIGHT-ROOT|ROOT-GAN-PRIORITY|SHI-GUI-LU|ZHONGGUA-2SIDE|JIRUO-WUGEN|GE-QING|GE-QUALITY|SHI-ZHU-JI|YONGSHEN-STRUCTURE|YONGSHEN-FINAL|ZHONG-HE,丁丑 戊寅 己卯 庚辰 辛巳 壬午庚金生于子，丙火并透，地支两戌燥土，乃丙这库根，又得甲木生丙，过于热也。运至戊寅己卯，而患谈火之症；庚辰经肩帮身，支逢湿土，其病勿药而愈，加捐出仕辛巳长生之地，名利两全。其不用火者，身衰之故也。凡金水伤官用火，必要身旺逢财，中和用水，衰弱有土也。,"['身旺', '身衰', '衰弱', '中和']"
滴天髓,滴天髓-0450,己巳庚午己亥丙寅,己,HEAVY,REN-CAIGUAN|SHISHI-BURUO|XIEQI-TAIZHONG|HEAVY-ROOT|YIN-PARTY|BIJIE-PARTY|ROOT-STRUCK|ROOT-GAN-PRIORITY|WANGCHONG-SHUAI|ZHONGGUA-2SIDE|JIRUO-WUGEN|JIWANG-HUAIJI|JISHUAI-CONGSHENG|GE-QUALITY|SHI-ZHU-JI|TIANGAN-XINGQING|YONGSHEN-STRUCTURE|YONGSHEN-FINAL|ZHONG-HE,己巳 戊辰 丁卯 丙寅 乙丑 甲子己土生于仲夏，火土印绶，已本湿土，又坐下亥水，丙火透而逢生，年月又逢禄旺，此之谓热，非燥也。寅亥化生火，夏日可畏；兼之运走东南木地，风属木，故患风疾。且巳亥本陰用陽也，得午助，心与小肠愈旺，亥逢寅泄，庚金不能下生，肾气愈亏，又患遣泄之症，幸善调养，而病势无增，至乙丑运转北方，前病皆愈甲子癸亥水地，老而益壮，又纳妾生子，发财数万。,[]
滴天髓,滴天髓-0451,辛未戊戌戊戌丁巳,戊,HEAVY,REN-CAIGUAN|DESHI-BUWANG|XIEQI-TAIZHONG|HEAVY-ROOT|YIN-PARTY|BIJIE-PARTY|ROOT-STRUCK|ROOT-GAN-PRIORITY|SHI-GUI-LU|ZHONGGUA-2SIDE|JIRUO-WUGEN|JIWANG-HUAIJI|SHIYONG-YUELING-XIANGFU|GE-QING|GE-QUALITY|CAI-RUO-SHEN-QIANG|WANGJI-SIWO-SHENG|YONGSHEN-STRUCTURE|YONGSHEN-FINAL|ZHONG-HE,丁酉 丙申 乙未 甲午 癸巳 壬辰戊土生于戌月，未戌皆带火燥土，时逢丁巳，火土印绶，戌本燥土，又助其凶，时在季秋，此之谓燥，非热也。年干辛金，丁火劫之，辛属肺，燥土不能生金。初患痰症，肺家受伤之故也。其不致不害者，运走丙申丁酉，西方金地。至乙未甲午，木火相生，土愈燥，竟得蛇皮疯，所谓皮痒也。癸巳运水无根，不能克火及激其焰，其疾卒以亡身。此火土逼干癸水，肾家绝也。,[]
滴天髓,滴天髓-0452,己丑丁丑己亥乙丑,己,LIGHT,REN-CAIGUAN|DESHI-BUWANG|LIGHT-ROOT|BIJIE-PARTY|ROOT-GAN-PRIORITY|SHI-GUI-LU|ZHONGGUA-2SIDE|JIRUO-WUGEN|SHIYONG-YUELING-XIANGFU|GE-QING|GE-QUALITY|SHI-ZHU-JI|TIANGAN-XINGQING|YONGSHEN-STRUCTURE|YONGSHEN-FINAL|ZHONG-HE,丙子 乙亥 甲戌 癸酉 壬申 辛未己土生于季冬，支逢三丑，日主本旺，过于寒湿，丁火无根，不能去其寒湿之气。乙木凋枯，置之不用，书香难就；己土属脾，寒而且湿，故幼多疮毒。癸酉壬申运，财虽大旺，两脚寒湿疮。数十年不愈，又中气大亏，亦乙木凋柘之意也。,[]
滴天髓,滴天髓-0453,丙戌己亥甲戌庚午,甲,HEAVY,REN-CAIGUAN|XIEQI-TAIZHONG|HEAVY-ROOT|ROOT-GAN-PRIORITY|ZHONGGUA-2SIDE|RI-BEI-HE|JIRUO-WUGEN|JIWANG-HUAIJI|JISHUAI-CONGSHENG|GE-QING|GE-QUALITY|SHI-ZHU-JI|TIANGAN-XINGQING|YONGSHEN-STRUCTURE|YONGSHEN-FINAL|ZHONG-HE,庚子 辛丑 壬寅 癸卯 甲辰 乙巳甲木生于亥月，印虽当令，四柱土多克水，天干庚金无根，又与亥水远隔，戌中辛金郁而爱騻，午丙引出戌中丁火，亥水被戌土制定，不能克火，所谓郁火金也。庚为大肠，丙火克之；辛为肺，午火攻之；壬为膀胱，戌土伤之，谓火毒攻内。甲辰运木又生火，冲戌中辛金，被午克之，生肺疽而亡。,[]
滴天髓,滴天髓-0454,庚寅癸未甲午甲戌,甲,HEAVY,REN-CAIGUAN|SHISHI-BURUO|BIJIE-PARTY|ROOT-STRUCK|ROOT-GAN-PRIORITY|ZHONGGUA-2SIDE|JIRUO-WUGEN|JIWANG-HUAIJI|SHIYONG-YUELING-XIANGFU|GE-QING|GE-QUALITY|SHI-ZHU-JI|TIANGAN-XINGQING|YONGSHEN-STRUCTURE|YONGSHEN-FINAL|ZHONG-HE,甲申 乙酉 丙戌 丁亥 戊子 己丑木火伤官用印，得庚金贴身，生癸水之印，纯粹可观，读书过目不忘。惜庚癸两字，地支不载，又嫌戌时会起火局，不例题金不柘伤，而且火能热木，命主元神泄尽。幼成弱症，肺肾两亏，至丙戌运，逼水克金而夭。,[]
滴天髓,滴天髓-0455,癸酉乙卯庚戌戊寅,庚,HEAVY,REN-CAIGUAN|SHISHI-BURUO|HEAVY-ROOT|YIN-PARTY|ROOT-STRUCK|ROOT-GAN-PRIORITY|WANGCHONG-SHUAI|ZHONGGUA-2SIDE|RI-BEI-HE|JIRUO-WUGEN|GE-QUALITY|SHI-ZHU-JI|YONGSHEN-STRUCTURE|YONGSHEN-FINAL|ZHONG-HE,甲寅 癸丑 壬子 辛亥 庚戌 己酉春木当权，卯酉虽冲，木旺金缺，土亦受伤；更嫌卯戌寅砘拱合化杀，木主脾虚肺伤疾，然竟一生无病。便酉弱卯强，妻虽不克，而中深难言。生二子，皆不肖卒，为匪类，故免其病，财亦旺也。,[]
滴天髓,滴天髓-0456,壬辰壬寅己未戊辰,己,HEAVY,REN-CAIGUAN|SHISHI-BURUO|HEAVY-ROOT|BIJIE-PARTY|ROOT-STRUCK|ROOT-GAN-PRIORITY|SHI-GUI-LU|ZHONGGUA-2SIDE|JIRUO-WUGEN|SHIYONG-YUELING-XIANGFU|GE-QUALITY|SHI-ZHU-JI|TIANGAN-XINGQING|YONGSHEN-STRUCTURE|YONGSHEN-FINAL|ZHONG-HE,癸卯 甲辰 乙巳 丙午 丁未 戊申己土生于孟春，官当令，天干覆以财星，生官有情，然春初己土湿而且寒，年月壬水，通根峰库，喜其寅中丙火司令为用，伏而逢生，所谓“玄机暗里存”也。至丙运，元神发露，戊辰年比助时干，克去壬水，则丙火不受克，大魁天下。以俗论之，官星不透，财轻劫生，谓平常命也。,[]
滴天髓,滴天髓-0457,壬戌甲辰甲戌丙寅,甲,HEAVY,REN-CAIGUAN|SHISHI-BURUO|XIEQI-TAIZHONG|HEAVY-ROOT|YIN-PARTY|BIJIE-PARTY|ROOT-STRUCK|ROOT-GAN-PRIORITY|SHI-GUI-LU|ZHONGGUA-2SIDE|JIRUO-WUGEN|JIWANG-HUAIJI|JISHUAI-CONGSHENG|SHIYONG-YUELING-XIANGFU|GE-QUALITY|SHI-ZHU-JI|TIANGAN-XINGQING|YONGSHEN-STRUCTURE|YONGSHEN-FINAL|ZHONG-HE,乙巳 丙午 丁未 戊申 己酉 庚戌甲木生于季春，木有余气，又得比禄之助，时干丙火独透，通辉纯粹。年干壬水，坐下燥土之制，又逢比肩之泄，辗转相生，则丙火更得其势。至戊运，戌之元神透出制壬，两冠群英，三元及第。其仁路未能显秩者，运走西方金地，泄土生水之故也。,[]
滴天髓,滴天髓-0458,甲寅丁丑丁卯庚戌,丁,LIGHT,REN-CAIGUAN|SHISHI-BURUO|LIGHT-ROOT|YIN-PARTY|BIJIE-PARTY|ROOT-GAN-PRIORITY|SHI-GUI-LU|ZHONGGUA-2SIDE|JIRUO-WUGEN|SHIYONG-YUELING-XIANGFU|GE-QING|GE-QUALITY|SHI-ZHU-JI|TIANGAN-XINGQING|YONGSHEN-STRUCTURE|YONGSHEN-FINAL|ZHONG-HE,戊寅 己卯 庚辰 辛巳 壬午 癸未丁火生于季冬，局中儿子绶叠叠，弱中变旺，足以用财。庚金虚露，本无出色，喜其丑内藏辛为用，亦是玄机暗里存也。丑乃日元之秀气，能引比肩来生，又得卯戌合，而丑土不伤，所以身居鼎右，探花及第。,[]
滴天髓,滴天髓-0459,丁亥壬子庚子辛巳,庚,HEAVY,REN-CAIGUAN|SHISHI-BURUO|XIEQI-TAIZHONG|HEAVY-ROOT|BIJIE-PARTY|ROOT-STRUCK|ROOT-GAN-PRIORITY|WANGCHONG-SHUAI|SHI-GUI-LU|ZHONGGUA-2SIDE|JIRUO-WUGEN|JIWANG-HUAIJI|JISHUAI-CONGSHENG|GE-QUALITY|SHI-ZHU-JI|YONGSHEN-STRUCTURE|YONGSHEN-FINAL|ZHONG-HE,辛亥 庚戌 己酉 戊申 丁未 丙午庚金生于仲冬，伤官太旺，过于泄气，用神在土，不在火也。柱中之火，不过取其暖局耳。四柱无土，取巳中藏戊，不旺克火，火能生土，亦是玄机暗里存也。至戊运丙辰年，火土相生，巳中元神并发，亦居鼎右。清得尽时黄榜客，虽存浊气亦中式。,[]
滴天髓,滴天髓-0460,戊辰乙卯己卯丙辰,己,HEAVY,REN-CAIGUAN|SHISHI-BURUO|HEAVY-ROOT|BIJIE-PARTY|ROOT-STRUCK|ROOT-GAN-PRIORITY|SHI-GUI-LU|ZHONGGUA-2SIDE|JIRUO-WUGEN|SHIYONG-YUELING-XIANGFU|GE-QUALITY|SHI-ZHU-JI|TIANGAN-XINGQING|YONGSHEN-STRUCTURE|YONGSHEN-FINAL|ZHONG-HE,丙辰 丁巳 戊午 己未 庚申 辛酉平传胪造，己土生于卯月，杀旺提纲，乙木元透露，支类东方，时干内火生旺，局中不杂金水，清得尽者也。若一见金，不但不能克木，而金自伤，触其旺神，徒与不和，为不尽也,[]
滴天髓,滴天髓-0461,癸未己未庚子甲申,庚,HEAVY,REN-CAIGUAN|SHISHI-BURUO|XIEQI-TAIZHONG|HEAVY-ROOT|YIN-PARTY|ROOT-GAN-PRIORITY|HE-HUASHEN-DESHI|SHI-GUI-LU|ZHONGGUA-2SIDE|JIRUO-WUGEN|JIWANG-HUAIJI|JISHUAI-CONGSHENG|GE-QUALITY|YONGSHEN-STRUCTURE|YONGSHEN-FINAL|ZHONG-HE,戊午 丁巳 丙辰 乙卯 甲寅 癸丑庚金生于未月，燥土本难生金，喜其坐下子水，年透元神，谓三伏生寒，润土养金。虽然土旺水衰，妙在申时拱子，有泄土生水扶身之美，更妙火不显露，清得尽也。初交戊午丁巳丙运，生土逼水，功名蹭蹬，家业破耗；辰运支全水局，举于乡；交乙卯制去己未之土，登黄甲，入词林，又掌文柄，仕路显赫。,[]
滴天髓,滴天髓-0462,癸未癸亥甲午丁卯,甲,HEAVY,REN-CAIGUAN|SHISHI-BURUO|XIEQI-TAIZHONG|HEAVY-ROOT|YIN-PARTY|ROOT-STRUCK|ROOT-GAN-PRIORITY|SHI-GUI-LU|ZHONGGUA-2SIDE|JIRUO-WUGEN|JIWANG-HUAIJI|JISHUAI-CONGSHENG|GE-QING|GE-QUALITY|TIANGAN-XINGQING|YONGSHEN-STRUCTURE|YONGSHEN-FINAL|ZHONG-HE,壬戌 辛酉 庚申 己未 戊午 丁巳甲木生于亥月，癸水并透，其势泛滥。冬木喜火，最喜卯时，不特丁火通根，抑且日主临旺，又会木局，泄木生火扶身；更妙无金，清得尽矣。至己未运，制其癸水，丙辰流年，捷南宫，入翰苑，官居清要。,[]
滴天髓,滴天髓-0463,壬辰己酉癸卯己卯,癸,LIGHT,REN-CAIGUAN|SHISHI-BURUO|LIGHT-ROOT|BIJIE-PARTY|ROOT-STRUCK|ROOT-GAN-PRIORITY|WANGCHONG-SHUAI|SHI-GUI-LU|ZHONGGUA-2SIDE|JIRUO-WUGEN|GE-QUALITY|TIANGAN-XINGQING|YONGSHEN-STRUCTURE|YONGSHEN-FINAL|ZHONG-HE,庚戌 辛亥 壬子 癸丑 甲寅 乙卯癸卯日元，食神太重，不但日元泄气，而且制杀太过。喜其秋水通源，独印得用，更妙辰酉合而化金，金气愈坚，局中全无火气，清得尽矣。所以登云路，名高翰苑。惜中运逢木，仕路恐不能显秩。,[]
滴天髓,滴天髓-0464,己亥甲戌庚子丙子,庚,LIGHT,REN-CAIGUAN|SHISHI-BURUO|LIGHT-ROOT|YIN-PARTY|ROOT-GAN-PRIORITY|HE-HUASHEN-DESHI|ZHONGGUA-2SIDE|JIRUO-WUGEN|GE-QING|GE-QUALITY|YONGSHEN-STRUCTURE|YONGSHEN-FINAL|ZHONG-HE,癸酉 壬申 辛未 庚午 己巳 戊辰庚金生于戌月，地支两子一亥，干透丙火，克泄交加。喜其印旺月提，虽嫌甲木生火克土，得甲己合而化，清得尽也。至己巳流年，印星有助，冲去亥水，甲木长生，名题雁塔。,[]
滴天髓,滴天髓-0465,己亥丙子庚子辛巳,庚,HEAVY,REN-CAIGUAN|SHISHI-BURUO|HEAVY-ROOT|YIN-PARTY|BIJIE-PARTY|ROOT-STRUCK|ROOT-GAN-PRIORITY|WANGCHONG-SHUAI|HE-HUASHEN-DESHI|SHI-GUI-LU|ZHONGGUA-2SIDE|JIRUO-WUGEN|JIWANG-HUAIJI|GE-QUALITY|SHI-ZHU-JI|YONGSHEN-STRUCTURE|YONGSHEN-FINAL|ZHONG-HE,乙亥 甲戌 癸酉 壬申 辛未 庚午庚金生于仲冬，地支两子一亥，干透丙火，克泄并见。喜其己土透露，泄火生金，五行无木，清得尽也。至己巳年，印星得助，名高翰苑，所不足者，印不当令，又己土遥列而虚，故降任知县。,[]
滴天髓,滴天髓-0466,丙申壬辰丙子壬辰,丙,NONE,SHAZHONG-SHENQING|ZHONGGUA-2SIDE|WUGEN-YOUFU|JISHUAI-CONGSHENG|SHIYONG-YUELING-XIANGFU|GE-QUALITY|YUN-SHENG-ROOT|SHI-ZHU-JI|YONGSHEN-STRUCTURE|YONGSHEN-FINAL,癸巳 甲午 乙未 丙申 丁酉 戊戌丙火生于季春，两杀并透，支会杀局，喜其辰土当令制杀，辰中木有余气而生身，病在申金，无此尽美，所以天资过人。丁卯年合杀，而印星得地，中乡榜，辛未年去其子水，木火皆得余气，春闱亦捷。究竟申金为嫌，不得大用归班；更嫉运走西方，以酒争为事也。,[]
滴天髓,滴天髓-0467,戊午壬戌壬子乙巳,壬,HEAVY,REN-CAIGUAN|SHISHI-BURUO|HEAVY-ROOT|BIJIE-PARTY|ROOT-STRUCK|ROOT-GAN-PRIORITY|WANGCHONG-SHUAI|ZHONGGUA-2SIDE|JIRUO-WUGEN|SHIYONG-YUELING-XIANGFU|GE-QUALITY|SHI-ZHU-JI|YONGSHEN-STRUCTURE|YONGSHEN-FINAL|ZHONG-HE,癸亥 甲子 乙丑 丙寅 丁卯 戊辰壬水生于戌月，水进气，而得坐下陽刃帮身，年干之杀，比肩挡之，谓身杀两停，其病在午，子水门冲之，又嫌在巳，子水隔之，使其不能生杀，且戌中辛金暗藏为用，同胞双生，皆中进士。,[]
滴天髓,滴天髓-0468,庚戌辛巳乙卯戊寅,乙,HEAVY,REN-CAIGUAN|ROOT-STRUCK|ROOT-GAN-PRIORITY|SHI-GUI-LU|ZHONGGUA-2SIDE|RI-BEI-HE|JIRUO-WUGEN|JIWANG-HUAIJI|SHIYONG-YUELING-XIANGFU|GE-QUALITY|SHI-ZHU-JI|TIANGAN-XINGQING|YONGSHEN-STRUCTURE|YONGSHEN-FINAL|ZHONG-HE,壬午 癸未 甲申 乙酉 丙戌 丁亥乙木生于巳月，伤官当令，足以制官伏杀，坐下禄支扶身，寅时又藤萝系甲，至庚辰年，支类东方，中乡榜，不发甲，只因四柱无印，戌土泄火生金之故也。同胞双生，其弟生卯时，虽亦得禄，不及寅中甲木有力，而藏之为美，故迟于己亥年，印星生拱，始中张榜也。,[]
滴天髓,滴天髓-0469,癸亥乙卯戊午甲寅,戊,HEAVY,REN-CAIGUAN|ROOT-STRUCK|ROOT-GAN-PRIORITY|SHI-GUI-LU|ZHONGGUA-2SIDE|RI-BEI-HE|JIRUO-WUGEN|GE-QING|GE-QUALITY|SHI-ZHU-JI|YONGSHEN-STRUCTURE|YONGSHEN-FINAL|ZHONG-HE,甲寅 癸丑 壬子 辛亥 庚戌 己酉戊土生于仲春，官杀并旺临禄，又才星得地生扶，虽坐下午火印绶，虚土不能纳火各成充命从杀一既从，水作混论，郅了运冲去午火，庚子年金生水量，冲尽香火，中乡榜。,[]
滴天髓,滴天髓-0470,戊子壬戌庚寅癸未,庚,LIGHT,REN-CAIGUAN|SHISHI-BURUO|XIEQI-TAIZHONG|LIGHT-ROOT|YIN-PARTY|ROOT-STRUCK|ROOT-GAN-PRIORITY|ZHONGGUA-2SIDE|JIRUO-WUGEN|JISHUAI-CONGSHENG|SHIYONG-YUELING-XIANGFU|GE-QUALITY|SHI-ZHU-JI|YONGSHEN-STRUCTURE|YONGSHEN-FINAL|ZHONG-HE,癸亥 甲子 乙丑 丙寅 丁卯 戊辰庚金生地戌月，印星当令，金亦有气，用神在水，不在火也。至庚申流年，壬水逢生，又泄土气，北闱奏捷。所发者，戊土元神透露，不利春闱，兼之中运木火，则多破耗。,[]
滴天髓,滴天髓-0471,戊子己未辛亥戊子,辛,LIGHT,REN-CAIGUAN|SHISHI-BURUO|LIGHT-ROOT|YIN-PARTY|ROOT-STRUCK|ROOT-GAN-PRIORITY|SHI-GUI-LU|ZHONGGUA-2SIDE|JIRUO-WUGEN|GE-QUALITY|YONGSHEN-STRUCTURE|YONGSHEN-FINAL|ZHONG-HE,庚申 辛酉 壬戌 癸亥 甲子 乙丑辛金生于季夏，局中虽多燥土，妙在丛下亥不，年时逢子养金，能邀其未拱木为用。至丁卯年，全会木局，有病得药，棘闱奏捷。秀才不是尘凡子，清气还嫌官不起。,[]
滴天髓,滴天髓-0472,癸巳壬戌乙卯戊寅,乙,HEAVY,REN-CAIGUAN|HEAVY-ROOT|ROOT-STRUCK|ROOT-GAN-PRIORITY|SHI-GUI-LU|ZHONGGUA-2SIDE|JIRUO-WUGEN|SHIYONG-YUELING-XIANGFU|GE-QUALITY|SHI-ZHU-JI|TIANGAN-XINGQING|YONGSHEN-STRUCTURE|YONGSHEN-FINAL|ZHONG-HE,辛酉 庚申 己未 戊午 丁巳 丙辰乙卯日元，生于季秋，得寅时之助，日主不弱，用巳火秀气，戌土火库收之，壬癸克之。格局本无出色，且辛金司令，壬水进气通源，幸得时透戊土，去浊留清，文望若高山北斗，品行似良玉精金，中运逢火，丙子优贡。惜子水得地，难得登云。,[]
滴天髓,滴天髓-0473,癸未庚申甲申乙亥,甲,HEAVY,REN-CAIGUAN|SHISHI-BURUO|HEAVY-ROOT|JUECHU-FENGSHENG|YIN-PARTY|BIJIE-PARTY|ROOT-STRUCK|ROOT-GAN-PRIORITY|HE-HUASHEN-DESHI|SHI-GUI-LU|ZHONGGUA-2SIDE|JIRUO-WUGEN|SHIYONG-YUELING-XIANGFU|GE-QUALITY|TIANGAN-XINGQING|YONGSHEN-STRUCTURE|YONGSHEN-FINAL|ZHONG-HE,己未 戊午 丁巳 丙辰 乙卯 甲寅甲申日元，生于孟秋，庚金两坐禄旺，喜亥时绝处逢生，化杀有情，癸水元神透出，清可知矣。但嫌杀势太旺，日主虚弱，不能假杀为权，所以起而不起也。廪贡终身。,[]
滴天髓,滴天髓-0474,壬午甲辰丁巳己酉,丁,HEAVY,REN-CAIGUAN|SHISHI-BURUO|XIEQI-TAIZHONG|HEAVY-ROOT|YIN-PARTY|ROOT-GAN-PRIORITY|HE-HUASHEN-DESHI|SHI-GUI-LU|ZHONGGUA-2SIDE|RI-BEI-HE|JIRUO-WUGEN|JIWANG-HUAIJI|JISHUAI-CONGSHENG|GE-QING|GE-QUALITY|SHI-ZHU-JI|TIANGAN-XINGQING|YONGSHEN-STRUCTURE|YONGSHEN-FINAL|ZHONG-HE,乙巳 丙午 丁未 戊申 己酉 庚戌丁火生于季春，官星虽起，坐下无根，其气归木。日主临旺，时财拱会有情，却与官星不通；且中年运走土金，财得泮溢，官星有损，功名不过一衿，家业数十万。若换酉年午时，名利双辉矣。,[]
滴天髓,滴天髓-0475,癸未乙卯丙午丁酉,丙,HEAVY,REN-CAIGUAN|SHISHI-BURUO|HEAVY-ROOT|YIN-PARTY|BIJIE-PARTY|ROOT-STRUCK|ROOT-GAN-PRIORITY|WANGCHONG-SHUAI|ZHONGGUA-2SIDE|JIRUO-WUGEN|JIWANG-HUAIJI|GE-QUALITY|SHI-ZHU-JI|YONGSHEN-STRUCTURE|YONGSHEN-FINAL|ZHONG-HE,甲寅 癸丑 壬子 辛亥 庚戌 己酉丙午日元，生于卯月，局中木火两旺，官坐伤位，一点财星劫尽，谓财劫官伤。壬运虽得一衿，贫乏不堪；子运回冲，又逢未破克妻；辛运丁火回劫，克子；亥运会木生火而亡。,[]
滴天髓,滴天髓-0476,戊申庚申壬申甲辰,壬,HEAVY,REN-CAIGUAN|SHISHI-BURUO|XIEQI-TAIZHONG|HEAVY-ROOT|YIN-PARTY|ROOT-GAN-PRIORITY|SHI-GUI-LU|ZHONGGUA-2SIDE|JIWANG-HUAIJI|JISHUAI-CONGSHENG|SHIYONG-YUELING-XIANGFU|GE-QING|GE-QUALITY|CAI-RUO-SHEN-QIANG|SHI-ZHU-JI|YONGSHEN-STRUCTURE|YONGSHEN-FINAL|ZHONG-HE,辛酉 壬戌 癸亥 甲子 乙丑 丙寅此造大象观之，杀生印，印生身，食神清透，连珠相生，清而纯粹，学问过人，品行端方，惜乎无火，清而少神，用土则金多气泄，用木则金锐木凋；兼多运走西北金水之地，读书六十年，不克博一衿。家贫出就外傅四十载，受业者登科发甲，自己不获一衿，莫非命也。,[]
滴天髓,滴天髓-0477,己亥癸酉壬申戊申,壬,HEAVY,REN-CAIGUAN|SHISHI-BURUO|HEAVY-ROOT|BIJIE-PARTY|ROOT-STRUCK|ROOT-GAN-PRIORITY|SHI-GUI-LU|ZHONGGUA-2SIDE|JIRUO-WUGEN|JIWANG-HUAIJI|GE-QUALITY|CAI-RUO-SHEN-QIANG|SHI-ZHU-JI|YONGSHEN-STRUCTURE|YONGSHEN-FINAL|ZHONG-HE,壬申 辛未 庚午 己巳 戊辰 丁卯此造官杀并透无根，金水太旺，大不及前造之纯粹也。喜其运走南方火土，精足神旺。至未运，早游泮水，五运科甲连登，己巳戊辰，仕路光亨，与前造天渊之隔者，非命也，实运美也。异路功名莫说轻，日干得气遇财星,[]
滴天髓,滴天髓-0478,己巳壬申甲寅戊辰,甲,HEAVY,REN-CAIGUAN|SHISHI-BURUO|HEAVY-ROOT|JUECHU-FENGSHENG|YIN-PARTY|ROOT-STRUCK|ROOT-GAN-PRIORITY|WANGCHONG-SHUAI|SHI-GUI-LU|ZHONGGUA-2SIDE|RI-BEI-HE|JIRUO-WUGEN|SHIYONG-YUELING-XIANGFU|GE-QUALITY|SHI-ZHU-JI|TIANGAN-XINGQING|YONGSHEN-STRUCTURE|YONGSHEN-FINAL|ZHONG-HE,辛未 庚午 己巳 戊辰 丁卯 丙寅甲木生于孟秋，七杀当令，巳火食神贪生己土，忘克申金，兼之戊己并透，破印生杀，以致祖业难登，书香不继。喜其秋水通源，日坐禄旺，明虽冲克，暗却相生。由部书出身，至丁卯丙寅运，扶身制杀，仕至观察。,[]
滴天髓,滴天髓-0479,庚午丙戌乙卯丁丑,乙,HEAVY,REN-CAIGUAN|XIEQI-TAIZHONG|HEAVY-ROOT|ROOT-STRUCK|ROOT-GAN-PRIORITY|ZHONGGUA-2SIDE|RI-BEI-HE|JIRUO-WUGEN|JISHUAI-CONGSHENG|SHIYONG-YUELING-XIANGFU|GE-QUALITY|SHI-ZHU-JI|TIANGAN-XINGQING|YONGSHEN-STRUCTURE|YONGSHEN-FINAL|ZHONG-HE,丁亥 戊子 己丑 庚寅 辛卯 壬辰乙卯日元，生于季为秋，丙丁并透通根，五行无水，庚金置之不论，最喜财神归库，木火能辉。性孝友，尤笃行谊，由部书出身，仕至州牧。其不利于书香者，庚金通根在丑也。,[]
滴天髓,滴天髓-0480,己丑庚午戊申癸亥,戊,HEAVY,REN-CAIGUAN|SHISHI-BURUO|XIEQI-TAIZHONG|HEAVY-ROOT|BIJIE-PARTY|ROOT-STRUCK|ROOT-GAN-PRIORITY|HE-HUASHEN-DESHI|ZHONGGUA-2SIDE|RI-BEI-HE|JIRUO-WUGEN|JIWANG-HUAIJI|JISHUAI-CONGSHENG|GE-QUALITY|SHI-ZHU-JI|YONGSHEN-STRUCTURE|YONGSHEN-FINAL|ZHONG-HE,己巳 戊辰 丁卯 丙寅 乙丑 甲子戊土生于午月，印星秉令，时逢癸亥，正日元得气遇财星也，但金气太旺，又年支湿土，晦火生金，日元反弱，则印绶暗伤，书香难遂。损纳出身，至丁卯丙寅运，木从火势，生化不悖，仕致黄堂。喜其午火真神得用，为人忠厚和平，后运乙丑，晦水生金，不禄。,[]
滴天髓,滴天髓-0481,壬子甲辰戊戌丙辰,戊,HEAVY,REN-CAIGUAN|DESHI-BUWANG|HEAVY-ROOT|YIN-PARTY|ROOT-STRUCK|ROOT-GAN-PRIORITY|SHI-GUI-LU|ZHONGGUA-2SIDE|JIRUO-WUGEN|JIWANG-HUAIJI|SHIYONG-YUELING-XIANGFU|GE-QUALITY|SHI-ZHU-JI|YONGSHEN-STRUCTURE|YONGSHEN-FINAL|ZHONG-HE,乙巳 丙午 丁未 戊申 己酉 庚戌戊戌日元，生于季春，时逢火土，日元得气，虽春时虚土，而杀透通根，兼之壬水得地，贴身相生，此谓身杀两停，非身强煞浅也。天干壬水克丙，所以书香不利，喜其初运南方，损纳出身。仕名区，宰大邑。便财露生煞为病，恐将来运走西方，水生火绝，缘其人好奢少俭，若不急流勇退，难免不测风波。,['身强']
滴天髓,滴天髓-0482,癸巳甲寅丙戌庚寅,丙,HEAVY,REN-CAIGUAN|SHISHI-BURUO|HEAVY-ROOT|YIN-PARTY|ROOT-STRUCK|ROOT-GAN-PRIORITY|SHI-GUI-LU|ZHONGGUA-2SIDE|JIRUO-WUGEN|JIWANG-HUAIJI|SHIYONG-YUELING-XIANGFU|GE-QUALITY|YONGSHEN-STRUCTURE|YONGSHEN-FINAL|ZHONG-HE,癸丑 壬子 辛亥 庚戌 己酉 戊申丙火生于孟春，官透为用，清而纯粹，惜乎金水遥隔，无相生之意；且木火并旺，金水无根，书香不继，游幕捐给县令，究竟财官不通门户，丁丑年大运在戌，火土当权，得疾而亡。,[]
滴天髓,滴天髓-0483,壬辰甲辰辛酉丁酉,辛,HEAVY,REN-CAIGUAN|XIEQI-TAIZHONG|HEAVY-ROOT|ROOT-STRUCK|ROOT-GAN-PRIORITY|SHI-GUI-LU|ZHONGGUA-2SIDE|JIRUO-WUGEN|JIWANG-HUAIJI|JISHUAI-CONGSHENG|GE-QUALITY|YONGSHEN-STRUCTURE|YONGSHEN-FINAL|ZHONG-HE,乙巳 丙午 丁未 戊申 己酉 庚戌辛金生于季春，支逢辰酉，干透壬丁，似乎佳美，不知地支湿土逢金，丁火虚无根，甲木虽有生火，地支辰酉化金，亦自顾不暇，捐纳部属，不但财多破耗，而且不能得缺。虽壬水生甲，遗业数十万但运走土金，未免家业退而子息艰也。,[]
滴天髓,滴天髓-0484,庚申庚辰戊辰戊午,戊,HEAVY,REN-CAIGUAN|DESHI-BUWANG|XIEQI-TAIZHONG|HEAVY-ROOT|BIJIE-PARTY|ROOT-STRUCK|ROOT-GAN-PRIORITY|SHI-GUI-LU|ZHONGGUA-2SIDE|JIRUO-WUGEN|JIWANG-HUAIJI|GE-QUALITY|WANGJI-SIWO-SHENG|YONGSHEN-STRUCTURE|YONGSHEN-FINAL|ZHONG-HE,此董中堂造，天然清气在庚金也。,[]
滴天髓,滴天髓-0485,甲子丙寅己丑甲子,己,LIGHT,REN-CAIGUAN|SHISHI-BURUO|LIGHT-ROOT|YIN-PARTY|ROOT-GAN-PRIORITY|ZHONGGUA-2SIDE|RI-BEI-HE|JIRUO-WUGEN|GE-QING|GE-QUALITY|SHI-ZHU-JI|TIANGAN-XINGQING|YONGSHEN-STRUCTURE|YONGSHEN-FINAL|ZHONG-HE,此刘中堂造，天然清气在丙火也。,[]
滴天髓,滴天髓-0486,壬申壬寅丙子乙未,丙,HEAVY,REN-CAIGUAN|SHISHI-BURUO|HEAVY-ROOT|YIN-PARTY|ROOT-STRUCK|ROOT-GAN-PRIORITY|WANGCHONG-SHUAI|SHI-GUI-LU|ZHONGGUA-2SIDE|JIRUO-WUGEN|JIWANG-HUAIJI|GE-QUALITY|YONGSHEN-STRUCTURE|YONGSHEN-FINAL|ZHONG-HE,此钱尚书造，天然清气在乙木也。,[]
滴天髓,滴天髓-0487,己亥丁卯庚申庚辰,庚,HEAVY,REN-CAIGUAN|SHISHI-BURUO|HEAVY-ROOT|YIN-PARTY|BIJIE-PARTY|ROOT-STRUCK|ROOT-GAN-PRIORITY|ZHONGGUA-2SIDE|JIRUO-WUGEN|SHIYONG-YUELING-XIANGFU|GE-QUALITY|SHI-ZHU-JI|YONGSHEN-STRUCTURE|YONGSHEN-FINAL|ZHONG-HE,此秦侍郎造，天然清气在丁火也。兵权獬豸弁冠客，刃煞神清气势特。,[]
滴天髓,滴天髓-0488,壬寅己酉庚午丙戌,庚,HEAVY,REN-CAIGUAN|DESHI-BUWANG|HEAVY-ROOT|YIN-PARTY|ROOT-STRUCK|ROOT-GAN-PRIORITY|SHI-GUI-LU|ZHONGGUA-2SIDE|JIRUO-WUGEN|JIWANG-HUAIJI|SHIYONG-YUELING-XIANGFU|GE-QUALITY|WANGJI-SIWO-SHENG|SHI-ZHU-JI|YONGSHEN-STRUCTURE|YONGSHEN-FINAL|ZHONG-HE,庚戌 辛亥 壬子 癸丑 甲寅 乙卯庚日丙时，支逢生旺，寅纳壬水，不能制杀，全赖酉金羊刃当权为用，隔住寅木，使其不能会局，此正“刃杀神清气势特”也。早登科甲，属掌兵刑生杀之任，仕至刑部尚书。,[]
滴天髓,滴天髓-0489,庚戌壬午丙子壬辰,丙,HEAVY,REN-CAIGUAN|DESHI-BUWANG|HEAVY-ROOT|ROOT-STRUCK|ROOT-GAN-PRIORITY|WANGCHONG-SHUAI|ZHONGGUA-2SIDE|JIRUO-WUGEN|JIWANG-HUAIJI|GE-QUALITY|SHI-ZHU-JI|YONGSHEN-STRUCTURE|YONGSHEN-FINAL|ZHONG-HE,癸未 甲申 乙酉 丙戌 丁亥 戊子丙子日元，月时两透壬水，日主三面受敌，柱中无木泄水生火，反有庚金生水泄土，金赖午火旺刃当权为用，更喜戌之燥土，制水会火。乡榜出身，丙戌丁亥运仕至按察。,[]
滴天髓,滴天髓-0490,乙卯戊子壬辰戊申,壬,HEAVY,REN-CAIGUAN|DESHI-BUWANG|XIEQI-TAIZHONG|HEAVY-ROOT|ROOT-STRUCK|ROOT-GAN-PRIORITY|SHI-GUI-LU|ZHONGGUA-2SIDE|JIRUO-WUGEN|JIWANG-HUAIJI|GE-QUALITY|CAI-RUO-SHEN-QIANG|WANGJI-SIWO-SHENG|SHI-ZHU-JI|YONGSHEN-STRUCTURE|YONGSHEN-FINAL|ZHONG-HE,丁亥 丙戌 乙酉 甲申 癸未 壬午壬辰日元，天干两煞，通根辰支，年干乙木凋枯，能泄水而不能制土，正克泄交加，最喜子水当权会局，杀刃神情。至酉运生水克木，又能化杀，科甲连登；甲申登运，仕路光亨，至按察；示运羊刃受制，不禄。,[]
滴天髓,滴天髓-0491,丙辰辛卯甲申庚午,甲,HEAVY,REN-CAIGUAN|DESHI-BUWANG|XIEQI-TAIZHONG|HEAVY-ROOT|ROOT-STRUCK|ROOT-GAN-PRIORITY|ZHONGGUA-2SIDE|JIRUO-WUGEN|JIWANG-HUAIJI|GE-QUALITY|WANGJI-SIWO-SHENG|SHI-ZHU-JI|TIANGAN-XINGQING|YONGSHEN-STRUCTURE|YONGSHEN-FINAL|ZHONG-HE,壬辰 癸巳 甲午 乙未 丙申 丁酉甲申日元，生于仲春，官杀并透通根，日时临于死绝，必用卯之羊刃。喜其丙火合辛，不但无混杀之嫌，抑且卯木不受其制，刃杀神清，且运走南方火地。科甲出身，仕臬宪。分藩司牧财官和，清纯格局神气多。,[]
滴天髓,滴天髓-0492,丁丑乙巳癸酉壬子,癸,HEAVY,REN-CAIGUAN|SHISHI-BURUO|HEAVY-ROOT|BIJIE-PARTY|ROOT-STRUCK|ROOT-GAN-PRIORITY|SHI-GUI-LU|ZHONGGUA-2SIDE|JIRUO-WUGEN|GE-QING|GE-QUALITY|TIANGAN-XINGQING|YONGSHEN-STRUCTURE|YONGSHEN-FINAL|ZHONG-HE,甲辰 癸卯 壬寅 辛丑 庚子 己亥癸水生于巳月，火土虽旺，妙在支会金局，财官印三者皆得生助；更喜子时劫比帮身，精神旺足；尤喜中年运走北方。异路出身，仕至郡守，名利两全，生七子皆出仕。,[]
滴天髓,滴天髓-0493,丙寅戊戌丁酉乙巳,丁,HEAVY,REN-CAIGUAN|SHISHI-BURUO|XIEQI-TAIZHONG|HEAVY-ROOT|YIN-PARTY|BIJIE-PARTY|ROOT-STRUCK|ROOT-GAN-PRIORITY|SHI-GUI-LU|ZHONGGUA-2SIDE|JIRUO-WUGEN|JIWANG-HUAIJI|JISHUAI-CONGSHENG|SHIYONG-YUELING-XIANGFU|GE-QUALITY|SHI-ZHU-JI|TIANGAN-XINGQING|YONGSHEN-STRUCTURE|YONGSHEN-FINAL|ZHONG-HE,己亥 庚子 辛丑 壬寅 癸卯 甲辰丁火生于戌月，局中木火重重，伤官用财，格局本佳，部书出身，仕至县令。惜柱中无水，戌乃燥土，不能生金晦火，木生火旺，巳酉无拱合之情，所以妻妾生十子皆克。,[]
滴天髓,滴天髓-0494,丙子庚寅辛巳戊子,辛,LIGHT,REN-CAIGUAN|SHISHI-BURUO|LIGHT-ROOT|YIN-PARTY|BIJIE-PARTY|ROOT-GAN-PRIORITY|SHI-GUI-LU|ZHONGGUA-2SIDE|RI-BEI-HE|JIRUO-WUGEN|GE-QUALITY|YONGSHEN-STRUCTURE|YONGSHEN-FINAL|ZHONG-HE,辛卯 壬辰 癸巳 甲午 乙未 丙申辛金生于寅月，财旺逢食，官透遇财，又逢劫印相扶，中和纯粹，精神两足。初看似乎看弱，细究之，木嫩火虚，印透通根，日元足以用官。中年南方火运，异路出身，仕至黄堂。,['中和']
滴天髓,滴天髓-0495,丁亥丙午戊寅甲寅,戊,HEAVY,REN-CAIGUAN|SHISHI-BURUO|HEAVY-ROOT|YIN-PARTY|ROOT-STRUCK|ROOT-GAN-PRIORITY|SHI-GUI-LU|ZHONGGUA-2SIDE|JIRUO-WUGEN|JIWANG-HUAIJI|GE-QING|GE-QUALITY|SHI-ZHU-JI|YONGSHEN-STRUCTURE|YONGSHEN-FINAL|ZHONG-HE,乙巳 甲辰 癸卯 壬寅 辛丑 庚子戊土生于午月，局中偏官虽旺，印星太重，木从火势，火必焚木，一点亥水，不能生木克火。交癸运，克丁生甲，北极连登科甲，出宰名区；辛运合丙，仕路顺遂；交丑运，克水告病，致仕。,[]
滴天髓,滴天髓-0496,己巳戊辰甲子辛未,甲,LIGHT,REN-CAIGUAN|LIGHT-ROOT|ROOT-STRUCK|ROOT-GAN-PRIORITY|HE-HUASHEN-DESHI|SHI-GUI-LU|ZHONGGUA-2SIDE|RI-BEI-HE|JIRUO-WUGEN|SHIYONG-YUELING-XIANGFU|GE-QUALITY|SHI-ZHU-JI|TIANGAN-XINGQING|YONGSHEN-STRUCTURE|YONGSHEN-FINAL|ZHONG-HE,丁卯 丙寅 乙丑 甲子 癸亥 壬戌甲子日元，生于季春，木有余气。坐下印绶，官星清透，且子辰拱印有情；更妙运走东北水木之地，名登甲榜。只嫌子未破印，仕路未免有阻，老于教职。便是诸司并首领，也从清浊分形离。,[]
滴天髓,滴天髓-0497,壬辰壬寅戊戌丙辰,戊,HEAVY,REN-CAIGUAN|SHISHI-BURUO|HEAVY-ROOT|YIN-PARTY|ROOT-STRUCK|ROOT-GAN-PRIORITY|SHI-GUI-LU|ZHONGGUA-2SIDE|JIRUO-WUGEN|SHIYONG-YUELING-XIANGFU|GE-QUALITY|SHI-ZHU-JI|YONGSHEN-STRUCTURE|YONGSHEN-FINAL|ZHONG-HE,癸卯 甲辰 乙巳 丙午 丁未 戊申戊土生于寅月，木旺土虚，天干两壬克丙生寅，此天干之气浊，财星坏印，所以书香不继。喜寅能纳水生火，日主坐戌之燥土，使壬水不致冲奔，其清处在寅也。异路出身，丙运升县令。,[]
滴天髓,滴天髓-0498,壬午癸丑甲寅丁卯,甲,HEAVY,REN-CAIGUAN|SHISHI-BURUO|XIEQI-TAIZHONG|HEAVY-ROOT|YIN-PARTY|ROOT-STRUCK|ROOT-GAN-PRIORITY|SHI-GUI-LU|ZHONGGUA-2SIDE|JIRUO-WUGEN|JISHUAI-CONGSHENG|GE-QUALITY|TIANGAN-XINGQING|YONGSHEN-STRUCTURE|YONGSHEN-FINAL|ZHONG-HE,甲寅 乙卯 丙辰 丁巳 戊午 己未甲木生于丑月，水生寒凝，本喜火以敌寒，更妙日时寅卯气旺，丁火旺秀，其清在火也。所嫌壬登透干，丁火发作国，难遂书香之志。然地支无水，干虽浊，支从午火留清。异路出身，至戊午运，合癸制壬，升知县。,[]
滴天髓,滴天髓-0499,壬辰乙巳丙子己丑,丙,HEAVY,REN-CAIGUAN|DESHI-BUWANG|XIEQI-TAIZHONG|HEAVY-ROOT|YIN-PARTY|ROOT-GAN-PRIORITY|ZHONGGUA-2SIDE|JIWANG-HUAIJI|GE-QING|GE-QUALITY|WANGJI-SIWO-SHENG|SHI-ZHU-JI|YONGSHEN-STRUCTURE|YONGSHEN-FINAL|ZHONG-HE,丙午 丁未 戊申 己酉 庚戌 辛亥丙火生于巳月，天地煞印留清，所嫌者丑时合去子水，则壬水失势，化助伤官则日元泄气，一点乙木，不能疏土。异路出身，虽获盗有功，而上意不合，竟不能升。,[]
滴天髓,滴天髓-0500,乙酉丙戌癸酉丁巳,癸,NONE,CAIDUO-SHENRUAN|ZHONGGUA-2SIDE|JIRUO-WUGEN|WUGEN-YOUFU|SHIYONG-YUELING-XIANGFU|GE-QUALITY|YUN-SHENG-ROOT|SHI-ZHU-JI|TIANGAN-XINGQING|YONGSHEN-STRUCTURE|YONGSHEN-FINAL,乙酉 甲申 癸未 壬午 辛巳 庚辰癸酉日元，生于戌月，地支官印相生，肖可知矣。所嫌者，天士内财得地，兼之乙木助火克金，所以书香难遂。喜秋金有气，异路出身，至巳运逢财坏印，丁艰回籍。,[]
滴天髓,滴天髓-0501,甲申戊辰戊子戊午,戊,HEAVY,REN-CAIGUAN|DESHI-BUWANG|HEAVY-ROOT|BIJIE-PARTY|ROOT-STRUCK|ROOT-GAN-PRIORITY|SHI-GUI-LU|ZHONGGUA-2SIDE|JIRUO-WUGEN|JIWANG-HUAIJI|GE-QUALITY|YONGSHEN-STRUCTURE|YONGSHEN-FINAL|ZHONG-HE,己巳 庚午 辛未 壬申 癸酉 甲戌戊子日元，生于辰月午时，天干三戊，旺可知矣。甲木退气临绝，不但无用，反为混论，其精气在地运之申，泄其精英，惜春金不旺，幸子水冲午，润土养金，虽捐纳佐二，仁途顺遂。,[]
滴天髓,滴天髓-0502,癸巳甲子壬子庚戌,壬,HEAVY,REN-CAIGUAN|HEAVY-ROOT|YIN-PARTY|BIJIE-PARTY|ROOT-GAN-PRIORITY|ZHONGGUA-2SIDE|JIWANG-HUAIJI|GE-QING|GE-QUALITY|WANGJI-SIWO-SHENG|SHI-ZHU-JI|YONGSHEN-STRUCTURE|YONGSHEN-FINAL|ZHONG-HE,癸亥 壬戌 辛酉 庚申 己未 戊午壬子日元，生于仲冬，天干又透庚癸，其势泛滥。甲木无佷，不能纳水；己火被众水所克，亦难作用，故屡次加捐，耗财不参得缺。虽时支戌，厎定汪洋，又有庚金之泄，兼之中运辛酉庚申，泄土生水，劫刃肆逞，以致有志难伸。,[]
滴天髓,滴天髓-0503,庚辰丁亥庚辰丁丑,庚,LIGHT,REN-CAIGUAN|SHISHI-BURUO|LIGHT-ROOT|BIJIE-PARTY|ROOT-STRUCK|ROOT-GAN-PRIORITY|SHI-GUI-LU|ZHONGGUA-2SIDE|JIRUO-WUGEN|GE-QUALITY|YONGSHEN-STRUCTURE|YONGSHEN-FINAL|ZHONG-HE,戊子 己丑 庚寅 辛卯 壬辰 癸巳庚辰日地，生于亥天干丁火并透，辰亥皆藏甲乙，足以用火。初运戊子己丑，晦火生金，未遂所愿。庚运丙午年，庚坐寅支截脚，天干两丁，足可敌一庚，又逢丙午年，捷。搒下知县，寅运官资颇丰；辛卯截脚，局中丁火回克，仕至郡守；壬辰水生库根，笃壬申年，两丁皆伤，不禄。,[]
滴天髓,滴天髓-0504,乙未戊子庚辰丁丑,庚,LIGHT,REN-CAIGUAN|SHISHI-BURUO|LIGHT-ROOT|YIN-PARTY|ROOT-STRUCK|ROOT-GAN-PRIORITY|SHI-GUI-LU|ZHONGGUA-2SIDE|RI-BEI-HE|JIRUO-WUGEN|SHIYONG-YUELING-XIANGFU|GE-QUALITY|YONGSHEN-STRUCTURE|YONGSHEN-FINAL|ZHONG-HE,丁亥 丙戌 乙酉 甲申 癸未 壬午庚辰日无，生于子月，未土破子水，天干木火，皆得辰未之余气，足以用木生火。丙运入泮。癸酉年行乙运，癸合戊化火，酉是丁火长生，均以此年必中，殊不知乙酉截脚之木，非木也；实金也。癸酉年水逢金生，又在冬令，焉能合戊化火？必克丁火无疑酉中纯金，乃火之死地，陰火长生之说，俗传之谬也；恐今八月又建辛酉，局中木火皆伤，防生不测之灾。竟卒于省中。,[]
滴天髓,滴天髓-0505,戊子乙卯丙寅丁酉,丙,HEAVY,REN-CAIGUAN|SHISHI-BURUO|XIEQI-TAIZHONG|HEAVY-ROOT|YIN-PARTY|BIJIE-PARTY|ROOT-GAN-PRIORITY|WANGCHONG-SHUAI|ZHONGGUA-2SIDE|JIWANG-HUAIJI|JISHUAI-CONGSHENG|GE-QUALITY|SHI-ZHU-JI|YONGSHEN-STRUCTURE|YONGSHEN-FINAL|ZHONG-HE,丙辰 丁巳 戊午 己未 庚申 辛酉丙寅日元，生于卯月，木焱工旺，土金皆伤，水亦休囚。运丙辰丁巳，遗业消靡戊午己未燥土，不能生金泄火，经营亏空万金，逃出外方；交庚申辛酉运，竟获居奇之利，发财十余万。,[]
滴天髓,滴天髓-0506,丙申癸巳丙午甲午,丙,HEAVY,REN-CAIGUAN|DESHI-BUWANG|HEAVY-ROOT|BIJIE-PARTY|ROOT-STRUCK|ROOT-GAN-PRIORITY|SHI-GUI-LU|ZHONGGUA-2SIDE|JIRUO-WUGEN|JIWANG-HUAIJI|GE-QUALITY|YONGSHEN-STRUCTURE|YONGSHEN-FINAL|ZHONG-HE,甲午 乙未 丙申 丁酉 戊戌 己亥丙午日元，生于巳月午时，群比争财，逼干癸水。初运甲午刃劫猖狂，父母早亡；乙未助刃家业败尽；交丙申丁酉，贫乏不堪，交戊戌稍能立脚。何为战？,[]
滴天髓,滴天髓-0507,辛卯甲午丙辰庚寅,丙,HEAVY,REN-CAIGUAN|HEAVY-ROOT|YIN-PARTY|ROOT-STRUCK|ROOT-GAN-PRIORITY|SHI-GUI-LU|ZHONGGUA-2SIDE|RI-BEI-HE|JIRUO-WUGEN|JIWANG-HUAIJI|GE-QUALITY|CAI-RUO-SHEN-QIANG|YONGSHEN-STRUCTURE|YONGSHEN-FINAL|ZHONG-HE,癸巳 壬辰 辛卯 庚寅 己丑 戊子丙火生于午月，旺刃当权，支全寅，卯，辰，土从木类，庚辛两不通根，初交癸巳壬辰，金逢生助，家业铙裕，其乐自如；辛卯金截脚，刑丧破耗，家业十败八九。庚运丙寅年克妻，庚坐寅支截脚，丙寅岁克运，又庚绝丙生，局中无制化之神，于甲午月木从火势，凶祸连绵，得疾而亡。,[]
滴天髓,滴天髓-0508,辛卯甲午乙卯乙酉,乙,HEAVY,REN-CAIGUAN|SHISHI-BURUO|HEAVY-ROOT|TENGLUO-XIJIA|BIJIE-PARTY|ROOT-STRUCK|ROOT-GAN-PRIORITY|WANGCHONG-SHUAI|ZHONGGUA-2SIDE|JIRUO-WUGEN|JIWANG-HUAIJI|GE-QUALITY|SHI-ZHU-JI|TIANGAN-XINGQING|YONGSHEN-STRUCTURE|YONGSHEN-FINAL|ZHONG-HE,癸巳 壬辰 辛卯 庚寅 己丑 戊子乙木生于午月，卯酉紧冲日禄，月干甲木临绝，五行无水，夏火当权泄气，伤官用劫，所忌者金。初运壬辰癸巳，印透生扶，平顺之境；辛卯运，惟辛酉年冲去卯木，刑丧克破，至庚运丙寅年，所忌者金，而丙火克去之，局中无土水泄制丙火，又火逢生，金坐绝，入泮，得舒眉曲也。何为冲？,[]
穷通宝鉴,穷通宝鉴-0001,甲戌乙亥甲寅乙卯,甲,HEAVY,REN-CAIGUAN|SHISHI-BURUO|HEAVY-ROOT|BIJIE-PARTY|ROOT-STRUCK|ROOT-GAN-PRIORITY|SHI-GUI-LU|ZHONGGUA-2SIDE|JIRUO-WUGEN|JIWANG-HUAIJI|GE-QING|GE-QUALITY|TIANGAN-XINGQING|YONGSHEN-STRUCTURE|YONGSHEN-FINAL|ZHONG-HE,"、甲辰、乙巳六种组合，木气有源、有乡、有生，皆为""活木""；甲申、乙酉受金克，甲午、乙未木气自绝，甲子、乙丑遭金压制，皆为""死木""。活木遇火则秀发华美，死木遇金则可雕琢成器；活木逢金则自伤，死木逢火则自焚。金木势均力敌，称""斫轮格""（轮匠执斧斫木之喻，象征金木平衡成器）。秋季所生之人最忌金重，重金反成伤斧。春木余寒未散，喜火温暖以除盘曲之患，借水滋扶以得舒畅之美。初春水盛则阴重伤根，但全无水则叶槁根",[]
穷通宝鉴,穷通宝鉴-0002,庚申戊寅甲寅丙寅,甲,HEAVY,REN-CAIGUAN|DESHI-BUWANG|XIEQI-TAIZHONG|HEAVY-ROOT|ROOT-STRUCK|ROOT-GAN-PRIORITY|WANGCHONG-SHUAI|SHI-GUI-LU|ZHONGGUA-2SIDE|JIRUO-WUGEN|JIWANG-HUAIJI|SHIYONG-YUELING-XIANGFU|GE-QUALITY|WANGJI-SIWO-SHENG|SHI-ZHU-JI|TIANGAN-XINGQING|YONGSHEN-STRUCTURE|YONGSHEN-FINAL|ZHONG-HE,"一行金水运,发进士，或甲午日，庚午时，此人必富贵，但要好运相扶，不宜克制庚丁。徐乐吾曰：上文言无金而贵，此言木旺见金，财滋弱煞格，亦可取贵也。七煞不可无制，身旺煞轻，而原局制重，运宜煞印。春木当旺，庚金衰弱，身旺煞轻，煞化为官，宜财生煞，不宜印化，如庚申一造，寅中甲丙戊并透，用申中壬水，泄金生木，原局有丙火泄木之秀，故行金水运，发进士以原命三寅藏丙，丙火出干，阳壮水渴，水为配合之需要也。甲午日庚午","['身旺', '衰弱', '中和']"
穷通宝鉴,穷通宝鉴-0003,戊寅甲寅甲辰乙亥,甲,HEAVY,REN-CAIGUAN|DESHI-BUWANG|HEAVY-ROOT|BIJIE-PARTY|ROOT-STRUCK|ROOT-GAN-PRIORITY|SHI-GUI-LU|ZHONGGUA-2SIDE|JIRUO-WUGEN|JIWANG-HUAIJI|SHIYONG-YUELING-XIANGFU|GE-QING|GE-QUALITY|TIANGAN-XINGQING|YONGSHEN-STRUCTURE|YONGSHEN-FINAL|ZHONG-HE,孝廉徐乐吾曰：按此造寅辰夹卯，亥暗会卯木，旺而不成格，以寅中丙火生财为用，支有亥水，辰藏癸水，气象中和，惜丙火不透，年月空亡，故仅小贵耳。,['中和']
穷通宝鉴,穷通宝鉴-0004,甲申丙寅甲寅庚午,甲,HEAVY,REN-CAIGUAN|DESHI-BUWANG|XIEQI-TAIZHONG|HEAVY-ROOT|BIJIE-PARTY|ROOT-STRUCK|ROOT-GAN-PRIORITY|WANGCHONG-SHUAI|ZHONGGUA-2SIDE|JIRUO-WUGEN|JIWANG-HUAIJI|GE-QUALITY|WANGJI-SIWO-SHENG|SHI-ZHU-JI|TIANGAN-XINGQING|YONGSHEN-STRUCTURE|YONGSHEN-FINAL|ZHONG-HE,茂才徐乐吾曰：按此造庚金出干，无财相生，则庚金无力，大运双顺行南方，不过茂才而止。三春甲木总论春月之木，渐有生长之象。初春犹有余寒，当以火温暖，则有舒畅之美，水多变克，有损精神。重见生旺，必用庚金断凿，可成楝梁。春末阳壮水渴，藉水资扶，则花繁叶茂。初春无火，增之以水，则阴浓气弱，根损枝枯，不能华秀。春末失水，增之以火，则阳气太盛，燥渴相加，枝枯叶干，亦不华秀。是以水火二物，要得时相济为美。徐乐吾曰,[]
穷通宝鉴,穷通宝鉴-0005,乙亥己卯甲申乙亥,甲,HEAVY,REN-CAIGUAN|DESHI-BUWANG|HEAVY-ROOT|BIJIE-PARTY|ROOT-STRUCK|ROOT-GAN-PRIORITY|SHI-GUI-LU|ZHONGGUA-2SIDE|RI-BEI-HE|JIRUO-WUGEN|JIWANG-HUAIJI|GE-QUALITY|TIANGAN-XINGQING|YONGSHEN-STRUCTURE|YONGSHEN-FINAL|ZHONG-HE,，萧耀南命造是也，一见癸水，泄煞之气，便失制刃之意，又要财资煞，并不要煞重，独煞为权。若重重庚金而刃轻，同正月一派庚辛节，木被伤矣，重刃者，地支重见卯木也，无煞制之，必定遭凶，煞重不为凶，以刃旺秉令也。但性格横暴，刑克重耳，书云：刃旺复行刃地，进禄得财处，必死於药石之间，煞旺得行煞地，建业立功处，必死於刀剑之下，其言颇验。二月甲木，与正月雨水后甲木，用法略同，所不同者，即煞刃一格耳。书曰：木旺宜火,['身旺']
穷通宝鉴,穷通宝鉴-0006,甲午丁卯甲寅丁卯,甲,HEAVY,REN-CAIGUAN|DESHI-BUWANG|XIEQI-TAIZHONG|HEAVY-ROOT|BIJIE-PARTY|ROOT-STRUCK|ROOT-GAN-PRIORITY|SHI-GUI-LU|ZHONGGUA-2SIDE|JIRUO-WUGEN|JIWANG-HUAIJI|SHIYONG-YUELING-XIANGFU|GE-QING|GE-QUALITY|WANGJI-SIWO-SHENG|TIANGAN-XINGQING|YONGSHEN-STRUCTURE|YONGSHEN-FINAL|ZHONG-HE,"乏庚，富而不贵，运入西支方，大凶，幸两干不杂，木火通明，为人清雅，子多而贤。徐乐吾曰：丁火为用，乏庚不贵，虽木火通明，惜四柱不藏印，故富而不贵，不过文人学士，为人清雅而已，初运戊辰己巳财地，泄火之气,为吉，运至西南，辛未壬申癸酉，伤克用神，自无幸矣。若柱中藏一点癸水运入南离，亦不为凶矣。",[]
穷通宝鉴,穷通宝鉴-0007,己未丁卯甲戌庚午,甲,HEAVY,REN-CAIGUAN|DESHI-BUWANG|XIEQI-TAIZHONG|HEAVY-ROOT|ROOT-STRUCK|ROOT-GAN-PRIORITY|ZHONGGUA-2SIDE|RI-BEI-HE|JIRUO-WUGEN|JIWANG-HUAIJI|GE-QING|GE-QUALITY|WANGJI-SIWO-SHENG|SHI-ZHU-JI|TIANGAN-XINGQING|YONGSHEN-STRUCTURE|YONGSHEN-FINAL|ZHONG-HE,科甲之命，盖庚丁两透，进拔定然，虽风水不及，不失荣华，但为人色重招殃，兄弟无力。徐乐吾曰：庚丁两透，制过七煞，庚金生春月绝地，本宜财星，不宜火制，加以阳壮木渴，无水润泽，午戌会局，庚金无力，不能制劫，故兄弟无力，尤幸运行北方，不失荣华，甲戌，庚午，交互值桃花红艳煞，己土财星来合，宜乎色重招殃矣。,[]
穷通宝鉴,穷通宝鉴-0008,癸未乙卯甲子己巳,甲,HEAVY,REN-CAIGUAN|DESHI-BUWANG|HEAVY-ROOT|YIN-PARTY|BIJIE-PARTY|ROOT-STRUCK|ROOT-GAN-PRIORITY|ZHONGGUA-2SIDE|RI-BEI-HE|JIRUO-WUGEN|JIWANG-HUAIJI|GE-QUALITY|SHI-ZHU-JI|TIANGAN-XINGQING|YONGSHEN-STRUCTURE|YONGSHEN-FINAL|ZHONG-HE,徐乐吾曰：岳武穆命：劫财阳刃，行辛亥运，辛酉年，冲合阳刃，坐囹圄亡身。,[]
穷通宝鉴,穷通宝鉴-0009,戊寅乙卯甲午甲戌,甲,HEAVY,REN-CAIGUAN|DESHI-BUWANG|HEAVY-ROOT|BIJIE-PARTY|ROOT-STRUCK|ROOT-GAN-PRIORITY|ZHONGGUA-2SIDE|JIRUO-WUGEN|JIWANG-HUAIJI|GE-QING|GE-QUALITY|SHI-ZHU-JI|TIANGAN-XINGQING|YONGSHEN-STRUCTURE|YONGSHEN-FINAL|ZHONG-HE,徐乐吾曰：清世祖（顺治）命，明崇祯十一年正月三十日戌时。寅午戌会局，火旺木焚，虎马犬乡，甲来成灭是也，四柱无滴水解炎，只能用成土泄火气，巳运逊国，不知所终。,[]
穷通宝鉴,穷通宝鉴-0010,乙亥己卯甲申乙亥,甲,HEAVY,REN-CAIGUAN|DESHI-BUWANG|HEAVY-ROOT|BIJIE-PARTY|ROOT-STRUCK|ROOT-GAN-PRIORITY|SHI-GUI-LU|ZHONGGUA-2SIDE|RI-BEI-HE|JIRUO-WUGEN|JIWANG-HUAIJI|GE-QUALITY|TIANGAN-XINGQING|YONGSHEN-STRUCTURE|YONGSHEN-FINAL|ZHONG-HE,徐乐吾曰：萧耀南巡帅命，光绪元年二月十六日亥时。阳刃合煞，制刃得力，行乙亥甲运，全省最高官阶，集於一身，将入戌运，病逝三春甲木总论春月之木，渐有生长之象。初春犹有余寒，当以火温暖，则有舒畅之美，水多变克，有损精神。重见生旺，必用庚金断凿，可成楝梁。春末阳壮水渴，藉水资扶，则花繁叶茂。初春无火，增之以水，则阴浓气弱，根损枝枯，不能华秀。春末失水，增之以火，则阳气太盛，燥渴相加，枝枯叶干，亦不华秀。是,[]
穷通宝鉴,穷通宝鉴-0011,乙丑庚辰甲申丙寅,甲,HEAVY,REN-CAIGUAN|SHISHI-BURUO|XIEQI-TAIZHONG|HEAVY-ROOT|BIJIE-PARTY|ROOT-STRUCK|ROOT-GAN-PRIORITY|SHI-GUI-LU|ZHONGGUA-2SIDE|JIRUO-WUGEN|JIWANG-HUAIJI|JISHUAI-CONGSHENG|SHIYONG-YUELING-XIANGFU|GE-QUALITY|SHI-ZHU-JI|TIANGAN-XINGQING|YONGSHEN-STRUCTURE|YONGSHEN-FINAL|ZHONG-HE,此命之乏丁，喜运入南方，富贵不大之命。徐乐吾曰：乙庚相合，得禄于申，为煞旺宜制，特丙火出干制煞，不如丁火为有力，三月土旺金顽，宜洪炉之火也，又此造当为女命，故顺行南方。,[]
穷通宝鉴,穷通宝鉴-0012,丙寅壬辰甲辰庚午,甲,HEAVY,REN-CAIGUAN|SHISHI-BURUO|XIEQI-TAIZHONG|HEAVY-ROOT|YIN-PARTY|ROOT-STRUCK|ROOT-GAN-PRIORITY|ZHONGGUA-2SIDE|JIRUO-WUGEN|JIWANG-HUAIJI|JISHUAI-CONGSHENG|GE-QUALITY|SHI-ZHU-JI|TIANGAN-XINGQING|YONGSHEN-STRUCTURE|YONGSHEN-FINAL|ZHONG-HE,尚书徐乐吾曰：按此造庚壬并透，丁火藏午，不掣庚金之时，坚木得金，而成梁栋，贵为尚书宜也。,[]
穷通宝鉴,穷通宝鉴-0013,丙寅壬辰甲子庚午,甲,HEAVY,REN-CAIGUAN|SHISHI-BURUO|XIEQI-TAIZHONG|HEAVY-ROOT|YIN-PARTY|ROOT-GAN-PRIORITY|ZHONGGUA-2SIDE|JIWANG-HUAIJI|JISHUAI-CONGSHENG|GE-QUALITY|SHI-ZHU-JI|TIANGAN-XINGQING|YONGSHEN-STRUCTURE|YONGSHEN-FINAL|ZHONG-HE,太守。徐乐吾曰：按此造壬透去丙，子水去午，专用庚金，与上造理同。,[]
穷通宝鉴,穷通宝鉴-0014,丙寅壬辰甲辰丁卯,甲,HEAVY,REN-CAIGUAN|SHISHI-BURUO|XIEQI-TAIZHONG|HEAVY-ROOT|YIN-PARTY|ROOT-STRUCK|ROOT-GAN-PRIORITY|SHI-GUI-LU|ZHONGGUA-2SIDE|JIRUO-WUGEN|JIWANG-HUAIJI|JISHUAI-CONGSHENG|SHIYONG-YUELING-XIANGFU|GE-QUALITY|TIANGAN-XINGQING|YONGSHEN-STRUCTURE|YONGSHEN-FINAL|ZHONG-HE,此名用丁乏庚，常人也。徐乐吾曰：此造月干透壬，丁壬之间，隔以甲木，印生身，身泄秀，丁火为用。,[]
穷通宝鉴,穷通宝鉴-0015,壬午甲辰甲寅戊辰,甲,HEAVY,REN-CAIGUAN|SHISHI-BURUO|HEAVY-ROOT|YIN-PARTY|BIJIE-PARTY|ROOT-STRUCK|ROOT-GAN-PRIORITY|SHI-GUI-LU|ZHONGGUA-2SIDE|JIRUO-WUGEN|JIWANG-HUAIJI|SHIYONG-YUELING-XIANGFU|GE-QUALITY|SHI-ZHU-JI|TIANGAN-XINGQING|YONGSHEN-STRUCTURE|YONGSHEN-FINAL|ZHONG-HE,四柱木旺金缺，非僧道，即无子。徐乐吾曰：寅辰夹卯刃，身旺用财，财露比盛，而午宫藏丁，远在年支，又为壬水所阻。不能为用，比劫混夺财星，故为孤贫之人也，盖比劫多而用财，必以丙丁火为转枢也。,['身旺']
穷通宝鉴,穷通宝鉴-0016,戊辰丙辰甲寅甲子,甲,HEAVY,REN-CAIGUAN|SHISHI-BURUO|XIEQI-TAIZHONG|HEAVY-ROOT|BIJIE-PARTY|ROOT-STRUCK|ROOT-GAN-PRIORITY|ZHONGGUA-2SIDE|JIRUO-WUGEN|JIWANG-HUAIJI|JISHUAI-CONGSHENG|SHIYONG-YUELING-XIANGFU|GE-QUALITY|TIANGAN-XINGQING|YONGSHEN-STRUCTURE|YONGSHEN-FINAL|ZHONG-HE,徐乐吾曰：相文敏命，乾隆十三年四月初一日子时。食神生财为用，官至大学士。,[]
穷通宝鉴,穷通宝鉴-0017,壬午甲辰甲子己巳,甲,LIGHT,REN-CAIGUAN|SHISHI-BURUO|LIGHT-ROOT|YIN-PARTY|BIJIE-PARTY|ROOT-GAN-PRIORITY|WANGCHONG-SHUAI|HE-HUASHEN-DESHI|ZHONGGUA-2SIDE|RI-BEI-HE|JIRUO-WUGEN|SHIYONG-YUELING-XIANGFU|GE-QUALITY|SHI-ZHU-JI|TIANGAN-XINGQING|YONGSHEN-STRUCTURE|YONGSHEN-FINAL|ZHONG-HE,徐乐吾曰：谭钟麟命，专用巳宫丙戊，进士出身，位至总督。,[]
穷通宝鉴,穷通宝鉴-0018,乙未庚辰甲戌庚午,甲,LIGHT,REN-CAIGUAN|SHISHI-BURUO|LIGHT-ROOT|BIJIE-PARTY|ROOT-STRUCK|ROOT-GAN-PRIORITY|ZHONGGUA-2SIDE|JIRUO-WUGEN|GE-QUALITY|SHI-ZHU-JI|TIANGAN-XINGQING|YONGSHEN-STRUCTURE|YONGSHEN-FINAL|ZHONG-HE,徐乐吾曰：余朝贵命，道光十五年三月十五日午时，干透两庚，午戌在支，不制庚煞，贵为总兵，参阅齐燮元命。,[]
穷通宝鉴,穷通宝鉴-0019,乙酉庚辰甲寅庚午,甲,HEAVY,REN-CAIGUAN|SHISHI-BURUO|HEAVY-ROOT|BIJIE-PARTY|ROOT-GAN-PRIORITY|ZHONGGUA-2SIDE|JIRUO-WUGEN|JIWANG-HUAIJI|GE-QING|GE-QUALITY|SHI-ZHU-JI|TIANGAN-XINGQING|YONGSHEN-STRUCTURE|YONGSHEN-FINAL|ZHONG-HE,徐乐吾曰：齐燮元命，光绪十一年三月十五日午时。木旺见庚，梁栋之器，寅辰夹卯而酉冲之，乙木出干，此阳刃也，煞刃相合，总握兵柄，至丙行运，贵为巡帅。,[]
穷通宝鉴,穷通宝鉴-0020,己卯戊辰甲子壬申,甲,HEAVY,REN-CAIGUAN|SHISHI-BURUO|HEAVY-ROOT|YIN-PARTY|ROOT-STRUCK|ROOT-GAN-PRIORITY|HE-HUASHEN-DESHI|ZHONGGUA-2SIDE|RI-BEI-HE|JIRUO-WUGEN|JIWANG-HUAIJI|SHIYONG-YUELING-XIANGFU|GE-QUALITY|SHI-ZHU-JI|TIANGAN-XINGQING|YONGSHEN-STRUCTURE|YONGSHEN-FINAL|ZHONG-HE,徐乐吾曰：于右任命，光绪五年三月二十日申时。生于清明后六日，乙木司令，义同二月，支成水局，戊透则贵。三春甲木总论春月之木，渐有生长之象。初春犹有余寒，当以火温暖，则有舒畅之美，水多变克，有损精神。重见生旺，必用庚金断凿，可成楝梁。春末阳壮水渴，藉水资扶，则花繁叶茂。初春无火，增之以水，则阴浓气弱，根损枝枯，不能华秀。春末失水，增之以火，则阳气太盛，燥渴相加，枝枯叶干，亦不华秀。是以水火二物，要得时,[]
穷通宝鉴,穷通宝鉴-0021,丁卯乙巳甲寅乙亥,甲,HEAVY,REN-CAIGUAN|SHISHI-BURUO|XIEQI-TAIZHONG|HEAVY-ROOT|BIJIE-PARTY|ROOT-STRUCK|ROOT-GAN-PRIORITY|WANGCHONG-SHUAI|SHI-GUI-LU|ZHONGGUA-2SIDE|JIRUO-WUGEN|JIWANG-HUAIJI|JISHUAI-CONGSHENG|GE-QUALITY|TIANGAN-XINGQING|YONGSHEN-STRUCTURE|YONGSHEN-FINAL|ZHONG-HE,明府。徐乐吾曰：甲木临寅，身旺坐禄，亥中壬水的禄，甲木长生，木旺而润，以丁火泄秀为用，故贵。,['身旺']
穷通宝鉴,穷通宝鉴-0022,丁卯乙巳甲辰庚午,甲,HEAVY,REN-CAIGUAN|SHISHI-BURUO|XIEQI-TAIZHONG|HEAVY-ROOT|BIJIE-PARTY|ROOT-STRUCK|ROOT-GAN-PRIORITY|ZHONGGUA-2SIDE|JIRUO-WUGEN|JIWANG-HUAIJI|JISHUAI-CONGSHENG|GE-QUALITY|SHI-ZHU-JI|TIANGAN-XINGQING|YONGSHEN-STRUCTURE|YONGSHEN-FINAL|ZHONG-HE,庚丁两透进士。徐乐吾曰：按此造得力在甲木坐辰，通根印库，墓库之水，得庚金生之，不致枯燥，故能取清贵也。,[]
穷通宝鉴,穷通宝鉴-0023,丙午癸巳甲戌甲子,甲,NONE,SHISHI-BURUO|XIEQI-TAIZHONG|YIN-PARTY|WANGCHONG-SHUAI|ZHONGGUA-2SIDE|WUGEN-YOUFU|JISHUAI-CONGSHENG|GE-QUALITY|YUN-SHENG-ROOT|TIANGAN-XINGQING|YONGSHEN-STRUCTURE|YONGSHEN-FINAL|ZHONG-HE,大贵。徐乐吾曰：癸水透出，通根时支，子戌拱亥，水旺木生，丙火为月令旺神，以癸水培木制丙为用，较丁卯一造为胜，宜乎大贵矣。,[]
穷通宝鉴,穷通宝鉴-0024,丙午癸巳甲子丙寅,甲,HEAVY,REN-CAIGUAN|SHISHI-BURUO|XIEQI-TAIZHONG|HEAVY-ROOT|YIN-PARTY|ROOT-STRUCK|ROOT-GAN-PRIORITY|WANGCHONG-SHUAI|SHI-GUI-LU|ZHONGGUA-2SIDE|JIRUO-WUGEN|JIWANG-HUAIJI|JISHUAI-CONGSHENG|SHIYONG-YUELING-XIANGFU|GE-QUALITY|SHI-ZHU-JI|TIANGAN-XINGQING|YONGSHEN-STRUCTURE|YONGSHEN-FINAL|ZHONG-HE,以干支二癸，制乘公之丙火，位至参政。,[]
穷通宝鉴,穷通宝鉴-0025,丙午癸巳甲寅丙寅,甲,HEAVY,REN-CAIGUAN|XIEQI-TAIZHONG|HEAVY-ROOT|ROOT-STRUCK|ROOT-GAN-PRIORITY|SHI-GUI-LU|ZHONGGUA-2SIDE|JIRUO-WUGEN|JIWANG-HUAIJI|JISHUAI-CONGSHENG|SHIYONG-YUELING-XIANGFU|GE-QUALITY|SHI-ZHU-JI|TIANGAN-XINGQING|YONGSHEN-STRUCTURE|YONGSHEN-FINAL|ZHONG-HE,此命火土熬乾癸水，行午运损目，后作乞丐。徐乐吾曰：按以上两造，相差一字，下造癸水无根，又无庚金出干以生之，故有熬干之危，《穷通宝鉴》漏去一造，而以熬乾癸水注文，置上造下，以致不可解，要知上造，甲子日元，癸水通根，何致熬干，子寅夹丑贵，乃贵格也，兹照抄本更正补入。,[]
穷通宝鉴,穷通宝鉴-0026,己巳己巳甲子壬申,甲,NONE,SHISHI-BURUO|CAIDUO-SHENRUAN|YIN-PARTY|ZHONGGUA-2SIDE|RI-BEI-HE|JIRUO-WUGEN|WUGEN-YOUFU|SHIYONG-YUELING-XIANGFU|GE-QING|GE-QUALITY|YUN-SHENG-ROOT|SHI-ZHU-JI|TIANGAN-XINGQING|YONGSHEN-STRUCTURE|YONGSHEN-FINAL|ZHONG-HE,徐乐吾曰：乃龚心湛命，同治八年四月廿二日申时。此造壬水出干，子申会局，用壬水制巳宫丙火，乃龚心湛命，位至财政总长。,[]
穷通宝鉴,穷通宝鉴-0027,癸酉丁巳甲子戊辰,甲,LIGHT,REN-CAIGUAN|SHISHI-BURUO|XIEQI-TAIZHONG|LIGHT-ROOT|YIN-PARTY|ROOT-GAN-PRIORITY|HE-HUASHEN-DESHI|SHI-GUI-LU|ZHONGGUA-2SIDE|JIRUO-WUGEN|JISHUAI-CONGSHENG|SHIYONG-YUELING-XIANGFU|GE-QING|GE-QUALITY|SHI-ZHU-JI|TIANGAN-XINGQING|YONGSHEN-STRUCTURE|YONGSHEN-FINAL|ZHONG-HE,徐乐吾曰：汤玉麟命，同治十二年四月十六日辰时。癸水出干，巳酉子辰会局，取癸水制火为用，水得金生，位至热河主席，时上戊土为病，晚所失地丧师。三夏甲木总论三夏甲木，用神先丁次庚，无丁不得通明，无庚劈甲，丁火不燃。徐乐吾曰：统论四五六月取用之法，不离丁庚，庚金劈甲，方成木火通明之象，究之甲木根润，方能取丁火泄秀，当以壬癸为主，阅下文自明。白话译文四月（巳月）是夏季之始，甲木（阳木，象征参天大树）气势已然,[]
穷通宝鉴,穷通宝鉴-0028,丁巳丙午甲寅甲子,甲,HEAVY,REN-CAIGUAN|SHISHI-BURUO|XIEQI-TAIZHONG|HEAVY-ROOT|BIJIE-PARTY|ROOT-STRUCK|ROOT-GAN-PRIORITY|WANGCHONG-SHUAI|ZHONGGUA-2SIDE|JIRUO-WUGEN|JIWANG-HUAIJI|JISHUAI-CONGSHENG|GE-QUALITY|TIANGAN-XINGQING|YONGSHEN-STRUCTURE|YONGSHEN-FINAL|ZHONG-HE,年月丙丁两透，支中有癸，癸运大发，官至侍郎徐乐吾曰：盖子中有癸，巳中有庚，年干丁被丙夺，又午中己，冲出子中癸，调候为用，所谓元极暗里寻也。行癸运连捷，官拜待郎。,[]
穷通宝鉴,穷通宝鉴-0029,丙寅甲午甲戌辛未,甲,HEAVY,REN-CAIGUAN|SHISHI-BURUO|XIEQI-TAIZHONG|HEAVY-ROOT|BIJIE-PARTY|ROOT-STRUCK|ROOT-GAN-PRIORITY|SHI-GUI-LU|ZHONGGUA-2SIDE|JIRUO-WUGEN|JIWANG-HUAIJI|JISHUAI-CONGSHENG|SHIYONG-YUELING-XIANGFU|GE-QING|GE-QUALITY|SHI-ZHU-JI|TIANGAN-XINGQING|YONGSHEN-STRUCTURE|YONGSHEN-FINAL|ZHONG-HE,女命，柱内全无水，支成火局，则为枯木，又无庚金，则为朽木，刑夫淫贱，若作男命，双是伤官格，反吉。徐乐吾曰：木性枯焦，而无滴水解炎，即使男命，未便为佳，夏木伤官，必须佩印，木虽旺，无印亦属偏枯。观上两造自明。,[]
穷通宝鉴,穷通宝鉴-0030,甲辰辛未甲子辛未,甲,LIGHT,REN-CAIGUAN|SHISHI-BURUO|LIGHT-ROOT|BIJIE-PARTY|ROOT-STRUCK|ROOT-GAN-PRIORITY|SHI-GUI-LU|ZHONGGUA-2SIDE|JIRUO-WUGEN|SHIYONG-YUELING-XIANGFU|GE-QUALITY|SHI-ZHU-JI|TIANGAN-XINGQING|YONGSHEN-STRUCTURE|YONGSHEN-FINAL|ZHONG-HE,此名两干不杂，专用丁火，一生富贵。虽有富贵，妻子难留，若作丁卯时，丁火出干，可生四子，但家贫耳徐乐吾曰：两干不杂，局势虽清，无关重轻，此造好在甲木临子，官印相生用，润土生木，故能用丁，两未害子，妻贤难留，若丁卯时，丁火出干，卯刃劫财，故子多而家贫。丁火两字，当是子水之误，决不能用丁火也。,[]
穷通宝鉴,穷通宝鉴-0031,乙巳癸未甲子戊辰,甲,LIGHT,REN-CAIGUAN|SHISHI-BURUO|LIGHT-ROOT|YIN-PARTY|BIJIE-PARTY|ROOT-STRUCK|ROOT-GAN-PRIORITY|SHI-GUI-LU|ZHONGGUA-2SIDE|JIRUO-WUGEN|SHIYONG-YUELING-XIANGFU|GE-QUALITY|SHI-ZHU-JI|TIANGAN-XINGQING|YONGSHEN-STRUCTURE|YONGSHEN-FINAL|ZHONG-HE,支成水局，困了丁火，虽主富贵，乏子。徐乐吾曰：印旺用未中财伤，伤官生财，丁火不透，癸水盖头，虽在六月，水盛火衰，故云困了丁火也。,[]
穷通宝鉴,穷通宝鉴-0032,甲申辛未甲戌丙寅,甲,HEAVY,REN-CAIGUAN|SHISHI-BURUO|XIEQI-TAIZHONG|HEAVY-ROOT|BIJIE-PARTY|ROOT-STRUCK|ROOT-GAN-PRIORITY|SHI-GUI-LU|ZHONGGUA-2SIDE|JIRUO-WUGEN|JIWANG-HUAIJI|JISHUAI-CONGSHENG|GE-QUALITY|SHI-ZHU-JI|TIANGAN-XINGQING|YONGSHEN-STRUCTURE|YONGSHEN-FINAL|ZHONG-HE,庚金得禄，官至尚书。徐乐吾曰：此为明崔呈秀尚书命，《三命通会》误甲申为甲戌也。财官为用，庚金得禄於申，又得壬水长生，制伤护官，故贵。而贵气则在申中壬生庚禄也，丙合辛官，申冲寅禄，凶死固宜。,[]
穷通宝鉴,穷通宝鉴-0033,辛巳乙未甲戌戊辰,甲,LIGHT,REN-CAIGUAN|SHISHI-BURUO|LIGHT-ROOT|BIJIE-PARTY|ROOT-STRUCK|ROOT-GAN-PRIORITY|SHI-GUI-LU|ZHONGGUA-2SIDE|JIRUO-WUGEN|SHIYONG-YUELING-XIANGFU|GE-QUALITY|SHI-ZHU-JI|TIANGAN-XINGQING|YONGSHEN-STRUCTURE|YONGSHEN-FINAL|ZHONG-HE,女命三嫁乏子。徐乐吾曰：辛金夫星明透，无如火土炎燥，毫无生意。无如火土炎燥，无印护官，辰中癸水入墓，戊土克之，宜其无子。,[]
穷通宝鉴,穷通宝鉴-0034,己未庚午甲辰壬申,甲,LIGHT,REN-CAIGUAN|SHISHI-BURUO|LIGHT-ROOT|YIN-PARTY|ROOT-GAN-PRIORITY|ZHONGGUA-2SIDE|RI-BEI-HE|JIRUO-WUGEN|GE-QING|GE-QUALITY|SHI-ZHU-JI|TIANGAN-XINGQING|YONGSHEN-STRUCTURE|YONGSHEN-FINAL|ZHONG-HE,徐乐吾曰：梁鼎芬命造，咸丰九年六月初六日申时，申辰会局，透壬，用午丁火，更有庚金劈甲引丁，位至藩臬。,[]
穷通宝鉴,穷通宝鉴-0035,丙子甲午甲戌戊辰,甲,LIGHT,REN-CAIGUAN|SHISHI-BURUO|XIEQI-TAIZHONG|LIGHT-ROOT|BIJIE-PARTY|ROOT-STRUCK|ROOT-GAN-PRIORITY|WANGCHONG-SHUAI|SHI-GUI-LU|ZHONGGUA-2SIDE|JIRUO-WUGEN|JISHUAI-CONGSHENG|GE-QUALITY|SHI-ZHU-JI|TIANGAN-XINGQING|YONGSHEN-STRUCTURE|YONGSHEN-FINAL|ZHONG-HE,徐乐吾曰：陆宗舆命，光绪二年闰五月十四日辰时。子午辰戌两冲，印被财破，午戌会局，火旺木焚，喜子辰遥合，制火润木，取戊土泄火为用，位至财长。,[]
穷通宝鉴,穷通宝鉴-0036,壬午丙午甲申甲子,甲,NONE,SHISHI-BURUO|XIEQI-TAIZHONG|YIN-PARTY|WANGCHONG-SHUAI|ZHONGGUA-2SIDE|WUGEN-YOUFU|JISHUAI-CONGSHENG|GE-QUALITY|YUN-SHENG-ROOT|TIANGAN-XINGQING|YONGSHEN-STRUCTURE|YONGSHEN-FINAL|ZHONG-HE,徐乐吾曰：吴光新命，光绪八年四月二十九日子时。子申会局，透壬，用午宫丁己，位至督军。,[]
穷通宝鉴,穷通宝鉴-0037,壬午丙午甲辰甲戌,甲,LIGHT,REN-CAIGUAN|SHISHI-BURUO|XIEQI-TAIZHONG|LIGHT-ROOT|YIN-PARTY|BIJIE-PARTY|ROOT-STRUCK|ROOT-GAN-PRIORITY|ZHONGGUA-2SIDE|JIRUO-WUGEN|JISHUAI-CONGSHENG|SHIYONG-YUELING-XIANGFU|GE-QUALITY|SHI-ZHU-JI|TIANGAN-XINGQING|YONGSHEN-STRUCTURE|YONGSHEN-FINAL|ZHONG-HE,徐乐吾曰：曲同丰命，光绪八年五月十九日戌时。壬水出干，制火润土生水，位至军长。,[]
穷通宝鉴,穷通宝鉴-0038,甲午辛未甲寅甲子,甲,HEAVY,REN-CAIGUAN|SHISHI-BURUO|BIJIE-PARTY|ROOT-STRUCK|ROOT-GAN-PRIORITY|ZHONGGUA-2SIDE|JIRUO-WUGEN|JIWANG-HUAIJI|GE-QUALITY|TIANGAN-XINGQING|YONGSHEN-STRUCTURE|YONGSHEN-FINAL|ZHONG-HE,徐乐吾曰：孙毓汶命，道光十四年六月二十日子时。官印格夹贵，位至尚书。,[]
穷通宝鉴,穷通宝鉴-0039,甲申辛未甲辰甲子,甲,LIGHT,REN-CAIGUAN|SHISHI-BURUO|LIGHT-ROOT|BIJIE-PARTY|ROOT-STRUCK|ROOT-GAN-PRIORITY|ZHONGGUA-2SIDE|JIRUO-WUGEN|GE-QUALITY|TIANGAN-XINGQING|YONGSHEN-STRUCTURE|YONGSHEN-FINAL|ZHONG-HE,徐乐吾曰：张树声命，道光四年六月十二日子时。申子辰会局，印旺用财官，位至巡抚。,[]
穷通宝鉴,穷通宝鉴-0040,乙丑癸未甲午甲子,甲,LIGHT,REN-CAIGUAN|SHISHI-BURUO|LIGHT-ROOT|YIN-PARTY|BIJIE-PARTY|ROOT-STRUCK|ROOT-GAN-PRIORITY|ZHONGGUA-2SIDE|JIRUO-WUGEN|GE-QUALITY|TIANGAN-XINGQING|YONGSHEN-STRUCTURE|YONGSHEN-FINAL|ZHONG-HE,徐乐吾曰：齐耀琳命，同治四年六月初一日子时。癸水出干，地支得禄，位至省长。三夏甲木总论三夏甲木，用神先丁次庚，无丁不得通明，无庚劈甲，丁火不燃。徐乐吾曰：统论四五六月取用之法，不离丁庚，庚金劈甲，方成木火通明之象，究之甲木根润，方能取丁火泄秀，当以壬癸为主，阅下文自明。白话译文五月、六月出生、以甲木为日主的人，木气在盛夏中虚浮枯焦。五月宜先取癸水（阴水，滋润木根）为用，次取丁火（阴火，疏泄木气），,[]
穷通宝鉴,穷通宝鉴-0041,戊子庚申乙丑壬午,乙,LIGHT,REN-CAIGUAN|SHISHI-BURUO|LIGHT-ROOT|YIN-PARTY|ROOT-STRUCK|ROOT-GAN-PRIORITY|HE-HUASHEN-DESHI|SHI-GUI-LU|ZHONGGUA-2SIDE|RI-BEI-HE|JIRUO-WUGEN|GE-QUALITY|SHI-ZHU-JI|TIANGAN-XINGQING|YONGSHEN-STRUCTURE|YONGSHEN-FINAL|ZHONG-HE,，乙木生七月，壬戊庚并透，专用午中一点丁火也，详见《现代命鉴》。若原局癸水伤丁，则难显达，虽运行火土，不过补救一二。盖根在苗先，不能挽救原局之病也。若原局有戊土出干制癸为救，为有病有药，又可取贵。但病药杂出，格局混杂，吉凶互见，藉财破印，因贪致祸，终非上等格局耳。以上虽论甲木，乙木亦大致相同也。总之，七月甲木，丁火为尊，庚金次之，但不可少。火隔水不能融金，丁火融金，必赖甲木引助，方成洪炉。若有癸水,[]
穷通宝鉴,穷通宝鉴-0042,乙未甲申甲子乙亥,甲,HEAVY,REN-CAIGUAN|SHISHI-BURUO|HEAVY-ROOT|JUECHU-FENGSHENG|BIJIE-PARTY|ROOT-STRUCK|ROOT-GAN-PRIORITY|SHI-GUI-LU|ZHONGGUA-2SIDE|JIRUO-WUGEN|SHIYONG-YUELING-XIANGFU|GE-QUALITY|TIANGAN-XINGQING|YONGSHEN-STRUCTURE|YONGSHEN-FINAL|ZHONG-HE,孝廉，辰运灾。徐乐吾曰：此造子申会局，水旺庚金气泄，煞化为印，水木相生，木旺而无丁火泄其秀，非用财破印不可，非佳造也。至辰运三合会齐，宜其灭矣，灾晦宜矣。,[]
穷通宝鉴,穷通宝鉴-0043,丙午丙申甲寅丁卯,甲,HEAVY,REN-CAIGUAN|XIEQI-TAIZHONG|HEAVY-ROOT|JUECHU-FENGSHENG|ROOT-STRUCK|ROOT-GAN-PRIORITY|WANGCHONG-SHUAI|SHI-GUI-LU|ZHONGGUA-2SIDE|JIRUO-WUGEN|JISHUAI-CONGSHENG|GE-QUALITY|TIANGAN-XINGQING|YONGSHEN-STRUCTURE|YONGSHEN-FINAL|ZHONG-HE,病在丙丁杂乱，故专用庚金，行戊运连捷，庚运转侍郎。徐乐吾曰：此制过七煞，喜行财滋煞旺之运，身强煞旺而丁透，格局甚美也。,['身强']
穷通宝鉴,穷通宝鉴-0044,己亥壬申甲戌丁卯,甲,HEAVY,REN-CAIGUAN|SHISHI-BURUO|XIEQI-TAIZHONG|HEAVY-ROOT|JUECHU-FENGSHENG|YIN-PARTY|ROOT-STRUCK|ROOT-GAN-PRIORITY|SHI-GUI-LU|ZHONGGUA-2SIDE|RI-BEI-HE|JIRUO-WUGEN|JISHUAI-CONGSHENG|GE-QUALITY|TIANGAN-XINGQING|YONGSHEN-STRUCTURE|YONGSHEN-FINAL|ZHONG-HE,茂才。徐乐吾曰：丁壬合，壬水合去丁火，丁火受制，原局有病，己土不能制壬，病重药轻，仅为茂才而不贵。,[]
穷通宝鉴,穷通宝鉴-0045,戊午庚申甲寅丙寅,甲,HEAVY,REN-CAIGUAN|XIEQI-TAIZHONG|HEAVY-ROOT|JUECHU-FENGSHENG|ROOT-STRUCK|ROOT-GAN-PRIORITY|WANGCHONG-SHUAI|SHI-GUI-LU|ZHONGGUA-2SIDE|JIRUO-WUGEN|JISHUAI-CONGSHENG|SHIYONG-YUELING-XIANGFU|GE-QUALITY|SHI-ZHU-JI|TIANGAN-XINGQING|YONGSHEN-STRUCTURE|YONGSHEN-FINAL|ZHONG-HE,县令，丑运去官。徐乐吾曰：身煞两旺而有制，美格也。惜火太旺，且为丙火，而非丁火，贵不足，火运至丑而止。,[]
穷通宝鉴,穷通宝鉴-0046,丁酉戊申甲申乙亥,甲,HEAVY,REN-CAIGUAN|SHISHI-BURUO|HEAVY-ROOT|JUECHU-FENGSHENG|BIJIE-PARTY|ROOT-STRUCK|ROOT-GAN-PRIORITY|SHI-GUI-LU|ZHONGGUA-2SIDE|JIRUO-WUGEN|SHIYONG-YUELING-XIANGFU|GE-QUALITY|TIANGAN-XINGQING|YONGSHEN-STRUCTURE|YONGSHEN-FINAL|ZHONG-HE,徐乐吾曰：阿桂命，满州人，康熙五十六年八月初三日亥时。戊土制住壬水，庚煞之气不泄，专取丁火伤官驾煞为用，运行南方，定伊犁，讨缅甸，平金川，积功封英勇公，官至大学士，卒谥文成。,[]
穷通宝鉴,穷通宝鉴-0047,辛未丙申甲申丙寅,甲,HEAVY,REN-CAIGUAN|XIEQI-TAIZHONG|HEAVY-ROOT|JUECHU-FENGSHENG|ROOT-STRUCK|ROOT-GAN-PRIORITY|WANGCHONG-SHUAI|SHI-GUI-LU|ZHONGGUA-2SIDE|JIRUO-WUGEN|JISHUAI-CONGSHENG|SHIYONG-YUELING-XIANGFU|GE-QUALITY|SHI-ZHU-JI|TIANGAN-XINGQING|YONGSHEN-STRUCTURE|YONGSHEN-FINAL|ZHONG-HE,徐乐吾曰：张之万命，嘉庆十六年七月初八日寅时。年月合去一丙，专用时上丙火，鼎甲出生，位至大学士。,[]
穷通宝鉴,穷通宝鉴-0048,癸未庚申甲戌丙寅,甲,HEAVY,REN-CAIGUAN|SHISHI-BURUO|XIEQI-TAIZHONG|HEAVY-ROOT|JUECHU-FENGSHENG|YIN-PARTY|ROOT-STRUCK|ROOT-GAN-PRIORITY|WANGCHONG-SHUAI|SHI-GUI-LU|ZHONGGUA-2SIDE|JIRUO-WUGEN|JISHUAI-CONGSHENG|SHIYONG-YUELING-XIANGFU|GE-QUALITY|SHI-ZHU-JI|TIANGAN-XINGQING|YONGSHEN-STRUCTURE|YONGSHEN-FINAL|ZHONG-HE,徐乐吾曰：蒋驴子命，道光三年七月初八日寅时。用丙火制金以养群土，富格。,[]
穷通宝鉴,穷通宝鉴-0049,癸亥庚申甲寅乙亥,甲,HEAVY,REN-CAIGUAN|SHISHI-BURUO|HEAVY-ROOT|JUECHU-FENGSHENG|YIN-PARTY|BIJIE-PARTY|ROOT-STRUCK|ROOT-GAN-PRIORITY|WANGCHONG-SHUAI|HE-HUASHEN-DESHI|SHI-GUI-LU|ZHONGGUA-2SIDE|JIRUO-WUGEN|SHIYONG-YUELING-XIANGFU|GE-QUALITY|TIANGAN-XINGQING|YONGSHEN-STRUCTURE|YONGSHEN-FINAL|ZHONG-HE,徐乐吾曰：陆建章命，同治二年七月初十日亥时。身旺假煞为权，行乙卯刃运，握生杀权，甲运遭仇杀。,['身旺']
穷通宝鉴,穷通宝鉴-0050,乙酉甲申甲子乙亥,甲,HEAVY,REN-CAIGUAN|SHISHI-BURUO|HEAVY-ROOT|JUECHU-FENGSHENG|BIJIE-PARTY|ROOT-STRUCK|ROOT-GAN-PRIORITY|SHI-GUI-LU|ZHONGGUA-2SIDE|JIRUO-WUGEN|SHIYONG-YUELING-XIANGFU|GE-QUALITY|TIANGAN-XINGQING|YONGSHEN-STRUCTURE|YONGSHEN-FINAL|ZHONG-HE,徐乐吾曰：王伯群命，光绪十一年七月廿八日亥时。惜无丁火配合，运入东南，贵为交通部长。,[]
穷通宝鉴,穷通宝鉴-0051,庚寅甲申甲申甲戌,甲,HEAVY,REN-CAIGUAN|SHISHI-BURUO|HEAVY-ROOT|JUECHU-FENGSHENG|BIJIE-PARTY|ROOT-STRUCK|ROOT-GAN-PRIORITY|WANGCHONG-SHUAI|ZHONGGUA-2SIDE|JIRUO-WUGEN|SHIYONG-YUELING-XIANGFU|GE-QUALITY|SHI-ZHU-JI|TIANGAN-XINGQING|YONGSHEN-STRUCTURE|YONGSHEN-FINAL|ZHONG-HE,徐乐吾曰：袁克文命，光绪十六年七月十六日戌时。独煞乘仅为贵，三甲朝元，用以年支寅禄为根，专恃上荫可知，丁火不透，终为贵介公子而已。三秋甲木总论三秋甲木，木性枯槁。金土乘旺，先丁后庚，丁庚两全，将甲造为画戟。徐乐吾曰：三秋木老，枝枯叶瘁，为成器之木，宜刚金修削，方成东梁之材，所谓秋木得金则为画戟。书云：死木得金而造，庚辛必利，而金气适乘旺秉令，故秋木见金，为真神得用，贵显为多。甲木宜庚金啄凿以成材，,[]
穷通宝鉴,穷通宝鉴-0052,乙未乙酉甲子丁卯,甲,HEAVY,REN-CAIGUAN|SHISHI-BURUO|XIEQI-TAIZHONG|HEAVY-ROOT|BIJIE-PARTY|ROOT-STRUCK|ROOT-GAN-PRIORITY|WANGCHONG-SHUAI|SHI-GUI-LU|ZHONGGUA-2SIDE|JIRUO-WUGEN|JISHUAI-CONGSHENG|GE-QUALITY|TIANGAN-XINGQING|YONGSHEN-STRUCTURE|YONGSHEN-FINAL|ZHONG-HE,丁火高照，太守命。徐乐吾曰：丁火高照者，言配合之美也。甲子坐印，官印相生，木有癸水滋扶，丁火高照，不伤官星，木得阳气融和，以月令官星制刃为用神，运行辛巳、庚辰，官星得地，焉得不贵乎。,[]
穷通宝鉴,穷通宝鉴-0053,庚寅乙酉甲子丁卯,甲,HEAVY,REN-CAIGUAN|SHISHI-BURUO|XIEQI-TAIZHONG|HEAVY-ROOT|BIJIE-PARTY|ROOT-STRUCK|ROOT-GAN-PRIORITY|WANGCHONG-SHUAI|HE-HUASHEN-DESHI|SHI-GUI-LU|ZHONGGUA-2SIDE|JIRUO-WUGEN|JISHUAI-CONGSHENG|GE-QUALITY|TIANGAN-XINGQING|YONGSHEN-STRUCTURE|YONGSHEN-FINAL|ZHONG-HE,支藏丙火，时逢一丁，参政命。徐乐吾曰：此造与上造相同，特年逢庚寅，干透煞，支内多一重丙火耳。乙庚煞刃，相合有情，丁火高照，制得其宜，秋木盛，宜官煞运，与上造同，内而参政，外而太守，品秩亦相等也。,[]
穷通宝鉴,穷通宝鉴-0054,乙巳乙酉甲子甲子,甲,NONE,ZHONGGUA-2SIDE|WUGEN-YOUFU|GE-QING|GE-QUALITY|YUN-SHENG-ROOT|TIANGAN-XINGQING|YONGSHEN-STRUCTURE|YONGSHEN-FINAL,朱文端公造。徐乐吾曰：巳酉半会杀局，甲子坐印，煞印相生之局也，两干不杂，好在巳中有丙火暗藏，岂不为贵乎？,[]
穷通宝鉴,穷通宝鉴-0055,丙戌丁酉甲寅丁卯,甲,HEAVY,REN-CAIGUAN|XIEQI-TAIZHONG|HEAVY-ROOT|ROOT-STRUCK|ROOT-GAN-PRIORITY|WANGCHONG-SHUAI|SHI-GUI-LU|ZHONGGUA-2SIDE|JIRUO-WUGEN|JISHUAI-CONGSHENG|GE-QUALITY|TIANGAN-XINGQING|YONGSHEN-STRUCTURE|YONGSHEN-FINAL|ZHONG-HE,孝廉，卯终。徐乐吾曰：身强丙丁并透，官星被制太守，幸运行金水之地，得举孝廉以终。,['身强']
穷通宝鉴,穷通宝鉴-0056,丁巳己酉甲子戊辰,甲,LIGHT,REN-CAIGUAN|XIEQI-TAIZHONG|LIGHT-ROOT|ROOT-GAN-PRIORITY|SHI-GUI-LU|ZHONGGUA-2SIDE|RI-BEI-HE|JIRUO-WUGEN|JISHUAI-CONGSHENG|GE-QING|GE-QUALITY|SHI-ZHU-JI|TIANGAN-XINGQING|YONGSHEN-STRUCTURE|YONGSHEN-FINAL|ZHONG-HE,徐乐吾曰：黄以霖命，咸丰七年八月十六日辰时。支成煞印两局，天干丁火戊己并透，富贵兼矣，一榜武昌知府，湖北巡警道。,[]
穷通宝鉴,穷通宝鉴-0057,癸未辛酉甲申丙寅,甲,HEAVY,REN-CAIGUAN|SHISHI-BURUO|XIEQI-TAIZHONG|HEAVY-ROOT|YIN-PARTY|ROOT-STRUCK|ROOT-GAN-PRIORITY|WANGCHONG-SHUAI|SHI-GUI-LU|ZHONGGUA-2SIDE|JIRUO-WUGEN|JISHUAI-CONGSHENG|GE-QUALITY|SHI-ZHU-JI|TIANGAN-XINGQING|YONGSHEN-STRUCTURE|YONGSHEN-FINAL|ZHONG-HE,徐乐吾曰：刘镇华命，光绪九年九月初七日寅时。丙辛隔位不合，癸不伤丙，贵为主席，总领师干。,[]
穷通宝鉴,穷通宝鉴-0058,壬寅己酉甲戌丙寅,甲,HEAVY,REN-CAIGUAN|XIEQI-TAIZHONG|HEAVY-ROOT|ROOT-GAN-PRIORITY|SHI-GUI-LU|ZHONGGUA-2SIDE|RI-BEI-HE|JIRUO-WUGEN|JISHUAI-CONGSHENG|GE-QUALITY|SHI-ZHU-JI|TIANGAN-XINGQING|YONGSHEN-STRUCTURE|YONGSHEN-FINAL|ZHONG-HE,徐乐吾曰：清宣宗（道光）命，乾隆四十七年八月初十日寅时。或云初八日寅时，作壬申、壬寅，未知孰是，姑录之，以备参考。三秋甲木总论三秋甲木，木性枯槁。金土乘旺，先丁后庚，丁庚两全，将甲造为画戟。徐乐吾曰：三秋木老，枝枯叶瘁，为成器之木，宜刚金修削，方成东梁之材，所谓秋木得金则为画戟。书云：死木得金而造，庚辛必利，而金气适乘旺秉令，故秋木见金，为真神得用，贵显为多。甲木宜庚金啄凿以成材，庚金喜丁火煅炼以,[]
穷通宝鉴,穷通宝鉴-0059,甲辰甲戌甲辰甲戌,甲,LIGHT,REN-CAIGUAN|SHISHI-BURUO|LIGHT-ROOT|BIJIE-PARTY|ROOT-STRUCK|ROOT-GAN-PRIORITY|ZHONGGUA-2SIDE|JIRUO-WUGEN|SHIYONG-YUELING-XIANGFU|GE-QUALITY|SHI-ZHU-JI|TIANGAN-XINGQING|YONGSHEN-STRUCTURE|YONGSHEN-FINAL|ZHONG-HE,富贵寿考，身伴君王，台阁之命。此为天元一气，又名一财一用，遇比用财，专取季土。徐乐吾曰：承上文，遇比用财，取官煞为护，便同财官格。取食伤以化，便同食伤生财格，若不用官煞食伤而用财星，仅四季月有之，如此比肩多，无庚制，而得富贵寿考者。此造四支皆土，又值土旺秉令，比肩多而以财为用，唯季月之土，可以如此用法，非遇比用才，乃财旺用比也，故云专取季土。加以天元一气，而甲木生辰，辰为湿土，水之墓，木之余气也。,[]
穷通宝鉴,穷通宝鉴-0060,戊戌壬戌甲子甲申,甲,NONE,SHISHI-BURUO|CAIDUO-SHENRUAN|YIN-PARTY|ZHONGGUA-2SIDE|JIRUO-WUGEN|WUGEN-YOUFU|SHIYONG-YUELING-XIANGFU|GE-QING|GE-QUALITY|YUN-SHENG-ROOT|SHI-ZHU-JI|TIANGAN-XINGQING|YONGSHEN-STRUCTURE|YONGSHEN-FINAL|ZHONG-HE,支成水局，壬水出干，已成水局，正合贵玄武之说。配得中和，一榜之命，家计丰足，富有千金。但庚丁未透出干，出仕不显。徐乐吾曰：申述九月甲木用财者，爱丁癸滋扶，见首节。专用丁癸者，喜丁癸配合也，戊透配得中和者，以戊土财星为用也。可许一榜者，如戊戌一造，支成水局，而透壬水，水多以戊为奇。戌宫戊土透干，用财损印，配得中和，一榜之命。但以丁庚不透，不能得科甲，富大贵小之命。不见丁庚，难以致身通显，此论其表面也,"['身弱', '中和']"
穷通宝鉴,穷通宝鉴-0061,壬午庚戌甲午庚午,甲,NONE,SHAZHONG-SHENQING|ZHONGGUA-2SIDE|WUGEN-YOUFU|JISHUAI-CONGSHENG|SHIYONG-YUELING-XIANGFU|GE-QUALITY|YUN-SHENG-ROOT|SHI-ZHU-JI|TIANGAN-XINGQING|YONGSHEN-STRUCTURE|YONGSHEN-FINAL,庚壬两旺，一品当朝。徐乐吾曰：明詹丞相命造，午戌会局，火旺木枯，用壬水泄庚制火扶身，正合假伤官得地，贵宜玄武之说，与上戊子造参阅自见。,[]
穷通宝鉴,穷通宝鉴-0062,庚戌丙戌甲戌戊辰,甲,LIGHT,REN-CAIGUAN|XIEQI-TAIZHONG|LIGHT-ROOT|ROOT-STRUCK|ROOT-GAN-PRIORITY|SHI-GUI-LU|ZHONGGUA-2SIDE|JIRUO-WUGEN|JISHUAI-CONGSHENG|SHIYONG-YUELING-XIANGFU|GE-QUALITY|SHI-ZHU-JI|TIANGAN-XINGQING|YONGSHEN-STRUCTURE|YONGSHEN-FINAL|ZHONG-HE,武庠，富而且寿。徐乐吾曰：此造丙戊并透，幸地位配置合宜，以丙去庚，专用戊土偏财，取令神生身，故富而寿。火土偏燥，小贵就武。,[]
穷通宝鉴,穷通宝鉴-0063,己丑甲戌甲子甲子,甲,NONE,CAIDUO-SHENRUAN|HE-HUASHEN-DESHI|ZHONGGUA-2SIDE|RI-BEI-HE|JIRUO-WUGEN|WUGEN-YOUFU|GE-QING|GE-QUALITY|YUN-SHENG-ROOT|TIANGAN-XINGQING|YONGSHEN-STRUCTURE|YONGSHEN-FINAL,乏庚，丁火入墓，无庚造就，早岁贫贱，晚景大发，但庸人耳。徐乐吾曰：此造甲子坐印，树老根润，比肩多，夺用财星，乏庚克制，无庚造就，不能取贵。丁火入墓，无丙丁泄秀，季气不泄，愚庸之人，不能取贵。以己土财为用神，晚行己巳、戊辰运，财星得地，致富宜矣。,[]
穷通宝鉴,穷通宝鉴-0064,己丑甲戌甲戌甲子,甲,NONE,CAIDUO-SHENRUAN|HE-HUASHEN-DESHI|ZHONGGUA-2SIDE|RI-BEI-HE|JIRUO-WUGEN|WUGEN-YOUFU|GE-QING|GE-QUALITY|YUN-SHENG-ROOT|TIANGAN-XINGQING|YONGSHEN-STRUCTURE|YONGSHEN-FINAL,两点丁火，一妻一子，稍有衣食，常人而已。徐乐吾曰：此造与上造相差日支一字，皆以财为用，甲子活木，甲戌枯木，所差在有情无情之间也。,[]
穷通宝鉴,穷通宝鉴-0065,癸丑壬戌甲午壬申,甲,NONE,SHISHI-BURUO|YIN-PARTY|ZHONGGUA-2SIDE|WUGEN-YOUFU|SHIYONG-YUELING-XIANGFU|GE-QUALITY|YUN-SHENG-ROOT|SHI-ZHU-JI|TIANGAN-XINGQING|YONGSHEN-STRUCTURE|YONGSHEN-FINAL|ZHONG-HE,徐乐吾曰：壬癸太多，丁火不能生焰，幸得庚禄居申，可以自有作为，不失富贵，兄弟多力，妻子早岁招刑。,[]
穷通宝鉴,穷通宝鉴-0066,乙卯丙戌甲申丁卯,甲,HEAVY,REN-CAIGUAN|SHISHI-BURUO|XIEQI-TAIZHONG|HEAVY-ROOT|BIJIE-PARTY|ROOT-GAN-PRIORITY|SHI-GUI-LU|ZHONGGUA-2SIDE|JISHUAI-CONGSHENG|GE-QING|GE-QUALITY|TIANGAN-XINGQING|YONGSHEN-STRUCTURE|YONGSHEN-FINAL|ZHONG-HE,徐乐吾曰：马伯通命，咸丰五年九月廿四日卯时。庚禄居申，甲刃在卯，煞刃皆不秉令，见丙火出干，用取食神生财，宜以文学寿世。,[]
穷通宝鉴,穷通宝鉴-0067,戊午壬戌甲辰庚午,甲,LIGHT,REN-CAIGUAN|SHISHI-BURUO|LIGHT-ROOT|YIN-PARTY|ROOT-STRUCK|ROOT-GAN-PRIORITY|ZHONGGUA-2SIDE|JIRUO-WUGEN|SHIYONG-YUELING-XIANGFU|GE-QUALITY|SHI-ZHU-JI|TIANGAN-XINGQING|YONGSHEN-STRUCTURE|YONGSHEN-FINAL|ZHONG-HE,徐乐吾曰：梁敬彦命，咸丰八年十月初二日午时。财旺生煞，庚丁癸配合中和，宜乎富且贵矣。,['中和']
穷通宝鉴,穷通宝鉴-0068,甲戌甲戌甲寅丙寅,甲,HEAVY,REN-CAIGUAN|SHISHI-BURUO|XIEQI-TAIZHONG|HEAVY-ROOT|BIJIE-PARTY|ROOT-GAN-PRIORITY|SHI-GUI-LU|ZHONGGUA-2SIDE|JISHUAI-CONGSHENG|SHIYONG-YUELING-XIANGFU|GE-QING|GE-QUALITY|SHI-ZHU-JI|TIANGAN-XINGQING|YONGSHEN-STRUCTURE|YONGSHEN-FINAL|ZHONG-HE,徐乐吾曰：革命先烈黄克强命，同治十三年九月十五日寅时。伤官格无印，火旺木枯，福泽不足。,[]
穷通宝鉴,穷通宝鉴-0069,丙子戊戌甲子庚午,甲,NONE,CAIDUO-SHENRUAN|SHAZHONG-SHENQING|XIEQI-TAIZHONG|WANGCHONG-SHUAI|ZHONGGUA-2SIDE|JIRUO-WUGEN|WUGEN-YOUFU|JISHUAI-CONGSHENG|SHIYONG-YUELING-XIANGFU|GE-QUALITY|YUN-SHENG-ROOT|SHI-ZHU-JI|TIANGAN-XINGQING|YONGSHEN-STRUCTURE|YONGSHEN-FINAL,徐乐吾曰：靳云鹏命，光绪二年九月初七日午时。财旺生煞，喜丁癸滋扶，贵为内阁总理。,[]
穷通宝鉴,穷通宝鉴-0070,丁亥庚戌甲子庚午,甲,HEAVY,REN-CAIGUAN|XIEQI-TAIZHONG|HEAVY-ROOT|ROOT-GAN-PRIORITY|WANGCHONG-SHUAI|ZHONGGUA-2SIDE|JISHUAI-CONGSHENG|SHIYONG-YUELING-XIANGFU|GE-QUALITY|SHI-ZHU-JI|TIANGAN-XINGQING|YONGSHEN-STRUCTURE|YONGSHEN-FINAL|ZHONG-HE,徐乐吾曰：许崇智命，光绪十三年九月初十日子时。喜一丁一庚，相制成格。三秋甲木总论三秋甲木，木性枯槁。金土乘旺，先丁后庚，丁庚两全，将甲造为画戟。徐乐吾曰：三秋木老，枝枯叶瘁，为成器之木，宜刚金修削，方成东梁之材，所谓秋木得金则为画戟。书云：死木得金而造，庚辛必利，而金气适乘旺秉令，故秋木见金，为真神得用，贵显为多。甲木宜庚金啄凿以成材，庚金喜丁火煅炼以成器，非丁不能造庚，非庚不能造甲，丁庚并透，为,['中和']
穷通宝鉴,穷通宝鉴-0071,甲辰甲戌甲辰甲戌,甲,LIGHT,REN-CAIGUAN|SHISHI-BURUO|LIGHT-ROOT|BIJIE-PARTY|ROOT-STRUCK|ROOT-GAN-PRIORITY|ZHONGGUA-2SIDE|JIRUO-WUGEN|SHIYONG-YUELING-XIANGFU|GE-QUALITY|SHI-ZHU-JI|TIANGAN-XINGQING|YONGSHEN-STRUCTURE|YONGSHEN-FINAL|ZHONG-HE,"，四柱皆土，天元一气甲木，专取季土（戌辰）为财，富贵长寿，侍奉君王。此为""财旺用比""之例外格局，非常规用法。若庚丙并见，食神（丙）制煞（庚）而生财，可入学中举，白手成家；以丙为用者，以比劫木为妻，食伤火为子，妻贤子孝。若四柱木多，丙丁皆不为妙，应专用庚金。古人以""木为犁、金为犁嘴""作比：甲木如犁，能疏松季月之土，但无庚金为犁铧，如何疏土？虽兼用丙丁癸水，庚必居首位。但此时用庚者，妻以水论、子以木论",[]
穷通宝鉴,穷通宝鉴-0072,己巳己亥甲子甲子,甲,HEAVY,REN-CAIGUAN|SHISHI-BURUO|HEAVY-ROOT|BIJIE-PARTY|ROOT-STRUCK|ROOT-GAN-PRIORITY|WANGCHONG-SHUAI|ZHONGGUA-2SIDE|RI-BEI-HE|JIRUO-WUGEN|JIWANG-HUAIJI|GE-QUALITY|TIANGAN-XINGQING|YONGSHEN-STRUCTURE|YONGSHEN-FINAL|ZHONG-HE,金土得位，官至一品。徐乐吾曰：金土得位者，金生于巳，土禄于巳也。此造水旺木浮，专用巳宫丙戊，用财损印，用丙调候，以成反生之功。中年之后南方运，宜乎富贵。早年金水，不免贫困，重在火土，金土两字，或是火土之误也。明钱丞相命造。,[]
穷通宝鉴,穷通宝鉴-0073,壬辰辛亥甲戌丙寅,甲,HEAVY,REN-CAIGUAN|SHISHI-BURUO|XIEQI-TAIZHONG|HEAVY-ROOT|YIN-PARTY|ROOT-STRUCK|ROOT-GAN-PRIORITY|HE-HUASHEN-DESHI|SHI-GUI-LU|ZHONGGUA-2SIDE|JIRUO-WUGEN|JIWANG-HUAIJI|JISHUAI-CONGSHENG|SHIYONG-YUELING-XIANGFU|GE-QUALITY|SHI-ZHU-JI|TIANGAN-XINGQING|YONGSHEN-STRUCTURE|YONGSHEN-FINAL|ZHONG-HE,专用戊土，先贫后富。徐乐吾曰：辛壬并透，水旺木浮，喜时上丙寅，寅宫甲丙戊，皆有气得用，为食神生才格，宜乎利在晚年矣。,[]
穷通宝鉴,穷通宝鉴-0074,辛丑己亥甲辰壬申,甲,HEAVY,REN-CAIGUAN|SHISHI-BURUO|HEAVY-ROOT|YIN-PARTY|ROOT-STRUCK|ROOT-GAN-PRIORITY|ZHONGGUA-2SIDE|RI-BEI-HE|JIRUO-WUGEN|JIWANG-HUAIJI|SHIYONG-YUELING-XIANGFU|GE-QUALITY|SHI-ZHU-JI|TIANGAN-XINGQING|YONGSHEN-STRUCTURE|YONGSHEN-FINAL|ZHONG-HE,此为灯火拂剑，异路恩封，妻贤子肖。徐乐吾曰：壬申、癸酉为剑，甲辰、乙巳生人，得壬申、癸酉时，为灯火拂剑，见《兰台妙选》，实财官格也。,[]
穷通宝鉴,穷通宝鉴-0075,戊辰癸亥甲子乙亥,甲,HEAVY,REN-CAIGUAN|SHISHI-BURUO|HEAVY-ROOT|YIN-PARTY|BIJIE-PARTY|ROOT-STRUCK|ROOT-GAN-PRIORITY|SHI-GUI-LU|ZHONGGUA-2SIDE|JIWANG-HUAIJI|SHIYONG-YUELING-XIANGFU|GE-QUALITY|TIANGAN-XINGQING|YONGSHEN-STRUCTURE|YONGSHEN-FINAL|ZHONG-HE,戊出天干，止水之流，号曰”六甲趋乾“。官至府尹。徐乐吾曰：亥为乾宫，六甲日生亥月、亥时，为趋乾格，戊出天干止流水，乃用财损印也。,[]
穷通宝鉴,穷通宝鉴-0076,壬辰辛亥甲子己巳,甲,HEAVY,REN-CAIGUAN|SHISHI-BURUO|HEAVY-ROOT|YIN-PARTY|ROOT-STRUCK|ROOT-GAN-PRIORITY|WANGCHONG-SHUAI|ZHONGGUA-2SIDE|RI-BEI-HE|JIRUO-WUGEN|JIWANG-HUAIJI|GE-QUALITY|SHI-ZHU-JI|TIANGAN-XINGQING|YONGSHEN-STRUCTURE|YONGSHEN-FINAL|ZHONG-HE,化土失令，孤寡多疾，晚年有衣禄。徐乐吾曰：化神喜行旺地，甲己化土，必须以火为用也。壬辛并透，水多土荡，破格明矣。喜时上巳宫丙戊得用，晚运丙辰、丁巳，衣禄无亏矣。,[]
穷通宝鉴,穷通宝鉴-0077,丙寅己亥甲辰甲戌,甲,HEAVY,REN-CAIGUAN|SHISHI-BURUO|XIEQI-TAIZHONG|HEAVY-ROOT|BIJIE-PARTY|ROOT-STRUCK|ROOT-GAN-PRIORITY|ZHONGGUA-2SIDE|RI-BEI-HE|JIRUO-WUGEN|JIWANG-HUAIJI|JISHUAI-CONGSHENG|GE-QUALITY|SHI-ZHU-JI|TIANGAN-XINGQING|YONGSHEN-STRUCTURE|YONGSHEN-FINAL|ZHONG-HE,徐乐吾曰：岳钟琪命，清康熙廿五年九月廿三日戊时。虎卧荒邱格，用食神生木，四柱无金为贵也。,[]
穷通宝鉴,穷通宝鉴-0078,戊子癸亥甲午甲子,甲,HEAVY,REN-CAIGUAN|SHISHI-BURUO|HEAVY-ROOT|YIN-PARTY|BIJIE-PARTY|ROOT-GAN-PRIORITY|WANGCHONG-SHUAI|ZHONGGUA-2SIDE|JIRUO-WUGEN|JIWANG-HUAIJI|GE-QUALITY|TIANGAN-XINGQING|YONGSHEN-STRUCTURE|YONGSHEN-FINAL|ZHONG-HE,徐乐吾曰：鲍超命，道光八年十月廿八日子时。戊土止水，丁火藏午，直待丙寅丁卯运，出生营伍，积功封伯爵。,[]
穷通宝鉴,穷通宝鉴-0079,丁酉辛亥甲戌辛未,甲,HEAVY,REN-CAIGUAN|XIEQI-TAIZHONG|HEAVY-ROOT|ROOT-STRUCK|ROOT-GAN-PRIORITY|SHI-GUI-LU|ZHONGGUA-2SIDE|JIRUO-WUGEN|JIWANG-HUAIJI|JISHUAI-CONGSHENG|GE-QUALITY|SHI-ZHU-JI|TIANGAN-XINGQING|YONGSHEN-STRUCTURE|YONGSHEN-FINAL|ZHONG-HE,徐乐吾曰：清两江总督魏光寿命，道光十七年十月三十日未时。丁火制去一辛，专用时上辛金，戌宫戊土止水，财旺生官，好在戌宫戊丁辛，同得用也。,[]
穷通宝鉴,穷通宝鉴-0080,癸亥癸亥甲午乙丑,甲,HEAVY,REN-CAIGUAN|SHISHI-BURUO|HEAVY-ROOT|YIN-PARTY|BIJIE-PARTY|ROOT-STRUCK|ROOT-GAN-PRIORITY|ZHONGGUA-2SIDE|JIRUO-WUGEN|JIWANG-HUAIJI|GE-QUALITY|SHI-ZHU-JI|TIANGAN-XINGQING|YONGSHEN-STRUCTURE|YONGSHEN-FINAL|ZHONG-HE,徐乐吾曰：胡维德命，同治二年十月廿一日丑时。专用午中丁己，伤官生财。,[]
穷通宝鉴,穷通宝鉴-0081,丙子己亥甲辰丙寅,甲,HEAVY,REN-CAIGUAN|XIEQI-TAIZHONG|HEAVY-ROOT|ROOT-STRUCK|ROOT-GAN-PRIORITY|SHI-GUI-LU|ZHONGGUA-2SIDE|RI-BEI-HE|JIRUO-WUGEN|JIWANG-HUAIJI|JISHUAI-CONGSHENG|SHIYONG-YUELING-XIANGFU|GE-QING|GE-QUALITY|SHI-ZHU-JI|TIANGAN-XINGQING|YONGSHEN-STRUCTURE|YONGSHEN-FINAL|ZHONG-HE,徐乐吾曰：周钟岳命，光绪二年十月十七日寅时。专用丙火，寒木向阳，所以取贵。,[]
穷通宝鉴,穷通宝鉴-0082,庚辰丁亥甲辰壬申,甲,HEAVY,REN-CAIGUAN|SHISHI-BURUO|HEAVY-ROOT|YIN-PARTY|ROOT-STRUCK|ROOT-GAN-PRIORITY|ZHONGGUA-2SIDE|JIRUO-WUGEN|JIWANG-HUAIJI|SHIYONG-YUELING-XIANGFU|GE-QUALITY|SHI-ZHU-JI|TIANGAN-XINGQING|YONGSHEN-STRUCTURE|YONGSHEN-FINAL|ZHONG-HE,徐乐吾曰：徐树铮命，光绪六年十月初九日申时。灯花拂剑，专用庚丁，壬水伤丁为忌，至壬运遭仇杀。,[]
穷通宝鉴,穷通宝鉴-0083,乙未丁亥甲戌庚午,甲,HEAVY,REN-CAIGUAN|SHISHI-BURUO|XIEQI-TAIZHONG|HEAVY-ROOT|BIJIE-PARTY|ROOT-STRUCK|ROOT-GAN-PRIORITY|ZHONGGUA-2SIDE|JIRUO-WUGEN|JIWANG-HUAIJI|JISHUAI-CONGSHENG|GE-QING|GE-QUALITY|SHI-ZHU-JI|TIANGAN-XINGQING|YONGSHEN-STRUCTURE|YONGSHEN-FINAL|ZHONG-HE,徐乐吾曰：李汉魂将军命，光绪廿一年十月初七日午时。此造承友人抄示，为戊辰时，予仔细体察，非己巳即庚午时也，庚午最贵，煞刃遥合，贵多就武，运程亦合，若戊辰时，恐不能至独当方面地位。噫，命岂易言，错误之源，即问之本人，亦属茫然，未运丁丑年，一岁三迁，位至省主席。三冬甲木总论三冬甲木，庚金为要，丙火次之，戊土酌用，若辛金壬水，不宜取用。徐乐吾曰：总论三冬甲木取用之法。白话译文十月（亥月）的甲木（阳木日主,[]
穷通宝鉴,穷通宝鉴-0084,乙亥戊子甲寅甲子,甲,HEAVY,REN-CAIGUAN|SHISHI-BURUO|HEAVY-ROOT|BIJIE-PARTY|ROOT-STRUCK|ROOT-GAN-PRIORITY|ZHONGGUA-2SIDE|JIRUO-WUGEN|JIWANG-HUAIJI|SHIYONG-YUELING-XIANGFU|GE-QING|GE-QUALITY|TIANGAN-XINGQING|YONGSHEN-STRUCTURE|YONGSHEN-FINAL|ZHONG-HE,印绶格，运行火乡，位至府尹。徐乐吾曰：以财损印为用，专用丙火，喜日临寅宫，甲丙皆有气也。,[]
穷通宝鉴,穷通宝鉴-0085,丙子庚子甲午丁卯,甲,HEAVY,REN-CAIGUAN|XIEQI-TAIZHONG|HEAVY-ROOT|ROOT-STRUCK|ROOT-GAN-PRIORITY|WANGCHONG-SHUAI|SHI-GUI-LU|ZHONGGUA-2SIDE|JIRUO-WUGEN|JIWANG-HUAIJI|JISHUAI-CONGSHENG|GE-QUALITY|TIANGAN-XINGQING|YONGSHEN-STRUCTURE|YONGSHEN-FINAL|ZHONG-HE,庚丁两透，又加丙出，除寒解冻，官至王侯。徐乐吾曰：丁庚并透，丙火为佐，时逢卯木，格兼煞刃。喜日临午宫。丙丁通根。以印为用，位至王侯。,[]
穷通宝鉴,穷通宝鉴-0086,乙巳戊子甲辰庚午,甲,LIGHT,REN-CAIGUAN|SHISHI-BURUO|LIGHT-ROOT|BIJIE-PARTY|ROOT-GAN-PRIORITY|WANGCHONG-SHUAI|ZHONGGUA-2SIDE|JIRUO-WUGEN|GE-QUALITY|SHI-ZHU-JI|TIANGAN-XINGQING|YONGSHEN-STRUCTURE|YONGSHEN-FINAL|ZHONG-HE,大将军命，元帅。徐乐吾曰：庚金透干，丙丁藏支，亦以印为用。,[]
穷通宝鉴,穷通宝鉴-0087,乙巳戊子甲辰壬申,甲,LIGHT,REN-CAIGUAN|SHISHI-BURUO|LIGHT-ROOT|YIN-PARTY|BIJIE-PARTY|ROOT-GAN-PRIORITY|ZHONGGUA-2SIDE|JIRUO-WUGEN|GE-QING|GE-QUALITY|SHI-ZHU-JI|TIANGAN-XINGQING|YONGSHEN-STRUCTURE|YONGSHEN-FINAL|ZHONG-HE,为商，一派水局，得申运，溺水而死。徐乐吾曰：壬透干，支成水局，水泛木浮之象也。,[]
穷通宝鉴,穷通宝鉴-0088,癸丑甲子甲申庚午,甲,NONE,SHISHI-BURUO|SHAZHONG-SHENQING|YIN-PARTY|WANGCHONG-SHUAI|ZHONGGUA-2SIDE|WUGEN-YOUFU|JISHUAI-CONGSHENG|GE-QUALITY|YUN-SHENG-ROOT|SHI-ZHU-JI|TIANGAN-XINGQING|YONGSHEN-STRUCTURE|YONGSHEN-FINAL|ZHONG-HE,二甲乘旺，专用庚金，但丁不见，骨肉遭刑，虽不大富，亦不止生员。徐乐吾曰：乘旺当是乘印之误，丁火藏午，非不见也，特子申会局，水又乘旺，以冲午火，无戊土制水，安得不刑伤骨肉乎？,[]
穷通宝鉴,穷通宝鉴-0089,辛亥庚子甲辰乙亥,甲,HEAVY,REN-CAIGUAN|SHISHI-BURUO|HEAVY-ROOT|BIJIE-PARTY|ROOT-STRUCK|ROOT-GAN-PRIORITY|SHI-GUI-LU|ZHONGGUA-2SIDE|JIRUO-WUGEN|JIWANG-HUAIJI|GE-QUALITY|TIANGAN-XINGQING|YONGSHEN-STRUCTURE|YONGSHEN-FINAL|ZHONG-HE,印绶得所。御史。徐乐吾曰：上两造皆用煞印。,[]
穷通宝鉴,穷通宝鉴-0090,乙巳戊子甲辰辛未,甲,LIGHT,REN-CAIGUAN|SHISHI-BURUO|LIGHT-ROOT|BIJIE-PARTY|ROOT-STRUCK|ROOT-GAN-PRIORITY|SHI-GUI-LU|ZHONGGUA-2SIDE|JIRUO-WUGEN|GE-QUALITY|SHI-ZHU-JI|TIANGAN-XINGQING|YONGSHEN-STRUCTURE|YONGSHEN-FINAL|ZHONG-HE,武职。徐乐吾曰：上两造相差一时，庚午时得庚金劈甲引丁，贵为大将军，辛未时无劈甲引丁之用，仅为武职。,[]
穷通宝鉴,穷通宝鉴-0091,乙巳戊子甲辰癸酉,甲,LIGHT,REN-CAIGUAN|SHISHI-BURUO|LIGHT-ROOT|YIN-PARTY|BIJIE-PARTY|ROOT-GAN-PRIORITY|ZHONGGUA-2SIDE|JIRUO-WUGEN|GE-QING|GE-QUALITY|SHI-ZHU-JI|TIANGAN-XINGQING|YONGSHEN-STRUCTURE|YONGSHEN-FINAL|ZHONG-HE,生员。徐乐吾曰：上两造皆灯火拂剑格，相差一时，一申子辰会齐水局，壬水出干，有水泛木浮之象。一癸酉时，戊癸合，解水旺势，专取巳宫丙戊，解冻制水为用，壬申造，虽亦取巳宫丙戊，而水太旺，病重药轻，再行申运，水旺之地，溺死。可见命理以取用为重，《兰台》诸格，须合于五行生克之理，方为取贵也。,[]
穷通宝鉴,穷通宝鉴-0092,壬辰壬子甲寅乙丑,甲,HEAVY,REN-CAIGUAN|SHISHI-BURUO|HEAVY-ROOT|YIN-PARTY|BIJIE-PARTY|ROOT-STRUCK|ROOT-GAN-PRIORITY|ZHONGGUA-2SIDE|JIRUO-WUGEN|JIWANG-HUAIJI|SHIYONG-YUELING-XIANGFU|GE-QING|GE-QUALITY|SHI-ZHU-JI|TIANGAN-XINGQING|YONGSHEN-STRUCTURE|YONGSHEN-FINAL|ZHONG-HE,徐乐吾曰：汤文韬命，乾隆三十七年十一月廿三日丑时。用寅宫丙火，地支子丑寅辰，夹卯，联珠夹刃，位至协办大学士。,[]
穷通宝鉴,穷通宝鉴-0093,戊辰甲子甲戌甲子,甲,LIGHT,REN-CAIGUAN|SHISHI-BURUO|LIGHT-ROOT|BIJIE-PARTY|ROOT-STRUCK|ROOT-GAN-PRIORITY|ZHONGGUA-2SIDE|JIRUO-WUGEN|SHIYONG-YUELING-XIANGFU|GE-QUALITY|TIANGAN-XINGQING|YONGSHEN-STRUCTURE|YONGSHEN-FINAL|ZHONG-HE,徐乐吾曰：黄金荣命，同治七年十一月初一日子时。《兰台》作天关地轴格，不足为准，专用戊土财星，运行东南，一代豪侠。,[]
穷通宝鉴,穷通宝鉴-0094,壬辰壬子甲午丙寅,甲,HEAVY,REN-CAIGUAN|SHISHI-BURUO|XIEQI-TAIZHONG|HEAVY-ROOT|YIN-PARTY|ROOT-GAN-PRIORITY|WANGCHONG-SHUAI|SHI-GUI-LU|ZHONGGUA-2SIDE|JIWANG-HUAIJI|JISHUAI-CONGSHENG|GE-QUALITY|SHI-ZHU-JI|TIANGAN-XINGQING|YONGSHEN-STRUCTURE|YONGSHEN-FINAL|ZHONG-HE,"徐乐吾曰：盛泽丞命，光绪十八年十一月初十日寅时。寅午会局，专用丙火，冬木寒枝，不比春木清茂，富中取贵。三冬甲木总论三冬甲木，庚金为要，丙火次之，戊土酌用，若辛金壬水，不宜取用。徐乐吾曰：总论三冬甲木取用之法。白话译文十一月（仲冬）的甲木（阳木），此时木气已深陷寒境，调用次序是：先取丁火（阴火），再配庚金，并以丙火辅助温暖气候。癸水在此月当令主事，若癸水透出天干，会同时耗损庚金、克制丁火，造成""火金",[]
穷通宝鉴,穷通宝鉴-0095,己丑丁丑甲辰甲子,甲,LIGHT,REN-CAIGUAN|SHISHI-BURUO|LIGHT-ROOT|BIJIE-PARTY|ROOT-STRUCK|ROOT-GAN-PRIORITY|HE-HUASHEN-DESHI|ZHONGGUA-2SIDE|RI-BEI-HE|JIRUO-WUGEN|SHIYONG-YUELING-XIANGFU|GE-QING|GE-QUALITY|TIANGAN-XINGQING|YONGSHEN-STRUCTURE|YONGSHEN-FINAL|ZHONG-HE,此命有丁不贵，因支下水多，湿木不能生焰。徐乐吾曰：丁火无根，湿木不能生炎焰，一富造耳。,[]
穷通宝鉴,穷通宝鉴-0096,己丑丁丑甲辰庚午,甲,LIGHT,REN-CAIGUAN|XIEQI-TAIZHONG|LIGHT-ROOT|ROOT-STRUCK|ROOT-GAN-PRIORITY|HE-HUASHEN-DESHI|ZHONGGUA-2SIDE|RI-BEI-HE|JIRUO-WUGEN|JISHUAI-CONGSHENG|SHIYONG-YUELING-XIANGFU|GE-QUALITY|SHI-ZHU-JI|TIANGAN-XINGQING|YONGSHEN-STRUCTURE|YONGSHEN-FINAL|ZHONG-HE,富贵双全，由午中丁火帮助月干也。徐乐吾曰：丑辰夹寅卯，辰午夹巳，木火有气，庚金劈甲引丁，故富而且贵。,[]
穷通宝鉴,穷通宝鉴-0097,己丑丁丑甲辰癸酉,甲,LIGHT,REN-CAIGUAN|SHISHI-BURUO|LIGHT-ROOT|YIN-PARTY|ROOT-STRUCK|ROOT-GAN-PRIORITY|HE-HUASHEN-DESHI|ZHONGGUA-2SIDE|RI-BEI-HE|JIRUO-WUGEN|SHIYONG-YUELING-XIANGFU|GE-QING|GE-QUALITY|SHI-ZHU-JI|TIANGAN-XINGQING|YONGSHEN-STRUCTURE|YONGSHEN-FINAL|ZHONG-HE,癸水伤丁，贫而且贱。徐乐吾曰：此造与上己丑一造，仅一时之差，前造丁火无伤，以伤官生财为用，虽不贵而境况必裕，此造癸水伤丁，埋根有铁，贫贱之徵。,[]
穷通宝鉴,穷通宝鉴-0098,己丑丁丑甲辰戊辰,甲,LIGHT,REN-CAIGUAN|LIGHT-ROOT|ROOT-STRUCK|ROOT-GAN-PRIORITY|HE-HUASHEN-DESHI|SHI-GUI-LU|ZHONGGUA-2SIDE|RI-BEI-HE|JIRUO-WUGEN|SHIYONG-YUELING-XIANGFU|GE-QUALITY|SHI-ZHU-JI|TIANGAN-XINGQING|YONGSHEN-STRUCTURE|YONGSHEN-FINAL|ZHONG-HE,因戊制水，不贫，因水困丁，不贵。凡看命，以此分断，万无一失。徐乐吾曰：三冬水旺之时，无庚劈甲，丁火之焰，终为寒水之气所困，伤官生财，一富造耳。,[]
穷通宝鉴,穷通宝鉴-0099,己亥丁丑甲戌庚午,甲,HEAVY,REN-CAIGUAN|XIEQI-TAIZHONG|HEAVY-ROOT|ROOT-GAN-PRIORITY|HE-HUASHEN-DESHI|ZHONGGUA-2SIDE|RI-BEI-HE|JIRUO-WUGEN|JISHUAI-CONGSHENG|SHIYONG-YUELING-XIANGFU|GE-QUALITY|SHI-ZHU-JI|TIANGAN-XINGQING|YONGSHEN-STRUCTURE|YONGSHEN-FINAL|ZHONG-HE,财旺生官格，庚丁两透，火又会局，鼎甲。徐乐吾曰：午戌会局而透丁己，财旺生官，寒木向阳，必贵之征。此造虽生于十二月，以财官为取贵之象，而食伤太旺，比以印为用也。,[]
穷通宝鉴,穷通宝鉴-0100,癸亥癸丑甲午乙亥,甲,HEAVY,REN-CAIGUAN|SHISHI-BURUO|HEAVY-ROOT|YIN-PARTY|BIJIE-PARTY|ROOT-STRUCK|ROOT-GAN-PRIORITY|SHI-GUI-LU|ZHONGGUA-2SIDE|JIRUO-WUGEN|GE-QUALITY|TIANGAN-XINGQING|YONGSHEN-STRUCTURE|YONGSHEN-FINAL|ZHONG-HE,孤贫，寿至百岁。徐乐吾曰：年时长生，印临旺地，寿者之相。惜午中丁火不透，癸水伤丁，孤贫之象。,[]
穷通宝鉴,穷通宝鉴-0101,丙午辛丑甲戌戊辰,甲,LIGHT,REN-CAIGUAN|XIEQI-TAIZHONG|LIGHT-ROOT|ROOT-STRUCK|ROOT-GAN-PRIORITY|SHI-GUI-LU|ZHONGGUA-2SIDE|JIRUO-WUGEN|JISHUAI-CONGSHENG|SHIYONG-YUELING-XIANGFU|GE-QUALITY|SHI-ZHU-JI|TIANGAN-XINGQING|YONGSHEN-STRUCTURE|YONGSHEN-FINAL|ZHONG-HE,刑贱之极。徐乐吾曰：丙辛相合，失丙火之用，丁火不透，财多身弱，刑冲并见，下格。,['身弱']
穷通宝鉴,穷通宝鉴-0102,庚子己丑甲戌甲戌,甲,NONE,CAIDUO-SHENRUAN|SHAZHONG-SHENQING|HE-HUASHEN-DESHI|ZHONGGUA-2SIDE|RI-BEI-HE|JIRUO-WUGEN|WUGEN-YOUFU|JISHUAI-CONGSHENG|SHIYONG-YUELING-XIANGFU|GE-QING|GE-QUALITY|YUN-SHENG-ROOT|SHI-ZHU-JI|TIANGAN-XINGQING|YONGSHEN-STRUCTURE|YONGSHEN-FINAL,徐乐吾曰：邵友濂命，道光二十年十二月十八日戌时。戌宫丁火暗藏，运行南方，丁火引出，官至台湾巡抚。,[]
穷通宝鉴,穷通宝鉴-0103,辛未辛丑甲寅戊辰,甲,HEAVY,REN-CAIGUAN|HEAVY-ROOT|ROOT-STRUCK|ROOT-GAN-PRIORITY|SHI-GUI-LU|ZHONGGUA-2SIDE|JIRUO-WUGEN|SHIYONG-YUELING-XIANGFU|GE-QUALITY|SHI-ZHU-JI|TIANGAN-XINGQING|YONGSHEN-STRUCTURE|YONGSHEN-FINAL|ZHONG-HE,徐乐吾曰：夏寿康命，同治十年十一月廿八日辰时。财旺生官格，喜甲木坐寅，丙火长生也。,[]
穷通宝鉴,穷通宝鉴-0104,甲子丁丑甲辰乙丑,甲,LIGHT,REN-CAIGUAN|SHISHI-BURUO|LIGHT-ROOT|BIJIE-PARTY|ROOT-STRUCK|ROOT-GAN-PRIORITY|ZHONGGUA-2SIDE|JIRUO-WUGEN|SHIYONG-YUELING-XIANGFU|GE-QING|GE-QUALITY|SHI-ZHU-JI|TIANGAN-XINGQING|YONGSHEN-STRUCTURE|YONGSHEN-FINAL|ZHONG-HE,徐乐吾曰：马联甲命，同治四年正月初八日丑时。无庚，有丁火出干，比劫重重，发丁火之焰，自有才能德业，支见子丑辰，暗夹寅卯，故有木火通明之象也。,[]
穷通宝鉴,穷通宝鉴-0105,壬辰癸丑甲辰己巳,甲,LIGHT,REN-CAIGUAN|SHISHI-BURUO|LIGHT-ROOT|YIN-PARTY|ROOT-STRUCK|ROOT-GAN-PRIORITY|HE-HUASHEN-DESHI|ZHONGGUA-2SIDE|RI-BEI-HE|JIRUO-WUGEN|GE-QUALITY|SHI-ZHU-JI|TIANGAN-XINGQING|YONGSHEN-STRUCTURE|YONGSHEN-FINAL|ZHONG-HE,徐乐吾曰：陆子冬命，光绪十八年十一月廿日巳时。甲己作合，时上巳宫，丙火得禄，寒木向阳，富而兼贵，现任江苏银行行长。三冬甲木总论三冬甲木，庚金为要，丙火次之，戊土酌用，若辛金壬水，不宜取用。徐乐吾曰：总论三冬甲木取用之法。白话译文十二月的甲木（阳木，象征参天大树），正值严冬冰封，木气极度阴寒，毫无生发向上的迹象。在用神配置上，须先借庚金（阳金，如利斧）劈开甲木，才能引燃丁火（阴火，如灯烛之焰），使木,[]
穷通宝鉴,穷通宝鉴-0106,丁丑壬寅乙卯丙子,乙,HEAVY,REN-CAIGUAN|DESHI-BUWANG|XIEQI-TAIZHONG|HEAVY-ROOT|YIN-PARTY|ROOT-STRUCK|ROOT-GAN-PRIORITY|HE-HUASHEN-DESHI|ZHONGGUA-2SIDE|JIRUO-WUGEN|JIWANG-HUAIJI|GE-QUALITY|WANGJI-SIWO-SHENG|TIANGAN-XINGQING|YONGSHEN-STRUCTURE|YONGSHEN-FINAL|ZHONG-HE,贵在丙子，妙得时上丙癸两全，位至尚书。徐乐吾曰：丁壬一合，增助木气，贵在时逢子水，丙火透干，水火不相碍，而得其用矣。,[]
穷通宝鉴,穷通宝鉴-0107,戊子甲寅乙亥己卯,乙,HEAVY,REN-CAIGUAN|DESHI-BUWANG|HEAVY-ROOT|TENGLUO-XIJIA|BIJIE-PARTY|ROOT-STRUCK|ROOT-GAN-PRIORITY|SHI-GUI-LU|ZHONGGUA-2SIDE|JIRUO-WUGEN|JIWANG-HUAIJI|GE-QUALITY|TIANGAN-XINGQING|YONGSHEN-STRUCTURE|YONGSHEN-FINAL|ZHONG-HE,禄归格，丙癸得所，官至大学士，大富大贵。徐乐吾曰：丙癸得所者，丙生于寅，癸禄在子也，财印相资，四柱无金，木气纯粹。寅亥六合，寅中透戊土，制印护伤，四柱无金，木气纯粹为贵，宜其富贵也。,[]
穷通宝鉴,穷通宝鉴-0108,甲寅丙寅乙卯庚辰,乙,HEAVY,REN-CAIGUAN|DESHI-BUWANG|XIEQI-TAIZHONG|HEAVY-ROOT|TENGLUO-XIJIA|BIJIE-PARTY|ROOT-STRUCK|ROOT-GAN-PRIORITY|SHI-GUI-LU|ZHONGGUA-2SIDE|RI-BEI-HE|JIRUO-WUGEN|JIWANG-HUAIJI|SHIYONG-YUELING-XIANGFU|GE-QUALITY|WANGJI-SIWO-SHENG|SHI-ZHU-JI|TIANGAN-XINGQING|YONGSHEN-STRUCTURE|YONGSHEN-FINAL|ZHONG-HE,丙透癸藏，官至御史。徐乐吾曰：辰藏癸水 ，乙木不燥，丙火伤官为用，时上庚金为病，喜其去病为贵也。若无丙火，则与明崇祯帝造相类矣。,[]
穷通宝鉴,穷通宝鉴-0109,丁丑壬寅乙酉辛巳,乙,HEAVY,REN-CAIGUAN|DESHI-BUWANG|XIEQI-TAIZHONG|HEAVY-ROOT|YIN-PARTY|ROOT-STRUCK|ROOT-GAN-PRIORITY|HE-HUASHEN-DESHI|ZHONGGUA-2SIDE|JIRUO-WUGEN|JIWANG-HUAIJI|SHIYONG-YUELING-XIANGFU|GE-QUALITY|WANGJI-SIWO-SHENG|SHI-ZHU-JI|TIANGAN-XINGQING|YONGSHEN-STRUCTURE|YONGSHEN-FINAL|ZHONG-HE,探花。徐乐吾曰：此造巳酉丑三合而透辛金，煞旺为病，好在春金无力，又是辛金，巳宫丙火得禄，高魁鼎甲，当在戌丁两运中也。,[]
穷通宝鉴,穷通宝鉴-0110,辛亥庚寅乙未己卯,乙,HEAVY,REN-CAIGUAN|DESHI-BUWANG|HEAVY-ROOT|ROOT-STRUCK|ROOT-GAN-PRIORITY|SHI-GUI-LU|ZHONGGUA-2SIDE|RI-BEI-HE|JIRUO-WUGEN|JIWANG-HUAIJI|GE-QING|GE-QUALITY|TIANGAN-XINGQING|YONGSHEN-STRUCTURE|YONGSHEN-FINAL|ZHONG-HE,徐乐吾曰：明思宗（崇祯）命，明万历三十八年十二月廿四日卯时。生于立春后两日，初春之木，寒气犹凝，丙火不透，木无生意，庚辛并见，官煞混杂，不得已用亥宫壬水化煞为用。三春木旺之时，何劳印生，用金必须财生，用印化煞，总非所宜。,[]
穷通宝鉴,穷通宝鉴-0111,己卯丙寅乙卯庚辰,乙,HEAVY,REN-CAIGUAN|DESHI-BUWANG|XIEQI-TAIZHONG|HEAVY-ROOT|ROOT-STRUCK|ROOT-GAN-PRIORITY|SHI-GUI-LU|ZHONGGUA-2SIDE|RI-BEI-HE|JIRUO-WUGEN|JIWANG-HUAIJI|SHIYONG-YUELING-XIANGFU|GE-QUALITY|WANGJI-SIWO-SHENG|SHI-ZHU-JI|TIANGAN-XINGQING|YONGSHEN-STRUCTURE|YONGSHEN-FINAL|ZHONG-HE,徐乐吾曰：董其昌命，乙木皆喜丙癸为用，此造独以财官取贵，则以地支成方故也，方与局不同，局之气专一而纯，喜得丙癸以成曲直，如下李文忠命是也。方之气旺而夹杂，必须官煞以致之。春金气弱，更取财以生之，一见壬癸，泄弱春金而生旺木，便不足道，以上明崇祯命是也。滴天髓云：成局干透一官星，生地库地皆非福，生方平透一元神，左边右边空碌碌，细味之自明，命理千变万化，信然哉！,[]
穷通宝鉴,穷通宝鉴-0112,癸未甲寅乙亥己卯,乙,HEAVY,REN-CAIGUAN|DESHI-BUWANG|HEAVY-ROOT|TENGLUO-XIJIA|YIN-PARTY|BIJIE-PARTY|ROOT-STRUCK|ROOT-GAN-PRIORITY|SHI-GUI-LU|ZHONGGUA-2SIDE|JIRUO-WUGEN|JIWANG-HUAIJI|GE-QING|GE-QUALITY|TIANGAN-XINGQING|YONGSHEN-STRUCTURE|YONGSHEN-FINAL|ZHONG-HE,徐乐吾曰：李文忠公鸿章命，道光三年正月初五日卯时。曲直仁寿格，癸透丙藏，出将入相，参阅二月乙木节。,[]
穷通宝鉴,穷通宝鉴-0113,丙午庚寅乙酉庚辰,乙,HEAVY,REN-CAIGUAN|DESHI-BUWANG|XIEQI-TAIZHONG|HEAVY-ROOT|ROOT-GAN-PRIORITY|SHI-GUI-LU|ZHONGGUA-2SIDE|RI-BEI-HE|JIRUO-WUGEN|JIWANG-HUAIJI|SHIYONG-YUELING-XIANGFU|GE-QING|GE-QUALITY|WANGJI-SIWO-SHENG|SHI-ZHU-JI|TIANGAN-XINGQING|YONGSHEN-STRUCTURE|YONGSHEN-FINAL|ZHONG-HE,徐乐吾曰：张人俊命，道光廿六年正月廿九日辰时。乙庚辰酉相合，生于寅月，返本还原，丙火出干，制去一庚，专取时上官星，官印为用，贵为总督，乃化气中返象也。,[]
穷通宝鉴,穷通宝鉴-0114,戊午甲寅乙酉己卯,乙,HEAVY,REN-CAIGUAN|DESHI-BUWANG|HEAVY-ROOT|TENGLUO-XIJIA|BIJIE-PARTY|ROOT-STRUCK|ROOT-GAN-PRIORITY|WANGCHONG-SHUAI|SHI-GUI-LU|ZHONGGUA-2SIDE|JIRUO-WUGEN|JIWANG-HUAIJI|GE-QUALITY|TIANGAN-XINGQING|YONGSHEN-STRUCTURE|YONGSHEN-FINAL|ZHONG-HE,徐乐吾曰：蓝定枢命，咸丰八年正月初八日卯时。生于雨水后六日，寅午会局，酉金被制，以财为用。,[]
穷通宝鉴,穷通宝鉴-0115,己巳丙寅乙未己卯,乙,HEAVY,REN-CAIGUAN|DESHI-BUWANG|XIEQI-TAIZHONG|HEAVY-ROOT|ROOT-STRUCK|ROOT-GAN-PRIORITY|SHI-GUI-LU|ZHONGGUA-2SIDE|JIRUO-WUGEN|JIWANG-HUAIJI|GE-QUALITY|WANGJI-SIWO-SHENG|TIANGAN-XINGQING|YONGSHEN-STRUCTURE|YONGSHEN-FINAL|ZHONG-HE,徐乐吾曰：同治八年正月廿三日卯时，生于惊蛰节前七时。丙火出干，得禄于巳，阳壮木渴，四柱无癸，用己土泄火气，伤官生财，浊富之人。,[]
穷通宝鉴,穷通宝鉴-0116,丁亥壬寅乙卯壬午,乙,HEAVY,REN-CAIGUAN|DESHI-BUWANG|XIEQI-TAIZHONG|HEAVY-ROOT|YIN-PARTY|ROOT-STRUCK|ROOT-GAN-PRIORITY|HE-HUASHEN-DESHI|SHI-GUI-LU|ZHONGGUA-2SIDE|JIRUO-WUGEN|JIWANG-HUAIJI|GE-QING|GE-QUALITY|WANGJI-SIWO-SHENG|SHI-ZHU-JI|TIANGAN-XINGQING|YONGSHEN-STRUCTURE|YONGSHEN-FINAL|ZHONG-HE,。徐乐吾曰：魏益三命，光绪十三年正月廿七日午时。生于雨水后六日，丁壬相合，专用丙火，惜无癸水，贵有不足。,[]
穷通宝鉴,穷通宝鉴-0117,丁酉壬寅乙巳乙酉,乙,HEAVY,REN-CAIGUAN|DESHI-BUWANG|XIEQI-TAIZHONG|HEAVY-ROOT|BIJIE-PARTY|ROOT-STRUCK|ROOT-GAN-PRIORITY|HE-HUASHEN-DESHI|ZHONGGUA-2SIDE|JIRUO-WUGEN|JIWANG-HUAIJI|GE-QUALITY|WANGJI-SIWO-SHENG|SHI-ZHU-JI|TIANGAN-XINGQING|YONGSHEN-STRUCTURE|YONGSHEN-FINAL|ZHONG-HE,徐乐吾曰：卫立煌命，光绪廿三年正月十五日酉时。丙火制煞为用。三春乙木总论三春乙木，为芝兰桃李之木，丙癸不可离也。春乙见丙，卉木向阳，万象回春；丙癸两见，有癸滋养根基，枝叶自然发生茂盛，丙癸齐透天干，无化合制克，自然登科及第，寅贵非轻，故书曰：乙木根荄种得深，只须阳地不宜阴，漂浮只怕多逢水，克制何须苦用金徐乐吾曰：乙木为木之质。三春卉木发荣之时，丙火癸水，却一不可。得丙照暖，枝叶繁茂，得癸滋养，根株,['中和']
穷通宝鉴,穷通宝鉴-0118,丙子辛卯乙卯丙子,乙,HEAVY,REN-CAIGUAN|HEAVY-ROOT|ROOT-STRUCK|ROOT-GAN-PRIORITY|ZHONGGUA-2SIDE|JIRUO-WUGEN|JIWANG-HUAIJI|GE-QUALITY|CAI-RUO-SHEN-QIANG|WANGJI-SIWO-SHENG|TIANGAN-XINGQING|YONGSHEN-STRUCTURE|YONGSHEN-FINAL|ZHONG-HE,一造，辛金无根，支无财生，浮露之金，见丙火而去。若支见金，即无去法，破格必矣。二月乙木，专用丙癸，用丙者，木妻火子，丙多用癸者，金妻水子。徐乐吾曰：二月乙木，与正月同看，丙癸并用，以丙为主，如四柱丙多，阳壮木渴，方用癸水。丙火为用者，比劫为妻，食伤为子；癸水为用者，官煞为妻，印为子。,[]
穷通宝鉴,穷通宝鉴-0119,壬午癸卯乙丑己卯,乙,HEAVY,REN-CAIGUAN|DESHI-BUWANG|HEAVY-ROOT|YIN-PARTY|ROOT-STRUCK|ROOT-GAN-PRIORITY|SHI-GUI-LU|ZHONGGUA-2SIDE|JIRUO-WUGEN|JIWANG-HUAIJI|SHIYONG-YUELING-XIANGFU|GE-QUALITY|TIANGAN-XINGQING|YONGSHEN-STRUCTURE|YONGSHEN-FINAL|ZHONG-HE,此乃夹禄格，贵小富大，白手成家，但子女多刑。徐乐吾曰：丑卯寅为按木以临官为禄，木以临官为禄，不论甲乙，此造丑卯夹寅，故云夹禄。午宫己土出干，财星透出，以食神生财为用，惜无丙火，午中丁火相隔太远，丁火为壬癸所困，救应不及，故富大贵小。财居禄上。官煞临於绝地，故子女多刑也。,[]
穷通宝鉴,穷通宝鉴-0120,甲寅丁卯乙未丙子,乙,HEAVY,REN-CAIGUAN|DESHI-BUWANG|XIEQI-TAIZHONG|HEAVY-ROOT|TENGLUO-XIJIA|BIJIE-PARTY|ROOT-STRUCK|ROOT-GAN-PRIORITY|ZHONGGUA-2SIDE|JIRUO-WUGEN|JIWANG-HUAIJI|GE-QUALITY|WANGJI-SIWO-SHENG|TIANGAN-XINGQING|YONGSHEN-STRUCTURE|YONGSHEN-FINAL|ZHONG-HE,此乃曲直格，加丙照癸滋，官至总兵。徐乐吾曰：曲直仁寿格，癸藏丙透，不相碍为贵。虽丙癸两全，而癸水不透，曲直成格而不美，以乙未日坐木库故也，仅为总兵，格局有高下也，如为乙亥、乙卯，贵不止此。,[]
穷通宝鉴,穷通宝鉴-0121,癸卯乙卯乙未庚辰,乙,HEAVY,REN-CAIGUAN|HEAVY-ROOT|YIN-PARTY|BIJIE-PARTY|ROOT-STRUCK|ROOT-GAN-PRIORITY|SHI-GUI-LU|ZHONGGUA-2SIDE|RI-BEI-HE|JIRUO-WUGEN|JIWANG-HUAIJI|SHIYONG-YUELING-XIANGFU|GE-QUALITY|SHI-ZHU-JI|TIANGAN-XINGQING|YONGSHEN-STRUCTURE|YONGSHEN-FINAL|ZHONG-HE,曲直仁寿格，秀才，奈行西北运，仅为一介寒士，惜哉。徐乐吾曰：支全亥卯未，癸水透出，曲直仁寿格，较上造尤纯。惜时上庚金破格，曲直仁寿破格，虽有癸水引化，格局不纯，加以运行西北，坐困青毡宜矣，颠沛宜矣。,[]
穷通宝鉴,穷通宝鉴-0122,丙子辛卯乙卯丙子,乙,HEAVY,REN-CAIGUAN|HEAVY-ROOT|ROOT-STRUCK|ROOT-GAN-PRIORITY|ZHONGGUA-2SIDE|JIRUO-WUGEN|JIWANG-HUAIJI|GE-QUALITY|CAI-RUO-SHEN-QIANG|WANGJI-SIWO-SHENG|TIANGAN-XINGQING|YONGSHEN-STRUCTURE|YONGSHEN-FINAL|ZHONG-HE,出将入相，妻贤子肖。徐乐吾曰：年上丙火，合去辛金，虽不支全方局，而气势纯粹，乙卯专禄，时上丙照癸滋，宜乎贵矣。,[]
穷通宝鉴,穷通宝鉴-0123,己未丁卯乙丑丁亥,乙,HEAVY,REN-CAIGUAN|DESHI-BUWANG|XIEQI-TAIZHONG|HEAVY-ROOT|ROOT-STRUCK|ROOT-GAN-PRIORITY|ZHONGGUA-2SIDE|JIRUO-WUGEN|JIWANG-HUAIJI|GE-QUALITY|WANGJI-SIWO-SHENG|TIANGAN-XINGQING|YONGSHEN-STRUCTURE|YONGSHEN-FINAL|ZHONG-HE,用丑中癸水，奈支成木局，木盛水缩，初行甲乙运灾讼连绵，癸亥壬戌运，用神生旺，连捷。徐乐吾曰：此造丁己出干，而日时亥丑夹子贵，甲乙运比劫争财，所以灾讼连绵，癸亥运乙木根润，木火通明，而贵人引出，宜有金马玉堂之贵。,[]
穷通宝鉴,穷通宝鉴-0124,癸亥乙卯乙卯戊寅,乙,HEAVY,REN-CAIGUAN|DESHI-BUWANG|HEAVY-ROOT|YIN-PARTY|BIJIE-PARTY|ROOT-STRUCK|ROOT-GAN-PRIORITY|SHI-GUI-LU|ZHONGGUA-2SIDE|JIRUO-WUGEN|JIWANG-HUAIJI|GE-QING|GE-QUALITY|SHI-ZHU-JI|TIANGAN-XINGQING|YONGSHEN-STRUCTURE|YONGSHEN-FINAL|ZHONG-HE,寿长格。徐乐吾曰：上造有丁火泄木之秀，故有科甲之贵，此造木旺而无泄，地支长生禄旺，寿者之徵，癸水养木，戊土合之，旺气及身而止。恐无子也。,[]
穷通宝鉴,穷通宝鉴-0125,丙申辛卯乙酉丙戌,乙,HEAVY,REN-CAIGUAN|DESHI-BUWANG|XIEQI-TAIZHONG|HEAVY-ROOT|ROOT-STRUCK|ROOT-GAN-PRIORITY|WANGCHONG-SHUAI|ZHONGGUA-2SIDE|JIRUO-WUGEN|JIWANG-HUAIJI|GE-QUALITY|WANGJI-SIWO-SHENG|SHI-ZHU-JI|TIANGAN-XINGQING|YONGSHEN-STRUCTURE|YONGSHEN-FINAL|ZHONG-HE,无癸，丙合，支冲，孤贫之格。徐乐吾曰：年月丙辛合，专用时上丙火，无如乙木坐酉绝地，埋根有乘，反伤月令之禄，其为孤贫宜矣。,[]
穷通宝鉴,穷通宝鉴-0126,乙丑己卯乙亥癸未,乙,HEAVY,REN-CAIGUAN|DESHI-BUWANG|HEAVY-ROOT|YIN-PARTY|BIJIE-PARTY|ROOT-STRUCK|ROOT-GAN-PRIORITY|SHI-GUI-LU|ZHONGGUA-2SIDE|JIRUO-WUGEN|JIWANG-HUAIJI|SHIYONG-YUELING-XIANGFU|GE-QUALITY|SHI-ZHU-JI|TIANGAN-XINGQING|YONGSHEN-STRUCTURE|YONGSHEN-FINAL|ZHONG-HE,徐乐吾曰：民国执政段祺瑞命，同治四年二月初九日未时。曲直仁寿格，支成木局，癸透养木，大贵。,[]
穷通宝鉴,穷通宝鉴-0127,丁丑癸卯乙巳丙子,乙,HEAVY,REN-CAIGUAN|DESHI-BUWANG|XIEQI-TAIZHONG|HEAVY-ROOT|YIN-PARTY|ROOT-STRUCK|ROOT-GAN-PRIORITY|ZHONGGUA-2SIDE|JIRUO-WUGEN|JIWANG-HUAIJI|GE-QUALITY|WANGJI-SIWO-SHENG|TIANGAN-XINGQING|YONGSHEN-STRUCTURE|YONGSHEN-FINAL|ZHONG-HE,徐乐吾曰：颜惠庆命，光绪三年二月十九日子时。丙癸两透，并皆得禄，大贵，历为外交总长，各国大使。,[]
穷通宝鉴,穷通宝鉴-0128,己亥丁卯乙未己卯,乙,HEAVY,REN-CAIGUAN|DESHI-BUWANG|XIEQI-TAIZHONG|HEAVY-ROOT|ROOT-GAN-PRIORITY|SHI-GUI-LU|ZHONGGUA-2SIDE|JIWANG-HUAIJI|SHIYONG-YUELING-XIANGFU|GE-QING|GE-QUALITY|WANGJI-SIWO-SHENG|TIANGAN-XINGQING|YONGSHEN-STRUCTURE|YONGSHEN-FINAL|ZHONG-HE,徐乐吾曰：吴经熊命，光绪廿五年二月十七日卯时。曲直仁寿格，癸丙两无，得丁火泄木之秀，木火通明，文明之象，为当世名法家，大学教授。三春乙木总论三春乙木，为芝兰桃李之木，丙癸不可离也。春乙见丙，卉木向阳，万象回春；丙癸两见，有癸滋养根基，枝叶自然发生茂盛，丙癸齐透天干，无化合制克，自然登科及第，寅贵非轻，故书曰：乙木根荄种得深，只须阳地不宜阴，漂浮只怕多逢水，克制何须苦用金徐乐吾曰：乙木为木之质。三春,['中和']
穷通宝鉴,穷通宝鉴-0129,庚午庚辰乙酉丁亥,乙,LIGHT,REN-CAIGUAN|XIEQI-TAIZHONG|LIGHT-ROOT|ROOT-GAN-PRIORITY|ZHONGGUA-2SIDE|RI-BEI-HE|JIRUO-WUGEN|JISHUAI-CONGSHENG|GE-QING|GE-QUALITY|TIANGAN-XINGQING|YONGSHEN-STRUCTURE|YONGSHEN-FINAL|ZHONG-HE,此作从化格，化合而不逢时，一富翁耳，子肖。徐乐吾曰：乙从庚合，辰从酉合，不能不化。时上丁火独透，取丁火破庚为用，子肖且贤，食神生财，富而不贵。年月二庚，不争不妒，年干时丁，逆金之势，为假从，非真化。,[]
穷通宝鉴,穷通宝鉴-0130,甲寅戊辰乙亥丙子,乙,HEAVY,REN-CAIGUAN|SHISHI-BURUO|XIEQI-TAIZHONG|HEAVY-ROOT|TENGLUO-XIJIA|BIJIE-PARTY|ROOT-STRUCK|ROOT-GAN-PRIORITY|ZHONGGUA-2SIDE|JIRUO-WUGEN|JIWANG-HUAIJI|JISHUAI-CONGSHENG|SHIYONG-YUELING-XIANGFU|GE-QING|GE-QUALITY|TIANGAN-XINGQING|YONGSHEN-STRUCTURE|YONGSHEN-FINAL|ZHONG-HE,（贵人诀运：六乙鼠贵格），一火高透，戊土制水，官至按院。徐乐吾曰：子辰水局，年月甲木破戊，时上子水得力，正合六乙鼠贵，以丙火泄木之秀为用，丙照癸滋，大贵之格。,[]
穷通宝鉴,穷通宝鉴-0131,丁酉甲辰乙巳甲申,乙,LIGHT,REN-CAIGUAN|SHISHI-BURUO|XIEQI-TAIZHONG|LIGHT-ROOT|TENGLUO-XIJIA|BIJIE-PARTY|ROOT-GAN-PRIORITY|ZHONGGUA-2SIDE|JIRUO-WUGEN|JISHUAI-CONGSHENG|SHIYONG-YUELING-XIANGFU|GE-QING|GE-QUALITY|SHI-ZHU-JI|TIANGAN-XINGQING|YONGSHEN-STRUCTURE|YONGSHEN-FINAL|ZHONG-HE,拔贡。支藏丙癸，不过选拔之士，妻贤难得偕老，子肖且多，父母无缘，手足无力，此系戊重之病，喜运行西北，但刑妻损子，兄弟全无，因支中戊土太多。徐乐吾曰：此造专用巳宫丙火，丙为壬水所困，仅为选拔之士。辰酉相合，时又逢申金，重用丁火破金为助。日支丙火得禄，妻贤之徵，巳申相刑，故难得偕老。时支庚金得禄，乙庚有相合之情，故子肖且多。乙木向庚，壬水甲木，皆非所顾，故父母无缘，手足无力。,[]
穷通宝鉴,穷通宝鉴-0132,乙亥庚辰乙丑丙子,乙,LIGHT,REN-CAIGUAN|SHISHI-BURUO|LIGHT-ROOT|BIJIE-PARTY|ROOT-STRUCK|ROOT-GAN-PRIORITY|ZHONGGUA-2SIDE|RI-BEI-HE|JIRUO-WUGEN|SHIYONG-YUELING-XIANGFU|GE-QING|GE-QUALITY|TIANGAN-XINGQING|YONGSHEN-STRUCTURE|YONGSHEN-FINAL|ZHONG-HE,徐乐吾曰：王怀庆命，光绪元年三月廿八日子时。丙透破庚，癸藏滋木，伤官驾煞，位至军长。,[]
穷通宝鉴,穷通宝鉴-0133,辛丑壬辰乙丑戊寅,乙,HEAVY,REN-CAIGUAN|SHISHI-BURUO|HEAVY-ROOT|YIN-PARTY|ROOT-STRUCK|ROOT-GAN-PRIORITY|SHI-GUI-LU|ZHONGGUA-2SIDE|JIRUO-WUGEN|JIWANG-HUAIJI|SHIYONG-YUELING-XIANGFU|GE-QING|GE-QUALITY|SHI-ZHU-JI|TIANGAN-XINGQING|YONGSHEN-STRUCTURE|YONGSHEN-FINAL|ZHONG-HE,徐乐吾曰：盛升颐命，光绪廿七年二月廿力日寅时。四柱财旺，喜寅宫甲木帮身，丙火癸水皆暗藏，行财运，出任上海统税处长。,[]
穷通宝鉴,穷通宝鉴-0134,辛巳壬辰乙亥壬午,乙,LIGHT,REN-CAIGUAN|SHISHI-BURUO|LIGHT-ROOT|YIN-PARTY|ROOT-GAN-PRIORITY|WANGCHONG-SHUAI|SHI-GUI-LU|ZHONGGUA-2SIDE|JIRUO-WUGEN|GE-QUALITY|SHI-ZHU-JI|TIANGAN-XINGQING|YONGSHEN-STRUCTURE|YONGSHEN-FINAL|ZHONG-HE,徐乐吾曰：陈陶遗命，光绪七年三月十三日午时。两壬出干，兼有辛金相生，春水汪洋，喜巳宫戊土制水，专用午中丁火，至丁运，位居省长。三春乙木总论三春乙木，为芝兰桃李之木，丙癸不可离也。春乙见丙，卉木向阳，万象回春；丙癸两见，有癸滋养根基，枝叶自然发生茂盛，丙癸齐透天干，无化合制克，自然登科及第，寅贵非轻，故书曰：乙木根荄种得深，只须阳地不宜阴，漂浮只怕多逢水，克制何须苦用金徐乐吾曰：乙木为木之质。三春卉,['中和']
穷通宝鉴,穷通宝鉴-0135,戊午丁巳乙丑壬午,乙,LIGHT,REN-CAIGUAN|SHISHI-BURUO|XIEQI-TAIZHONG|LIGHT-ROOT|YIN-PARTY|ROOT-STRUCK|ROOT-GAN-PRIORITY|SHI-GUI-LU|ZHONGGUA-2SIDE|JIRUO-WUGEN|JISHUAI-CONGSHENG|GE-QUALITY|SHI-ZHU-JI|TIANGAN-XINGQING|YONGSHEN-STRUCTURE|YONGSHEN-FINAL|ZHONG-HE,，官太尉。徐乐吾曰：壬水为丁戊所合制，专取丑宫辛癸为用，煞印相生，巳丑又会局，化忌为喜，其贵宜矣。,[]
穷通宝鉴,穷通宝鉴-0136,庚寅辛巳乙酉戊寅,乙,HEAVY,REN-CAIGUAN|HEAVY-ROOT|ROOT-STRUCK|ROOT-GAN-PRIORITY|SHI-GUI-LU|ZHONGGUA-2SIDE|RI-BEI-HE|JIRUO-WUGEN|JIWANG-HUAIJI|SHIYONG-YUELING-XIANGFU|GE-QUALITY|SHI-ZHU-JI|TIANGAN-XINGQING|YONGSHEN-STRUCTURE|YONGSHEN-FINAL|ZHONG-HE,。徐乐吾曰：翁同和命，道光十年四月廿七日寅时。胎元壬申，专取胎元，故大贵，官至尚书师傅。双按：此造，当是九个月胎元癸酉，用癸辛为正途，壬庚为异途之贵也。,[]
穷通宝鉴,穷通宝鉴-0137,辛未癸巳乙丑辛巳,乙,LIGHT,REN-CAIGUAN|SHISHI-BURUO|LIGHT-ROOT|YIN-PARTY|ROOT-STRUCK|ROOT-GAN-PRIORITY|ZHONGGUA-2SIDE|JIRUO-WUGEN|SHIYONG-YUELING-XIANGFU|GE-QUALITY|SHI-ZHU-JI|TIANGAN-XINGQING|YONGSHEN-STRUCTURE|YONGSHEN-FINAL|ZHONG-HE,。徐乐吾曰：卫兴武命，同治十年四月初六日巳时。丑宫辛癸并透，巳丑会局，较戊午造更为显著。,[]
穷通宝鉴,穷通宝鉴-0138,丙戌癸巳乙亥癸未,乙,LIGHT,REN-CAIGUAN|SHISHI-BURUO|XIEQI-TAIZHONG|LIGHT-ROOT|YIN-PARTY|ROOT-STRUCK|ROOT-GAN-PRIORITY|WANGCHONG-SHUAI|SHI-GUI-LU|ZHONGGUA-2SIDE|JIRUO-WUGEN|JISHUAI-CONGSHENG|GE-QUALITY|SHI-ZHU-JI|TIANGAN-XINGQING|YONGSHEN-STRUCTURE|YONGSHEN-FINAL|ZHONG-HE,。徐乐吾曰：程霖生命，光绪十二年四月十二日未时。癸透无金，虽通根亥宫，不若金生之，为源远流长也，丙透伤官生财，格局取富。行戊戌财运，印被财破，原命无金，不能化财生印，一蹶不振，土旺水涸故也。三夏乙木总论三夏乙木，木性枯焦。四月专尚癸水。五六月先丙后癸，夏至前仍用癸水。徐乐吾曰：夏木干枯，调候为急，专用癸水，无癸用壬，即使四柱配合，即使别取用神，壬癸总为配合所不可缺。四五六三个月，以夏至为分野，夏至,[]
穷通宝鉴,穷通宝鉴-0139,戊申戊午乙巳壬午,乙,LIGHT,REN-CAIGUAN|SHISHI-BURUO|LIGHT-ROOT|YIN-PARTY|ROOT-STRUCK|ROOT-GAN-PRIORITY|SHI-GUI-LU|ZHONGGUA-2SIDE|JIRUO-WUGEN|SHIYONG-YUELING-XIANGFU|GE-QUALITY|SHI-ZHU-JI|TIANGAN-XINGQING|YONGSHEN-STRUCTURE|YONGSHEN-FINAL|ZHONG-HE,，不见癸水，残疾。徐乐吾曰：此造申宫壬水，远隔年支，戊土重重，丙丁肆虐，然上代必有根基庇荫，惟不能荫及其身耳。,[]
穷通宝鉴,穷通宝鉴-0140,癸未戊午乙亥丙戌,乙,LIGHT,REN-CAIGUAN|SHISHI-BURUO|XIEQI-TAIZHONG|LIGHT-ROOT|YIN-PARTY|ROOT-STRUCK|ROOT-GAN-PRIORITY|HE-HUASHEN-DESHI|ZHONGGUA-2SIDE|JIRUO-WUGEN|JISHUAI-CONGSHENG|SHIYONG-YUELING-XIANGFU|GE-QING|GE-QUALITY|SHI-ZHU-JI|TIANGAN-XINGQING|YONGSHEN-STRUCTURE|YONGSHEN-FINAL|ZHONG-HE,，进士。徐乐吾曰：此造好在乙木在亥，为癸水之根，否则，戊癸一合，失调泽之功矣。,[]
穷通宝鉴,穷通宝鉴-0141,癸酉戊午乙卯戊寅,乙,HEAVY,REN-CAIGUAN|HEAVY-ROOT|ROOT-STRUCK|ROOT-GAN-PRIORITY|WANGCHONG-SHUAI|HE-HUASHEN-DESHI|SHI-GUI-LU|ZHONGGUA-2SIDE|JIRUO-WUGEN|JIWANG-HUAIJI|GE-QUALITY|SHI-ZHU-JI|TIANGAN-XINGQING|YONGSHEN-STRUCTURE|YONGSHEN-FINAL|ZHONG-HE,。徐乐吾曰：郑士瑜命，同治十二年六月初八日寅时。癸水得酉金相生，虽戊土困癸，仍有润泽之功，地支联珠夹辰巳未申，适为巽坤两宫，贵为军长。,[]
穷通宝鉴,穷通宝鉴-0142,丁丑丙午乙卯丁亥,乙,HEAVY,REN-CAIGUAN|XIEQI-TAIZHONG|HEAVY-ROOT|ROOT-STRUCK|ROOT-GAN-PRIORITY|ZHONGGUA-2SIDE|JIRUO-WUGEN|JIWANG-HUAIJI|JISHUAI-CONGSHENG|GE-QUALITY|TIANGAN-XINGQING|YONGSHEN-STRUCTURE|YONGSHEN-FINAL|ZHONG-HE,。徐乐吾曰：金绍曾命，光绪三年五月初一日亥时。丑藏癸，亥藏壬，亥丑夹子，丑中又有辛金生癸水，根株润泽，自然木火通明。三夏乙木总论三夏乙木，木性枯焦。四月专尚癸水。五六月先丙后癸，夏至前仍用癸水。徐乐吾曰：夏木干枯，调候为急，专用癸水，无癸用壬，即使四柱配合，即使别取用神，壬癸总为配合所不可缺。四五六三个月，以夏至为分野，夏至前属阳，调候为要，专用癸水。夏至后阳极阴生，三伏生寒，方可并用先丙癸。先丙,[]
穷通宝鉴,穷通宝鉴-0143,丁亥丁未乙巳庚辰,乙,LIGHT,REN-CAIGUAN|XIEQI-TAIZHONG|LIGHT-ROOT|ROOT-GAN-PRIORITY|SHI-GUI-LU|ZHONGGUA-2SIDE|RI-BEI-HE|JIRUO-WUGEN|JISHUAI-CONGSHENG|SHIYONG-YUELING-XIANGFU|GE-QUALITY|SHI-ZHU-JI|TIANGAN-XINGQING|YONGSHEN-STRUCTURE|YONGSHEN-FINAL|ZHONG-HE,癸丙庚俱得中和，御史。徐乐吾曰：此造专用辰中癸水，亥未拱卯，乙木有暗禄取贵也。,['中和']
穷通宝鉴,穷通宝鉴-0144,辛卯乙未己丑乙丑,己,HEAVY,REN-CAIGUAN|DESHI-BUWANG|XIEQI-TAIZHONG|HEAVY-ROOT|ROOT-STRUCK|ROOT-GAN-PRIORITY|SHI-GUI-LU|ZHONGGUA-2SIDE|JIRUO-WUGEN|JIWANG-HUAIJI|SHIYONG-YUELING-XIANGFU|GE-QUALITY|WANGJI-SIWO-SHENG|SHI-ZHU-JI|TIANGAN-XINGQING|YONGSHEN-STRUCTURE|YONGSHEN-FINAL|ZHONG-HE,）未知孰是。两造恐皆不真，姑录之，备参与。,[]
穷通宝鉴,穷通宝鉴-0145,己亥辛未乙丑己卯,乙,HEAVY,REN-CAIGUAN|HEAVY-ROOT|ROOT-STRUCK|ROOT-GAN-PRIORITY|SHI-GUI-LU|ZHONGGUA-2SIDE|JIRUO-WUGEN|SHIYONG-YUELING-XIANGFU|GE-QUALITY|TIANGAN-XINGQING|YONGSHEN-STRUCTURE|YONGSHEN-FINAL|ZHONG-HE,徐乐吾曰：汪鸣銮命，道光十九年六月初一日卯时。专用丑宫癸水，金水相生，吉神暗藏，位至侍郎。,[]
穷通宝鉴,穷通宝鉴-0146,庚戌癸未乙亥丁丑,乙,LIGHT,REN-CAIGUAN|SHISHI-BURUO|XIEQI-TAIZHONG|LIGHT-ROOT|YIN-PARTY|ROOT-STRUCK|ROOT-GAN-PRIORITY|ZHONGGUA-2SIDE|RI-BEI-HE|JIRUO-WUGEN|JISHUAI-CONGSHENG|SHIYONG-YUELING-XIANGFU|GE-QUALITY|SHI-ZHU-JI|TIANGAN-XINGQING|YONGSHEN-STRUCTURE|YONGSHEN-FINAL|ZHONG-HE,徐乐吾曰：翟鸿玑命，道光三十年六月十五日丑时。生于大暑前五时，亥未会局，暗拱卯禄，癸庚并透，日时联珠夹贵，科甲出身，太平宰相，富贵寿考之命，或云丙子时。,[]
穷通宝鉴,穷通宝鉴-0147,戊寅己未乙卯丁丑,乙,HEAVY,REN-CAIGUAN|XIEQI-TAIZHONG|HEAVY-ROOT|ROOT-STRUCK|ROOT-GAN-PRIORITY|ZHONGGUA-2SIDE|JIRUO-WUGEN|JISHUAI-CONGSHENG|SHIYONG-YUELING-XIANGFU|GE-QUALITY|SHI-ZHU-JI|TIANGAN-XINGQING|YONGSHEN-STRUCTURE|YONGSHEN-FINAL|ZHONG-HE,徐乐吾曰：钱锡孙命，光绪四年七月初七日丑时。卯未会局，专用丑中一点癸水，运行西北，富贵。,[]
穷通宝鉴,穷通宝鉴-0148,丁亥丁未乙酉丁亥,乙,LIGHT,REN-CAIGUAN|XIEQI-TAIZHONG|LIGHT-ROOT|ROOT-GAN-PRIORITY|ZHONGGUA-2SIDE|JIRUO-WUGEN|JISHUAI-CONGSHENG|GE-QUALITY|TIANGAN-XINGQING|YONGSHEN-STRUCTURE|YONGSHEN-FINAL|ZHONG-HE,徐乐吾曰：周荫人命，光绪十三年五月廿九日亥时。亥未会局拱卯禄，日时金水相生，专此壬水为用，假煞为权，贵多就武。三夏乙木总论三夏乙木，木性枯焦。四月专尚癸水。五六月先丙后癸，夏至前仍用癸水。徐乐吾曰：夏木干枯，调候为急，专用癸水，无癸用壬，即使四柱配合，即使别取用神，壬癸总为配合所不可缺。四五六三个月，以夏至为分野，夏至前属阳，调候为要，专用癸水。夏至后阳极阴生，三伏生寒，方可并用先丙癸。先丙后癸，,[]
穷通宝鉴,穷通宝鉴-0149,庚午甲申乙卯丁丑,乙,HEAVY,REN-CAIGUAN|SHISHI-BURUO|XIEQI-TAIZHONG|HEAVY-ROOT|TENGLUO-XIJIA|BIJIE-PARTY|ROOT-STRUCK|ROOT-GAN-PRIORITY|HE-HUASHEN-DESHI|ZHONGGUA-2SIDE|RI-BEI-HE|JIRUO-WUGEN|JISHUAI-CONGSHENG|GE-QUALITY|SHI-ZHU-JI|TIANGAN-XINGQING|YONGSHEN-STRUCTURE|YONGSHEN-FINAL|ZHONG-HE,富僧，此庚旺无丙之故徐乐吾曰：僧道离世绝缘，苦行修持者，八字必极清纯，而近于偏枯，《滴天髓》云：一局清枯也苦人是也，若说法度生，信仰恭敬，随命运转移，与世俗无异，此造庚旺无丙，贵气不足，卯申相合，申宫庚金输情于乙，乙木坐卯，秋木有根，庚金透出，而有丁火制之，配合适当，宜其虽为僧人而富矣。,[]
穷通宝鉴,穷通宝鉴-0150,戊午庚申乙丑戊寅,乙,HEAVY,REN-CAIGUAN|HEAVY-ROOT|ROOT-STRUCK|ROOT-GAN-PRIORITY|WANGCHONG-SHUAI|HE-HUASHEN-DESHI|SHI-GUI-LU|ZHONGGUA-2SIDE|RI-BEI-HE|JIRUO-WUGEN|SHIYONG-YUELING-XIANGFU|GE-QUALITY|SHI-ZHU-JI|TIANGAN-XINGQING|YONGSHEN-STRUCTURE|YONGSHEN-FINAL|ZHONG-HE,知县，化格，妻贤子肖。徐乐吾曰：此造乙庚化金，而年时寅时，逆其旺气，乃假化非真化也。土为用神，丑宫金水助旺去忌，故妻贤子肖。,[]
穷通宝鉴,穷通宝鉴-0151,辛巳丙申乙亥己卯,乙,HEAVY,REN-CAIGUAN|XIEQI-TAIZHONG|HEAVY-ROOT|ROOT-GAN-PRIORITY|SHI-GUI-LU|ZHONGGUA-2SIDE|JIRUO-WUGEN|JISHUAI-CONGSHENG|GE-QUALITY|TIANGAN-XINGQING|YONGSHEN-STRUCTURE|YONGSHEN-FINAL|ZHONG-HE,徐乐吾曰：李瀚晋命，道光元年七月廿七日卯时。丙己出干，位至总督。,[]
穷通宝鉴,穷通宝鉴-0152,丙戌丙申乙未庚辰,乙,LIGHT,REN-CAIGUAN|XIEQI-TAIZHONG|LIGHT-ROOT|ROOT-STRUCK|ROOT-GAN-PRIORITY|HE-HUASHEN-DESHI|SHI-GUI-LU|ZHONGGUA-2SIDE|RI-BEI-HE|JIRUO-WUGEN|JISHUAI-CONGSHENG|SHIYONG-YUELING-XIANGFU|GE-QUALITY|SHI-ZHU-JI|TIANGAN-XINGQING|YONGSHEN-STRUCTURE|YONGSHEN-FINAL|ZHONG-HE,徐乐吾曰：黎培敬命，道光六年七月十五日辰时。庚金出干，用丙巳，位至尚书，卒谥文肃。,[]
穷通宝鉴,穷通宝鉴-0153,丙寅丙申乙酉戊寅,乙,HEAVY,REN-CAIGUAN|XIEQI-TAIZHONG|HEAVY-ROOT|ROOT-STRUCK|ROOT-GAN-PRIORITY|WANGCHONG-SHUAI|SHI-GUI-LU|ZHONGGUA-2SIDE|JIRUO-WUGEN|JISHUAI-CONGSHENG|SHIYONG-YUELING-XIANGFU|GE-QUALITY|SHI-ZHU-JI|TIANGAN-XINGQING|YONGSHEN-STRUCTURE|YONGSHEN-FINAL|ZHONG-HE,徐乐吾曰：段洪琦命，同治五年七月廿九日寅时。两丙两寅，煞旺制强，惜无癸水，运入北方，位至省主席，为西北重镇。,[]
穷通宝鉴,穷通宝鉴-0154,戊子庚申乙丑壬午,乙,LIGHT,REN-CAIGUAN|SHISHI-BURUO|LIGHT-ROOT|YIN-PARTY|ROOT-STRUCK|ROOT-GAN-PRIORITY|HE-HUASHEN-DESHI|SHI-GUI-LU|ZHONGGUA-2SIDE|RI-BEI-HE|JIRUO-WUGEN|GE-QUALITY|SHI-ZHU-JI|TIANGAN-XINGQING|YONGSHEN-STRUCTURE|YONGSHEN-FINAL|ZHONG-HE,徐乐吾曰：杜月笙君命，光绪十四年七月十五日午时。乙庚相合，无辰而时逢午火，化金有病，虽有子遥冲，只作假化，运行北方，去午之病，一时俊杰，最佳者为子运也。（此造恐是辛巳时）三秋乙木，金神司令，先丙后癸。惟九月专用癸水，恐丙暖戊土为病也。徐乐吾曰：三秋金神秉令之时，用火制煞为上，次者用癸水化煞。九月土燥木枯，宜水滋培，故专用癸水。白话译文七月（申月），庚金当令，金气极旺。乙木（阴木，象征花草藤蔓）虽与,['身弱']
穷通宝鉴,穷通宝鉴-0155,己巳癸酉乙丑甲申,乙,NONE,SHISHI-BURUO|CAIDUO-SHENRUAN|TENGLUO-XIJIA|YIN-PARTY|ZHONGGUA-2SIDE|JIRUO-WUGEN|WUGEN-YOUFU|GE-QING|GE-QUALITY|YUN-SHENG-ROOT|SHI-ZHU-JI|TIANGAN-XINGQING|YONGSHEN-STRUCTURE|YONGSHEN-FINAL|ZHONG-HE,从煞，佥士。徐乐吾曰：此造乃假从格，癸水出干，己土紧贴相克，甲木在时，不能制财护印，故为假从。《滴天髓补注》从化节载钱商吴星垣造，与此命相同，运行戊辰，去癸水而致富。盖中等命造，随环境发展，或政或商，富贵皆不巨也。,[]
穷通宝鉴,穷通宝鉴-0156,癸酉辛酉乙巳丁亥,乙,NONE,SHISHI-BURUO|SHAZHONG-SHENQING|XIEQI-TAIZHONG|YIN-PARTY|ZHONGGUA-2SIDE|WUGEN-YOUFU|JISHUAI-CONGSHENG|GE-QUALITY|YUN-SHENG-ROOT|TIANGAN-XINGQING|YONGSHEN-STRUCTURE|YONGSHEN-FINAL|ZHONG-HE,生秋分前，癸水出干，丙火藏巳，癸有源，又为阴煞重，官至上品。徐乐吾曰：此造癸透丙藏，辛金出干，支成金局，煞旺有丁火为制，官至极品，非无故也。,[]
穷通宝鉴,穷通宝鉴-0157,乙酉乙酉乙酉甲申,乙,NONE,TENGLUO-XIJIA|ZHONGGUA-2SIDE|WUGEN-YOUFU|GE-QUALITY|YUN-SHENG-ROOT|SHI-ZHU-JI|TIANGAN-XINGQING|YONGSHEN-STRUCTURE|YONGSHEN-FINAL,从煞格，尚书。徐乐吾曰：此造癸水不透，从煞无疑,[]
穷通宝鉴,穷通宝鉴-0158,乙亥乙酉乙酉乙酉,乙,NONE,SHISHI-BURUO|BIJIE-PARTY|ZHONGGUA-2SIDE|WUGEN-YOUFU|SHIYONG-YUELING-XIANGFU|GE-QUALITY|YUN-SHENG-ROOT|SHI-ZHU-JI|TIANGAN-XINGQING|YONGSHEN-STRUCTURE|YONGSHEN-FINAL|ZHONG-HE,徐乐吾曰：元世祖忽必烈命：从煞格。,[]
穷通宝鉴,穷通宝鉴-0159,甲申癸酉乙卯丙戌,乙,HEAVY,REN-CAIGUAN|SHISHI-BURUO|XIEQI-TAIZHONG|HEAVY-ROOT|TENGLUO-XIJIA|YIN-PARTY|BIJIE-PARTY|ROOT-STRUCK|ROOT-GAN-PRIORITY|WANGCHONG-SHUAI|ZHONGGUA-2SIDE|JIRUO-WUGEN|JISHUAI-CONGSHENG|SHIYONG-YUELING-XIANGFU|GE-QUALITY|SHI-ZHU-JI|TIANGAN-XINGQING|YONGSHEN-STRUCTURE|YONGSHEN-FINAL|ZHONG-HE,徐乐吾曰：刘岳昭命，道光四年闰七月廿五日戌时。丙癸两透，位至巡抚。,[]
穷通宝鉴,穷通宝鉴-0160,戊午辛酉乙卯丙戌,乙,HEAVY,REN-CAIGUAN|XIEQI-TAIZHONG|HEAVY-ROOT|ROOT-STRUCK|ROOT-GAN-PRIORITY|WANGCHONG-SHUAI|ZHONGGUA-2SIDE|JIRUO-WUGEN|JISHUAI-CONGSHENG|SHIYONG-YUELING-XIANGFU|GE-QUALITY|SHI-ZHU-JI|TIANGAN-XINGQING|YONGSHEN-STRUCTURE|YONGSHEN-FINAL|ZHONG-HE,"徐乐吾曰：陆荣廷命,咸丰八年八月十三日戌时。丙辛并透不合，又有丁火藏午，贵为两广巡阅使。",[]
穷通宝鉴,穷通宝鉴-0161,癸酉辛酉乙丑辛巳,乙,NONE,SHISHI-BURUO|SHAZHONG-SHENQING|YIN-PARTY|ZHONGGUA-2SIDE|WUGEN-YOUFU|JISHUAI-CONGSHENG|GE-QUALITY|YUN-SHENG-ROOT|SHI-ZHU-JI|TIANGAN-XINGQING|YONGSHEN-STRUCTURE|YONGSHEN-FINAL|ZHONG-HE,"徐乐吾曰：许世英命,同治十二年七月十九日巳时。癸透丙藏，用丙火，运行南方为贵，惜无丁火，制煞之力不足也。",[]
穷通宝鉴,穷通宝鉴-0162,乙亥乙酉乙亥乙酉,乙,NONE,SHISHI-BURUO|BIJIE-PARTY|ZHONGGUA-2SIDE|WUGEN-YOUFU|SHIYONG-YUELING-XIANGFU|GE-QUALITY|YUN-SHENG-ROOT|SHI-ZHU-JI|TIANGAN-XINGQING|YONGSHEN-STRUCTURE|YONGSHEN-FINAL|ZHONG-HE,"徐乐吾曰：张弧命,光绪元年八月十一日酉时。夹邱格，无癸，姑用壬水，天干一气，地支两清，位至财政部长，卒於丁丑年，寿六十二。",[]
穷通宝鉴,穷通宝鉴-0163,辛巳丁酉乙卯己卯,乙,HEAVY,REN-CAIGUAN|XIEQI-TAIZHONG|HEAVY-ROOT|ROOT-STRUCK|ROOT-GAN-PRIORITY|WANGCHONG-SHUAI|SHI-GUI-LU|ZHONGGUA-2SIDE|JIRUO-WUGEN|JISHUAI-CONGSHENG|GE-QUALITY|TIANGAN-XINGQING|YONGSHEN-STRUCTURE|YONGSHEN-FINAL|ZHONG-HE,徐乐吾曰：张敬尧命，光绪七年闰七月廿五日卯时。秋木盛，煞高有制，贵为都督。早年午运最佳，入后运不得地，故起伏不常，辰运癸酉年，被剌殒命。,[]
穷通宝鉴,穷通宝鉴-0164,癸未辛酉乙酉丁亥,乙,LIGHT,REN-CAIGUAN|SHISHI-BURUO|XIEQI-TAIZHONG|LIGHT-ROOT|YIN-PARTY|ROOT-GAN-PRIORITY|ZHONGGUA-2SIDE|JIRUO-WUGEN|JISHUAI-CONGSHENG|GE-QUALITY|TIANGAN-XINGQING|YONGSHEN-STRUCTURE|YONGSHEN-FINAL|ZHONG-HE,徐乐吾曰：阎锡山命，光绪九年九月初八日亥时。支聚两酉，辛金出干，喜癸丁并透，行南方火运，大富贵。,[]
穷通宝鉴,穷通宝鉴-0165,癸未辛酉乙亥丁亥,乙,LIGHT,REN-CAIGUAN|SHISHI-BURUO|XIEQI-TAIZHONG|LIGHT-ROOT|YIN-PARTY|ROOT-GAN-PRIORITY|ZHONGGUA-2SIDE|JIRUO-WUGEN|JISHUAI-CONGSHENG|GE-QUALITY|TIANGAN-XINGQING|YONGSHEN-STRUCTURE|YONGSHEN-FINAL|ZHONG-HE,徐乐吾曰：汤芗铭命，光绪九年八月廿八日亥时。辛癸丁并透，戊运贵为都督。较之阎造，仅差一字，两亥壬水太重，七煞泄气，戊运去病故也。,[]
穷通宝鉴,穷通宝鉴-0166,戊子辛酉乙未丙子,乙,LIGHT,REN-CAIGUAN|XIEQI-TAIZHONG|LIGHT-ROOT|ROOT-STRUCK|ROOT-GAN-PRIORITY|ZHONGGUA-2SIDE|JIRUO-WUGEN|JISHUAI-CONGSHENG|GE-QUALITY|TIANGAN-XINGQING|YONGSHEN-STRUCTURE|YONGSHEN-FINAL|ZHONG-HE,徐乐吾曰：商震命，光绪十四年八月十六日子时。丙辛并透不合，癸水暗藏，行丙运，贵为山西主席。三秋乙木，金神司令，先丙后癸。惟九月专用癸水，恐丙暖戊土为病也。徐乐吾曰：三秋金神秉令之时，用火制煞为上，次者用癸水化煞。九月土燥木枯，宜水滋培，故专用癸水。白话译文八月（酉月）的乙木，如同秋天盛开的桂花，既不是春日芝兰，也不是夏日禾稼，而是以桂花的意象来理解其生存处境。此时金气当旺，木气衰竭，乙木如同根基动,[]
穷通宝鉴,穷通宝鉴-0167,甲寅甲戌乙酉丙子,乙,HEAVY,REN-CAIGUAN|SHISHI-BURUO|XIEQI-TAIZHONG|HEAVY-ROOT|TENGLUO-XIJIA|BIJIE-PARTY|ROOT-GAN-PRIORITY|ZHONGGUA-2SIDE|JISHUAI-CONGSHENG|GE-QUALITY|TIANGAN-XINGQING|YONGSHEN-STRUCTURE|YONGSHEN-FINAL|ZHONG-HE,藤萝繁甲，癸水得禄，科甲名臣。徐乐吾曰：癸水得禄，酉金生之，乃用辛癸也。,[]
穷通宝鉴,穷通宝鉴-0168,辛丑戊戌乙卯癸未,乙,HEAVY,REN-CAIGUAN|SHISHI-BURUO|HEAVY-ROOT|YIN-PARTY|ROOT-STRUCK|ROOT-GAN-PRIORITY|SHI-GUI-LU|ZHONGGUA-2SIDE|JIRUO-WUGEN|SHIYONG-YUELING-XIANGFU|GE-QUALITY|SHI-ZHU-JI|TIANGAN-XINGQING|YONGSHEN-STRUCTURE|YONGSHEN-FINAL|ZHONG-HE,辛癸两透，木局破戊，十二岁行酉运连捷，行癸运入阁，位至尚书。徐乐吾曰：戊土制癸为病，木局破戊为药，亦以辛癸为用也。,[]
穷通宝鉴,穷通宝鉴-0169,庚辰丙戌乙亥庚辰,乙,LIGHT,REN-CAIGUAN|XIEQI-TAIZHONG|LIGHT-ROOT|ROOT-STRUCK|ROOT-GAN-PRIORITY|SHI-GUI-LU|ZHONGGUA-2SIDE|RI-BEI-HE|JIRUO-WUGEN|JISHUAI-CONGSHENG|SHIYONG-YUELING-XIANGFU|GE-QUALITY|SHI-ZHU-JI|TIANGAN-XINGQING|YONGSHEN-STRUCTURE|YONGSHEN-FINAL|ZHONG-HE,年透庚金，支见二辰，可作化合，巧中取贵，但化不逢时，不孤有刑，寿高五十。徐乐吾曰：不但合化失时，且破格也。丙火伤官破庚，只能用丙火，但乙与庚合，又不能舍弃庚金，是为不顾用神，犹幸丙透壬藏，虽贵而性情奸险，故云巧中取贵也。,[]
穷通宝鉴,穷通宝鉴-0170,乙未丙戌乙亥丙子,乙,LIGHT,REN-CAIGUAN|SHISHI-BURUO|XIEQI-TAIZHONG|LIGHT-ROOT|BIJIE-PARTY|ROOT-STRUCK|ROOT-GAN-PRIORITY|ZHONGGUA-2SIDE|JIRUO-WUGEN|JISHUAI-CONGSHENG|GE-QUALITY|TIANGAN-XINGQING|YONGSHEN-STRUCTURE|YONGSHEN-FINAL|ZHONG-HE,徐乐吾曰：陶模命，道光十五年八月十九日子时。丙透癸藏，专用子中癸水，六乙鼠贵格也，位至总督。,[]
穷通宝鉴,穷通宝鉴-0171,丙寅戊戌乙亥丁亥,乙,HEAVY,REN-CAIGUAN|XIEQI-TAIZHONG|HEAVY-ROOT|ROOT-STRUCK|ROOT-GAN-PRIORITY|ZHONGGUA-2SIDE|JIRUO-WUGEN|JISHUAI-CONGSHENG|GE-QUALITY|TIANGAN-XINGQING|YONGSHEN-STRUCTURE|YONGSHEN-FINAL|ZHONG-HE,徐乐吾曰：沈金鉴命，同治五年九月十九日亥时。生霜降后，寅亥合，木破戊，以食伤为用，甲辰运，出任浙江省长。,[]
穷通宝鉴,穷通宝鉴-0172,丁卯庚戌乙亥丁丑,乙,HEAVY,REN-CAIGUAN|XIEQI-TAIZHONG|HEAVY-ROOT|ROOT-GAN-PRIORITY|ZHONGGUA-2SIDE|RI-BEI-HE|JIRUO-WUGEN|JISHUAI-CONGSHENG|SHIYONG-YUELING-XIANGFU|GE-QING|GE-QUALITY|SHI-ZHU-JI|TIANGAN-XINGQING|YONGSHEN-STRUCTURE|YONGSHEN-FINAL|ZHONG-HE,徐乐吾曰：卢永祥命，同治六年九月廿五日丑时。生霜降前一日，支会亥卯，亥丑夹子贵，两丁制庚，甲辰运，庚金劈甲引丁，贵为浙江都督。,[]
穷通宝鉴,穷通宝鉴-0173,己卯甲戌乙亥己卯,乙,HEAVY,REN-CAIGUAN|SHISHI-BURUO|HEAVY-ROOT|TENGLUO-XIJIA|BIJIE-PARTY|ROOT-GAN-PRIORITY|HE-HUASHEN-DESHI|SHI-GUI-LU|ZHONGGUA-2SIDE|JIRUO-WUGEN|GE-QING|GE-QUALITY|TIANGAN-XINGQING|YONGSHEN-STRUCTURE|YONGSHEN-FINAL|ZHONG-HE,徐乐吾曰：张绍曾命，光绪五年九月初五日卯时。亥卯会局，甲木出干，身财两旺，藉食伤为通关，四柱无火，为其缺点，至午运末，丁火泄木生财，位至首揆，盖亥宫木气长生，壬水临官，不畏木枯也。,[]
穷通宝鉴,穷通宝鉴-0174,庚寅丙戌乙酉己卯,乙,HEAVY,REN-CAIGUAN|XIEQI-TAIZHONG|HEAVY-ROOT|ROOT-STRUCK|ROOT-GAN-PRIORITY|WANGCHONG-SHUAI|SHI-GUI-LU|ZHONGGUA-2SIDE|RI-BEI-HE|JIRUO-WUGEN|JISHUAI-CONGSHENG|GE-QUALITY|TIANGAN-XINGQING|YONGSHEN-STRUCTURE|YONGSHEN-FINAL|ZHONG-HE,徐乐吾曰：唐生智命，光绪十六年九月十八日卯时。九月乙木，不离癸水，木火土金俱全，待水而发。胎元丁丑，丑中有癸水余气，玄机暗藏也。,[]
穷通宝鉴,穷通宝鉴-0175,癸巳壬戌乙巳戊寅,乙,HEAVY,REN-CAIGUAN|HEAVY-ROOT|ROOT-STRUCK|ROOT-GAN-PRIORITY|SHI-GUI-LU|ZHONGGUA-2SIDE|JIRUO-WUGEN|SHIYONG-YUELING-XIANGFU|GE-QUALITY|SHI-ZHU-JI|TIANGAN-XINGQING|YONGSHEN-STRUCTURE|YONGSHEN-FINAL|ZHONG-HE,徐乐吾曰：朱有卿命，光绪十九年九月廿六日寅时。财印交差，用壬癸水，宜金为通关，四柱无金，为其缺点，运行辛酉、庚申，荫庇之下最吉。至己未，柔土不足以止水，位至公路局长，戊运殁。三秋乙木，金神司令，先丙后癸。惟九月专用癸水，恐丙暖戊土为病也。徐乐吾曰：三秋金神秉令之时，用火制煞为上，次者用癸水化煞。九月土燥木枯，宜水滋培，故专用癸水。白话译文九月（戌月，寒露至立冬）乙木，草木凋零，枝枯叶落，必须依赖癸,[]
穷通宝鉴,穷通宝鉴-0176,己卯乙亥乙未丙戌,乙,HEAVY,REN-CAIGUAN|SHISHI-BURUO|XIEQI-TAIZHONG|HEAVY-ROOT|BIJIE-PARTY|ROOT-STRUCK|ROOT-GAN-PRIORITY|ZHONGGUA-2SIDE|JIRUO-WUGEN|JIWANG-HUAIJI|JISHUAI-CONGSHENG|GE-QING|GE-QUALITY|SHI-ZHU-JI|TIANGAN-XINGQING|YONGSHEN-STRUCTURE|YONGSHEN-FINAL|ZHONG-HE,得力在时上丙戊，冬木失令，无丙戊总非上格，若有癸出，则印绶太旺，湿重阴浓，反见损害。必须戊出合癸，加以丙透，木自然发荣滋长；若无丙戊，则癸水阴湿之气，反生为克，终不能有所建树也。总之，十月乙木，水旺用戊，戊多用甲，甲多用庚，应病与药，随宜配合，但寒木向阳，必兼丙火为用。,[]
穷通宝鉴,穷通宝鉴-0177,己亥乙亥乙巳丁亥,乙,NONE,SHISHI-BURUO|CAIDUO-SHENRUAN|XIEQI-TAIZHONG|BIJIE-PARTY|WANGCHONG-SHUAI|ZHONGGUA-2SIDE|JIRUO-WUGEN|WUGEN-YOUFU|JISHUAI-CONGSHENG|SHIYONG-YUELING-XIANGFU|GE-QUALITY|YUN-SHENG-ROOT|TIANGAN-XINGQING|YONGSHEN-STRUCTURE|YONGSHEN-FINAL|ZHONG-HE,亥中三壬生木，与春木类推，戊丙作用，丙戊禄在巳，虽不透干，一榜五品，但巳亥逢冲，性傲招尤，举动敏捷。徐乐吾曰：丙戊禄在巳，巳宫用神所聚，惜三亥冲巳，而驿马逢冲，用神受伤，成中有败，败而无救，贵亦减色也。,[]
穷通宝鉴,穷通宝鉴-0178,乙丑丁亥乙酉戊寅,乙,HEAVY,REN-CAIGUAN|SHISHI-BURUO|XIEQI-TAIZHONG|HEAVY-ROOT|BIJIE-PARTY|ROOT-STRUCK|ROOT-GAN-PRIORITY|SHI-GUI-LU|ZHONGGUA-2SIDE|JIRUO-WUGEN|JIWANG-HUAIJI|JISHUAI-CONGSHENG|SHIYONG-YUELING-XIANGFU|GE-QING|GE-QUALITY|SHI-ZHU-JI|TIANGAN-XINGQING|YONGSHEN-STRUCTURE|YONGSHEN-FINAL|ZHONG-HE,女命，夫主秀才，大富，用戊故也。徐乐吾曰：夫星在酉，用财化食生官，年月丑亥夹子，母家亦贵也。,[]
穷通宝鉴,穷通宝鉴-0179,甲戌乙亥乙亥庚辰,乙,LIGHT,REN-CAIGUAN|SHISHI-BURUO|LIGHT-ROOT|TENGLUO-XIJIA|BIJIE-PARTY|ROOT-STRUCK|ROOT-GAN-PRIORITY|SHI-GUI-LU|ZHONGGUA-2SIDE|RI-BEI-HE|JIRUO-WUGEN|GE-QUALITY|SHI-ZHU-JI|TIANGAN-XINGQING|YONGSHEN-STRUCTURE|YONGSHEN-FINAL|ZHONG-HE,化合假格，有能秀才，三多之命。徐乐吾曰：此造合而不化，故云化合假格，当以庚为用，不以胎元丙寅，得太阳之助，木有生机，丙火为子，子能助父，晚福自佳，故为三多之命。,[]
穷通宝鉴,穷通宝鉴-0180,庚申丁亥乙亥丁亥,乙,NONE,SHAZHONG-SHENQING|ZHONGGUA-2SIDE|RI-BEI-HE|WUGEN-YOUFU|JISHUAI-CONGSHENG|SHIYONG-YUELING-XIANGFU|GE-QUALITY|YUN-SHENG-ROOT|TIANGAN-XINGQING|YONGSHEN-STRUCTURE|YONGSHEN-FINAL,贫贱徐乐吾曰：亥宫壬水得禄，叠见长生，水旺木浮，无戊制水，漂浮之命。,[]
穷通宝鉴,穷通宝鉴-0181,己酉乙亥乙亥丁亥,乙,NONE,SHISHI-BURUO|BIJIE-PARTY|ZHONGGUA-2SIDE|JIRUO-WUGEN|WUGEN-YOUFU|SHIYONG-YUELING-XIANGFU|GE-QUALITY|YUN-SHENG-ROOT|TIANGAN-XINGQING|YONGSHEN-STRUCTURE|YONGSHEN-FINAL|ZHONG-HE,幼孤，先贫后富，子五。徐乐吾曰：此造专取胎元丙寅，年上己土之财，为比所夺，故幼孤，逆行南方运，财旺得地，宜其后富。,[]
穷通宝鉴,穷通宝鉴-0182,甲戌乙亥乙亥丙子,乙,NONE,SHISHI-BURUO|XIEQI-TAIZHONG|TENGLUO-XIJIA|BIJIE-PARTY|ZHONGGUA-2SIDE|WUGEN-YOUFU|JISHUAI-CONGSHENG|GE-QUALITY|YUN-SHENG-ROOT|TIANGAN-XINGQING|YONGSHEN-STRUCTURE|YONGSHEN-FINAL|ZHONG-HE,阁老。徐乐吾曰：丙火出干，寒木向阳，大贵，胎元又得丙寅也。,[]
穷通宝鉴,穷通宝鉴-0183,庚寅丁亥乙巳己卯,乙,HEAVY,REN-CAIGUAN|XIEQI-TAIZHONG|HEAVY-ROOT|ROOT-STRUCK|ROOT-GAN-PRIORITY|WANGCHONG-SHUAI|SHI-GUI-LU|ZHONGGUA-2SIDE|RI-BEI-HE|JIRUO-WUGEN|JIWANG-HUAIJI|JISHUAI-CONGSHENG|GE-QUALITY|TIANGAN-XINGQING|YONGSHEN-STRUCTURE|YONGSHEN-FINAL|ZHONG-HE,徐乐吾曰：王文韶命，道光十年十月廿一日卯时。丙戊禄巳，玄机暗藏，运行东南生旺之地，循序升迁，官至大学士。,[]
穷通宝鉴,穷通宝鉴-0184,乙未丁亥乙丑丙子,乙,LIGHT,REN-CAIGUAN|SHISHI-BURUO|XIEQI-TAIZHONG|LIGHT-ROOT|BIJIE-PARTY|ROOT-STRUCK|ROOT-GAN-PRIORITY|ZHONGGUA-2SIDE|JIRUO-WUGEN|JISHUAI-CONGSHENG|GE-QUALITY|TIANGAN-XINGQING|YONGSHEN-STRUCTURE|YONGSHEN-FINAL|ZHONG-HE,徐乐吾曰：清慈禧太后命，道光十五年十月初十日子时。寒木向阳，专用丙火，以丑中辛金为夫星，惜其不透，早年财运生官，龙冠六宫。寅运金绝克夫，入后运转东南，为本身旺运，垂帘听政四十五年，卒于乙运戊申年，寿七十四。,['身旺']
穷通宝鉴,穷通宝鉴-0185,戊寅癸亥乙卯壬午,乙,HEAVY,REN-CAIGUAN|SHISHI-BURUO|HEAVY-ROOT|YIN-PARTY|ROOT-STRUCK|ROOT-GAN-PRIORITY|SHI-GUI-LU|ZHONGGUA-2SIDE|JIRUO-WUGEN|JIWANG-HUAIJI|GE-QING|GE-QUALITY|SHI-ZHU-JI|TIANGAN-XINGQING|YONGSHEN-STRUCTURE|YONGSHEN-FINAL|ZHONG-HE,"徐乐吾曰：杨小楼命，光绪四年十一月初十日午时。壬癸并透，专用戊土，名重伶官。白话译文十月（亥月）乙木，此时壬水（亥月当令之神，代表水势最旺的节气）主宰节令，丙火（阳光之气）尚未得令。草木（乙木之象）入冬虽外表凋零，内部生机却在蓄积，此为""木气长生""之候，因此最喜丙火温煦。若壬水过旺，水多则木浮失根，须以戊土（堤坝之象）制水救命。丙、戊二者俱透，命主可成科甲功名；有丙无戊，亦不失文人清流之格；水多无",[]
穷通宝鉴,穷通宝鉴-0186,庚申戊子乙巳丙子,乙,NONE,CAIDUO-SHENRUAN|SHAZHONG-SHENQING|XIEQI-TAIZHONG|ZHONGGUA-2SIDE|RI-BEI-HE|JIRUO-WUGEN|WUGEN-YOUFU|JISHUAI-CONGSHENG|SHIYONG-YUELING-XIANGFU|GE-QING|GE-QUALITY|YUN-SHENG-ROOT|TIANGAN-XINGQING|YONGSHEN-STRUCTURE|YONGSHEN-FINAL,丙戊两透，词林。徐乐吾曰：丙戊得禄于巳，喜用有情。惜乙木无根，否则，当不止词林也。,[]
穷通宝鉴,穷通宝鉴-0187,庚申戊子乙巳乙酉,乙,NONE,CAIDUO-SHENRUAN|SHAZHONG-SHENQING|ZHONGGUA-2SIDE|RI-BEI-HE|JIRUO-WUGEN|WUGEN-YOUFU|JISHUAI-CONGSHENG|GE-QING|GE-QUALITY|YUN-SHENG-ROOT|SHI-ZHU-JI|TIANGAN-XINGQING|YONGSHEN-STRUCTURE|YONGSHEN-FINAL,戊透丙藏知州。徐乐吾曰：上两造，丙戊得禄于巳，惜木无根，否则，富贵当不止此，幸是乙木虽弱无碍。,[]
穷通宝鉴,穷通宝鉴-0188,辛亥庚子乙卯丙戌,乙,HEAVY,REN-CAIGUAN|XIEQI-TAIZHONG|HEAVY-ROOT|ROOT-STRUCK|ROOT-GAN-PRIORITY|HE-HUASHEN-DESHI|ZHONGGUA-2SIDE|RI-BEI-HE|JIRUO-WUGEN|JIWANG-HUAIJI|JISHUAI-CONGSHENG|GE-QUALITY|SHI-ZHU-JI|TIANGAN-XINGQING|YONGSHEN-STRUCTURE|YONGSHEN-FINAL|ZHONG-HE,徐乐吾曰：化不逢时，孤儿异姓，幸丙火解冻，由武而得守备。,[]
穷通宝鉴,穷通宝鉴-0189,丁未壬子乙未丙子,乙,LIGHT,REN-CAIGUAN|SHISHI-BURUO|XIEQI-TAIZHONG|LIGHT-ROOT|YIN-PARTY|ROOT-STRUCK|ROOT-GAN-PRIORITY|ZHONGGUA-2SIDE|JIRUO-WUGEN|JISHUAI-CONGSHENG|SHIYONG-YUELING-XIANGFU|GE-QUALITY|TIANGAN-XINGQING|YONGSHEN-STRUCTURE|YONGSHEN-FINAL|ZHONG-HE,徐乐吾曰：元顺帝命，寒木向阳，专取丙火为用，丁壬一合，去病为贵，申运失国。,[]
穷通宝鉴,穷通宝鉴-0190,辛巳庚子乙酉丁亥,乙,NONE,SHAZHONG-SHENQING|XIEQI-TAIZHONG|WANGCHONG-SHUAI|ZHONGGUA-2SIDE|RI-BEI-HE|WUGEN-YOUFU|JISHUAI-CONGSHENG|GE-QUALITY|YUN-SHENG-ROOT|TIANGAN-XINGQING|YONGSHEN-STRUCTURE|YONGSHEN-FINAL,徐乐吾曰：陈光甫命，光绪七年十月廿六日亥时。年支巳宫藏丙，干透丁火制庚，位至上海商业银行总经理。白话译文十一月的乙木（阴性草木、藤蔓之类），正值隆冬，根叶均被严寒冻结。此时最喜丙火（太阳之火）来解冻回暖，花木才有向阳生长之意。癸水（阴性寒水）出现在天干会进一步冻伤花木，故十一月乙木以丙火为首要用神。若有丙火透出天干而不见癸水破坏，可望功名及第；丙火藏于地支而不透干，则仅止平常，此多因祖上风水浅薄。,[]
穷通宝鉴,穷通宝鉴-0191,壬午癸丑乙卯辛巳,乙,HEAVY,REN-CAIGUAN|SHISHI-BURUO|HEAVY-ROOT|YIN-PARTY|ROOT-STRUCK|ROOT-GAN-PRIORITY|ZHONGGUA-2SIDE|JIRUO-WUGEN|GE-QUALITY|SHI-ZHU-JI|TIANGAN-XINGQING|YONGSHEN-STRUCTURE|YONGSHEN-FINAL|ZHONG-HE,巳中丙戊得所，一榜，官至太守。徐乐吾曰：此造乙木专禄，丙戌巳官得禄，运行南方，必得意也。,[]
穷通宝鉴,穷通宝鉴-0192,壬午癸丑乙酉辛巳,乙,LIGHT,REN-CAIGUAN|SHISHI-BURUO|LIGHT-ROOT|YIN-PARTY|ROOT-STRUCK|ROOT-GAN-PRIORITY|ZHONGGUA-2SIDE|JIRUO-WUGEN|GE-QUALITY|SHI-ZHU-JI|TIANGAN-XINGQING|YONGSHEN-STRUCTURE|YONGSHEN-FINAL|ZHONG-HE,巳酉丑会金，带丙不得禄，一富而已徐乐吾曰：巳酉丑三合金局，丙火被其合住，逢辛反怯，丙火减其力量，巳宫化为金之生地，故云带丙不得禄。究之丙火力量犹存，惟用神羁绊，不能显达，一富而已。若巳丑合无酉，则不致羁绊也。,[]
穷通宝鉴,穷通宝鉴-0193,庚子己丑乙巳庚辰,乙,LIGHT,REN-CAIGUAN|LIGHT-ROOT|ROOT-STRUCK|ROOT-GAN-PRIORITY|SHI-GUI-LU|ZHONGGUA-2SIDE|RI-BEI-HE|JIRUO-WUGEN|SHIYONG-YUELING-XIANGFU|GE-QING|GE-QUALITY|SHI-ZHU-JI|TIANGAN-XINGQING|YONGSHEN-STRUCTURE|YONGSHEN-FINAL|ZHONG-HE,此名煞重身轻，贫而且夭。徐乐吾曰：庚金两透，官多化煞，乙木坐巳，暗藏丙戌，时逢辰，木亦通根，坏在己土透出，党煞克身也。,[]
穷通宝鉴,穷通宝鉴-0194,丁酉癸丑乙卯丙子,乙,HEAVY,REN-CAIGUAN|SHISHI-BURUO|HEAVY-ROOT|YIN-PARTY|ROOT-STRUCK|ROOT-GAN-PRIORITY|ZHONGGUA-2SIDE|JIRUO-WUGEN|SHIYONG-YUELING-XIANGFU|GE-QUALITY|TIANGAN-XINGQING|YONGSHEN-STRUCTURE|YONGSHEN-FINAL|ZHONG-HE,都宪。徐乐吾曰：三冬庚辛之气泄于水，本不能伤木，见己土制癸水，则庚金有力，乙木见庚，不化必被掣肘。上造丙火藏巳，不能制庚，又不能用庚，木被金伤，故为煞重身轻。下造丙火出，破庚，乙木得向阳之用。,[]
穷通宝鉴,穷通宝鉴-0195,戊午乙丑乙巳庚辰,乙,LIGHT,REN-CAIGUAN|SHISHI-BURUO|LIGHT-ROOT|BIJIE-PARTY|ROOT-STRUCK|ROOT-GAN-PRIORITY|SHI-GUI-LU|ZHONGGUA-2SIDE|RI-BEI-HE|JIRUO-WUGEN|SHIYONG-YUELING-XIANGFU|GE-QUALITY|SHI-ZHU-JI|TIANGAN-XINGQING|YONGSHEN-STRUCTURE|YONGSHEN-FINAL|ZHONG-HE,徐乐吾曰：副总统冯国璋命，咸丰八年十二月初四日辰时。取财生官旺，地支丑辰巳午，夹寅卯，乙木暗强，运行巳庚，开府江南，位至总统，殁于午运末己未年。,[]
穷通宝鉴,穷通宝鉴-0196,壬申癸丑乙亥庚辰,乙,LIGHT,REN-CAIGUAN|SHISHI-BURUO|LIGHT-ROOT|YIN-PARTY|ROOT-STRUCK|ROOT-GAN-PRIORITY|SHI-GUI-LU|ZHONGGUA-2SIDE|RI-BEI-HE|JIRUO-WUGEN|SHIYONG-YUELING-XIANGFU|GE-QUALITY|SHI-ZHU-JI|TIANGAN-XINGQING|YONGSHEN-STRUCTURE|YONGSHEN-FINAL|ZHONG-HE,徐乐吾曰：狄进熹命，同治十一年十二月廿五日辰时。壬癸并透，泄金生木，不作化论。加以乙木临亥，得长生之气，更不能化。四柱无火，运行南方，名利兼全，惜干支无丙，运过之后，终作寒儒。,[]
穷通宝鉴,穷通宝鉴-0197,壬申癸丑乙丑辛巳,乙,NONE,SHISHI-BURUO|SHAZHONG-SHENQING|YIN-PARTY|ZHONGGUA-2SIDE|WUGEN-YOUFU|JISHUAI-CONGSHENG|GE-QING|GE-QUALITY|YUN-SHENG-ROOT|SHI-ZHU-JI|TIANGAN-XINGQING|YONGSHEN-STRUCTURE|YONGSHEN-FINAL|ZHONG-HE,徐乐吾曰：刘芗荪命，同治十一年十二月十五日巳时。丙火得所，位至上海道。,[]
穷通宝鉴,穷通宝鉴-0198,甲戌丁丑乙酉丙戌,乙,NONE,XIEQI-TAIZHONG|TENGLUO-XIJIA|ZHONGGUA-2SIDE|WUGEN-YOUFU|JISHUAI-CONGSHENG|SHIYONG-YUELING-XIANGFU|GE-QUALITY|YUN-SHENG-ROOT|SHI-ZHU-JI|TIANGAN-XINGQING|YONGSHEN-STRUCTURE|YONGSHEN-FINAL,徐乐吾曰：丁超命，同治十三年十二月十六日戌时。甲丙丁并透，专用丙火，位至镇守使。,[]
穷通宝鉴,穷通宝鉴-0199,甲戌丁丑乙酉庚辰,乙,LIGHT,REN-CAIGUAN|SHISHI-BURUO|XIEQI-TAIZHONG|LIGHT-ROOT|TENGLUO-XIJIA|BIJIE-PARTY|ROOT-STRUCK|ROOT-GAN-PRIORITY|SHI-GUI-LU|ZHONGGUA-2SIDE|RI-BEI-HE|JIRUO-WUGEN|JISHUAI-CONGSHENG|SHIYONG-YUELING-XIANGFU|GE-QUALITY|SHI-ZHU-JI|TIANGAN-XINGQING|YONGSHEN-STRUCTURE|YONGSHEN-FINAL|ZHONG-HE,徐乐吾曰：郁芭生命，同治十三年十二月十六日辰时。化合失时，原命有丁制庚，甲木助乙，支见财多，运行辰壬，印化煞生身，富甲一方，至午运殁。,[]
穷通宝鉴,穷通宝鉴-0200,丁丑癸丑乙酉己卯,乙,HEAVY,REN-CAIGUAN|SHISHI-BURUO|HEAVY-ROOT|YIN-PARTY|ROOT-STRUCK|ROOT-GAN-PRIORITY|SHI-GUI-LU|ZHONGGUA-2SIDE|JIRUO-WUGEN|GE-QUALITY|TIANGAN-XINGQING|YONGSHEN-STRUCTURE|YONGSHEN-FINAL|ZHONG-HE,徐乐吾曰：陈其美命，光绪三年十二月初五日卯时。卯酉相冲，日禄受损，酉丑会局，煞旺身衰，丁火食神，为癸水所克，行酉运，遭暗杀弊命。白话译文十二月的乙木，正值严冬，木气冻结、枝干枯槁，最迫切需要丙火（太阳之火）来温暖照拂，有如寒谷迎来春日回暖之象。若命局中丙火透于天干，且没有癸水出现来冲破这一格局，则此人不仅能科举及第，更可望成为名臣显宦，仕途煌煌。若丙火藏于地支而未透干，格局稍减，大约只是廪生贡生一,['身衰']
穷通宝鉴,穷通宝鉴-0201,甲午庚午丙午甲午,丙,HEAVY,REN-CAIGUAN|HEAVY-ROOT|ROOT-STRUCK|ROOT-GAN-PRIORITY|SHI-GUI-LU|ZHONGGUA-2SIDE|JIRUO-WUGEN|JIWANG-HUAIJI|SHIYONG-YUELING-XIANGFU|GE-QUALITY|CAI-RUO-SHEN-QIANG|YONGSHEN-STRUCTURE|YONGSHEN-FINAL|ZHONG-HE,，美在得时矣，然而拘谨懦弱，毫无作为，则以运行西北故也。总论云：若居坎宫，谨畏守礼，火以炎上为本性，运行西北，逆其性情，火者其性礼，逆其性，拘谨懦弱，出于常情也。或四柱有甲木，得康金暗制，可作秀才。徐乐吾曰：此言用财损印也，正月甲木得禄，若四柱多见甲木，则木盛火寒，必须用财损印，须得庚金暗制方妙；但格非上等，儒林秀士而已，不失为清贵也。此节与上文时月两透庚金意重。无壬用癸者，略富贵，且官杀亦要旺相,['旺相']
穷通宝鉴,穷通宝鉴-0202,丙午庚寅丙午庚寅,丙,HEAVY,REN-CAIGUAN|SHISHI-BURUO|HEAVY-ROOT|BIJIE-PARTY|ROOT-STRUCK|ROOT-GAN-PRIORITY|SHI-GUI-LU|ZHONGGUA-2SIDE|JIRUO-WUGEN|JIWANG-HUAIJI|SHIYONG-YUELING-XIANGFU|GE-QUALITY|CAI-RUO-SHEN-QIANG|YONGSHEN-STRUCTURE|YONGSHEN-FINAL|ZHONG-HE,两干不杂，按察徐乐吾曰：时月两透庚金，两干不杂，格局取清而已。庚金无根，寅午会局，比肩出干，不能用财，乃炎上失时，喜其运行东南，故贵为按察使。,[]
穷通宝鉴,穷通宝鉴-0203,庚寅戊寅丙寅壬辰,丙,HEAVY,REN-CAIGUAN|XIEQI-TAIZHONG|HEAVY-ROOT|ROOT-GAN-PRIORITY|ZHONGGUA-2SIDE|JIWANG-HUAIJI|JISHUAI-CONGSHENG|SHIYONG-YUELING-XIANGFU|GE-QING|GE-QUALITY|CAI-RUO-SHEN-QIANG|SHI-ZHU-JI|YONGSHEN-STRUCTURE|YONGSHEN-FINAL|ZHONG-HE,庚壬两透，位至主试，词林徐乐吾曰：庚壬两透，壬水出干，戊土为病，喜得丙火坐寅，庚透化食生煞，木火向旺，财生煞，而得戊制，安得不贵。,[]
穷通宝鉴,穷通宝鉴-0204,辛亥庚寅丙子丁酉,丙,HEAVY,REN-CAIGUAN|SHISHI-BURUO|BIJIE-PARTY|ROOT-STRUCK|ROOT-GAN-PRIORITY|ZHONGGUA-2SIDE|RI-BEI-HE|JIRUO-WUGEN|JIWANG-HUAIJI|GE-QING|GE-QUALITY|SHI-ZHU-JI|YONGSHEN-STRUCTURE|YONGSHEN-FINAL|ZHONG-HE,状元徐乐吾曰：此造庚辛并透，财旺生煞，劫印并用，而日元坐官。妙在丙辛隔位不合，寅亥会印，财官印相生不碍，运至丁、亥、丙、戌、宜其贵矣。,[]
穷通宝鉴,穷通宝鉴-0205,丁酉壬寅丙子戊戌,丙,HEAVY,REN-CAIGUAN|SHISHI-BURUO|XIEQI-TAIZHONG|HEAVY-ROOT|BIJIE-PARTY|ROOT-STRUCK|ROOT-GAN-PRIORITY|HE-HUASHEN-DESHI|SHI-GUI-LU|ZHONGGUA-2SIDE|JIRUO-WUGEN|JIWANG-HUAIJI|JISHUAI-CONGSHENG|SHIYONG-YUELING-XIANGFU|GE-QUALITY|SHI-ZHU-JI|YONGSHEN-STRUCTURE|YONGSHEN-FINAL|ZHONG-HE,庚透癸藏，巨富，子中状元。徐乐吾曰：此造专用子中癸水，庚透化戊土生癸水，无庚，癸为戊制，所重在偏财，故巨富，癸在时支子息宫，故子贵。,[]
穷通宝鉴,穷通宝鉴-0206,丁酉壬寅丙子戊子,丙,HEAVY,REN-CAIGUAN|SHISHI-BURUO|XIEQI-TAIZHONG|HEAVY-ROOT|BIJIE-PARTY|ROOT-GAN-PRIORITY|HE-HUASHEN-DESHI|ZHONGGUA-2SIDE|JIRUO-WUGEN|JIWANG-HUAIJI|JISHUAI-CONGSHENG|GE-QING|GE-QUALITY|SHI-ZHU-JI|YONGSHEN-STRUCTURE|YONGSHEN-FINAL|ZHONG-HE,秀才，午运死，先富，后贫且孤。徐乐吾曰：此造丁火合去壬水，戊土制住癸水，年上酉金生壬，故为秀才。先富，时逢戊子，后孤且贫，至午运方死，寿元至午，则以午为子水绝地也，然已八旬外矣。,[]
穷通宝鉴,穷通宝鉴-0207,丁酉壬寅丙子戊戌,丙,HEAVY,REN-CAIGUAN|SHISHI-BURUO|XIEQI-TAIZHONG|HEAVY-ROOT|BIJIE-PARTY|ROOT-STRUCK|ROOT-GAN-PRIORITY|HE-HUASHEN-DESHI|SHI-GUI-LU|ZHONGGUA-2SIDE|JIRUO-WUGEN|JIWANG-HUAIJI|JISHUAI-CONGSHENG|SHIYONG-YUELING-XIANGFU|GE-QUALITY|SHI-ZHU-JI|YONGSHEN-STRUCTURE|YONGSHEN-FINAL|ZHONG-HE,假道斯文，早岁子息艰难，先富后贫，寿高。徐乐吾曰：此造与上造同，戊戌时制煞之力较强，故子息艰，先富后贫寿高，均与上造同。,[]
穷通宝鉴,穷通宝鉴-0208,丁酉壬寅丙子己亥,丙,HEAVY,REN-CAIGUAN|SHISHI-BURUO|XIEQI-TAIZHONG|BIJIE-PARTY|ROOT-STRUCK|ROOT-GAN-PRIORITY|HE-HUASHEN-DESHI|ZHONGGUA-2SIDE|JIRUO-WUGEN|JIWANG-HUAIJI|JISHUAI-CONGSHENG|SHIYONG-YUELING-XIANGFU|GE-QING|GE-QUALITY|SHI-ZHU-JI|YONGSHEN-STRUCTURE|YONGSHEN-FINAL|ZHONG-HE,知州，五子皆贵，酉运死。徐乐吾曰：此造亥宫壬水长生，临天乙贵人，故子多而贵，己土不足以制壬，晦火之力亦薄，位至知州。,[]
穷通宝鉴,穷通宝鉴-0209,乙未戊寅丙申辛卯,丙,HEAVY,REN-CAIGUAN|SHISHI-BURUO|XIEQI-TAIZHONG|HEAVY-ROOT|YIN-PARTY|ROOT-STRUCK|ROOT-GAN-PRIORITY|WANGCHONG-SHUAI|ZHONGGUA-2SIDE|RI-BEI-HE|JIRUO-WUGEN|JIWANG-HUAIJI|JISHUAI-CONGSHENG|GE-QUALITY|YONGSHEN-STRUCTURE|YONGSHEN-FINAL|ZHONG-HE,木盛用庚，孤贫且夭。徐乐吾曰：此造用庚辛金杂乱，丙火透辛而怯，辛丑不能扫乙，徒有伤克之情，一友人造。,[]
穷通宝鉴,穷通宝鉴-0210,乙未戊寅丙申庚寅,丙,HEAVY,REN-CAIGUAN|SHISHI-BURUO|XIEQI-TAIZHONG|HEAVY-ROOT|YIN-PARTY|ROOT-STRUCK|ROOT-GAN-PRIORITY|WANGCHONG-SHUAI|SHI-GUI-LU|ZHONGGUA-2SIDE|JIRUO-WUGEN|JIWANG-HUAIJI|JISHUAI-CONGSHENG|SHIYONG-YUELING-XIANGFU|GE-QUALITY|YONGSHEN-STRUCTURE|YONGSHEN-FINAL|ZHONG-HE,，用庚无辛，财印交差，用申宫壬水，出身世家，富贵中等。,[]
穷通宝鉴,穷通宝鉴-0211,己未丙寅丙午乙未,丙,HEAVY,REN-CAIGUAN|SHISHI-BURUO|XIEQI-TAIZHONG|HEAVY-ROOT|YIN-PARTY|BIJIE-PARTY|ROOT-GAN-PRIORITY|SHI-GUI-LU|ZHONGGUA-2SIDE|JIWANG-HUAIJI|JISHUAI-CONGSHENG|GE-QING|GE-QUALITY|CAI-RUO-SHEN-QIANG|YONGSHEN-STRUCTURE|YONGSHEN-FINAL|ZHONG-HE,假炎上格，秀才大富。徐乐吾曰：此造假炎上，而丙火并不旺，年时两未，己土出干，似宜用己土泄火气。正月火土假伤官，非上格，然泄秀生财，故秀才而富，参阅二月丙火节。三春丙火总论三春丙火，秉象至威，阳回大地，侮雪欺霜，专用壬水，为水辅阳光，非克丙也，名曰天和地润，既济功成。或土多，为土众成慈，非泄丙乃假丙也。正月专用壬水，佐以庚金，二月专用壬水，三月土重晦光，用壬水取甲佐之为妙。徐乐吾曰：承上总论，三春丙,[]
穷通宝鉴,穷通宝鉴-0212,己亥丁卯丙申己亥,丙,NONE,XIEQI-TAIZHONG|ZHONGGUA-2SIDE|WUGEN-YOUFU|JISHUAI-CONGSHENG|GE-QUALITY|YUN-SHENG-ROOT|SHI-ZHU-JI|YONGSHEN-STRUCTURE|YONGSHEN-FINAL,申内有庚生水，武举，但子息惟艰。徐乐吾曰：此两造丙临申位，庚壬藏支，亥卯会局，当以卯木正印为用。,[]
穷通宝鉴,穷通宝鉴-0213,丁巳癸卯丙辰癸巳,丙,HEAVY,REN-CAIGUAN|SHISHI-BURUO|HEAVY-ROOT|BIJIE-PARTY|ROOT-GAN-PRIORITY|SHI-GUI-LU|ZHONGGUA-2SIDE|JIWANG-HUAIJI|GE-QUALITY|SHI-ZHU-JI|YONGSHEN-STRUCTURE|YONGSHEN-FINAL|ZHONG-HE,徐乐吾曰：韩国钧命，咸丰七年三月初四日巳时。地支连茹，用官印，官居极品。,[]
穷通宝鉴,穷通宝鉴-0214,乙亥己卯丙子辛卯,丙,NONE,SHISHI-BURUO|YIN-PARTY|ZHONGGUA-2SIDE|RI-BEI-HE|JIRUO-WUGEN|WUGEN-YOUFU|SHIYONG-YUELING-XIANGFU|GE-QUALITY|YUN-SHENG-ROOT|YONGSHEN-STRUCTURE|YONGSHEN-FINAL|ZHONG-HE,徐乐吾曰：李景曦命，光绪元年二月初八日卯时。丙子辛卯相刑，有贪财坏印之嫌。此造妙在亥卯会局，透乙太旺，宜用财损印，更有己土出干，伤官生财为用，宜其富贵兼矣。命理之变化不测有如此。,[]
穷通宝鉴,穷通宝鉴-0215,庚辰己卯丙申戊戌,丙,LIGHT,REN-CAIGUAN|XIEQI-TAIZHONG|LIGHT-ROOT|ROOT-STRUCK|ROOT-GAN-PRIORITY|SHI-GUI-LU|ZHONGGUA-2SIDE|JIRUO-WUGEN|JISHUAI-CONGSHENG|GE-QUALITY|SHI-ZHU-JI|YONGSHEN-STRUCTURE|YONGSHEN-FINAL|ZHONG-HE,徐乐吾曰：黄郛命，光绪六年正月廿八日戌时。丙申日、戊戌时，夹丁酉，名连珠夹贵。丙临申位，戊己泄气太重，以卯印为用，行印运贵为总揆，冀察政委主席，凡丙火日干，见戊己出干，多不贵而富，即炎上格亦不能外此例，独有丙申丙子日，见戊戌时，以夹拱取贵。赋云：丙临子申，戊当头而贵拟王侯是也。,[]
穷通宝鉴,穷通宝鉴-0216,丁亥癸卯丙戌壬辰,丙,LIGHT,REN-CAIGUAN|SHISHI-BURUO|LIGHT-ROOT|BIJIE-PARTY|ROOT-STRUCK|ROOT-GAN-PRIORITY|HE-HUASHEN-DESHI|ZHONGGUA-2SIDE|JIRUO-WUGEN|SHIYONG-YUELING-XIANGFU|GE-QUALITY|SHI-ZHU-JI|YONGSHEN-STRUCTURE|YONGSHEN-FINAL|ZHONG-HE,徐乐吾曰：朱庶祺命，光绪十三年二月廿八日辰时。壬水出干，亥卯会局，专用煞印，一旬三位，至浙江实业厅长。,[]
穷通宝鉴,穷通宝鉴-0217,己丑丁卯丙申癸巳,丙,HEAVY,REN-CAIGUAN|SHISHI-BURUO|XIEQI-TAIZHONG|HEAVY-ROOT|BIJIE-PARTY|ROOT-STRUCK|ROOT-GAN-PRIORITY|SHI-GUI-LU|ZHONGGUA-2SIDE|JIRUO-WUGEN|JIWANG-HUAIJI|JISHUAI-CONGSHENG|GE-QING|GE-QUALITY|SHI-ZHU-JI|YONGSHEN-STRUCTURE|YONGSHEN-FINAL|ZHONG-HE,徐乐吾曰：李钦命，光绪十五年二月廿日巳时。申宫庚财生水，时上癸水透干，财官为用，位至湖北财政厅长。三春丙火总论三春丙火，秉象至威，阳回大地，侮雪欺霜，专用壬水，为水辅阳光，非克丙也，名曰天和地润，既济功成。或土多，为土众成慈，非泄丙乃假丙也。正月专用壬水，佐以庚金，二月专用壬水，三月土重晦光，用壬水取甲佐之为妙。徐乐吾曰：承上总论，三春丙火，阳回大地，与木气同时而至，母旺子相，势力并行。丙为太阳之,[]
穷通宝鉴,穷通宝鉴-0218,丙戌壬辰丙申丙申,丙,LIGHT,REN-CAIGUAN|SHISHI-BURUO|LIGHT-ROOT|BIJIE-PARTY|ROOT-STRUCK|ROOT-GAN-PRIORITY|ZHONGGUA-2SIDE|JIRUO-WUGEN|SHIYONG-YUELING-XIANGFU|GE-QUALITY|SHI-ZHU-JI|YONGSHEN-STRUCTURE|YONGSHEN-FINAL|ZHONG-HE,壬透无甲，支聚辰戌土局，如用申中庚金泄土生壬，为财来党煞克身，非徒无益，反有害矣。非甲不能化壬生丙，用甲为辅，忌庚出制甲，有病无药，一介寒儒；无甲困苦一生。可见庚助壬者，必为丙旺壬弱，方可取财滋煞为用。或土众壬弱，无甲疏木，不得已用庚泄土生壬，以庚为佐，但为不得已用法，身弱总非上格。壬透甲藏，富大贵小；有甲无壬，劳碌浊富；壬藏无甲，一介寒儒；壬甲两无，愚贱之辈。徐乐吾曰：三月取用，不离壬甲。透谓透,"['身旺', '身弱']"
穷通宝鉴,穷通宝鉴-0219,癸丑丙辰丙午壬辰,丙,HEAVY,REN-CAIGUAN|SHISHI-BURUO|HEAVY-ROOT|BIJIE-PARTY|ROOT-STRUCK|ROOT-GAN-PRIORITY|ZHONGGUA-2SIDE|JIRUO-WUGEN|JIWANG-HUAIJI|SHIYONG-YUELING-XIANGFU|GE-QUALITY|SHI-ZHU-JI|YONGSHEN-STRUCTURE|YONGSHEN-FINAL|ZHONG-HE,壬出天干，太守。徐乐吾曰：壬透无甲，而辰午夹巳禄，日坐阳刃，身旺，假煞为权，以壬取贵。,['身旺']
穷通宝鉴,穷通宝鉴-0220,辛卯壬辰丙戌癸巳,丙,HEAVY,REN-CAIGUAN|HEAVY-ROOT|ROOT-STRUCK|ROOT-GAN-PRIORITY|SHI-GUI-LU|ZHONGGUA-2SIDE|RI-BEI-HE|JIRUO-WUGEN|JIWANG-HUAIJI|SHIYONG-YUELING-XIANGFU|GE-QUALITY|SHI-ZHU-JI|YONGSHEN-STRUCTURE|YONGSHEN-FINAL|ZHONG-HE,明经。徐乐吾曰：壬透无甲，而时归巳禄，取辛金佐壬为用，惟嫌官煞混杂耳。此两造皆壬透而无甲，日元虽旺，仍当以辰中乙木余气化煞为用也。,[]
穷通宝鉴,穷通宝鉴-0221,庚申庚辰丙午戊戌,丙,HEAVY,REN-CAIGUAN|XIEQI-TAIZHONG|HEAVY-ROOT|ROOT-STRUCK|ROOT-GAN-PRIORITY|SHI-GUI-LU|ZHONGGUA-2SIDE|JIRUO-WUGEN|JIWANG-HUAIJI|JISHUAI-CONGSHENG|SHIYONG-YUELING-XIANGFU|GE-QUALITY|SHI-ZHU-JI|YONGSHEN-STRUCTURE|YONGSHEN-FINAL|ZHONG-HE,徐乐吾曰：郑孝胥命，咸丰十年闰三月十二日戌时。丙临午刃，壬戌会局，申宫藏壬，用庚泄戊生壬，此造是也。,[]
穷通宝鉴,穷通宝鉴-0222,丁卯甲辰丙子丙申,丙,NONE,SHISHI-BURUO|YIN-PARTY|ZHONGGUA-2SIDE|WUGEN-YOUFU|SHIYONG-YUELING-XIANGFU|GE-QUALITY|YUN-SHENG-ROOT|SHI-ZHU-JI|YONGSHEN-STRUCTURE|YONGSHEN-FINAL|ZHONG-HE,徐乐吾曰：孙宝琦命，同治六年三月廿二日申时。申子辰水局，火居上，水居下，如日晒中天，水底有光，名为照象，得力於甲木出干，通水火之情，故大贵至总揆。,[]
穷通宝鉴,穷通宝鉴-0223,丁卯甲辰丙子戊戌,丙,LIGHT,REN-CAIGUAN|SHISHI-BURUO|XIEQI-TAIZHONG|LIGHT-ROOT|YIN-PARTY|BIJIE-PARTY|ROOT-STRUCK|ROOT-GAN-PRIORITY|SHI-GUI-LU|ZHONGGUA-2SIDE|JIRUO-WUGEN|JISHUAI-CONGSHENG|SHIYONG-YUELING-XIANGFU|GE-QUALITY|SHI-ZHU-JI|YONGSHEN-STRUCTURE|YONGSHEN-FINAL|ZHONG-HE,徐乐吾曰：董康命，同治六年三月廿二日戌时。子戌夹亥贵，子辰会局而无壬水，戊戌土重，亦用甲木制土以护官星，位至司法总长。,[]
穷通宝鉴,穷通宝鉴-0224,己巳戊辰丙申甲午,丙,HEAVY,REN-CAIGUAN|SHISHI-BURUO|XIEQI-TAIZHONG|HEAVY-ROOT|YIN-PARTY|ROOT-STRUCK|ROOT-GAN-PRIORITY|HE-HUASHEN-DESHI|SHI-GUI-LU|ZHONGGUA-2SIDE|JIRUO-WUGEN|JIWANG-HUAIJI|JISHUAI-CONGSHENG|GE-QING|GE-QUALITY|YONGSHEN-STRUCTURE|YONGSHEN-FINAL|ZHONG-HE,徐乐吾曰：梁士诒命，同治八年三月廿四日午时。年时禄刃，土重晦火，甲木制之，申宫壬水长生，庚金生之，地支辰巳午申夹未，甲戊得贵，辰巳邀酉为丙贵，申为己土之贵，甲拥护日元，故贵为总揆，有财神之号。,[]
穷通宝鉴,穷通宝鉴-0225,癸未丙辰丙午戊子,丙,HEAVY,REN-CAIGUAN|SHISHI-BURUO|XIEQI-TAIZHONG|BIJIE-PARTY|ROOT-STRUCK|ROOT-GAN-PRIORITY|ZHONGGUA-2SIDE|JIRUO-WUGEN|JIWANG-HUAIJI|JISHUAI-CONGSHENG|SHIYONG-YUELING-XIANGFU|GE-QUALITY|CAI-RUO-SHEN-QIANG|SHI-ZHU-JI|YONGSHEN-STRUCTURE|YONGSHEN-FINAL|ZHONG-HE,徐乐吾曰：郭松龄命，光绪九年三月廿六日子时。日坐阳刃，地支辰午未夹巳禄，逢子冲午，夹禄不住，暗伏杀身之机。戊土合去癸水官星为病，运行甲寅、癸丑，扶摇直上，总领师干，壬运甲子年，两子冲午，在壬运中，子之力强，倒戈被戮。,[]
穷通宝鉴,穷通宝鉴-0226,戊子丙辰丙辰戊子,丙,NONE,XIEQI-TAIZHONG|ZHONGGUA-2SIDE|WUGEN-YOUFU|JISHUAI-CONGSHENG|SHIYONG-YUELING-XIANGFU|GE-QUALITY|YUN-SHENG-ROOT|SHI-ZHU-JI|YONGSHEN-STRUCTURE|YONGSHEN-FINAL,徐乐吾曰：刘鸿生命，光绪十四年三月初五日子时。子辰会局，名为照象，戊土出干而无甲木，富而不贵，为著名实业家。三春丙火总论三春丙火，秉象至威，阳回大地，侮雪欺霜，专用壬水，为水辅阳光，非克丙也，名曰天和地润，既济功成。或土多，为土众成慈，非泄丙乃假丙也。正月专用壬水，佐以庚金，二月专用壬水，三月土重晦光，用壬水取甲佐之为妙。徐乐吾曰：承上总论，三春丙火，阳回大地，与木气同时而至，母旺子相，势力并行。,[]
穷通宝鉴,穷通宝鉴-0227,丁巳乙巳丙子戊子,丙,HEAVY,REN-CAIGUAN|DESHI-BUWANG|XIEQI-TAIZHONG|HEAVY-ROOT|BIJIE-PARTY|ROOT-GAN-PRIORITY|ZHONGGUA-2SIDE|JIWANG-HUAIJI|GE-QING|GE-QUALITY|WANGJI-SIWO-SHENG|SHI-ZHU-JI|YONGSHEN-STRUCTURE|YONGSHEN-FINAL|ZHONG-HE,庚运乡魁。徐乐吾曰：此以子中癸水为用也。癸禄于子，虽无金为佐，亦不致涸。行运喜财生官，《独步》云：建禄生提月，财官喜透天，不宜身再旺，惟喜茂财源。惜原局无金，故贵不大。,[]
穷通宝鉴,穷通宝鉴-0228,乙未辛巳丙午甲午,丙,HEAVY,REN-CAIGUAN|DESHI-BUWANG|HEAVY-ROOT|YIN-PARTY|ROOT-STRUCK|ROOT-GAN-PRIORITY|SHI-GUI-LU|ZHONGGUA-2SIDE|RI-BEI-HE|JIRUO-WUGEN|JIWANG-HUAIJI|GE-QUALITY|YONGSHEN-STRUCTURE|YONGSHEN-FINAL|ZHONG-HE,炎上格火临巳午未之域，官至太尉。徐乐吾曰：此炎上格也，有木以生之，无土以塞之，火虚有焰，宜从其旺神，顺其气势以取用。见水，祸必不测。,[]
穷通宝鉴,穷通宝鉴-0229,庚子辛巳丙寅丙申,丙,HEAVY,REN-CAIGUAN|DESHI-BUWANG|HEAVY-ROOT|BIJIE-PARTY|ROOT-STRUCK|ROOT-GAN-PRIORITY|ZHONGGUA-2SIDE|RI-BEI-HE|JIRUO-WUGEN|JIWANG-HUAIJI|SHIYONG-YUELING-XIANGFU|GE-QUALITY|SHI-ZHU-JI|YONGSHEN-STRUCTURE|YONGSHEN-FINAL|ZHONG-HE,申宫壬水，解丙火之炎，申运会元。徐乐吾曰：用申宫壬水，长生之水也。,[]
穷通宝鉴,穷通宝鉴-0230,庚辰辛巳丙申壬辰,丙,HEAVY,REN-CAIGUAN|DESHI-BUWANG|HEAVY-ROOT|ROOT-STRUCK|ROOT-GAN-PRIORITY|ZHONGGUA-2SIDE|RI-BEI-HE|JIRUO-WUGEN|JIWANG-HUAIJI|SHIYONG-YUELING-XIANGFU|GE-QUALITY|SHI-ZHU-JI|YONGSHEN-STRUCTURE|YONGSHEN-FINAL|ZHONG-HE,章金命，壬子状元。徐乐吾曰：专用壬水，庚辛为佐。,[]
穷通宝鉴,穷通宝鉴-0231,丁卯乙巳丙寅丙申,丙,HEAVY,REN-CAIGUAN|HEAVY-ROOT|YIN-PARTY|BIJIE-PARTY|ROOT-STRUCK|ROOT-GAN-PRIORITY|WANGCHONG-SHUAI|ZHONGGUA-2SIDE|JIRUO-WUGEN|JIWANG-HUAIJI|SHIYONG-YUELING-XIANGFU|GE-QUALITY|SHI-ZHU-JI|YONGSHEN-STRUCTURE|YONGSHEN-FINAL|ZHONG-HE,女命，取申中壬水为用，一品夫人。徐乐吾曰：用申宫壬水，男女一理。,[]
穷通宝鉴,穷通宝鉴-0232,癸酉丁巳丙戌甲午,丙,HEAVY,REN-CAIGUAN|HEAVY-ROOT|BIJIE-PARTY|ROOT-STRUCK|ROOT-GAN-PRIORITY|SHI-GUI-LU|ZHONGGUA-2SIDE|JIRUO-WUGEN|JIWANG-HUAIJI|GE-QUALITY|YONGSHEN-STRUCTURE|YONGSHEN-FINAL|ZHONG-HE,徐乐吾曰：孙烈臣命，同治十二年五月初九日午时。用癸水，巳酉会局生之，四十后行金水运，总领师干。,[]
穷通宝鉴,穷通宝鉴-0233,癸巳丁巳丙辰癸巳,丙,HEAVY,REN-CAIGUAN|DESHI-BUWANG|HEAVY-ROOT|BIJIE-PARTY|ROOT-GAN-PRIORITY|SHI-GUI-LU|ZHONGGUA-2SIDE|JIWANG-HUAIJI|SHIYONG-YUELING-XIANGFU|GE-QING|GE-QUALITY|SHI-ZHU-JI|YONGSHEN-STRUCTURE|YONGSHEN-FINAL|ZHONG-HE,徐乐吾曰：熊式辉命，光绪十九年四月初四日巳时。无壬水用癸，两癸出干，通根辰库，运辅北方，贵居方面。,[]
穷通宝鉴,穷通宝鉴-0234,甲午己巳丙寅己亥,丙,HEAVY,REN-CAIGUAN|DESHI-BUWANG|XIEQI-TAIZHONG|HEAVY-ROOT|YIN-PARTY|ROOT-STRUCK|ROOT-GAN-PRIORITY|WANGCHONG-SHUAI|ZHONGGUA-2SIDE|JIRUO-WUGEN|JIWANG-HUAIJI|GE-QUALITY|WANGJI-SIWO-SHENG|SHI-ZHU-JI|YONGSHEN-STRUCTURE|YONGSHEN-FINAL|ZHONG-HE,徐乐吾曰：都命，光绪廿年四月廿日亥时。专取亥宫一点壬水，与午宫阳刃相制成格，贵必就武，胎元壬申，壬水通源，庚禄相生，行壬申、癸酉，财煞相生之运，为师旅之长。三夏丙火总论三夏丙火，阳威性烈，专用壬水。亥宫壬水无力，回克泄气故也，宜用申宫长生之水，方云富贵。徐乐吾曰：三夏丙火，必须壬水解炎，亥为壬水禄地，四柱见亥，壬水通根禄旺，宜可用矣。然生于四月，巳亥相冲，巳中戊土，回克壬水。生于五月，午中丁己，与,['身旺']
穷通宝鉴,穷通宝鉴-0235,庚寅壬午丙戌己亥,丙,HEAVY,REN-CAIGUAN|DESHI-BUWANG|XIEQI-TAIZHONG|HEAVY-ROOT|ROOT-STRUCK|ROOT-GAN-PRIORITY|ZHONGGUA-2SIDE|JIRUO-WUGEN|JIWANG-HUAIJI|GE-QING|GE-QUALITY|WANGJI-SIWO-SHENG|SHI-ZHU-JI|YONGSHEN-STRUCTURE|YONGSHEN-FINAL|ZHONG-HE,此命水土破格，难作炎上，取壬水、庚金，亦主贵。徐乐吾曰：此庚壬并透也，壬水为用，庚金为佐。,[]
穷通宝鉴,穷通宝鉴-0236,戊申戊午丙辰甲午,丙,HEAVY,REN-CAIGUAN|DESHI-BUWANG|XIEQI-TAIZHONG|HEAVY-ROOT|YIN-PARTY|ROOT-STRUCK|ROOT-GAN-PRIORITY|SHI-GUI-LU|ZHONGGUA-2SIDE|JIRUO-WUGEN|JIWANG-HUAIJI|SHIYONG-YUELING-XIANGFU|GE-QUALITY|WANGJI-SIWO-SHENG|YONGSHEN-STRUCTURE|YONGSHEN-FINAL|ZHONG-HE,火土混杂，取甲木制土，用壬制火。一榜，位至府尹。徐乐吾曰：丙火坐辰，土厚而不燥，甲木方能制土。甲木制土，而以申宫壬水为用，戊土太重，壬水不能透出为缺憾，然申辰遥合，虽不能成水局，引水之气而近之，得力非浅也。否则，火旺木焚，木化成灰，无能为力。,[]
穷通宝鉴,穷通宝鉴-0237,戊戌戊午丙午己丑,丙,HEAVY,REN-CAIGUAN|DESHI-BUWANG|XIEQI-TAIZHONG|HEAVY-ROOT|ROOT-STRUCK|ROOT-GAN-PRIORITY|ZHONGGUA-2SIDE|JIRUO-WUGEN|JIWANG-HUAIJI|SHIYONG-YUELING-XIANGFU|GE-QUALITY|WANGJI-SIWO-SHENG|SHI-ZHU-JI|YONGSHEN-STRUCTURE|YONGSHEN-FINAL|ZHONG-HE,土晦无光，奴仆。徐乐吾曰：火炎土燥，偏枯之局也，不作炎上论。加以运行西北，大势向下，其人必极迂拙。,[]
穷通宝鉴,穷通宝鉴-0238,丁卯丙午丙子壬辰,丙,HEAVY,REN-CAIGUAN|DESHI-BUWANG|HEAVY-ROOT|BIJIE-PARTY|ROOT-STRUCK|ROOT-GAN-PRIORITY|WANGCHONG-SHUAI|ZHONGGUA-2SIDE|JIRUO-WUGEN|JIWANG-HUAIJI|GE-QUALITY|CAI-RUO-SHEN-QIANG|SHI-ZHU-JI|YONGSHEN-STRUCTURE|YONGSHEN-FINAL|ZHONG-HE,徐乐吾曰：龙济光命，同治六年五月廿四日辰时。丁壬遥合，正是阳刃合煞，威权万里。子辰会局，解冲刃之凶，喜得年支卯木，运行北方煞地，建衙开府，贵为两广巡阅使。,[]
穷通宝鉴,穷通宝鉴-0239,辛未甲午丙申戊戌,丙,HEAVY,REN-CAIGUAN|DESHI-BUWANG|XIEQI-TAIZHONG|HEAVY-ROOT|YIN-PARTY|ROOT-STRUCK|ROOT-GAN-PRIORITY|SHI-GUI-LU|ZHONGGUA-2SIDE|RI-BEI-HE|JIRUO-WUGEN|JIWANG-HUAIJI|SHIYONG-YUELING-XIANGFU|GE-QING|GE-QUALITY|WANGJI-SIWO-SHENG|SHI-ZHU-JI|YONGSHEN-STRUCTURE|YONGSHEN-FINAL|ZHONG-HE,徐乐吾曰：姚文敷命，同治十年五月初七日戌时。炎上变格，天干甲丙戊，寅宫之用全彰，申对冲寅，午戌拱寅，地支暗聚寅午戌火局，运行东方，云梯直上，位至两桂运使。月日夹乙未，甲戊得贵，日时夹丁酉，丙火得贵，一旬三位，夹拱联珠。所惜申宫壬水，有破格之嫌，位仅至运使。然申午为煞刃，贵兼兵柄，格之复杂，洵奇观也。运至卯寅，而贵臻极品，至戊己而富有钜万，至子运一败涂地而殁。,[]
穷通宝鉴,穷通宝鉴-0240,乙亥壬午丙午庚寅,丙,HEAVY,REN-CAIGUAN|DESHI-BUWANG|HEAVY-ROOT|YIN-PARTY|ROOT-STRUCK|ROOT-GAN-PRIORITY|SHI-GUI-LU|ZHONGGUA-2SIDE|JIRUO-WUGEN|JIWANG-HUAIJI|GE-QUALITY|CAI-RUO-SHEN-QIANG|YONGSHEN-STRUCTURE|YONGSHEN-FINAL|ZHONG-HE,徐乐吾曰：孙发绪命，光绪元年五月初十日寅时。专用壬水，庚金为佐，大贵位至省长。,[]
穷通宝鉴,穷通宝鉴-0241,乙亥壬午丙午乙未,丙,HEAVY,REN-CAIGUAN|DESHI-BUWANG|HEAVY-ROOT|YIN-PARTY|ROOT-STRUCK|ROOT-GAN-PRIORITY|SHI-GUI-LU|ZHONGGUA-2SIDE|JIRUO-WUGEN|JIWANG-HUAIJI|SHIYONG-YUELING-XIANGFU|GE-QUALITY|CAI-RUO-SHEN-QIANG|YONGSHEN-STRUCTURE|YONGSHEN-FINAL|ZHONG-HE,徐乐吾曰：夏剑丞命，光绪元年五月初十日未时。专用壬水，惜无庚金佐之，地支无申，亥宫虽壬水得禄，甲木泄气，见上总论，科甲出身，位至提学使。,[]
穷通宝鉴,穷通宝鉴-0242,丙子甲午丙午庚寅,丙,HEAVY,REN-CAIGUAN|HEAVY-ROOT|YIN-PARTY|BIJIE-PARTY|ROOT-STRUCK|ROOT-GAN-PRIORITY|WANGCHONG-SHUAI|SHI-GUI-LU|ZHONGGUA-2SIDE|JIRUO-WUGEN|JIWANG-HUAIJI|GE-QUALITY|CAI-RUO-SHEN-QIANG|YONGSHEN-STRUCTURE|YONGSHEN-FINAL|ZHONG-HE,徐乐吾曰：张国淦命，光绪二年五月十六日寅时。庚癸遥隔，子水为旺火所冲，然有庚相生，姑用癸水，特不能再行子运，位至总长。,[]
穷通宝鉴,穷通宝鉴-0243,己丑庚午丙辰壬辰,丙,HEAVY,REN-CAIGUAN|DESHI-BUWANG|XIEQI-TAIZHONG|HEAVY-ROOT|ROOT-STRUCK|ROOT-GAN-PRIORITY|ZHONGGUA-2SIDE|JIRUO-WUGEN|JIWANG-HUAIJI|GE-QUALITY|WANGJI-SIWO-SHENG|SHI-ZHU-JI|YONGSHEN-STRUCTURE|YONGSHEN-FINAL|ZHONG-HE,徐乐吾曰：袁祖铭命，光绪十五年五月十一日辰时。庚壬两透，贵为贵州督军。三夏丙火总论三夏丙火，阳威性烈，专用壬水。亥宫壬水无力，回克泄气故也，宜用申宫长生之水，方云富贵。徐乐吾曰：三夏丙火，必须壬水解炎，亥为壬水禄地，四柱见亥，壬水通根禄旺，宜可用矣。然生于四月，巳亥相冲，巳中戊土，回克壬水。生于五月，午中丁己，与亥中壬甲相合，羁绊用神。生于六月，亥未会戊木局，泄水之气，故不如用申宫长生之水。申中庚,['身旺']
穷通宝鉴,穷通宝鉴-0244,壬寅丁未丙寅壬辰,丙,HEAVY,REN-CAIGUAN|SHISHI-BURUO|HEAVY-ROOT|BIJIE-PARTY|ROOT-GAN-PRIORITY|ZHONGGUA-2SIDE|JIRUO-WUGEN|JIWANG-HUAIJI|SHIYONG-YUELING-XIANGFU|GE-QING|GE-QUALITY|CAI-RUO-SHEN-QIANG|SHI-ZHU-JI|YONGSHEN-STRUCTURE|YONGSHEN-FINAL|ZHONG-HE,一丁见柱，二壬出干，位至阁老。徐乐吾曰：丁壬合去一煞，专用时上独煞，通根申宫，财藏煞露，源远流长，富贵宜矣，此明代夏言命造也。,[]
穷通宝鉴,穷通宝鉴-0245,戊午己未丙午己亥,丙,HEAVY,REN-CAIGUAN|XIEQI-TAIZHONG|ROOT-STRUCK|ROOT-GAN-PRIORITY|ZHONGGUA-2SIDE|JIRUO-WUGEN|JIWANG-HUAIJI|JISHUAI-CONGSHENG|GE-QUALITY|CAI-RUO-SHEN-QIANG|SHI-ZHU-JI|YONGSHEN-STRUCTURE|YONGSHEN-FINAL|ZHONG-HE,名火土用印格，土泄火神，亥有壬甲，早岁贫苦，行北运，家富千金，死于寅运。徐乐吾曰：火土伤官，泄气太重，故不取贵，土燥火炎，喜得亥宫壬滋甲木制土，生扶丙火，虽云用印，须煞印相生也。至寅运，亥寅合，水之气泄于木，破了伤官，损寿元矣。参阅五月丙火节。,[]
穷通宝鉴,穷通宝鉴-0246,壬寅丁未丙申戊戌,丙,HEAVY,REN-CAIGUAN|SHISHI-BURUO|XIEQI-TAIZHONG|HEAVY-ROOT|BIJIE-PARTY|ROOT-STRUCK|ROOT-GAN-PRIORITY|SHI-GUI-LU|ZHONGGUA-2SIDE|JIRUO-WUGEN|JIWANG-HUAIJI|JISHUAI-CONGSHENG|SHIYONG-YUELING-XIANGFU|GE-QUALITY|SHI-ZHU-JI|YONGSHEN-STRUCTURE|YONGSHEN-FINAL|ZHONG-HE,土重身轻，为乞丐而死。徐乐吾曰：此亦火土伤官，泄气太重，无木制土，申宫壬水，反为土所塞，不能透出，故无可用也。,[]
穷通宝鉴,穷通宝鉴-0247,己巳辛未丙午癸巳,丙,HEAVY,REN-CAIGUAN|XIEQI-TAIZHONG|ROOT-GAN-PRIORITY|SHI-GUI-LU|ZHONGGUA-2SIDE|RI-BEI-HE|JIRUO-WUGEN|JIWANG-HUAIJI|JISHUAI-CONGSHENG|GE-QING|GE-QUALITY|SHI-ZHU-JI|YONGSHEN-STRUCTURE|YONGSHEN-FINAL|ZHONG-HE,不见壬水，支成火局，又逢辛合，不作炎上论，好吃奴贱。徐乐吾曰：此造熬干癸水，正恐残疾，癸水易涸，若壬水即不易涸矣。,[]
穷通宝鉴,穷通宝鉴-0248,甲辰辛未丙戌甲午,丙,HEAVY,REN-CAIGUAN|SHISHI-BURUO|YIN-PARTY|ROOT-STRUCK|ROOT-GAN-PRIORITY|SHI-GUI-LU|ZHONGGUA-2SIDE|RI-BEI-HE|JIRUO-WUGEN|JIWANG-HUAIJI|SHIYONG-YUELING-XIANGFU|GE-QUALITY|YONGSHEN-STRUCTURE|YONGSHEN-FINAL|ZHONG-HE,徐乐吾曰：纪文达公（晓岚）命，雍正二年六月十五日午时。火土伤官生财格，原命印旺，火土木皆为月令之神，体用同宫，金为将进之气，运行西北，官至协办大学士，卒谥文达。,[]
穷通宝鉴,穷通宝鉴-0249,甲戌辛未丙寅乙未,丙,HEAVY,REN-CAIGUAN|SHISHI-BURUO|HEAVY-ROOT|YIN-PARTY|ROOT-STRUCK|ROOT-GAN-PRIORITY|SHI-GUI-LU|ZHONGGUA-2SIDE|RI-BEI-HE|JIRUO-WUGEN|JIWANG-HUAIJI|SHIYONG-YUELING-XIANGFU|GE-QING|GE-QUALITY|YONGSHEN-STRUCTURE|YONGSHEN-FINAL|ZHONG-HE,徐乐吾曰：福康安命，乾隆十九年六月十八日未时。生于立秋前三日，金水进气，原命火土伤官，印绶太旺，初行癸酉运丁亥年，十四岁授侍卫，逊清名臣早达，莫逾于此，累擢进封郡王，交丙运丙辰年卒，年四十三。,[]
穷通宝鉴,穷通宝鉴-0250,壬申丁未丙午丁酉,丙,HEAVY,REN-CAIGUAN|SHISHI-BURUO|BIJIE-PARTY|ROOT-GAN-PRIORITY|ZHONGGUA-2SIDE|JIRUO-WUGEN|JIWANG-HUAIJI|GE-QING|GE-QUALITY|SHI-ZHU-JI|YONGSHEN-STRUCTURE|YONGSHEN-FINAL|ZHONG-HE,徐乐吾曰：胡文忠公林翼命，嘉庆十七年六月初五日酉时。丙午日坐阳刃，透丁，申宫得禄之金，生起壬水，煞刃相合，正所谓阳刃合煞，威耀万里也，位至江西巡抚，至亥壬运，煞旺复行煞地，建业立功处，死于刀刃之下，殉职洪杨之难。,[]
穷通宝鉴,穷通宝鉴-0251,丁丑丁未丙子己丑,丙,LIGHT,REN-CAIGUAN|SHISHI-BURUO|XIEQI-TAIZHONG|LIGHT-ROOT|BIJIE-PARTY|ROOT-STRUCK|ROOT-GAN-PRIORITY|ZHONGGUA-2SIDE|JIRUO-WUGEN|JISHUAI-CONGSHENG|SHIYONG-YUELING-XIANGFU|GE-QUALITY|SHI-ZHU-JI|YONGSHEN-STRUCTURE|YONGSHEN-FINAL|ZHONG-HE,徐乐吾曰：毛昶熙命，嘉庆廿二年六月初四日丑时。火土伤官，翰林出身，官至大学士。,[]
穷通宝鉴,穷通宝鉴-0252,丁丑丁未丙午己丑,丙,HEAVY,REN-CAIGUAN|SHISHI-BURUO|XIEQI-TAIZHONG|BIJIE-PARTY|ROOT-STRUCK|ROOT-GAN-PRIORITY|ZHONGGUA-2SIDE|JIRUO-WUGEN|JIWANG-HUAIJI|JISHUAI-CONGSHENG|SHIYONG-YUELING-XIANGFU|GE-QUALITY|SHI-ZHU-JI|YONGSHEN-STRUCTURE|YONGSHEN-FINAL|ZHONG-HE,徐乐吾曰：蒋孟萍命，光绪三年六月廿二日丑时。无壬，专用己土，富而不贵。三夏丙火总论三夏丙火，阳威性烈，专用壬水。亥宫壬水无力，回克泄气故也，宜用申宫长生之水，方云富贵。徐乐吾曰：三夏丙火，必须壬水解炎，亥为壬水禄地，四柱见亥，壬水通根禄旺，宜可用矣。然生于四月，巳亥相冲，巳中戊土，回克壬水。生于五月，午中丁己，与亥中壬甲相合，羁绊用神。生于六月，亥未会戊木局，泄水之气，故不如用申宫长生之水。申中庚,['身旺']
穷通宝鉴,穷通宝鉴-0253,壬戌戊申丙申壬辰,丙,LIGHT,REN-CAIGUAN|XIEQI-TAIZHONG|LIGHT-ROOT|ROOT-STRUCK|ROOT-GAN-PRIORITY|ZHONGGUA-2SIDE|JIRUO-WUGEN|JISHUAI-CONGSHENG|SHIYONG-YUELING-XIANGFU|GE-QUALITY|SHI-ZHU-JI|YONGSHEN-STRUCTURE|YONGSHEN-FINAL|ZHONG-HE,二壬出干，有戊出制，太史徐乐吾曰：此造优待考量，虽云七煞有制，而丙临申位，生于申月，身弱极矣，能否用戊，为一问题。行运一派金水，恐是从煞格。戊戌之土，虽逆气势，而中有金，土金水三象顺序，无碍于从，见《子平四言集腋》。,"['身弱', '弱极']"
穷通宝鉴,穷通宝鉴-0254,乙未甲申丙申庚寅,丙,HEAVY,REN-CAIGUAN|SHISHI-BURUO|HEAVY-ROOT|YIN-PARTY|ROOT-STRUCK|ROOT-GAN-PRIORITY|WANGCHONG-SHUAI|HE-HUASHEN-DESHI|SHI-GUI-LU|ZHONGGUA-2SIDE|JIRUO-WUGEN|SHIYONG-YUELING-XIANGFU|GE-QUALITY|YONGSHEN-STRUCTURE|YONGSHEN-FINAL|ZHONG-HE,财资七煞格，参政。徐乐吾曰：此为七月丙火之正格，虽两申冲寅，两干透甲乙，有印相生，日元不弱，以财生煞为用。,[]
穷通宝鉴,穷通宝鉴-0255,丙申丙申丙午丙申,丙,HEAVY,REN-CAIGUAN|SHISHI-BURUO|HEAVY-ROOT|BIJIE-PARTY|ROOT-GAN-PRIORITY|ZHONGGUA-2SIDE|SHIYONG-YUELING-XIANGFU|GE-QING|GE-QUALITY|SHI-ZHU-JI|YONGSHEN-STRUCTURE|YONGSHEN-FINAL|ZHONG-HE,徐乐吾曰：刘铭传命，道光十六年七月廿五日申时。煞刃格，入元有气，用财生煞，位至总督。,[]
穷通宝鉴,穷通宝鉴-0256,庚戌甲申丙申癸巳,丙,HEAVY,REN-CAIGUAN|HEAVY-ROOT|ROOT-STRUCK|ROOT-GAN-PRIORITY|SHI-GUI-LU|ZHONGGUA-2SIDE|JIRUO-WUGEN|SHIYONG-YUELING-XIANGFU|GE-QING|GE-QUALITY|SHI-ZHU-JI|YONGSHEN-STRUCTURE|YONGSHEN-FINAL|ZHONG-HE,徐乐吾曰：陆宝忠命，道光三十年七月初六日巳时。财官印并透，专取煞印相生。丁运，丁丑年授职编修，是年丁艰，戊运，辛卯年值南书房，子运，丁酉年在浙江学政任丁内艰。卒谥文慎。,[]
穷通宝鉴,穷通宝鉴-0257,戊寅庚申丙寅庚寅,丙,HEAVY,REN-CAIGUAN|XIEQI-TAIZHONG|HEAVY-ROOT|ROOT-STRUCK|ROOT-GAN-PRIORITY|WANGCHONG-SHUAI|SHI-GUI-LU|ZHONGGUA-2SIDE|JIRUO-WUGEN|JISHUAI-CONGSHENG|SHIYONG-YUELING-XIANGFU|GE-QUALITY|YONGSHEN-STRUCTURE|YONGSHEN-FINAL|ZHONG-HE,徐乐吾曰：金润泉命，光绪四年七月十八日寅时。用食神生财，富格。,[]
穷通宝鉴,穷通宝鉴-0258,乙酉甲申丙辰戊戌,丙,LIGHT,REN-CAIGUAN|SHISHI-BURUO|XIEQI-TAIZHONG|LIGHT-ROOT|YIN-PARTY|ROOT-STRUCK|ROOT-GAN-PRIORITY|SHI-GUI-LU|ZHONGGUA-2SIDE|JIRUO-WUGEN|JISHUAI-CONGSHENG|SHIYONG-YUELING-XIANGFU|GE-QUALITY|SHI-ZHU-JI|YONGSHEN-STRUCTURE|YONGSHEN-FINAL|ZHONG-HE,徐乐吾曰：奉军参谋长杨宇霆命，光绪十一年七月廿日戌时。甲木出干破戊，用申中壬水，财滋弱煞，辰运戊辰年，死於非命，或云庚寅时。,[]
穷通宝鉴,穷通宝鉴-0259,乙酉甲申丙辰甲午,丙,HEAVY,REN-CAIGUAN|SHISHI-BURUO|HEAVY-ROOT|YIN-PARTY|ROOT-GAN-PRIORITY|SHI-GUI-LU|ZHONGGUA-2SIDE|GE-QING|GE-QUALITY|YONGSHEN-STRUCTURE|YONGSHEN-FINAL|ZHONG-HE,徐乐吾曰：钱新之命，光绪十一年七月廿日午时。此造疑是癸巳时，巳申相合，戊土制煞，专用庚金，身旺任财，位至银行经理，若甲午时，必用壬煞，加以夹禄夹印贵，当握政权，不止金融领袖也。白话译文七月（申月）的丙火，如同太阳过午转向西沉，阳气已逐渐衰退。太阳贴近西山，遇到土星就会被遮蔽而晦暗。所幸日光仍能照耀湖海水面，暮色中依然辉映天际，因此七月丙火仍须借助壬水（癸水的兄长，代表大江大海）来映衬太阳光辉。若壬,['身旺']
穷通宝鉴,穷通宝鉴-0260,戊子辛酉丙申己丑,丙,NONE,CAIDUO-SHENRUAN|XIEQI-TAIZHONG|ZHONGGUA-2SIDE|RI-BEI-HE|JIRUO-WUGEN|JISHUAI-CONGSHENG|SHIYONG-YUELING-XIANGFU|GE-QING|GE-QUALITY|YUN-SHENG-ROOT|SHI-ZHU-JI|YONGSHEN-STRUCTURE|YONGSHEN-FINAL,是也。丙火无气，非原命印比帮助身旺，不能用财官。或见丁出干，助丙制辛，不能言从。酉宫为丙火死地，金神当旺，丁火长生，阳极阴生，非真生也，制辛无力，为进退失据之象，故男主奸诈，女主淫贱。或成金局，无辛出干，不作从财论，乃朱门饿孚。如支成金局，有辛出干，不见比劫，此从财格，反主富贵。或得贵人提拔，亲戚提拔，妻贤内助。用水者，金妻水子；从财者，土妻金子。徐乐吾曰：上言干透辛金，支无金局，不能从化；此言支,"['身旺', '身弱']"
穷通宝鉴,穷通宝鉴-0261,丙子丁酉丙午丁酉,丙,HEAVY,REN-CAIGUAN|SHISHI-BURUO|HEAVY-ROOT|BIJIE-PARTY|ROOT-STRUCK|ROOT-GAN-PRIORITY|ZHONGGUA-2SIDE|JIRUO-WUGEN|SHIYONG-YUELING-XIANGFU|GE-QUALITY|SHI-ZHU-JI|YONGSHEN-STRUCTURE|YONGSHEN-FINAL|ZHONG-HE,两间不杂，财资七煞格，出将入相，生子时，不贵。徐乐吾曰：八月酉金秉令，财资子水官星，以官制刃护财，官刃为用，出将入相，为富贵双全之造。八月丙火退气，所恃全在午火，如生子时，冲破午刃，不仅贵气消失，并恐不得善终。,[]
穷通宝鉴,穷通宝鉴-0262,丙寅丁酉丙辰丁酉,丙,HEAVY,REN-CAIGUAN|SHISHI-BURUO|HEAVY-ROOT|BIJIE-PARTY|ROOT-GAN-PRIORITY|ZHONGGUA-2SIDE|SHIYONG-YUELING-XIANGFU|GE-QUALITY|SHI-ZHU-JI|YONGSHEN-STRUCTURE|YONGSHEN-FINAL|ZHONG-HE,两间不杂，位至尚书。徐乐吾曰：此造专用财星，好在日元坐辰，冠带之地，丙火有气，食神通财刃之气，更喜年逢丙寅，丙火长生，日元有根也。加以两干不杂，格局清纯，富而兼贵。,[]
穷通宝鉴,穷通宝鉴-0263,己卯癸酉丙子戊子,丙,NONE,SHAZHONG-SHENQING|WANGCHONG-SHUAI|ZHONGGUA-2SIDE|WUGEN-YOUFU|JISHUAI-CONGSHENG|GE-QUALITY|YUN-SHENG-ROOT|SHI-ZHU-JI|YONGSHEN-STRUCTURE|YONGSHEN-FINAL,伤官生财格，参戎，但阴刑杀重，卯运阵亡。徐乐吾曰：癸水官星，为己土伤官所克，故用伤官生财，而不用财官也。但丙火全恃卯印相生，子午卯酉四冲，柱备子卯酉，而运逢午卯，皆有生命之危，原有卯酉冲，印绶被伤，再逢卯运，衰神冲旺，财星破印显然矣。,[]
穷通宝鉴,穷通宝鉴-0264,丁酉己酉丙申丁酉,丙,NONE,XIEQI-TAIZHONG|ZHONGGUA-2SIDE|WUGEN-YOUFU|JISHUAI-CONGSHENG|SHIYONG-YUELING-XIANGFU|GE-QUALITY|YUN-SHENG-ROOT|SHI-ZHU-JI|YONGSHEN-STRUCTURE|YONGSHEN-FINAL,财滋七煞，故专用壬水，惜二丁出干，财神不显，迂儒秀才，刑而且孤。徐乐吾曰：此造虽有两丁助丙，而丙临申位，丙不通根，财旺身弱无印生助，宜其刑而且孤，己土出干，晦丙浊壬，《滴天髓》云：清气还嫌官不起，故为迂儒也。,['身弱']
穷通宝鉴,穷通宝鉴-0265,丙申丁酉丙戌乙未,丙,LIGHT,REN-CAIGUAN|SHISHI-BURUO|LIGHT-ROOT|YIN-PARTY|BIJIE-PARTY|ROOT-STRUCK|ROOT-GAN-PRIORITY|SHI-GUI-LU|ZHONGGUA-2SIDE|JIRUO-WUGEN|GE-QUALITY|YONGSHEN-STRUCTURE|YONGSHEN-FINAL|ZHONG-HE,秀才、大富、无兄弟、五子徐乐吾曰：此造丙火坐戌，通根火库，更得乙未印绶生之，火旺用金，故大富。得力在时，故多子，昆季应合而无，殆因八月火临死地故耳。,[]
穷通宝鉴,穷通宝鉴-0266,丁丑己酉丙午己丑,丙,HEAVY,REN-CAIGUAN|SHISHI-BURUO|XIEQI-TAIZHONG|HEAVY-ROOT|BIJIE-PARTY|ROOT-STRUCK|ROOT-GAN-PRIORITY|ZHONGGUA-2SIDE|JIRUO-WUGEN|JISHUAI-CONGSHENG|SHIYONG-YUELING-XIANGFU|GE-QUALITY|SHI-ZHU-JI|YONGSHEN-STRUCTURE|YONGSHEN-FINAL|ZHONG-HE,徐乐吾曰：唐子培命，光绪三年八月廿四日丑时。火旺用金，更得己土生之，伤官生财，巨富之格。,[]
穷通宝鉴,穷通宝鉴-0267,己卯癸酉丙辰戊戌,丙,LIGHT,REN-CAIGUAN|XIEQI-TAIZHONG|LIGHT-ROOT|ROOT-STRUCK|ROOT-GAN-PRIORITY|WANGCHONG-SHUAI|SHI-GUI-LU|ZHONGGUA-2SIDE|JIRUO-WUGEN|JISHUAI-CONGSHENG|SHIYONG-YUELING-XIANGFU|GE-QUALITY|SHI-ZHU-JI|YONGSHEN-STRUCTURE|YONGSHEN-FINAL|ZHONG-HE,徐乐吾曰：汲金纯命，光绪五年八月十五日戌时。无壬，癸为戊己所困，用伤官生财，乃富而非贵，以卯辰酉戌，东西夹拱，官至军长。,[]
穷通宝鉴,穷通宝鉴-0268,辛巳丁酉丙寅己亥,丙,HEAVY,REN-CAIGUAN|SHISHI-BURUO|XIEQI-TAIZHONG|HEAVY-ROOT|BIJIE-PARTY|ROOT-STRUCK|ROOT-GAN-PRIORITY|ZHONGGUA-2SIDE|RI-BEI-HE|JIRUO-WUGEN|JISHUAI-CONGSHENG|GE-QUALITY|SHI-ZHU-JI|YONGSHEN-STRUCTURE|YONGSHEN-FINAL|ZHONG-HE,徐乐吾曰：王瑶卿命，光绪七年八月初七日亥时。身旺用财而见丁制辛，专用己土伤官，丙寅红艳桃花，伤官合起桃花，为一代名伶。白话译文八月的丙火，犹如日薄西山，阳气虽衰，余晖仍倒映于湖海之上——此时仍需壬水（大江大海，代表官杀之力）来承托映衬。日主身强时，用壬水相辅，是最佳格局，可主功名富贵；壬水藏于地支、未透天干，则力量稍薄，仍可有所成就；最怕戊土过多，将壬水困死，则纵有才华，也不过地方上的能人，难以大,"['身旺', '身弱', '身强']"
穷通宝鉴,穷通宝鉴-0269,戊戌己未丙戌乙未,丙,LIGHT,REN-CAIGUAN|SHISHI-BURUO|XIEQI-TAIZHONG|LIGHT-ROOT|YIN-PARTY|ROOT-STRUCK|ROOT-GAN-PRIORITY|SHI-GUI-LU|ZHONGGUA-2SIDE|JIRUO-WUGEN|JISHUAI-CONGSHENG|SHIYONG-YUELING-XIANGFU|GE-QING|GE-QUALITY|YONGSHEN-STRUCTURE|YONGSHEN-FINAL|ZHONG-HE,。丙火不旺而旱燥，乃离乡出世之命，柱无庚辛壬癸救济，终为贫夭也。或支成火局，炎上失时，若运入南方，一贫撤骨。徐乐吾曰：九月丙火入墓，炎上非其时，凡炎上格必须行东南运，合于炎上之性，则吉，见上五月节。运行西北，即得时成格，亦难发达，况失令乎！或己土出干，甲木不透，虽有比肩助身，难制当权之土，无用人也。徐乐吾曰：九月土燥而重，必须以水润甲木为用，无壬癸甲，虽丙火多见亦无益。用甲者，水妻木子，用壬者，金,[]
穷通宝鉴,穷通宝鉴-0270,己亥甲戌丙子戊子,丙,LIGHT,REN-CAIGUAN|SHISHI-BURUO|XIEQI-TAIZHONG|LIGHT-ROOT|YIN-PARTY|ROOT-GAN-PRIORITY|HE-HUASHEN-DESHI|ZHONGGUA-2SIDE|JIRUO-WUGEN|JISHUAI-CONGSHENG|GE-QING|GE-QUALITY|SHI-ZHU-JI|YONGSHEN-STRUCTURE|YONGSHEN-FINAL|ZHONG-HE,甲出天干，又逢生地，孝廉。徐乐吾曰：用印制伤存官为用。,[]
穷通宝鉴,穷通宝鉴-0271,丙申戊戌丙午戊戌,丙,HEAVY,REN-CAIGUAN|SHISHI-BURUO|XIEQI-TAIZHONG|HEAVY-ROOT|BIJIE-PARTY|ROOT-GAN-PRIORITY|SHI-GUI-LU|ZHONGGUA-2SIDE|JIWANG-HUAIJI|JISHUAI-CONGSHENG|SHIYONG-YUELING-XIANGFU|GE-QING|GE-QUALITY|SHI-ZHU-JI|YONGSHEN-STRUCTURE|YONGSHEN-FINAL|ZHONG-HE,两间不杂，支成火局，专用壬水，先贫后富。徐乐吾曰：日坐阳刃，午戌会局，戊土出干，用申中金水。年逢壬煞，煞刃相制，格局取贵 。惜戊土出干，柱无甲木，戊土晦丙制壬而生申中庚金，变为富格矣。,[]
穷通宝鉴,穷通宝鉴-0272,戊戌壬戌丙寅壬辰,丙,HEAVY,REN-CAIGUAN|XIEQI-TAIZHONG|HEAVY-ROOT|ROOT-STRUCK|ROOT-GAN-PRIORITY|ZHONGGUA-2SIDE|JIRUO-WUGEN|JIWANG-HUAIJI|JISHUAI-CONGSHENG|SHIYONG-YUELING-XIANGFU|GE-QUALITY|SHI-ZHU-JI|YONGSHEN-STRUCTURE|YONGSHEN-FINAL|ZHONG-HE,富大贵小，因甲藏壬透故也。徐乐吾曰：壬水出干，因甲藏壬透故也。,[]
穷通宝鉴,穷通宝鉴-0273,己酉甲戌丙寅庚寅,丙,HEAVY,REN-CAIGUAN|SHISHI-BURUO|XIEQI-TAIZHONG|HEAVY-ROOT|YIN-PARTY|ROOT-STRUCK|ROOT-GAN-PRIORITY|HE-HUASHEN-DESHI|SHI-GUI-LU|ZHONGGUA-2SIDE|JIRUO-WUGEN|JIWANG-HUAIJI|JISHUAI-CONGSHENG|SHIYONG-YUELING-XIANGFU|GE-QUALITY|YONGSHEN-STRUCTURE|YONGSHEN-FINAL|ZHONG-HE,孤贫徐乐吾曰：虽有甲木出干，柱无壬癸，土燥木枯，无所用之。,[]
穷通宝鉴,穷通宝鉴-0274,庚戌丙戌丙寅壬辰,丙,HEAVY,REN-CAIGUAN|SHISHI-BURUO|HEAVY-ROOT|BIJIE-PARTY|ROOT-STRUCK|ROOT-GAN-PRIORITY|ZHONGGUA-2SIDE|JIRUO-WUGEN|JIWANG-HUAIJI|SHIYONG-YUELING-XIANGFU|GE-QUALITY|SHI-ZHU-JI|YONGSHEN-STRUCTURE|YONGSHEN-FINAL|ZHONG-HE,富大贵小，因甲藏壬透故也，仅一贡士 。徐乐吾曰：庚壬并透，惜庚壬皆不通根，仅一贡耳。,[]
穷通宝鉴,穷通宝鉴-0275,丙寅戊戌丙申戊子,丙,HEAVY,REN-CAIGUAN|SHISHI-BURUO|XIEQI-TAIZHONG|HEAVY-ROOT|BIJIE-PARTY|ROOT-STRUCK|ROOT-GAN-PRIORITY|ZHONGGUA-2SIDE|JIRUO-WUGEN|JIWANG-HUAIJI|JISHUAI-CONGSHENG|GE-QUALITY|SHI-ZHU-JI|YONGSHEN-STRUCTURE|YONGSHEN-FINAL|ZHONG-HE,徐乐吾曰：洪北江命，字稚存，乾隆十一年九月初三日子时。用申宫庚金生壬癸，惜戊土太重，甲木藏寅，不能破土，以进士授职编修。,[]
穷通宝鉴,穷通宝鉴-0276,丁丑庚戌丙午庚寅,丙,HEAVY,REN-CAIGUAN|SHISHI-BURUO|HEAVY-ROOT|BIJIE-PARTY|ROOT-STRUCK|ROOT-GAN-PRIORITY|SHI-GUI-LU|ZHONGGUA-2SIDE|JIRUO-WUGEN|JIWANG-HUAIJI|SHIYONG-YUELING-XIANGFU|GE-QUALITY|YONGSHEN-STRUCTURE|YONGSHEN-FINAL|ZHONG-HE,徐乐吾曰：沈桂芬命，嘉庆廿二年九月初五日寅时。此造表面似用时上偏财，不知寅午戌会局，实失时之炎上格也，运行甲寅乙卯，翰林出身，官拜大学士。,[]
穷通宝鉴,穷通宝鉴-0277,辛巳戊戌丙戌壬辰,丙,HEAVY,REN-CAIGUAN|XIEQI-TAIZHONG|HEAVY-ROOT|ROOT-STRUCK|ROOT-GAN-PRIORITY|ZHONGGUA-2SIDE|RI-BEI-HE|JIRUO-WUGEN|JIWANG-HUAIJI|JISHUAI-CONGSHENG|SHIYONG-YUELING-XIANGFU|GE-QUALITY|SHI-ZHU-JI|YONGSHEN-STRUCTURE|YONGSHEN-FINAL|ZHONG-HE,"徐乐吾曰：马新贻命，道光元年十月初九日辰时。辛金泄土生壬，进士出身，位至总督，惜柱无甲木，运行壬辰，被剌殒命。白话译文九月（戌月）的丙火，火气已日渐衰退。这一时节，土多会遮蔽日光，因此用神首选甲木，其次取壬水。徐乐吾注解道：丙火到了九月，进入""墓库""之地，最容易被土所晦暗，而它也最惧怕这种晦暗。若见壬水，就如同太阳沉落地平线以下，余晖从江河波浪中反映而上，格外光彩照人——所以要先以甲木制约土，再借",[]
穷通宝鉴,穷通宝鉴-0278,甲申乙亥丙戌庚寅,丙,HEAVY,REN-CAIGUAN|SHISHI-BURUO|HEAVY-ROOT|JUECHU-FENGSHENG|YIN-PARTY|ROOT-STRUCK|ROOT-GAN-PRIORITY|SHI-GUI-LU|ZHONGGUA-2SIDE|JIRUO-WUGEN|SHIYONG-YUELING-XIANGFU|GE-QUALITY|YONGSHEN-STRUCTURE|YONGSHEN-FINAL|ZHONG-HE,庚甲两透，戊土得位，廉使。徐乐吾曰：虽生于十月，印旺身强，以庚金财生官为用。戊土旺于戌，故云戊土得位。,['身强']
穷通宝鉴,穷通宝鉴-0279,壬辰辛亥丙戌戊子,丙,LIGHT,REN-CAIGUAN|XIEQI-TAIZHONG|LIGHT-ROOT|JUECHU-FENGSHENG|ROOT-STRUCK|ROOT-GAN-PRIORITY|HE-HUASHEN-DESHI|ZHONGGUA-2SIDE|RI-BEI-HE|JIRUO-WUGEN|JISHUAI-CONGSHENG|GE-QUALITY|SHI-ZHU-JI|YONGSHEN-STRUCTURE|YONGSHEN-FINAL|ZHONG-HE,孝廉。徐乐吾曰：此造身弱，以戊土制水为用，丙火通根身库，壬水出干，得甲木则贵，身煞非旺而用戊土，喜用均不得令，平常格局也。,['身弱']
穷通宝鉴,穷通宝鉴-0280,辛巳己亥丙子壬辰,丙,HEAVY,REN-CAIGUAN|XIEQI-TAIZHONG|HEAVY-ROOT|JUECHU-FENGSHENG|ROOT-STRUCK|ROOT-GAN-PRIORITY|WANGCHONG-SHUAI|HE-HUASHEN-DESHI|ZHONGGUA-2SIDE|RI-BEI-HE|JIRUO-WUGEN|JISHUAI-CONGSHENG|GE-QUALITY|SHI-ZHU-JI|YONGSHEN-STRUCTURE|YONGSHEN-FINAL|ZHONG-HE,此命水多，取己土，大富贵，亦寿考。徐乐吾曰：此造用己土混壬，以生甲木，妙在年支巳火为助，木得水土而生，宜有阳和之气助之，方能滋长。用在甲木，辅佐得力也。陈调元,[]
穷通宝鉴,穷通宝鉴-0281,丙戌己亥丙子壬辰,丙,LIGHT,REN-CAIGUAN|SHISHI-BURUO|XIEQI-TAIZHONG|LIGHT-ROOT|JUECHU-FENGSHENG|BIJIE-PARTY|ROOT-STRUCK|ROOT-GAN-PRIORITY|ZHONGGUA-2SIDE|JIRUO-WUGEN|JISHUAI-CONGSHENG|GE-QUALITY|SHI-ZHU-JI|YONGSHEN-STRUCTURE|YONGSHEN-FINAL|ZHONG-HE,，亦是己土混壬，反生甲木，好在丙火透干，太阳普照，甲木得其生助，格外有力。故同一用印，辅佐配合，大相悬殊，格局高下，洵不易辨也。,[]
穷通宝鉴,穷通宝鉴-0282,辛巳己亥丙子壬辰,丙,HEAVY,REN-CAIGUAN|XIEQI-TAIZHONG|HEAVY-ROOT|JUECHU-FENGSHENG|ROOT-STRUCK|ROOT-GAN-PRIORITY|WANGCHONG-SHUAI|HE-HUASHEN-DESHI|ZHONGGUA-2SIDE|RI-BEI-HE|JIRUO-WUGEN|JISHUAI-CONGSHENG|GE-QUALITY|SHI-ZHU-JI|YONGSHEN-STRUCTURE|YONGSHEN-FINAL|ZHONG-HE,此命水多，取己土作用，大富贵亦寿考，又生贵子。徐乐吾曰：此造即己土混壬格，丙火生十月，绝地逢生，大贵之命。绝地逢生者，日元逢绝，印绶长生也。然亥宫壬水当旺，冲奔之水，不能生木，取己土混合壬水 ，俾成反生之功。格局为己土混壬，用神仍在甲木，与戊土提防用法，截然不同。凡用壬水，皆忌己土混浊，独有此格，利用其混浊，以培甲木生丙火，为奇特之格也。,[]
穷通宝鉴,穷通宝鉴-0283,辛未己亥丙辰己亥,丙,LIGHT,REN-CAIGUAN|XIEQI-TAIZHONG|LIGHT-ROOT|JUECHU-FENGSHENG|ROOT-GAN-PRIORITY|HE-HUASHEN-DESHI|ZHONGGUA-2SIDE|RI-BEI-HE|JIRUO-WUGEN|JISHUAI-CONGSHENG|SHIYONG-YUELING-XIANGFU|GE-QUALITY|SHI-ZHU-JI|YONGSHEN-STRUCTURE|YONGSHEN-FINAL|ZHONG-HE,徐乐吾曰：曾文正公国藩命，嘉庆十六年十月十一日亥时。己土混壬格，出将入相，说明详上辛巳造，亥未拱卯，化煞为印，尤见精采也。,[]
穷通宝鉴,穷通宝鉴-0284,壬申辛亥丙午庚寅,丙,HEAVY,REN-CAIGUAN|HEAVY-ROOT|JUECHU-FENGSHENG|ROOT-STRUCK|ROOT-GAN-PRIORITY|HE-HUASHEN-DESHI|SHI-GUI-LU|ZHONGGUA-2SIDE|RI-BEI-HE|JIRUO-WUGEN|SHIYONG-YUELING-XIANGFU|GE-QUALITY|YONGSHEN-STRUCTURE|YONGSHEN-FINAL|ZHONG-HE,徐乐吾曰：左文龙公宗棠命，嘉庆十七年十月初七日寅时。丙午日坐阳刃，壬煞临生得禄，煞刃两停，取寅宫甲木为用，早年壬子、癸丑困顿，入甲寅、乙卯东南运，封侯拜相，宜哉，官至总督，封恪靖侯。,[]
穷通宝鉴,穷通宝鉴-0285,壬申辛亥丙寅庚寅,丙,HEAVY,REN-CAIGUAN|HEAVY-ROOT|JUECHU-FENGSHENG|ROOT-STRUCK|ROOT-GAN-PRIORITY|WANGCHONG-SHUAI|HE-HUASHEN-DESHI|SHI-GUI-LU|ZHONGGUA-2SIDE|RI-BEI-HE|JIRUO-WUGEN|SHIYONG-YUELING-XIANGFU|GE-QUALITY|YONGSHEN-STRUCTURE|YONGSHEN-FINAL|ZHONG-HE,"徐乐吾曰：徐宗瀛命，嘉庆十七年十月廿七寅时。壬水当旺，更得财生，取寅宫甲木为用，位至总督。白话译文十月（亥月）丙火生于水旺之时，太阳失去当令之势，处于休囚极地。亥宫壬水秉令，丙火气势最弱，需借甲木为印绶以生扶。然亥月湿木无焰，须以戊土制水培木，木气得根方能生火。丙火以壬水辉映为贵，但戊土若制壬过重，则失去水火交辉之美，故再取庚金为辅——庚金化戊土之气，转而生壬水，形成""杀印相生""之局。因此，甲、戊",[]
穷通宝鉴,穷通宝鉴-0286,辛亥庚子丙寅庚寅,丙,HEAVY,REN-CAIGUAN|HEAVY-ROOT|ROOT-STRUCK|ROOT-GAN-PRIORITY|HE-HUASHEN-DESHI|SHI-GUI-LU|ZHONGGUA-2SIDE|RI-BEI-HE|JIRUO-WUGEN|GE-QING|GE-QUALITY|CAI-RUO-SHEN-QIANG|YONGSHEN-STRUCTURE|YONGSHEN-FINAL|ZHONG-HE,布政。徐乐吾曰：年月金水气旺，喜得日时两寅，寅中暗藏甲木，更有丙火助之，运行南方，宜乎贵矣。,[]
穷通宝鉴,穷通宝鉴-0287,辛酉庚子丙子癸巳,丙,HEAVY,REN-CAIGUAN|HEAVY-ROOT|ROOT-GAN-PRIORITY|HE-HUASHEN-DESHI|SHI-GUI-LU|ZHONGGUA-2SIDE|RI-BEI-HE|JIRUO-WUGEN|GE-QING|GE-QUALITY|SHI-ZHU-JI|YONGSHEN-STRUCTURE|YONGSHEN-FINAL|ZHONG-HE,丙癸见干，小福贵。徐乐吾曰：喜得日禄归时，日元有根，而运程中年之后，乙未、甲午、木火相生，宜得善其终矣。,[]
穷通宝鉴,穷通宝鉴-0288,辛丑庚子丙戌戊子,丙,LIGHT,REN-CAIGUAN|XIEQI-TAIZHONG|LIGHT-ROOT|ROOT-GAN-PRIORITY|HE-HUASHEN-DESHI|ZHONGGUA-2SIDE|RI-BEI-HE|JIRUO-WUGEN|JISHUAI-CONGSHENG|SHIYONG-YUELING-XIANGFU|GE-QING|GE-QUALITY|SHI-ZHU-JI|YONGSHEN-STRUCTURE|YONGSHEN-FINAL|ZHONG-HE,金寒水冻，戊晦丙光，贫而且夭。徐乐吾曰：日元通根于戌，较为弱矣。上造癸水透干，此造癸水藏子，相等也。总之，水火相持之局，非用甲木不可，无木相生，而运程西北，木火死绝之地，决无善况也。,[]
穷通宝鉴,穷通宝鉴-0289,辛酉庚子丙辰己丑,丙,NONE,CAIDUO-SHENRUAN|XIEQI-TAIZHONG|HE-HUASHEN-DESHI|ZHONGGUA-2SIDE|RI-BEI-HE|JIRUO-WUGEN|WUGEN-YOUFU|JISHUAI-CONGSHENG|SHIYONG-YUELING-XIANGFU|GE-QING|GE-QUALITY|YUN-SHENG-ROOT|SHI-ZHU-JI|YONGSHEN-STRUCTURE|YONGSHEN-FINAL,徐乐吾曰：唐绍仪命，咸丰十一年十二月初三日丑时。仲冬丙火，不能无丙甲，此造子酉夹戌亥，辰丑夹寅卯，卯戌寅亥相合，成暗劫暗印，以木火虚神为用，地位全齐，所以为贵，运行南方，位至总揆。,[]
穷通宝鉴,穷通宝鉴-0290,辛未庚子丙戌甲午,丙,HEAVY,REN-CAIGUAN|SHISHI-BURUO|HEAVY-ROOT|YIN-PARTY|ROOT-STRUCK|ROOT-GAN-PRIORITY|WANGCHONG-SHUAI|HE-HUASHEN-DESHI|SHI-GUI-LU|ZHONGGUA-2SIDE|RI-BEI-HE|JIRUO-WUGEN|GE-QUALITY|YONGSHEN-STRUCTURE|YONGSHEN-FINAL|ZHONG-HE,徐乐吾曰：名医夏应堂命，同治十年十月廿九日午时。寒日为温，虽见午戌会局，仍用甲木。运行乙木甲木，名重一时，殁于癸运。,[]
穷通宝鉴,穷通宝鉴-0291,庚辰戊子丙子庚寅,丙,HEAVY,REN-CAIGUAN|XIEQI-TAIZHONG|HEAVY-ROOT|ROOT-GAN-PRIORITY|SHI-GUI-LU|ZHONGGUA-2SIDE|JISHUAI-CONGSHENG|GE-QING|GE-QUALITY|CAI-RUO-SHEN-QIANG|YONGSHEN-STRUCTURE|YONGSHEN-FINAL|ZHONG-HE,徐乐吾曰：谈丹崖命，光绪六年十一月十二日寅时。专到寅宫甲木为用，丙火见戊土晦光，则不贵，戊土制水生财，使甲木得尽生扶之用，则为富格。运行东南，任大陆银行经理，卒于癸酉年，年五十四。,[]
穷通宝鉴,穷通宝鉴-0292,甲子丙子丙寅丙申,丙,HEAVY,REN-CAIGUAN|SHISHI-BURUO|HEAVY-ROOT|YIN-PARTY|BIJIE-PARTY|ROOT-STRUCK|ROOT-GAN-PRIORITY|ZHONGGUA-2SIDE|JIRUO-WUGEN|GE-QUALITY|SHI-ZHU-JI|YONGSHEN-STRUCTURE|YONGSHEN-FINAL|ZHONG-HE,徐乐吾曰：盐商周湘舱命，同治三年十一月廿九日申时。专用甲木，更有丙火为助，然富重贵轻者，则以无壬水辅映光辉，清气不足也，殁于未运甲戌年。,[]
穷通宝鉴,穷通宝鉴-0293,癸未甲子丙戌辛卯,丙,LIGHT,REN-CAIGUAN|SHISHI-BURUO|LIGHT-ROOT|YIN-PARTY|ROOT-STRUCK|ROOT-GAN-PRIORITY|HE-HUASHEN-DESHI|ZHONGGUA-2SIDE|RI-BEI-HE|JIRUO-WUGEN|GE-QUALITY|YONGSHEN-STRUCTURE|YONGSHEN-FINAL|ZHONG-HE,徐乐吾曰：张鸿志命，光绪九年十一月初九日卯时。无壬用癸，官星乘旺秉令，更得甲木生助，惜丙辛一合，日元恋财而不向官印，用神不专为病也，位至行政院秘书长。又汪栎园命：壬辰时，年月日皆同，壬水出干，位至大理院长。白话译文十一月的丙火（冬月，子月），冬至之前与十月用法相同，属于极衰之时。冬至之后，一阳初生，火势由弱转强，但仍属微弱。此时壬水（七杀）是最重要的用神，戊土（食神）辅助制杀。若壬、戊二字同时透出,[]
穷通宝鉴,穷通宝鉴-0294,癸卯乙丑丙午壬辰,丙,HEAVY,REN-CAIGUAN|SHISHI-BURUO|HEAVY-ROOT|YIN-PARTY|ROOT-STRUCK|ROOT-GAN-PRIORITY|ZHONGGUA-2SIDE|JIRUO-WUGEN|JIWANG-HUAIJI|SHIYONG-YUELING-XIANGFU|GE-QUALITY|SHI-ZHU-JI|YONGSHEN-STRUCTURE|YONGSHEN-FINAL|ZHONG-HE,统领。徐乐吾曰：日元坐刃，七煞出干，杀刃格也。妙在乙木正印透干得禄，辰午夹巳禄，丑卯夹长生，日元暗旺，行金水运，有印化之，宜为大贵之格。,[]
穷通宝鉴,穷通宝鉴-0295,乙丑己丑丙寅庚寅,丙,HEAVY,REN-CAIGUAN|SHISHI-BURUO|XIEQI-TAIZHONG|HEAVY-ROOT|YIN-PARTY|ROOT-GAN-PRIORITY|SHI-GUI-LU|ZHONGGUA-2SIDE|JIRUO-WUGEN|JIWANG-HUAIJI|JISHUAI-CONGSHENG|GE-QING|GE-QUALITY|YONGSHEN-STRUCTURE|YONGSHEN-FINAL|ZHONG-HE,二甲制土，按察。徐乐吾曰：火土伤官佩印也，非印何以取贵。,[]
穷通宝鉴,穷通宝鉴-0296,乙巳己丑丙申癸巳,丙,HEAVY,REN-CAIGUAN|XIEQI-TAIZHONG|HEAVY-ROOT|ROOT-STRUCK|ROOT-GAN-PRIORITY|SHI-GUI-LU|ZHONGGUA-2SIDE|JIRUO-WUGEN|JIWANG-HUAIJI|JISHUAI-CONGSHENG|GE-QING|GE-QUALITY|SHI-ZHU-JI|YONGSHEN-STRUCTURE|YONGSHEN-FINAL|ZHONG-HE,用辛得金局，白手成家。徐乐吾曰：丙临申位，气势不足，幸年时两巳得禄，丙火得禄，巳丑会局，火土伤官用财，商界人物，癸水被伤，故不贵也。,[]
穷通宝鉴,穷通宝鉴-0297,戊戌乙丑丙辰戊戌,丙,LIGHT,REN-CAIGUAN|SHISHI-BURUO|XIEQI-TAIZHONG|LIGHT-ROOT|YIN-PARTY|ROOT-STRUCK|ROOT-GAN-PRIORITY|SHI-GUI-LU|ZHONGGUA-2SIDE|JIRUO-WUGEN|JISHUAI-CONGSHENG|SHIYONG-YUELING-XIANGFU|GE-QUALITY|SHI-ZHU-JI|YONGSHEN-STRUCTURE|YONGSHEN-FINAL|ZHONG-HE,徐乐吾曰：陶澍命，乾隆四十三年十一月三十日戌时。土重而实，格成稼穑，生于大寒前三日，天寒地冻，喜冬日温和，以乙木为用，火土伤官之变也。《滴天髓》云：子旺母衰之局，宜助其母，运行南方，土暖而润生，万物得逐其生，巳运壬午任皖抚，午运庚寅年督两江，土暖而生，显然可见，卒于未运己亥年，寿六十二，谥文毅。,[]
穷通宝鉴,穷通宝鉴-0298,辛酉辛丑丙寅壬辰,丙,HEAVY,REN-CAIGUAN|HEAVY-ROOT|ROOT-GAN-PRIORITY|ZHONGGUA-2SIDE|RI-BEI-HE|JIRUO-WUGEN|JIWANG-HUAIJI|SHIYONG-YUELING-XIANGFU|GE-QING|GE-QUALITY|SHI-ZHU-JI|YONGSHEN-STRUCTURE|YONGSHEN-FINAL|ZHONG-HE,徐乐吾曰：印光老法师命，咸丰十一年十二月十三日辰时。财旺煞高，专用寅宫木火。寅辰夹卯，气聚东方，卯为壬水之贵，丙贵在酉，辛贵在寅，满盘天乙而值华盖，宜为僧道之首。运行乙未、甲午，名满天下，至癸运，闭关修养。,[]
穷通宝鉴,穷通宝鉴-0299,丙子辛丑丙申戊子,丙,NONE,CAIDUO-SHENRUAN|XIEQI-TAIZHONG|ZHONGGUA-2SIDE|RI-BEI-HE|JIRUO-WUGEN|WUGEN-YOUFU|JISHUAI-CONGSHENG|SHIYONG-YUELING-XIANGFU|GE-QING|GE-QUALITY|YUN-SHENG-ROOT|SHI-ZHU-JI|YONGSHEN-STRUCTURE|YONGSHEN-FINAL,徐乐吾曰：曹汝霖命，光绪二年十二月初十日子时。丙辛争合，无辰不作从化论，取辛金泄戊土，以护子水官星，虽值二阳进气，究嫌身弱，行东方运，位至财政交通总长。,['身弱']
穷通宝鉴,穷通宝鉴-0300,癸未乙丑丙寅庚寅,丙,HEAVY,REN-CAIGUAN|SHISHI-BURUO|HEAVY-ROOT|YIN-PARTY|ROOT-STRUCK|ROOT-GAN-PRIORITY|SHI-GUI-LU|ZHONGGUA-2SIDE|JIRUO-WUGEN|JIWANG-HUAIJI|GE-QUALITY|YONGSHEN-STRUCTURE|YONGSHEN-FINAL|ZHONG-HE,徐乐吾曰：褚民谊命，光绪九年十二月廿日寅时。日时两寅，二阳进气，丙火旺相，取庚寅泄己土，滋癸水，喜癸水出干，位至行政院秘书长。,['旺相']
穷通宝鉴,穷通宝鉴-0301,戊戌乙丑丙戌癸巳,丙,HEAVY,REN-CAIGUAN|XIEQI-TAIZHONG|HEAVY-ROOT|ROOT-GAN-PRIORITY|SHI-GUI-LU|ZHONGGUA-2SIDE|JIRUO-WUGEN|JIWANG-HUAIJI|JISHUAI-CONGSHENG|GE-QING|GE-QUALITY|SHI-ZHU-JI|YONGSHEN-STRUCTURE|YONGSHEN-FINAL|ZHONG-HE,徐乐吾曰：尚小云命，光绪廿四年十二月初七日巳时。癸水出干，戊土伤之，土重伤癸，仅为名伶。白话译文十二月的丙火（八字日柱天干为丙者）正值冬至后阳气初生、二阳渐进之时，天地虽积雪凝霜，阳光犹在。此月己土当令，土气旺盛易晦蔽火光，故最宜以壬水为核心用神，辅以甲木疏土生火，三者协同，命格方能流通。若壬水与甲木同时透出天干，格局端正，可取功名之贵；家境即便平寒，亦可至贡监之位。甲木藏于地支而不透，成就稍逊；,['身弱']
穷通宝鉴,穷通宝鉴-0302,庚辰戊寅丁未壬寅,丁,LIGHT,REN-CAIGUAN|XIEQI-TAIZHONG|LIGHT-ROOT|ROOT-GAN-PRIORITY|HE-HUASHEN-DESHI|ZHONGGUA-2SIDE|RI-BEI-HE|JIRUO-WUGEN|JISHUAI-CONGSHENG|SHIYONG-YUELING-XIANGFU|GE-QING|GE-QUALITY|TIANGAN-XINGQING|YONGSHEN-STRUCTURE|YONGSHEN-FINAL|ZHONG-HE,庠生，酉运终。徐乐吾曰：此造丁壬化木，得寅月、寅时，又见辰，化木成象。惜庚金出干破格，化木不成，仍用财官，仅为痒生，不能取贵。木局主仁寿，行运至酉，古稀之年矣。,[]
穷通宝鉴,穷通宝鉴-0303,辛卯庚寅丁酉癸卯,丁,LIGHT,REN-CAIGUAN|LIGHT-ROOT|ROOT-STRUCK|ROOT-GAN-PRIORITY|WANGCHONG-SHUAI|ZHONGGUA-2SIDE|JIRUO-WUGEN|GE-QUALITY|TIANGAN-XINGQING|YONGSHEN-STRUCTURE|YONGSHEN-FINAL|ZHONG-HE,女命，贫贱。徐乐吾曰：此造女命，财旺生煞，而煞无制，贫贱之命。,[]
穷通宝鉴,穷通宝鉴-0304,甲午丙寅丁巳辛亥,丁,HEAVY,REN-CAIGUAN|SHISHI-BURUO|HEAVY-ROOT|YIN-PARTY|BIJIE-PARTY|ROOT-STRUCK|ROOT-GAN-PRIORITY|WANGCHONG-SHUAI|ZHONGGUA-2SIDE|JIRUO-WUGEN|JIWANG-HUAIJI|SHIYONG-YUELING-XIANGFU|GE-QUALITY|SHI-ZHU-JI|TIANGAN-XINGQING|YONGSHEN-STRUCTURE|YONGSHEN-FINAL|ZHONG-HE,太监。徐乐吾曰：支成火局，用亥宫壬水，虽贵不巨，巳亥相冲，晚境艰困。,[]
穷通宝鉴,穷通宝鉴-0305,壬戌壬寅丁卯戊申,丁,LIGHT,REN-CAIGUAN|XIEQI-TAIZHONG|LIGHT-ROOT|ROOT-GAN-PRIORITY|WANGCHONG-SHUAI|HE-HUASHEN-DESHI|ZHONGGUA-2SIDE|RI-BEI-HE|JIRUO-WUGEN|JISHUAI-CONGSHENG|SHIYONG-YUELING-XIANGFU|GE-QUALITY|SHI-ZHU-JI|TIANGAN-XINGQING|YONGSHEN-STRUCTURE|YONGSHEN-FINAL|ZHONG-HE,身弱煞强，凶命。徐乐吾曰：化木破格，只能用壬水，寅卯印为申宫庚金所破，故身弱，用戊土伤官制煞，克泄交集，乌能无祸。,['身弱']
穷通宝鉴,穷通宝鉴-0306,癸未甲寅丁巳辛丑,丁,HEAVY,REN-CAIGUAN|SHISHI-BURUO|HEAVY-ROOT|YIN-PARTY|ROOT-STRUCK|ROOT-GAN-PRIORITY|ZHONGGUA-2SIDE|JIRUO-WUGEN|JIWANG-HUAIJI|GE-QUALITY|SHI-ZHU-JI|TIANGAN-XINGQING|YONGSHEN-STRUCTURE|YONGSHEN-FINAL|ZHONG-HE,徐乐吾曰：齐召南命，康熙四十二年正月十一日丑时。用癸水，财滋弱煞，官拜侍郎。,[]
穷通宝鉴,穷通宝鉴-0307,戊辰甲寅丁卯己酉,丁,LIGHT,REN-CAIGUAN|SHISHI-BURUO|XIEQI-TAIZHONG|LIGHT-ROOT|YIN-PARTY|ROOT-STRUCK|ROOT-GAN-PRIORITY|WANGCHONG-SHUAI|SHI-GUI-LU|ZHONGGUA-2SIDE|JIRUO-WUGEN|JISHUAI-CONGSHENG|GE-QUALITY|SHI-ZHU-JI|TIANGAN-XINGQING|YONGSHEN-STRUCTURE|YONGSHEN-FINAL|ZHONG-HE,徐乐吾曰：林主席森命，同治七年正月十八日酉时。寅卯辰东方一气，甲木出干，印绶太旺，以财损印为用，至庚申辛酉运，贵为元首。或云戊申时，其用相同。,[]
穷通宝鉴,穷通宝鉴-0308,癸未甲寅丁亥己酉,丁,LIGHT,REN-CAIGUAN|SHISHI-BURUO|XIEQI-TAIZHONG|LIGHT-ROOT|YIN-PARTY|ROOT-GAN-PRIORITY|SHI-GUI-LU|ZHONGGUA-2SIDE|JIRUO-WUGEN|JISHUAI-CONGSHENG|GE-QING|GE-QUALITY|SHI-ZHU-JI|TIANGAN-XINGQING|YONGSHEN-STRUCTURE|YONGSHEN-FINAL|ZHONG-HE,徐乐吾曰：逊清摄政王载沣命，宣统父也，光绪九年正月初五日酉时。木旺用金，而辛金无力，辛运，戊申己酉年摄政，亥运，辛亥年逊国，壬水官星值天乙，父以子贵。,[]
穷通宝鉴,穷通宝鉴-0309,戊子甲寅丁卯甲辰,丁,NONE,SHISHI-BURUO|XIEQI-TAIZHONG|YIN-PARTY|ZHONGGUA-2SIDE|WUGEN-YOUFU|JISHUAI-CONGSHENG|SHIYONG-YUELING-XIANGFU|GE-QUALITY|YUN-SHENG-ROOT|SHI-ZHU-JI|TIANGAN-XINGQING|YONGSHEN-STRUCTURE|YONGSHEN-FINAL|ZHONG-HE,徐乐吾曰：张英华命，光绪十四年正月十五日辰时。假炎上格，子水为病，运至午，冲去子水，一发如雷，惜荣华不久耳。《滴天髓》云：强众敌寡，此类是也。白话译文正月（寅月）的丁火，正值甲木（天干木元素，丁火之母）当令主事，母气旺盛，若没有庚金（天干金元素）来劈开甲木，木便无法点燃丁火，因此取用以庚金为先、壬水（天干水元素）为辅。寅月地支中本已藏有甲木，丁火离不开甲木依附，但仅有甲木还不够——必须庚金劈甲才能,['旺极']
穷通宝鉴,穷通宝鉴-0310,戊子乙卯丁巳丁未,丁,HEAVY,REN-CAIGUAN|SHISHI-BURUO|XIEQI-TAIZHONG|HEAVY-ROOT|YIN-PARTY|BIJIE-PARTY|ROOT-STRUCK|ROOT-GAN-PRIORITY|SHI-GUI-LU|ZHONGGUA-2SIDE|JIRUO-WUGEN|JIWANG-HUAIJI|JISHUAI-CONGSHENG|SHIYONG-YUELING-XIANGFU|GE-QUALITY|TIANGAN-XINGQING|YONGSHEN-STRUCTURE|YONGSHEN-FINAL|ZHONG-HE,用巳中之庚制木，庚运连捷，位至尚书。徐乐吾曰：此造水木火土，气势纯粹，木盛火塞，宜财损印。巳宫庚金，木不能用，以其为需要真神，虽四柱不见，亦必得之而发。运至庚申、辛酉，补其缺点，五行之气流通，此为特殊之法也。子水为病，戊土制之，如见癸水出干，则非此格矣。巳未夹午，子冲午禄，暗聚三台之贵，位至尚书宜矣。,[]
穷通宝鉴,穷通宝鉴-0311,戊子乙卯丁卯丁未,丁,LIGHT,REN-CAIGUAN|SHISHI-BURUO|XIEQI-TAIZHONG|LIGHT-ROOT|YIN-PARTY|BIJIE-PARTY|ROOT-STRUCK|ROOT-GAN-PRIORITY|SHI-GUI-LU|ZHONGGUA-2SIDE|JIRUO-WUGEN|JISHUAI-CONGSHENG|SHIYONG-YUELING-XIANGFU|GE-QUALITY|TIANGAN-XINGQING|YONGSHEN-STRUCTURE|YONGSHEN-FINAL|ZHONG-HE,位至阁老。徐乐吾曰：此造与上戊子造，同为木盛火塞，喜运行庚申、辛酉而贵，子中癸水为戊所制，成此奇格。丁火春生，印旺用财，大贵之命。且都发于晚年庚申、辛酉运中，观两戊子造，及萨孟两造，及正月林森造，俱可证明。,[]
穷通宝鉴,穷通宝鉴-0312,丁卯癸卯丁卯庚子,丁,NONE,SHAZHONG-SHENQING|ZHONGGUA-2SIDE|JIRUO-WUGEN|WUGEN-YOUFU|JISHUAI-CONGSHENG|GE-QUALITY|YUN-SHENG-ROOT|SHI-ZHU-JI|TIANGAN-XINGQING|YONGSHEN-STRUCTURE|YONGSHEN-FINAL,鼎甲。徐乐吾曰：此造庚金财透，惜癸水出干，泄金生木为病，须运行戊己去病，方能上达也。,[]
穷通宝鉴,穷通宝鉴-0313,己未丁卯丁卯乙巳,丁,HEAVY,REN-CAIGUAN|SHISHI-BURUO|XIEQI-TAIZHONG|HEAVY-ROOT|YIN-PARTY|BIJIE-PARTY|ROOT-GAN-PRIORITY|SHI-GUI-LU|ZHONGGUA-2SIDE|JIWANG-HUAIJI|JISHUAI-CONGSHENG|GE-QING|GE-QUALITY|SHI-ZHU-JI|TIANGAN-XINGQING|YONGSHEN-STRUCTURE|YONGSHEN-FINAL|ZHONG-HE,徐乐吾曰：萨镇冰命，咸丰九年二月廿六日巳时。木盛火塞，取巳宫庚金，老年行西方运，飞黄腾达，位至海军总长，年已六旬矣，寿逾杖国。,[]
穷通宝鉴,穷通宝鉴-0314,己未丁卯丁巳丙午,丁,HEAVY,REN-CAIGUAN|SHISHI-BURUO|XIEQI-TAIZHONG|HEAVY-ROOT|BIJIE-PARTY|ROOT-STRUCK|ROOT-GAN-PRIORITY|SHI-GUI-LU|ZHONGGUA-2SIDE|JIRUO-WUGEN|JIWANG-HUAIJI|JISHUAI-CONGSHENG|GE-QING|GE-QUALITY|TIANGAN-XINGQING|YONGSHEN-STRUCTURE|YONGSHEN-FINAL|ZHONG-HE,徐乐吾曰：孟恩远命，咸丰九年二月十六日午时。支聚卯巳年三奇，亦用巳宫庚金，老年行辛酉、庚申运，位至黑龙江都督。,[]
穷通宝鉴,穷通宝鉴-0315,甲戌丁卯丁卯癸卯,丁,LIGHT,REN-CAIGUAN|SHISHI-BURUO|LIGHT-ROOT|YIN-PARTY|BIJIE-PARTY|ROOT-GAN-PRIORITY|ZHONGGUA-2SIDE|JIRUO-WUGEN|SHIYONG-YUELING-XIANGFU|GE-QING|GE-QUALITY|TIANGAN-XINGQING|YONGSHEN-STRUCTURE|YONGSHEN-FINAL|ZHONG-HE,徐乐吾曰：朱庆澜命，同治十三年正月廿三日卯时。印旺煞透，惜无金生之，无源之水，气泄于木，所喜甲木出干，灯焰长明耳。煞之气泄，位至省长，以慈善事业终。,[]
穷通宝鉴,穷通宝鉴-0316,癸未乙卯丁巳甲辰,丁,HEAVY,REN-CAIGUAN|SHISHI-BURUO|HEAVY-ROOT|YIN-PARTY|ROOT-GAN-PRIORITY|ZHONGGUA-2SIDE|JIWANG-HUAIJI|SHIYONG-YUELING-XIANGFU|GE-QUALITY|SHI-ZHU-JI|TIANGAN-XINGQING|YONGSHEN-STRUCTURE|YONGSHEN-FINAL|ZHONG-HE,徐乐吾曰：屈映光命，光绪九年二月初六日辰时。癸水七煞，气泄于木，与朱庆澜造如出一辙，好在卯辰巳未夹午禄，暗得三奇，子运冲起午禄，位至省长，以慈善事业终。,[]
穷通宝鉴,穷通宝鉴-0317,甲午丁卯丁卯丁未,丁,HEAVY,REN-CAIGUAN|SHISHI-BURUO|HEAVY-ROOT|YIN-PARTY|BIJIE-PARTY|ROOT-STRUCK|ROOT-GAN-PRIORITY|SHI-GUI-LU|ZHONGGUA-2SIDE|JIWANG-HUAIJI|SHIYONG-YUELING-XIANGFU|GE-QING|GE-QUALITY|CAI-RUO-SHEN-QIANG|TIANGAN-XINGQING|YONGSHEN-STRUCTURE|YONGSHEN-FINAL|ZHONG-HE,徐乐吾曰：光绪二十年二月二十日未时。假炎上格，运行东南，位至警备司令部参谋长，忌西北金水运。白话译文农历二月（卯月）木气当旺，丁火（阴柔之火，如烛焰）的母星乙木（偏印，阴柔湿草之象）虽为生火之源，却因过旺反令丁火闷塞不燃。须先借庚金（财星）克制过旺的乙木，再以甲木（正印，高大乔木）引导丁火，方能燃起明焰。配合论：庚甲皆透天干，科甲功名有望；庚透甲藏，功名次一等；甲透庚藏，异途取贵；有庚无甲，清雅之,[]
穷通宝鉴,穷通宝鉴-0318,辛未壬辰丁酉甲辰,丁,LIGHT,REN-CAIGUAN|SHISHI-BURUO|LIGHT-ROOT|YIN-PARTY|ROOT-GAN-PRIORITY|ZHONGGUA-2SIDE|RI-BEI-HE|JIRUO-WUGEN|SHIYONG-YUELING-XIANGFU|GE-QUALITY|SHI-ZHU-JI|TIANGAN-XINGQING|YONGSHEN-STRUCTURE|YONGSHEN-FINAL|ZHONG-HE,孤寡，稍富。徐乐吾曰：此造有甲无庚，不能取贵。,[]
穷通宝鉴,穷通宝鉴-0319,庚申庚辰丁未辛丑,丁,LIGHT,REN-CAIGUAN|LIGHT-ROOT|ROOT-STRUCK|ROOT-GAN-PRIORITY|ZHONGGUA-2SIDE|JIRUO-WUGEN|SHIYONG-YUELING-XIANGFU|GE-QUALITY|SHI-ZHU-JI|TIANGAN-XINGQING|YONGSHEN-STRUCTURE|YONGSHEN-FINAL|ZHONG-HE,徐乐吾曰：赵维熙命，咸丰十年闰三月十三日丑时。生在立夏前三日，火土将进，取庚金泄土之气，虽丁火阴干，不畏其弱，究以土重金旺，运行南方为美。,[]
穷通宝鉴,穷通宝鉴-0320,己卯戊辰丁卯戊申,丁,NONE,XIEQI-TAIZHONG|ZHONGGUA-2SIDE|WUGEN-YOUFU|JISHUAI-CONGSHENG|SHIYONG-YUELING-XIANGFU|GE-QUALITY|YUN-SHENG-ROOT|SHI-ZHU-JI|TIANGAN-XINGQING|YONGSHEN-STRUCTURE|YONGSHEN-FINAL,徐乐吾曰：关单命，光绪五年三月二十三日申时。土重晦火，以甲去病为先，用庚金泄土为次，一生当以甲运为最美也。,[]
穷通宝鉴,穷通宝鉴-0321,癸未丙辰丁酉乙巳,丁,HEAVY,REN-CAIGUAN|SHISHI-BURUO|HEAVY-ROOT|YIN-PARTY|BIJIE-PARTY|ROOT-GAN-PRIORITY|SHI-GUI-LU|ZHONGGUA-2SIDE|JIWANG-HUAIJI|SHIYONG-YUELING-XIANGFU|GE-QING|GE-QUALITY|SHI-ZHU-JI|TIANGAN-XINGQING|YONGSHEN-STRUCTURE|YONGSHEN-FINAL|ZHONG-HE,徐乐吾曰：郭乾卿命，光绪九年三月十七日巳时。财滋煞为用，丙火出干，得禄于巳，丁火气辅生旺，可用财煞，但用神不真，富而不贵耳。,[]
穷通宝鉴,穷通宝鉴-0322,癸未丙辰丁未戊申,丁,LIGHT,REN-CAIGUAN|SHISHI-BURUO|XIEQI-TAIZHONG|LIGHT-ROOT|BIJIE-PARTY|ROOT-GAN-PRIORITY|ZHONGGUA-2SIDE|JIRUO-WUGEN|JISHUAI-CONGSHENG|SHIYONG-YUELING-XIANGFU|GE-QING|GE-QUALITY|SHI-ZHU-JI|TIANGAN-XINGQING|YONGSHEN-STRUCTURE|YONGSHEN-FINAL|ZHONG-HE,徐乐吾曰：陈公侠命，光绪九年三月廿七日申时。申辰会局，癸水出干，以戊土制煞为用，癸戊皆通根辰库，喜用同宫，位至省主席。,[]
穷通宝鉴,穷通宝鉴-0323,丙戌壬辰丁未壬寅,丁,LIGHT,REN-CAIGUAN|SHISHI-BURUO|LIGHT-ROOT|BIJIE-PARTY|ROOT-STRUCK|ROOT-GAN-PRIORITY|ZHONGGUA-2SIDE|RI-BEI-HE|JIRUO-WUGEN|SHIYONG-YUELING-XIANGFU|GE-QUALITY|TIANGAN-XINGQING|YONGSHEN-STRUCTURE|YONGSHEN-FINAL|ZHONG-HE,徐乐吾曰：顾竹轩命，光绪十二年三月十四日寅时。丁壬妒合，又属重官，四柱无金，只能用壬，为孤官无辅。,[]
穷通宝鉴,穷通宝鉴-0324,己丑戊辰丁巳庚戌,丁,HEAVY,REN-CAIGUAN|XIEQI-TAIZHONG|HEAVY-ROOT|ROOT-STRUCK|ROOT-GAN-PRIORITY|SHI-GUI-LU|ZHONGGUA-2SIDE|JIRUO-WUGEN|JIWANG-HUAIJI|JISHUAI-CONGSHENG|SHIYONG-YUELING-XIANGFU|GE-QUALITY|SHI-ZHU-JI|TIANGAN-XINGQING|YONGSHEN-STRUCTURE|YONGSHEN-FINAL|ZHONG-HE,徐乐吾曰：罗文乾命，光绪十五年三月十二日戌时。土重晦光，用庚金泄土之气，一生无金运，惜哉。白话译文三月丁火，辰月戊土当令，土气旺盛，容易压制丁火的能量。因此，首先要用甲木来引燃丁火、破制旺土，其次再配合庚金劈甲生火。谷雨之前，与二月的推法相同；谷雨之后，土气全面用事，甲木破土的作用更为关键，庚金劈甲引丁则作辅佐，同时兼能疏泄旺土之气。若庚甲二者皆透天干，仕途科举大有可望；若不应验，则是地方风气薄弱,[]
穷通宝鉴,穷通宝鉴-0325,甲午己巳丁丑乙巳,丁,HEAVY,REN-CAIGUAN|DESHI-BUWANG|XIEQI-TAIZHONG|HEAVY-ROOT|ROOT-STRUCK|ROOT-GAN-PRIORITY|SHI-GUI-LU|ZHONGGUA-2SIDE|JIRUO-WUGEN|JIWANG-HUAIJI|SHIYONG-YUELING-XIANGFU|GE-QUALITY|WANGJI-SIWO-SHENG|SHI-ZHU-JI|TIANGAN-XINGQING|YONGSHEN-STRUCTURE|YONGSHEN-FINAL|ZHONG-HE,词林。徐乐吾曰：用甲木引丁，木火通明，故有词林之贵，用神虽在丑宫金水，设无甲木，枯木逢春局，即不足取矣。,[]
穷通宝鉴,穷通宝鉴-0326,辛酉癸巳丁巳乙巳,丁,HEAVY,REN-CAIGUAN|DESHI-BUWANG|HEAVY-ROOT|ROOT-GAN-PRIORITY|SHI-GUI-LU|ZHONGGUA-2SIDE|JIWANG-HUAIJI|SHIYONG-YUELING-XIANGFU|GE-QING|GE-QUALITY|SHI-ZHU-JI|TIANGAN-XINGQING|YONGSHEN-STRUCTURE|YONGSHEN-FINAL|ZHONG-HE,此火长夏天金叠叠格，官御史。徐乐吾曰：巳酉会局化财，以财滋弱杀为用，故贵。若火长夏天金叠叠，专用财星，乃富而非贵格也，此造癸水伤官，泄财之气，故贵，好在支见三巳，丙火得地，方可用财官也。,[]
穷通宝鉴,穷通宝鉴-0327,庚午辛巳丁酉丙午,丁,HEAVY,REN-CAIGUAN|DESHI-BUWANG|HEAVY-ROOT|BIJIE-PARTY|ROOT-STRUCK|ROOT-GAN-PRIORITY|SHI-GUI-LU|ZHONGGUA-2SIDE|JIRUO-WUGEN|JIWANG-HUAIJI|GE-QUALITY|TIANGAN-XINGQING|YONGSHEN-STRUCTURE|YONGSHEN-FINAL|ZHONG-HE,徐乐吾曰：李忠毅命，乾隆十五年四月廿五日午时。火长夏天金叠叠。胎元壬申，富而兼贵，官至提督。,[]
穷通宝鉴,穷通宝鉴-0328,乙亥辛巳丁丑壬寅,丁,HEAVY,REN-CAIGUAN|DESHI-BUWANG|HEAVY-ROOT|YIN-PARTY|ROOT-STRUCK|ROOT-GAN-PRIORITY|WANGCHONG-SHUAI|ZHONGGUA-2SIDE|RI-BEI-HE|JIRUO-WUGEN|JIWANG-HUAIJI|SHIYONG-YUELING-XIANGFU|GE-QUALITY|TIANGAN-XINGQING|YONGSHEN-STRUCTURE|YONGSHEN-FINAL|ZHONG-HE,徐乐吾曰：木永谟命，光绪元年四月十一日寅时。专用官星，加临天乙，位至省长。,[]
穷通宝鉴,穷通宝鉴-0329,丁亥乙巳丁酉甲辰,丁,HEAVY,REN-CAIGUAN|HEAVY-ROOT|YIN-PARTY|BIJIE-PARTY|ROOT-STRUCK|ROOT-GAN-PRIORITY|WANGCHONG-SHUAI|ZHONGGUA-2SIDE|JIRUO-WUGEN|JIWANG-HUAIJI|SHIYONG-YUELING-XIANGFU|GE-QUALITY|SHI-ZHU-JI|TIANGAN-XINGQING|YONGSHEN-STRUCTURE|YONGSHEN-FINAL|ZHONG-HE,徐乐吾曰：赵铁桥命，光绪十三年闰四月初十日辰时。亥为官贵，甲透壬藏，财生官旺，庚运庚午年遭暗杀，位至招商局督办。支聚三自刑，亥年见辰，又为自缢煞，虽贵非令终命也。,[]
穷通宝鉴,穷通宝鉴-0330,壬辰乙巳丁卯丙午,丁,HEAVY,REN-CAIGUAN|DESHI-BUWANG|HEAVY-ROOT|YIN-PARTY|BIJIE-PARTY|ROOT-STRUCK|ROOT-GAN-PRIORITY|SHI-GUI-LU|ZHONGGUA-2SIDE|RI-BEI-HE|JIRUO-WUGEN|JIWANG-HUAIJI|GE-QUALITY|TIANGAN-XINGQING|YONGSHEN-STRUCTURE|YONGSHEN-FINAL|ZHONG-HE,徐乐吾曰：胡景翼命，光绪十八年五月十日午时。专用官星，得胎元申宫生之，天干乙丙丁，支聚卯巳午，上下三奇，卯辰巳午联珠，总领师旅，位至都督。,[]
穷通宝鉴,穷通宝鉴-0331,癸巳丁巳丁卯丙午,丁,HEAVY,REN-CAIGUAN|HEAVY-ROOT|BIJIE-PARTY|ROOT-STRUCK|ROOT-GAN-PRIORITY|SHI-GUI-LU|ZHONGGUA-2SIDE|JIRUO-WUGEN|JIWANG-HUAIJI|GE-QING|GE-QUALITY|TIANGAN-XINGQING|YONGSHEN-STRUCTURE|YONGSHEN-FINAL|ZHONG-HE,徐乐吾曰：朱家骅命，光绪十九年四月十五日午时。无壬用癸，胎元申宫，官得财生，支聚三奇为贵，位至总长，省主席。,[]
穷通宝鉴,穷通宝鉴-0332,丁酉乙巳丁亥甲辰,丁,HEAVY,REN-CAIGUAN|HEAVY-ROOT|YIN-PARTY|BIJIE-PARTY|ROOT-STRUCK|ROOT-GAN-PRIORITY|WANGCHONG-SHUAI|ZHONGGUA-2SIDE|JIRUO-WUGEN|JIWANG-HUAIJI|SHIYONG-YUELING-XIANGFU|GE-QUALITY|SHI-ZHU-JI|TIANGAN-XINGQING|YONGSHEN-STRUCTURE|YONGSHEN-FINAL|ZHONG-HE,徐乐吾曰：周佛海命，光绪廿三年四月廿八日辰时。巳酉会局，取亥宫官贵为用，喜天干甲木引丁，位至部长。白话译文四月（巳月）丁火正值旺季，虽说需要甲木（正印）来引燃丁火，但必须同时有庚金（七杀）来劈开甲木，才算真正的木火通明之局；若甲木过多，则优先取庚金制甲。四月丁火，丙火（阳火）当令，丁火借丙火之势，炎热无比，自身也处于旺地。火势过盛，必须取壬水（正官）来解炎，庚金作为辅佐；无壬则用癸水，道理与四月丙,[]
穷通宝鉴,穷通宝鉴-0333,丙子甲午丁卯壬寅,丁,HEAVY,REN-CAIGUAN|DESHI-BUWANG|HEAVY-ROOT|YIN-PARTY|BIJIE-PARTY|ROOT-STRUCK|ROOT-GAN-PRIORITY|WANGCHONG-SHUAI|ZHONGGUA-2SIDE|RI-BEI-HE|JIRUO-WUGEN|JIWANG-HUAIJI|GE-QUALITY|CAI-RUO-SHEN-QIANG|TIANGAN-XINGQING|YONGSHEN-STRUCTURE|YONGSHEN-FINAL|ZHONG-HE,，四柱无财，孤官无辅，壬子之水，气泄于木，格局变为从旺，运行戊戌己十五年，土旺泄火大得意，至子运而起不测之灾。《滴天髓》云：强众敌寡，势在去其寡。子壬孤单，反以去之为美也。木多无金，又不能化木，只能取土泄火，乃不得已之用法也。或丙午年、甲午月、丁未日、丙午时，无水解救，为僧道孤独。或丙午月、丁亥日、丙午时，亥中有壬制丙，不致孤贫。如年支见子，清贵，虽不发科甲，衣衿不少，且名传乡邑。徐乐吾曰：上造丙,['身旺']
穷通宝鉴,穷通宝鉴-0334,庚午壬午丁亥戊申,丁,HEAVY,REN-CAIGUAN|DESHI-BUWANG|XIEQI-TAIZHONG|HEAVY-ROOT|ROOT-STRUCK|ROOT-GAN-PRIORITY|ZHONGGUA-2SIDE|RI-BEI-HE|JIRUO-WUGEN|JIWANG-HUAIJI|GE-QUALITY|WANGJI-SIWO-SHENG|SHI-ZHU-JI|TIANGAN-XINGQING|YONGSHEN-STRUCTURE|YONGSHEN-FINAL|ZHONG-HE,此建禄、会禄，化合不成，财官透天，但不宜带合争财，大富寿长，不免刑克。徐乐吾曰：太岁月建会禄，丁壬合而不化，通根亥禄，济之以申宫长生之水，坐禄之金，宜乎富贵寿考。所惜者戊土出干，官星被伤，故不贵而有刑克也，然用财官而时逢生禄，晚景必佳矣。,[]
穷通宝鉴,穷通宝鉴-0335,辛巳甲午丁未甲辰,丁,HEAVY,REN-CAIGUAN|DESHI-BUWANG|HEAVY-ROOT|YIN-PARTY|ROOT-GAN-PRIORITY|ZHONGGUA-2SIDE|JIWANG-HUAIJI|GE-QING|GE-QUALITY|SHI-ZHU-JI|TIANGAN-XINGQING|YONGSHEN-STRUCTURE|YONGSHEN-FINAL|ZHONG-HE,此建禄格，位至总兵。徐乐吾曰：此亦甲引丁光，地支辰巳午未联珠，辰未土泄火气，但丁未火土炎燥，惜无壬水，作假炎上，运多起伏，贵而就武。,[]
穷通宝鉴,穷通宝鉴-0336,癸丑戊午丁丑甲辰,丁,HEAVY,REN-CAIGUAN|DESHI-BUWANG|XIEQI-TAIZHONG|HEAVY-ROOT|YIN-PARTY|ROOT-STRUCK|ROOT-GAN-PRIORITY|HE-HUASHEN-DESHI|ZHONGGUA-2SIDE|JIRUO-WUGEN|JIWANG-HUAIJI|GE-QUALITY|WANGJI-SIWO-SHENG|SHI-ZHU-JI|TIANGAN-XINGQING|YONGSHEN-STRUCTURE|YONGSHEN-FINAL|ZHONG-HE,用甲引丁，位至尚书。徐乐吾曰：此造与上造相同，虽透癸水，被戊合化，不能用。仍用甲引丁，辰丑之土泄秀，戊癸化而清。地支夹寅巳，甲木引丁，假炎上格，运行东方，位至尚书。,[]
穷通宝鉴,穷通宝鉴-0337,丙寅甲午丁丑乙巳,丁,HEAVY,REN-CAIGUAN|HEAVY-ROOT|YIN-PARTY|BIJIE-PARTY|ROOT-STRUCK|ROOT-GAN-PRIORITY|SHI-GUI-LU|ZHONGGUA-2SIDE|JIRUO-WUGEN|JIWANG-HUAIJI|GE-QUALITY|SHI-ZHU-JI|TIANGAN-XINGQING|YONGSHEN-STRUCTURE|YONGSHEN-FINAL|ZHONG-HE,甲透庚得所，富贵极品。徐乐吾曰：巳丑相合，丑宫金水，庚金暗藏也，亦以甲木引丁为用。运行西北为贵，巳宫庚金长生，巳与丑会，湿土生金，金旺便能生水，故丑宫癸水为可用也。,[]
穷通宝鉴,穷通宝鉴-0338,丙子甲午丁酉癸卯,丁,HEAVY,REN-CAIGUAN|DESHI-BUWANG|HEAVY-ROOT|YIN-PARTY|BIJIE-PARTY|ROOT-STRUCK|ROOT-GAN-PRIORITY|WANGCHONG-SHUAI|ZHONGGUA-2SIDE|JIRUO-WUGEN|JIWANG-HUAIJI|GE-QUALITY|TIANGAN-XINGQING|YONGSHEN-STRUCTURE|YONGSHEN-FINAL|ZHONG-HE,煞印相生，大贵。名垂青史，用甲木，行巳运，尽节死。徐乐吾曰：此明代杨椒山继盛命造也。煞印相生，好在癸水得禄于子，更有酉金生之，财滋弱煞，仍偏官也。以甲引化煞为用，己运合甲化土，合印化伤而制煞，尽节而死。地支子午卯酉，合格为四极，名遍四海。参阅《古今名人命鉴》，《命鉴》误以癸煞为用，以戊运合煞为遇难之时，以甲为用，自当在己运尽节也。,[]
穷通宝鉴,穷通宝鉴-0339,丙辰甲午丁亥乙巳,丁,HEAVY,REN-CAIGUAN|HEAVY-ROOT|YIN-PARTY|BIJIE-PARTY|ROOT-STRUCK|ROOT-GAN-PRIORITY|WANGCHONG-SHUAI|SHI-GUI-LU|ZHONGGUA-2SIDE|JIRUO-WUGEN|JIWANG-HUAIJI|GE-QUALITY|SHI-ZHU-JI|TIANGAN-XINGQING|YONGSHEN-STRUCTURE|YONGSHEN-FINAL|ZHONG-HE,徐乐吾曰：汤寿潜命，咸丰六年六月初二日巳时。甲引丁光，日坐亥宫，有壬制丙，名传郡邑不虚。天干乙丙丁三奇，地支巳午联珠，位至浙江铁路总理，光复初被举都督，旋去职。,[]
穷通宝鉴,穷通宝鉴-0340,丁酉丙午丁酉己酉,丁,HEAVY,REN-CAIGUAN|DESHI-BUWANG|XIEQI-TAIZHONG|HEAVY-ROOT|BIJIE-PARTY|ROOT-STRUCK|ROOT-GAN-PRIORITY|SHI-GUI-LU|ZHONGGUA-2SIDE|JIRUO-WUGEN|JIWANG-HUAIJI|GE-QUALITY|WANGJI-SIWO-SHENG|SHI-ZHU-JI|TIANGAN-XINGQING|YONGSHEN-STRUCTURE|YONGSHEN-FINAL|ZHONG-HE,徐乐吾曰：江万平命，光绪廿三年五月初九日酉时。火长夏天金叠叠格，更得己土出干，通火金之气，乃富格也。白话译文五月（午月）丁火正值月令建禄，自身火气旺盛，不宜轻易用甲木（印星）来生扶；若天干透出壬水但隔位而不与丁直接相合，则壬水官星得以正常发挥作用，丁火倾心辅佐官星，体现出忠诚尽职的性情。若地支会成火局、天干又见火出，同时庚壬两字透干，则可取得功名；若戊土透出制住壬水，则只属常人；即便壬水藏于支中，,['身旺']
穷通宝鉴,穷通宝鉴-0341,壬子丁未丁巳丁未,丁,HEAVY,REN-CAIGUAN|SHISHI-BURUO|HEAVY-ROOT|BIJIE-PARTY|ROOT-STRUCK|ROOT-GAN-PRIORITY|SHI-GUI-LU|ZHONGGUA-2SIDE|RI-BEI-HE|JIRUO-WUGEN|JIWANG-HUAIJI|SHIYONG-YUELING-XIANGFU|GE-QUALITY|TIANGAN-XINGQING|YONGSHEN-STRUCTURE|YONGSHEN-FINAL|ZHONG-HE,，丁多散壬水，亦怯弱无能，妻子主事，年月日时皆丁未，四柱纯洁，土旺泄弱丁火，虽干支一气，不足取也，壬子一造，三丁争合一壬，分散壬水之用，丁以壬为君，壬以丁为妻，巳未夹午禄，火旺水衰，而丁火阴柔，故主妻子主事若得甲出天干，支成木局，见亥中之壬，为木神有根，接引丁火，必然科甲，即不见木局，支见壬水，虽不大贵，亦有凌云之气，无庚不妙。或支成水局，见水透干，则湿木性，不能引丁，必为平常人，有甲透、有才干。,[]
穷通宝鉴,穷通宝鉴-0342,丙寅庚寅戊辰庚申,戊,HEAVY,REN-CAIGUAN|SHISHI-BURUO|XIEQI-TAIZHONG|HEAVY-ROOT|YIN-PARTY|ROOT-STRUCK|ROOT-GAN-PRIORITY|WANGCHONG-SHUAI|SHI-GUI-LU|ZHONGGUA-2SIDE|JIRUO-WUGEN|JISHUAI-CONGSHENG|SHIYONG-YUELING-XIANGFU|GE-QUALITY|SHI-ZHU-JI|YONGSHEN-STRUCTURE|YONGSHEN-FINAL|ZHONG-HE,丙癸甲俱全，会成七杀格，将军之职。徐乐吾曰：辰中藏癸，戊土不燥，丙火照暖，戊土不寒。寅宫甲木生丙，煞印相生，兼格取七煞者，庚金劈甲，食神制煞也。此言其配合，申辰会局，财滋煞旺，庚金制之。七煞有制，威握兵柄。,[]
穷通宝鉴,穷通宝鉴-0343,辛巳庚寅戊寅甲寅,戊,HEAVY,REN-CAIGUAN|XIEQI-TAIZHONG|HEAVY-ROOT|ROOT-STRUCK|ROOT-GAN-PRIORITY|SHI-GUI-LU|ZHONGGUA-2SIDE|JIRUO-WUGEN|JISHUAI-CONGSHENG|SHIYONG-YUELING-XIANGFU|GE-QUALITY|CAI-RUO-SHEN-QIANG|SHI-ZHU-JI|YONGSHEN-STRUCTURE|YONGSHEN-FINAL|ZHONG-HE,火多无水，贫贱，三奇格。,[]
穷通宝鉴,穷通宝鉴-0344,戊申甲寅戊寅丁巳,戊,HEAVY,REN-CAIGUAN|SHISHI-BURUO|HEAVY-ROOT|YIN-PARTY|BIJIE-PARTY|ROOT-STRUCK|ROOT-GAN-PRIORITY|WANGCHONG-SHUAI|SHI-GUI-LU|ZHONGGUA-2SIDE|JIRUO-WUGEN|SHIYONG-YUELING-XIANGFU|GE-QUALITY|YONGSHEN-STRUCTURE|YONGSHEN-FINAL|ZHONG-HE,生员出贡，甲透丙藏又欠癸故也。,[]
穷通宝鉴,穷通宝鉴-0345,丙戌庚寅戊午壬戌,戊,HEAVY,REN-CAIGUAN|SHISHI-BURUO|XIEQI-TAIZHONG|HEAVY-ROOT|YIN-PARTY|ROOT-GAN-PRIORITY|SHI-GUI-LU|ZHONGGUA-2SIDE|JISHUAI-CONGSHENG|SHIYONG-YUELING-XIANGFU|GE-QING|GE-QUALITY|CAI-RUO-SHEN-QIANG|YONGSHEN-STRUCTURE|YONGSHEN-FINAL|ZHONG-HE,徐乐吾曰：杨森命，道光十二年正月廿四日戌时。甲木乘令，丙火出干，煞印相生，贵握兵柄，寅午戌会局，透丙火，得壬水出干，故富。,[]
穷通宝鉴,穷通宝鉴-0346,庚寅戊寅戊寅甲寅,戊,HEAVY,REN-CAIGUAN|SHISHI-BURUO|HEAVY-ROOT|BIJIE-PARTY|ROOT-GAN-PRIORITY|SHI-GUI-LU|ZHONGGUA-2SIDE|SHIYONG-YUELING-XIANGFU|GE-QING|GE-QUALITY|CAI-RUO-SHEN-QIANG|SHI-ZHU-JI|YONGSHEN-STRUCTURE|YONGSHEN-FINAL|ZHONG-HE,徐乐吾曰：张群命，光绪十六年二月初八日寅时。专用寅中丙火，兼格为食神制煞也，位至省主席。,[]
穷通宝鉴,穷通宝鉴-0347,甲午丙寅戊子壬戌,戊,HEAVY,REN-CAIGUAN|SHISHI-BURUO|HEAVY-ROOT|YIN-PARTY|ROOT-STRUCK|ROOT-GAN-PRIORITY|SHI-GUI-LU|ZHONGGUA-2SIDE|JIRUO-WUGEN|SHIYONG-YUELING-XIANGFU|GE-QUALITY|YONGSHEN-STRUCTURE|YONGSHEN-FINAL|ZHONG-HE,徐乐吾：女命，黄膺白夫人造，光绪廿年正月初十日戌时。甲丙癸俱全，夫星当旺，财归坐下，富贵两全之命。,[]
穷通宝鉴,穷通宝鉴-0348,辛卯辛卯戊戌壬戌,戊,LIGHT,REN-CAIGUAN|XIEQI-TAIZHONG|LIGHT-ROOT|ROOT-GAN-PRIORITY|SHI-GUI-LU|ZHONGGUA-2SIDE|JIRUO-WUGEN|JISHUAI-CONGSHENG|GE-QING|GE-QUALITY|YONGSHEN-STRUCTURE|YONGSHEN-FINAL|ZHONG-HE,徐乐吾曰：万耀煌命，光绪十七年二月初四日戌时。前述徐连规造，两丁并透，用财破印滋煞，此造两辛出干，亦用财化伤滋煞，气杂非清，位至师长。,[]
穷通宝鉴,穷通宝鉴-0349,癸巳乙卯戊申戊午,戊,HEAVY,REN-CAIGUAN|SHISHI-BURUO|HEAVY-ROOT|BIJIE-PARTY|ROOT-STRUCK|ROOT-GAN-PRIORITY|SHI-GUI-LU|ZHONGGUA-2SIDE|RI-BEI-HE|JIRUO-WUGEN|GE-QING|GE-QUALITY|YONGSHEN-STRUCTURE|YONGSHEN-FINAL|ZHONG-HE,徐乐吾曰：白崇禧命，光绪十九年正月廿四日午时。申午夹未，暗拱未贵，癸贵在巳，乙贵在申，天干四字皆临禄贵。二月戊土，喜水火滋扶，乙卯官星当旺，取财生官为用，更得卯巳午，三台之贵，乙木当令得用，宜为领袖之尊，为西南领袖。三春戊土总论三春戊土，无丙照暖，戊土不生，无甲疏劈，戊土不灵；无癸滋润，万物不长。正二月先丙后甲，癸又次之。三月先甲后丙，癸又次之，因戊土司权故也。凡八字丙甲癸三者齐透，富贵极品，但迟,[]
穷通宝鉴,穷通宝鉴-0350,丁未癸卯戊寅乙卯,戊,HEAVY,REN-CAIGUAN|SHISHI-BURUO|HEAVY-ROOT|YIN-PARTY|ROOT-GAN-PRIORITY|ZHONGGUA-2SIDE|RI-BEI-HE|JIRUO-WUGEN|SHIYONG-YUELING-XIANGFU|GE-QING|GE-QUALITY|CAI-RUO-SHEN-QIANG|SHI-ZHU-JI|YONGSHEN-STRUCTURE|YONGSHEN-FINAL|ZHONG-HE,此官煞无去留之义，幸丁火出干，加以戊癸化火，将甲木暗焚，反得武科探花。徐乐吾曰：此言用官煞也，官煞并见，论煞不论官，故云官煞无去留之义，三月戊土秉令，身强以食神制煞为贵，但官煞无制，必遭凶祸，辰为财库，而土重劫财，故云财虽聚仍招祸也。无食制，则以印为煞，须地位配合适当，火不焚木，方为中和。丁未一造，甲丙藏寅，癸水透干，宜乎显达矣。然而戊癸合化，财不升官，化而为火，暗焚乙木官星，变为偏燥之局，虽贵而,"['身弱', '身强', '中和']"
穷通宝鉴,穷通宝鉴-0351,己未戊辰戊寅甲寅,戊,HEAVY,REN-CAIGUAN|DESHI-BUWANG|HEAVY-ROOT|BIJIE-PARTY|ROOT-GAN-PRIORITY|HE-HUASHEN-DESHI|SHI-GUI-LU|ZHONGGUA-2SIDE|JIRUO-WUGEN|JIWANG-HUAIJI|SHIYONG-YUELING-XIANGFU|GE-QING|GE-QUALITY|SHI-ZHU-JI|YONGSHEN-STRUCTURE|YONGSHEN-FINAL|ZHONG-HE,杀印相生格，探花徐乐吾曰：身旺时上独煞透出，用寅中丙火化煞为用，即用火泄木气也，土旺宜木运，上丁未一造，生于二月，火土渴造。此则生三月，辰中藏癸，土不燥也。,['身旺']
穷通宝鉴,穷通宝鉴-0352,甲午戊辰戊申丙辰,戊,HEAVY,REN-CAIGUAN|DESHI-BUWANG|HEAVY-ROOT|YIN-PARTY|BIJIE-PARTY|ROOT-STRUCK|ROOT-GAN-PRIORITY|SHI-GUI-LU|ZHONGGUA-2SIDE|JIRUO-WUGEN|JIWANG-HUAIJI|SHIYONG-YUELING-XIANGFU|GE-QUALITY|SHI-ZHU-JI|YONGSHEN-STRUCTURE|YONGSHEN-FINAL|ZHONG-HE,丙甲高透，癸水会局藏辰，圣天子之造。徐乐吾曰：此清圣祖康熙命造也。财滋弱煞取用，或云戊午时，夹贵夹禄，更为完美。,[]
穷通宝鉴,穷通宝鉴-0353,庚申庚辰戊辰戊午,戊,HEAVY,REN-CAIGUAN|DESHI-BUWANG|XIEQI-TAIZHONG|HEAVY-ROOT|BIJIE-PARTY|ROOT-STRUCK|ROOT-GAN-PRIORITY|SHI-GUI-LU|ZHONGGUA-2SIDE|JIRUO-WUGEN|JIWANG-HUAIJI|GE-QUALITY|WANGJI-SIWO-SHENG|YONGSHEN-STRUCTURE|YONGSHEN-FINAL|ZHONG-HE,徐乐吾曰：董文恭命，乾隆五年三月廿七日午时。辰午夹巳禄，专用申宫壬水，得庚金相生，表面似伤官生财，实为印旺用财也。,[]
穷通宝鉴,穷通宝鉴-0354,癸亥丙辰戊午壬子,戊,HEAVY,REN-CAIGUAN|DESHI-BUWANG|HEAVY-ROOT|YIN-PARTY|ROOT-STRUCK|ROOT-GAN-PRIORITY|WANGCHONG-SHUAI|ZHONGGUA-2SIDE|RI-BEI-HE|JIRUO-WUGEN|JIWANG-HUAIJI|SHIYONG-YUELING-XIANGFU|GE-QUALITY|SHI-ZHU-JI|YONGSHEN-STRUCTURE|YONGSHEN-FINAL|ZHONG-HE,徐乐吾曰：单懋谦命，同治二年三月十二日子时。丙癸并透，翰林出身，官拜大学士。,[]
穷通宝鉴,穷通宝鉴-0355,丁丑甲辰戊寅丙辰,戊,HEAVY,REN-CAIGUAN|DESHI-BUWANG|HEAVY-ROOT|YIN-PARTY|ROOT-STRUCK|ROOT-GAN-PRIORITY|SHI-GUI-LU|ZHONGGUA-2SIDE|JIRUO-WUGEN|JIWANG-HUAIJI|SHIYONG-YUELING-XIANGFU|GE-QUALITY|SHI-ZHU-JI|YONGSHEN-STRUCTURE|YONGSHEN-FINAL|ZHONG-HE,徐乐吾曰：陈符命，光绪三年三月廿二日辰时。甲丙出干，癸水藏支，用财生煞为用，位至总长，戊运己卯年元旦，被刺殒命。,[]
穷通宝鉴,穷通宝鉴-0356,癸未丙辰戊申丁巳,戊,HEAVY,REN-CAIGUAN|DESHI-BUWANG|HEAVY-ROOT|YIN-PARTY|ROOT-STRUCK|ROOT-GAN-PRIORITY|SHI-GUI-LU|ZHONGGUA-2SIDE|RI-BEI-HE|JIRUO-WUGEN|JIWANG-HUAIJI|SHIYONG-YUELING-XIANGFU|GE-QING|GE-QUALITY|YONGSHEN-STRUCTURE|YONGSHEN-FINAL|ZHONG-HE,徐乐吾曰：江精卫命，光绪九年三月廿八日巳时。归禄格，又值禄马同乡，戊禄在巳，未年驿马亦在巳，三月戊土，见丙癸并透，日晒雨润，万物得逐其生，故丙癸并用，丙禄在巳，癸之天乙亦在巳，聚敛精美，自成大贵。辰巳巽宫，未申坤宫，拱夹离宫午火，而丁火出干，神究气聚，早年行乙卯、甲寅官煞运破格，寅运辛亥年谋刺摄政，几遭杀身之祸。至子运冲动午宫，坐镇中枢，位至行政院长，亥运戊寅年被迫下台，辛巳年重见风波。,[]
穷通宝鉴,穷通宝鉴-0357,庚戌庚辰戊午丙辰,戊,HEAVY,REN-CAIGUAN|DESHI-BUWANG|XIEQI-TAIZHONG|HEAVY-ROOT|YIN-PARTY|ROOT-STRUCK|ROOT-GAN-PRIORITY|SHI-GUI-LU|ZHONGGUA-2SIDE|JIRUO-WUGEN|JIWANG-HUAIJI|SHIYONG-YUELING-XIANGFU|GE-QUALITY|WANGJI-SIWO-SHENG|SHI-ZHU-JI|YONGSHEN-STRUCTURE|YONGSHEN-FINAL|ZHONG-HE,徐乐吾曰：吴兆年命，宣统二年三月十四日辰时。用庚金泄土气，丙火出干，用神被伤，民国二十六年丁丑九月，死于先施公司炸弹之役，年廿八。,[]
穷通宝鉴,穷通宝鉴-0358,甲寅戊辰戊辰甲寅,戊,HEAVY,REN-CAIGUAN|DESHI-BUWANG|HEAVY-ROOT|BIJIE-PARTY|ROOT-STRUCK|ROOT-GAN-PRIORITY|SHI-GUI-LU|ZHONGGUA-2SIDE|JIRUO-WUGEN|JIWANG-HUAIJI|SHIYONG-YUELING-XIANGFU|GE-QUALITY|SHI-ZHU-JI|YONGSHEN-STRUCTURE|YONGSHEN-FINAL|ZHONG-HE,徐乐吾曰：朱宝霞命，民国三年正月十七日寅时。寅辰夹卯，两甲并出，戊辰又犯红艳桃花，故为女名伶之命。三春戊土总论三春戊土，无丙照暖，戊土不生，无甲疏劈，戊土不灵，无癸滋润，万物不长，正二月先丙后甲，癸又次之，三月先甲后丙，癸又次之，因戊土司权故也，有甲、丙、癸、三者齐透，必主一品当朝，或二透一藏，亦登金榜，二藏一透，也可异途。徐乐吾曰：总论三春戊土，戊土长生在寅，而寅宫甲木临官，木旺土崩，势将倾颓。,[]
穷通宝鉴,穷通宝鉴-0359,丙戌癸巳戊午丁巳,戊,HEAVY,REN-CAIGUAN|SHISHI-BURUO|HEAVY-ROOT|YIN-PARTY|ROOT-GAN-PRIORITY|HE-HUASHEN-DESHI|SHI-GUI-LU|ZHONGGUA-2SIDE|RI-BEI-HE|JIRUO-WUGEN|JIWANG-HUAIJI|SHIYONG-YUELING-XIANGFU|GE-QING|GE-QUALITY|CAI-RUO-SHEN-QIANG|YONGSHEN-STRUCTURE|YONGSHEN-FINAL|ZHONG-HE,，化火得时，大贵之格。或支成金局，干出癸水，此为奇格。正是土润金生，即不为桃浪之客，定有异路恩荣。徐乐吾曰：巳宫庚金长生，以火土炎燥之故，金气甚微，不能为用，见酉丑会巳成局，湿土生金，庚金即可用。更得癸水出干，名土润金生，土金伤官，体用同宫，得癸水润土，功成反生，有挽回造化之妙，故云奇特之格，以经纶智勇为国家造福，不仅个人富贵而已也。用癸水者，金妻水子，子肖，妻贤能。徐乐吾曰：四月戊土，不离甲丙癸,[]
穷通宝鉴,穷通宝鉴-0360,辛亥癸巳戊午丙辰,戊,HEAVY,REN-CAIGUAN|SHISHI-BURUO|XIEQI-TAIZHONG|HEAVY-ROOT|YIN-PARTY|ROOT-STRUCK|ROOT-GAN-PRIORITY|WANGCHONG-SHUAI|HE-HUASHEN-DESHI|SHI-GUI-LU|ZHONGGUA-2SIDE|RI-BEI-HE|JIRUO-WUGEN|JIWANG-HUAIJI|JISHUAI-CONGSHENG|SHIYONG-YUELING-XIANGFU|GE-QUALITY|SHI-ZHU-JI|YONGSHEN-STRUCTURE|YONGSHEN-FINAL|ZHONG-HE,化合逢时，名重玉堂徐乐吾曰：戊癸相合，时透丙辰，化火斯真。年见辛亥，戊癸何以能化，正以巳亥相冲，亥宫壬甲与午宫丁巳相合，逢辰变化以起，时逢孟夏，火气当旺之时，为化合逢时也。,[]
穷通宝鉴,穷通宝鉴-0361,癸丑丁巳戊午丁巳,戊,HEAVY,REN-CAIGUAN|SHISHI-BURUO|HEAVY-ROOT|YIN-PARTY|ROOT-STRUCK|ROOT-GAN-PRIORITY|HE-HUASHEN-DESHI|SHI-GUI-LU|ZHONGGUA-2SIDE|RI-BEI-HE|JIRUO-WUGEN|JIWANG-HUAIJI|SHIYONG-YUELING-XIANGFU|GE-QUALITY|YONGSHEN-STRUCTURE|YONGSHEN-FINAL|ZHONG-HE,癸水虽出年干，乏甲疏土，秀才而已。徐乐吾曰：戊癸隔位不合，又不逢辰，故不化。癸水出年干，通根于丑，癸透为清气，虽解火之用，乏甲疏土，无甲则土不灵，虽得解炎，而效用薄弱，所谓清气只嫌官不起，终于秀才而已。,[]
穷通宝鉴,穷通宝鉴-0362,己未己巳戊午乙卯,戊,HEAVY,REN-CAIGUAN|SHISHI-BURUO|HEAVY-ROOT|BIJIE-PARTY|ROOT-STRUCK|ROOT-GAN-PRIORITY|ZHONGGUA-2SIDE|JIRUO-WUGEN|JIWANG-HUAIJI|GE-QING|GE-QUALITY|CAI-RUO-SHEN-QIANG|SHI-ZHU-JI|YONGSHEN-STRUCTURE|YONGSHEN-FINAL|ZHONG-HE,徐乐吾曰：蔡乃煌命，咸丰九年四月十八日卯时。支聚巳午未南方，卯巳午三奇，四柱无滴水解炎，乙卯官星，气泄于火，格成专旺，火土偏于炎燥，又不宜见水破用，所谓杯水车薪，反激为祸是也。运行乙丑甲，位至上海道，子运去职，癸亥运比劫争财，壬戌运不得善终。,[]
穷通宝鉴,穷通宝鉴-0363,庚辰辛巳戊戌丁巳,戊,HEAVY,REN-CAIGUAN|SHISHI-BURUO|XIEQI-TAIZHONG|HEAVY-ROOT|YIN-PARTY|ROOT-STRUCK|ROOT-GAN-PRIORITY|SHI-GUI-LU|ZHONGGUA-2SIDE|JIRUO-WUGEN|JIWANG-HUAIJI|JISHUAI-CONGSHENG|SHIYONG-YUELING-XIANGFU|GE-QUALITY|YONGSHEN-STRUCTURE|YONGSHEN-FINAL|ZHONG-HE,徐乐吾：方本仁命，光绪六年四月初一日巳时。庚辛出干，辰中暗藏癸水，有土润生金之意，特金不成局，癸不出干，具体而微，不能以成格论也。白话译文四月（农历巳月）的戊土，是阳气蓬勃上升、寒气仍潜藏于内的时节，表面坚实而内里空虚。此时不惧火气炎烤，但若无阳气推动催生，万物依然难以生长。因此调候首要用甲木（阳木）来疏松劈开板结的土壤，其次以丙火（太阳之火）和癸水（雨露之水）辅助。四月戊土正当月令建禄，火土炎燥,[]
穷通宝鉴,穷通宝鉴-0364,辛未甲午戊寅壬子,戊,HEAVY,REN-CAIGUAN|HEAVY-ROOT|ROOT-STRUCK|ROOT-GAN-PRIORITY|WANGCHONG-SHUAI|ZHONGGUA-2SIDE|JIRUO-WUGEN|JIWANG-HUAIJI|GE-QUALITY|SHI-ZHU-JI|YONGSHEN-STRUCTURE|YONGSHEN-FINAL|ZHONG-HE,，壬甲两透，印旺杀高，出将入相，名播四夷。徐乐吾曰：此言财滋弱煞为用，壬水至巳午月绝地，得辛以生之，为壬水之源，格局愈增美备，辛未一造，寅午会局，得时秉令，故云印旺。时逢壬子，财旺生煞，故云煞高。有壬水之财，甲木之用方显，若易以甲寅时，七煞虽旺，木被火焚，土盛木折，不能用也。若支成火局，虽有癸水，不能大济，杯水难济车薪也，人命合此，即好学不倦，终不成名，中年且主目疾。若得壬水出干，则非此比，虽不见,[]
穷通宝鉴,穷通宝鉴-0365,丁丑丙午戊寅丙辰,戊,HEAVY,REN-CAIGUAN|SHISHI-BURUO|HEAVY-ROOT|YIN-PARTY|ROOT-STRUCK|ROOT-GAN-PRIORITY|SHI-GUI-LU|ZHONGGUA-2SIDE|JIRUO-WUGEN|JIWANG-HUAIJI|GE-QUALITY|SHI-ZHU-JI|YONGSHEN-STRUCTURE|YONGSHEN-FINAL|ZHONG-HE,残疾瞽目，常人。徐乐吾曰：用丑辰中癸水，被火土熬干，残疾瞽目，常人而已。,[]
穷通宝鉴,穷通宝鉴-0366,辛亥甲午戊子己未,戊,HEAVY,REN-CAIGUAN|SHISHI-BURUO|HEAVY-ROOT|BIJIE-PARTY|ROOT-STRUCK|ROOT-GAN-PRIORITY|WANGCHONG-SHUAI|SHI-GUI-LU|ZHONGGUA-2SIDE|JIRUO-WUGEN|JIWANG-HUAIJI|SHIYONG-YUELING-XIANGFU|GE-QUALITY|SHI-ZHU-JI|YONGSHEN-STRUCTURE|YONGSHEN-FINAL|ZHONG-HE,徐乐吾曰：翁文端命，乾隆五十六年五月十四日未时。用亥宫壬水生甲木，辛金出干，为水之源，位至大学士。,[]
穷通宝鉴,穷通宝鉴-0367,己丑庚午戊午戊午,戊,HEAVY,REN-CAIGUAN|SHISHI-BURUO|XIEQI-TAIZHONG|HEAVY-ROOT|BIJIE-PARTY|ROOT-STRUCK|ROOT-GAN-PRIORITY|SHI-GUI-LU|ZHONGGUA-2SIDE|JIRUO-WUGEN|JIWANG-HUAIJI|JISHUAI-CONGSHENG|SHIYONG-YUELING-XIANGFU|GE-QUALITY|YONGSHEN-STRUCTURE|YONGSHEN-FINAL|ZHONG-HE,徐乐吾曰：岑毓英命，道光九年五月廿五日午时。丑宫癸水熬干，格成专旺，运行东方，官至宫保。,[]
穷通宝鉴,穷通宝鉴-0368,丁未丙午戊子戊午,戊,HEAVY,REN-CAIGUAN|SHISHI-BURUO|HEAVY-ROOT|YIN-PARTY|BIJIE-PARTY|ROOT-STRUCK|ROOT-GAN-PRIORITY|WANGCHONG-SHUAI|SHI-GUI-LU|ZHONGGUA-2SIDE|JIRUO-WUGEN|JIWANG-HUAIJI|SHIYONG-YUELING-XIANGFU|GE-QUALITY|YONGSHEN-STRUCTURE|YONGSHEN-FINAL|ZHONG-HE,徐乐吾曰：袁海观命，道光廿七年五月初十日午时。戊癸化火格，戊子上下相合，运行东方，位至总督。,[]
穷通宝鉴,穷通宝鉴-0369,己未庚午戊戌壬子,戊,HEAVY,REN-CAIGUAN|SHISHI-BURUO|XIEQI-TAIZHONG|HEAVY-ROOT|BIJIE-PARTY|ROOT-STRUCK|ROOT-GAN-PRIORITY|WANGCHONG-SHUAI|ZHONGGUA-2SIDE|JIRUO-WUGEN|JIWANG-HUAIJI|JISHUAI-CONGSHENG|GE-QUALITY|SHI-ZHU-JI|YONGSHEN-STRUCTURE|YONGSHEN-FINAL|ZHONG-HE,徐乐吾曰：程壁光命，咸丰九年五月廿九日子时。午戌会局，得壬水出干，更有庚金生之，用财破印，虽不见申，富贵声名洋溢是也，位至海军部长。,[]
穷通宝鉴,穷通宝鉴-0370,己卯庚午戊寅丙辰,戊,HEAVY,REN-CAIGUAN|SHISHI-BURUO|HEAVY-ROOT|YIN-PARTY|BIJIE-PARTY|ROOT-STRUCK|ROOT-GAN-PRIORITY|SHI-GUI-LU|ZHONGGUA-2SIDE|JIRUO-WUGEN|JIWANG-HUAIJI|GE-QUALITY|SHI-ZHU-JI|YONGSHEN-STRUCTURE|YONGSHEN-FINAL|ZHONG-HE,徐乐吾曰：蒋锡侯命，蒋委员长异母兄也，光绪五年五月初五日辰时。戊土生午月，不可无水。此造寅卯辰全，煞印两旺，己土阳刃出干，惟取庚金化刃生财，时上财临库地，得回光返照之气，大运亦唯晚岁乙丑十年耳，己土临官当旺，兄因弟贵，民国十七年戊辰，任浙海关监督，丙子年卒于任，年五十八。,[]
穷通宝鉴,穷通宝鉴-0371,丁丑丙午戊午甲寅,戊,HEAVY,REN-CAIGUAN|SHISHI-BURUO|HEAVY-ROOT|YIN-PARTY|ROOT-STRUCK|ROOT-GAN-PRIORITY|SHI-GUI-LU|ZHONGGUA-2SIDE|JIRUO-WUGEN|JIWANG-HUAIJI|GE-QUALITY|SHI-ZHU-JI|YONGSHEN-STRUCTURE|YONGSHEN-FINAL|ZHONG-HE,徐乐吾曰：张啸林命，光绪三年五月初四日寅时。印旺煞高，木火自焚，四柱无财，七煞助刃而不制刃，只恐阳刃倒戈，果于子运之末，庚辰年七月，被狙击殒命，寿六十四。,[]
穷通宝鉴,穷通宝鉴-0372,甲申庚午戊戌丙辰,戊,HEAVY,REN-CAIGUAN|SHISHI-BURUO|XIEQI-TAIZHONG|HEAVY-ROOT|YIN-PARTY|ROOT-STRUCK|ROOT-GAN-PRIORITY|SHI-GUI-LU|ZHONGGUA-2SIDE|JIRUO-WUGEN|JIWANG-HUAIJI|JISHUAI-CONGSHENG|GE-QUALITY|SHI-ZHU-JI|YONGSHEN-STRUCTURE|YONGSHEN-FINAL|ZHONG-HE,徐乐吾曰：席鹿笙命，光绪十年五月廿四日辰时。用申宫长生之水，甲木被伤无用，用壬水破印润土生金，故为富格而非贵，申金在年，富自上荫，魁罡逢冲，戌运被暗杀殒命。白话译文五月（仲夏午月）的戊土日主，正值火气最盛之时，土壤焦燥，调候首务是降温润泽。故以壬水（阳水，如长河大川）为第一用神，甲木（能疏松板结之土、引水流通）为辅助；丙火本已自旺，不宜再用；癸水（细雨阴柔之水）力量太薄，火炎之局难以承担。壬水与甲,"['日主旺', '旺极']"
穷通宝鉴,穷通宝鉴-0373,戊戌己未戊辰癸丑,戊,HEAVY,REN-CAIGUAN|DESHI-BUWANG|HEAVY-ROOT|BIJIE-PARTY|ROOT-STRUCK|ROOT-GAN-PRIORITY|SHI-GUI-LU|ZHONGGUA-2SIDE|RI-BEI-HE|JIRUO-WUGEN|JIWANG-HUAIJI|SHIYONG-YUELING-XIANGFU|GE-QUALITY|SHI-ZHU-JI|YONGSHEN-STRUCTURE|YONGSHEN-FINAL|ZHONG-HE,"稼穑格,有道全真。徐乐吾曰：癸水通根辰丑，虽无丙甲及辛金，然土旺而润，万物茂盛，稼穑格成也。丑宫辛金入库，故反为有道全真，僧道命造。空山修养，不求利禄，则可不问命运，如欲度世，仍不能出五行范围之外也。稼穑必须用金，水润金生，富贵之命，用水用火，皆非上格。",[]
穷通宝鉴,穷通宝鉴-0374,戊申己未戊午辛酉,戊,HEAVY,REN-CAIGUAN|DESHI-BUWANG|XIEQI-TAIZHONG|HEAVY-ROOT|BIJIE-PARTY|ROOT-GAN-PRIORITY|ZHONGGUA-2SIDE|JIWANG-HUAIJI|GE-QING|GE-QUALITY|WANGJI-SIWO-SHENG|YONGSHEN-STRUCTURE|YONGSHEN-FINAL|ZHONG-HE,稼穑格，火为病，水为药，早岁大魁天下，乏子。徐乐吾：此造亦稼穑格，土金伤官，辛金结局，不富即贵，月日时三位同旬，午未申酉联珠，精气团结，力量倍增，秀气发越，宜乎领袖群英，辛金临酉，不应乏嗣，殆午破酉之故乎？,[]
穷通宝鉴,穷通宝鉴-0375,己巳辛未戊子癸丑,戊,HEAVY,REN-CAIGUAN|DESHI-BUWANG|XIEQI-TAIZHONG|HEAVY-ROOT|BIJIE-PARTY|ROOT-STRUCK|ROOT-GAN-PRIORITY|SHI-GUI-LU|ZHONGGUA-2SIDE|RI-BEI-HE|JIRUO-WUGEN|JIWANG-HUAIJI|SHIYONG-YUELING-XIANGFU|GE-QUALITY|WANGJI-SIWO-SHENG|SHI-ZHU-JI|YONGSHEN-STRUCTURE|YONGSHEN-FINAL|ZHONG-HE,用巳中丙火，因二癸争合，好色忘名，不过一富。徐乐吾曰：此造金水气旺，三伏生寒，故用丙火，伤官生财格局，而以佩印为用也，财星就我，富而好色。,[]
穷通宝鉴,穷通宝鉴-0376,庚子癸未戊子丁巳,戊,HEAVY,REN-CAIGUAN|DESHI-BUWANG|XIEQI-TAIZHONG|HEAVY-ROOT|YIN-PARTY|ROOT-STRUCK|ROOT-GAN-PRIORITY|SHI-GUI-LU|ZHONGGUA-2SIDE|RI-BEI-HE|JIRUO-WUGEN|JIWANG-HUAIJI|GE-QUALITY|WANGJI-SIWO-SHENG|YONGSHEN-STRUCTURE|YONGSHEN-FINAL|ZHONG-HE,假伤官格，学博，子大贵。徐乐吾曰：假伤官格，食神生财而财旺，宜用印劫，日禄归时，帮身为喜。时为子位，故子贵。,[]
穷通宝鉴,穷通宝鉴-0377,庚子癸未戊子丁巳,戊,HEAVY,REN-CAIGUAN|DESHI-BUWANG|XIEQI-TAIZHONG|HEAVY-ROOT|YIN-PARTY|ROOT-STRUCK|ROOT-GAN-PRIORITY|SHI-GUI-LU|ZHONGGUA-2SIDE|RI-BEI-HE|JIRUO-WUGEN|JIWANG-HUAIJI|GE-QUALITY|WANGJI-SIWO-SHENG|YONGSHEN-STRUCTURE|YONGSHEN-FINAL|ZHONG-HE,假伤官格，府驳知州，五子早中。徐乐吾曰：此造亦是三伏生寒，伤官生财格局用印，日禄归时，丙火临于时上，故多子，戊癸相合，必巨富也。,[]
穷通宝鉴,穷通宝鉴-0378,癸未己未戊戌丁巳,戊,HEAVY,REN-CAIGUAN|HEAVY-ROOT|YIN-PARTY|BIJIE-PARTY|ROOT-STRUCK|ROOT-GAN-PRIORITY|SHI-GUI-LU|ZHONGGUA-2SIDE|RI-BEI-HE|JIRUO-WUGEN|JIWANG-HUAIJI|GE-QING|GE-QUALITY|CAI-RUO-SHEN-QIANG|YONGSHEN-STRUCTURE|YONGSHEN-FINAL|ZHONG-HE,徐乐吾：丁日昌命，道光三年六月初一日巳时。此造胎元庚戌，日禄归时，用胎元庚金，位至总督。,[]
穷通宝鉴,穷通宝鉴-0379,己亥辛未戊寅乙卯,戊,HEAVY,REN-CAIGUAN|DESHI-BUWANG|HEAVY-ROOT|BIJIE-PARTY|ROOT-STRUCK|ROOT-GAN-PRIORITY|ZHONGGUA-2SIDE|JIRUO-WUGEN|JIWANG-HUAIJI|SHIYONG-YUELING-XIANGFU|GE-QING|GE-QUALITY|WANGJI-SIWO-SHENG|SHI-ZHU-JI|YONGSHEN-STRUCTURE|YONGSHEN-FINAL|ZHONG-HE,徐乐吾曰：廖寿恒命，道光十九年六月十四日卯时。三伏生寒，用寅宫丙火化官煞，官至尚书。,[]
穷通宝鉴,穷通宝鉴-0380,庚子癸未戊寅壬子,戊,HEAVY,REN-CAIGUAN|DESHI-BUWANG|HEAVY-ROOT|ROOT-STRUCK|ROOT-GAN-PRIORITY|ZHONGGUA-2SIDE|RI-BEI-HE|JIRUO-WUGEN|JIWANG-HUAIJI|GE-QUALITY|WANGJI-SIWO-SHENG|SHI-ZHU-JI|YONGSHEN-STRUCTURE|YONGSHEN-FINAL|ZHONG-HE,徐乐吾曰：叶澄衷命，道光二十年六月二十日子时。金水进气，三伏生寒，用寅宫丙火，癸水财星输情于戊，故为大富。戊土临寅，印归坐下，富由自创，子寅夹丑拱贵，未冲之，子合之，无形中得贵人提挈也。白话译文六月（未月）的戊土日主，正值盛夏，土性干燥枯焦，调候首要用癸水（天干之水，性质阴柔，象征雨露），其次才考虑丙火与甲木。徐乐吾指出：五月与六月同属火炎土燥，但病因有别——五月问题在火势过旺，故用壬水克火；六月,[]
穷通宝鉴,穷通宝鉴-0381,壬寅戊申戊辰壬午,戊,HEAVY,REN-CAIGUAN|SHISHI-BURUO|HEAVY-ROOT|BIJIE-PARTY|ROOT-STRUCK|ROOT-GAN-PRIORITY|WANGCHONG-SHUAI|SHI-GUI-LU|ZHONGGUA-2SIDE|JIRUO-WUGEN|JIWANG-HUAIJI|GE-QUALITY|YONGSHEN-STRUCTURE|YONGSHEN-FINAL|ZHONG-HE,太守。徐乐吾曰：年干财星被劫，时干财星可用。戊辰日坐魁罡，午火生之。身旺用财，财归坐下辰库为贵也。,['身旺']
穷通宝鉴,穷通宝鉴-0382,庚寅甲申戊寅癸丑,戊,HEAVY,REN-CAIGUAN|XIEQI-TAIZHONG|HEAVY-ROOT|ROOT-STRUCK|ROOT-GAN-PRIORITY|WANGCHONG-SHUAI|SHI-GUI-LU|ZHONGGUA-2SIDE|RI-BEI-HE|JIRUO-WUGEN|JIWANG-HUAIJI|JISHUAI-CONGSHENG|GE-QUALITY|SHI-ZHU-JI|YONGSHEN-STRUCTURE|YONGSHEN-FINAL|ZHONG-HE,先贫后富，多子。徐乐吾曰：庚寅、甲申，年月交克，宜乎早年贫苦。戊癸相合，财来就我，为富造也。,[]
穷通宝鉴,穷通宝鉴-0383,壬寅戊申戊辰甲寅,戊,HEAVY,REN-CAIGUAN|SHISHI-BURUO|HEAVY-ROOT|BIJIE-PARTY|ROOT-STRUCK|ROOT-GAN-PRIORITY|WANGCHONG-SHUAI|SHI-GUI-LU|ZHONGGUA-2SIDE|JIRUO-WUGEN|JIWANG-HUAIJI|SHIYONG-YUELING-XIANGFU|GE-QUALITY|SHI-ZHU-JI|YONGSHEN-STRUCTURE|YONGSHEN-FINAL|ZHONG-HE,抚院徐乐吾曰：申辰会局透壬，专用甲木泄水气，喜丙癸甲俱全，大贵之命。,[]
穷通宝鉴,穷通宝鉴-0384,壬寅戊申戊辰戊午,戊,HEAVY,REN-CAIGUAN|SHISHI-BURUO|HEAVY-ROOT|BIJIE-PARTY|ROOT-STRUCK|ROOT-GAN-PRIORITY|WANGCHONG-SHUAI|SHI-GUI-LU|ZHONGGUA-2SIDE|JIRUO-WUGEN|JIWANG-HUAIJI|GE-QUALITY|YONGSHEN-STRUCTURE|YONGSHEN-FINAL|ZHONG-HE,太守徐乐吾曰：用辰中癸水，寅中长生之丙，得禄之甲，惜俱藏支下，仅以知府终。,[]
穷通宝鉴,穷通宝鉴-0385,己酉壬申戊申壬子,戊,LIGHT,REN-CAIGUAN|SHISHI-BURUO|LIGHT-ROOT|BIJIE-PARTY|ROOT-GAN-PRIORITY|ZHONGGUA-2SIDE|JIRUO-WUGEN|GE-QING|GE-QUALITY|SHI-ZHU-JI|YONGSHEN-STRUCTURE|YONGSHEN-FINAL|ZHONG-HE,假功名，真富翁，盖五行只三，故一妻二妾无子。徐乐吾曰：子申会局，两壬透子，财旺而官印俱无，一富而已。财多，故多妻妾，喜得行南方比劫运，补身弱之缺，否则富亦不真矣。,['身弱']
穷通宝鉴,穷通宝鉴-0386,甲午壬申戊子丙辰,戊,HEAVY,REN-CAIGUAN|SHISHI-BURUO|HEAVY-ROOT|YIN-PARTY|ROOT-STRUCK|ROOT-GAN-PRIORITY|SHI-GUI-LU|ZHONGGUA-2SIDE|JIRUO-WUGEN|JIWANG-HUAIJI|SHIYONG-YUELING-XIANGFU|GE-QUALITY|SHI-ZHU-JI|YONGSHEN-STRUCTURE|YONGSHEN-FINAL|ZHONG-HE,壬丙甲俱透天干，地支又成水局，内阁翰林。徐乐吾曰：此造所谓支成水局，勿作从财，用甲泄水气是也。以丙透干，故甲木可用以取贵。,[]
穷通宝鉴,穷通宝鉴-0387,癸酉庚申戊午甲寅,戊,HEAVY,REN-CAIGUAN|XIEQI-TAIZHONG|HEAVY-ROOT|ROOT-STRUCK|ROOT-GAN-PRIORITY|WANGCHONG-SHUAI|SHI-GUI-LU|ZHONGGUA-2SIDE|RI-BEI-HE|JIRUO-WUGEN|JIWANG-HUAIJI|JISHUAI-CONGSHENG|SHIYONG-YUELING-XIANGFU|GE-QUALITY|SHI-ZHU-JI|YONGSHEN-STRUCTURE|YONGSHEN-FINAL|ZHONG-HE,徐乐吾曰：荣宗敬命，同治十二年七月十二日寅时。甲癸透，丙藏，寅午会局，身强印旺，甲木被庚金所克，富而非贵，地支午申酉夹未，为甲戊庚之贵人，其不能取贵者，正以庚克甲木偏官，损其贵气故也，癸,['身强']
穷通宝鉴,穷通宝鉴-0388,癸酉辛酉戊寅戊午,戊,HEAVY,REN-CAIGUAN|SHISHI-BURUO|XIEQI-TAIZHONG|HEAVY-ROOT|BIJIE-PARTY|ROOT-GAN-PRIORITY|SHI-GUI-LU|ZHONGGUA-2SIDE|RI-BEI-HE|JIRUO-WUGEN|JIWANG-HUAIJI|JISHUAI-CONGSHENG|GE-QUALITY|CAI-RUO-SHEN-QIANG|YONGSHEN-STRUCTURE|YONGSHEN-FINAL|ZHONG-HE,，未知孰是，并录之以备参考。白话译文七月（申月）的戊土，随着火气逐渐收敛、金水之气渐盛，阳热减退而寒意初显。此时调候（调节气候平衡的用神）首选丙火来温暖土气，其次取癸水滋润，再以甲木疏通。徐乐吾注：土寄生于申，虽得申月为生地，但火气已衰，土气虚寒，不能当旺论。秋土最需丙火暖照，阳气充足后再引癸水雨露滋养，土气壅塞则以甲木疏通，三者配合方使土归中和、功用大显。格局高下：丙、癸、甲三者俱透天干，为三奇,['中和']
穷通宝鉴,穷通宝鉴-0389,戊子辛酉戊子壬子,戊,NONE,CAIDUO-SHENRUAN|XIEQI-TAIZHONG|ZHONGGUA-2SIDE|JIRUO-WUGEN|WUGEN-YOUFU|JISHUAI-CONGSHENG|GE-QING|GE-QUALITY|YUN-SHENG-ROOT|SHI-ZHU-JI|YONGSHEN-STRUCTURE|YONGSHEN-FINAL,偏财格。徐乐吾曰：此造财多身弱，非用戊土比肩分护财神不可，倘无丙寅、丁卯之运，恐难上达，惟局势清，地位身份自有耳。,['身弱']
穷通宝鉴,穷通宝鉴-0390,戊子辛酉戊申辛酉,戊,LIGHT,REN-CAIGUAN|SHISHI-BURUO|XIEQI-TAIZHONG|LIGHT-ROOT|BIJIE-PARTY|ROOT-GAN-PRIORITY|ZHONGGUA-2SIDE|JIRUO-WUGEN|JISHUAI-CONGSHENG|SHIYONG-YUELING-XIANGFU|GE-QUALITY|YONGSHEN-STRUCTURE|YONGSHEN-FINAL|ZHONG-HE,两干不杂，总兵。徐乐吾曰：戊土临申，虽长生不旺，辛多而无克制，更见癸水，正合土金伤官见癸之说，然其发达，亦待丙丁运助之也。,[]
穷通宝鉴,穷通宝鉴-0391,丁亥己酉戊子丁巳,戊,HEAVY,REN-CAIGUAN|SHISHI-BURUO|HEAVY-ROOT|YIN-PARTY|BIJIE-PARTY|ROOT-STRUCK|ROOT-GAN-PRIORITY|WANGCHONG-SHUAI|SHI-GUI-LU|ZHONGGUA-2SIDE|JIRUO-WUGEN|JIWANG-HUAIJI|GE-QUALITY|YONGSHEN-STRUCTURE|YONGSHEN-FINAL|ZHONG-HE,徐乐吾曰：杨毓秀命，光绪十三年八月初四日巳时。伤官生财，妙在日禄归时，印劫并透，身旺任财，而财归坐下，与日元上下相合，财情专属，无可分夺，富贵兼全，富重于贵。,['身旺']
穷通宝鉴,穷通宝鉴-0392,戊戌辛酉戊戌丙辰,戊,HEAVY,REN-CAIGUAN|SHISHI-BURUO|XIEQI-TAIZHONG|YIN-PARTY|BIJIE-PARTY|ROOT-STRUCK|ROOT-GAN-PRIORITY|SHI-GUI-LU|ZHONGGUA-2SIDE|JIRUO-WUGEN|JIWANG-HUAIJI|JISHUAI-CONGSHENG|GE-QUALITY|SHI-ZHU-JI|YONGSHEN-STRUCTURE|YONGSHEN-FINAL|ZHONG-HE,徐乐吾曰：朱博泉命，光绪二十四年八月十七日辰时。土金伤官格，丙火透干，羁合伤官，辰为财库，财星归库，一富格也，五子八女。白话译文八月（农历八月，白露至寒露）的戊土日主，正值辛金当令旺相，金气不断泄耗土的元气，加之秋气渐凉，土体偏寒。此时戊土最需丙火（太阳之火）来照暖温润，再辅以癸水（雨露之水）滋养，取用顺序是先丙后癸，月令中金气已旺，无需再借甲木来疏通土体。丙、癸两字同时透出天干，则命主科举出身、,"['身弱', '旺相']"
穷通宝鉴,穷通宝鉴-0393,己酉甲戌戊辰丙辰,戊,HEAVY,REN-CAIGUAN|DESHI-BUWANG|HEAVY-ROOT|YIN-PARTY|BIJIE-PARTY|ROOT-STRUCK|ROOT-GAN-PRIORITY|HE-HUASHEN-DESHI|SHI-GUI-LU|ZHONGGUA-2SIDE|JIRUO-WUGEN|JIWANG-HUAIJI|SHIYONG-YUELING-XIANGFU|GE-QUALITY|SHI-ZHU-JI|YONGSHEN-STRUCTURE|YONGSHEN-FINAL|ZHONG-HE,丙甲出干，二辰藏癸，两榜，孝廉。徐乐吾曰：甲己一合，羁绊用神为病，否则，地位当不止此。好在两辰蓄水，不至于枯燥也。,[]
穷通宝鉴,穷通宝鉴-0394,丙戌戊戌戊寅壬子,戊,HEAVY,REN-CAIGUAN|DESHI-BUWANG|HEAVY-ROOT|YIN-PARTY|BIJIE-PARTY|ROOT-GAN-PRIORITY|ZHONGGUA-2SIDE|JIWANG-HUAIJI|GE-QING|GE-QUALITY|SHI-ZHU-JI|YONGSHEN-STRUCTURE|YONGSHEN-FINAL|ZHONG-HE,丙癸甲皆全，惜未出干，只一贡生。徐乐吾曰：此造亦为富格，寅戌会合，煞印相生，专用财星，不作财滋弱煞论也。惜比肩出干争财，以得运助为美。,[]
穷通宝鉴,穷通宝鉴-0395,丁酉庚戌戊寅乙卯,戊,HEAVY,REN-CAIGUAN|DESHI-BUWANG|XIEQI-TAIZHONG|HEAVY-ROOT|YIN-PARTY|ROOT-STRUCK|ROOT-GAN-PRIORITY|WANGCHONG-SHUAI|ZHONGGUA-2SIDE|JIRUO-WUGEN|JIWANG-HUAIJI|GE-QUALITY|CAI-RUO-SHEN-QIANG|WANGJI-SIWO-SHENG|SHI-ZHU-JI|YONGSHEN-STRUCTURE|YONGSHEN-FINAL|ZHONG-HE,白手兴家，大富。徐乐吾曰：此造乙木官星，又见庚金出干，无财为辅，官星被伤，喜丁火制庚为救，行南方运而发，无财生官，富而不贵也。,[]
穷通宝鉴,穷通宝鉴-0396,丙子戊戌戊辰己未,戊,HEAVY,REN-CAIGUAN|HEAVY-ROOT|YIN-PARTY|BIJIE-PARTY|ROOT-STRUCK|ROOT-GAN-PRIORITY|SHI-GUI-LU|ZHONGGUA-2SIDE|JIRUO-WUGEN|JIWANG-HUAIJI|SHIYONG-YUELING-XIANGFU|GE-QUALITY|SHI-ZHU-JI|YONGSHEN-STRUCTURE|YONGSHEN-FINAL|ZHONG-HE,猛虎巡山格，官至少保。徐乐吾曰：此稼穑格，乃变局也。生于九月，得火为贵。好在子辰遥会，戊土不燥，干有秋阳曝之，水火既济，宜乎大贵，福泽厚矣。按：若猛虎巡山格，当为丙寅年，非丙子年也。,[]
穷通宝鉴,穷通宝鉴-0397,丁亥庚戌戊戌癸亥,戊,LIGHT,REN-CAIGUAN|DESHI-BUWANG|XIEQI-TAIZHONG|LIGHT-ROOT|YIN-PARTY|ROOT-GAN-PRIORITY|ZHONGGUA-2SIDE|RI-BEI-HE|JIRUO-WUGEN|GE-QUALITY|SHI-ZHU-JI|YONGSHEN-STRUCTURE|YONGSHEN-FINAL|ZHONG-HE,印多官旺，反得中和。庠生，大富。徐乐吾曰：此造以财为用，财临旺地而合于戊，又有庚金生之，自为大富之造，非用官印也。,['中和']
穷通宝鉴,穷通宝鉴-0398,癸未壬戌戊戌乙卯,戊,HEAVY,REN-CAIGUAN|DESHI-BUWANG|HEAVY-ROOT|ROOT-STRUCK|ROOT-GAN-PRIORITY|ZHONGGUA-2SIDE|RI-BEI-HE|JIRUO-WUGEN|JIWANG-HUAIJI|GE-QING|GE-QUALITY|CAI-RUO-SHEN-QIANG|SHI-ZHU-JI|YONGSHEN-STRUCTURE|YONGSHEN-FINAL|ZHONG-HE,徐乐吾曰：倪文蔚命，道光三年十月初三日卯时。当是甲寅时，进士出身，位至巡抚，若乙卯时，无此地位也。,[]
穷通宝鉴,穷通宝鉴-0399,庚子丙戌戊申壬子,戊,LIGHT,REN-CAIGUAN|DESHI-BUWANG|XIEQI-TAIZHONG|LIGHT-ROOT|YIN-PARTY|ROOT-GAN-PRIORITY|ZHONGGUA-2SIDE|JIRUO-WUGEN|GE-QING|GE-QUALITY|SHI-ZHU-JI|YONGSHEN-STRUCTURE|YONGSHEN-FINAL|ZHONG-HE,徐乐吾曰：醇亲王奕譞命，光绪帝之父也，道光二十年九月二十一日子时。虽父以子贵，所享者仍是丙火荫庇之福也，光绪辛卯年逝世，年五十一。,[]
穷通宝鉴,穷通宝鉴-0400,甲辰甲戌戊子甲寅,戊,HEAVY,REN-CAIGUAN|DESHI-BUWANG|HEAVY-ROOT|ROOT-STRUCK|ROOT-GAN-PRIORITY|SHI-GUI-LU|ZHONGGUA-2SIDE|JIRUO-WUGEN|JIWANG-HUAIJI|SHIYONG-YUELING-XIANGFU|GE-QUALITY|SHI-ZHU-JI|YONGSHEN-STRUCTURE|YONGSHEN-FINAL|ZHONG-HE,"徐乐吾曰：盛宣怀命，道光廿四年九月二十四日寅时。甲透癸藏，丙火藏寅为配合，位至邮传部尚书，财归坐下，大富。白话译文九月为戌月，戊土（大地之土）正当令，本身已经旺盛，因此不能单靠丙火（太阳之火）来温养，否则反使土过燥失活。用神（命局中最关键的调候元素）的选取顺序是：先看甲木（参天之木），以其疏松土性、制约土旺；再取癸水（雨露之水）来润泽。但须防止戊土与癸水相合——两者一合，癸水便被戊土""截留""，无法",[]
穷通宝鉴,穷通宝鉴-0401,壬申辛亥戊寅庚申,戊,HEAVY,REN-CAIGUAN|XIEQI-TAIZHONG|HEAVY-ROOT|ROOT-STRUCK|ROOT-GAN-PRIORITY|WANGCHONG-SHUAI|SHI-GUI-LU|ZHONGGUA-2SIDE|JIRUO-WUGEN|JISHUAI-CONGSHENG|SHIYONG-YUELING-XIANGFU|GE-QUALITY|SHI-ZHU-JI|YONGSHEN-STRUCTURE|YONGSHEN-FINAL|ZHONG-HE,名合禄格，位至府尹，盖支下四皆生地，故运遇东南，大贵。徐乐吾曰：《喜忌篇》云：庚申时逢戊日，名食神干旺之方，岁月犯甲丙卯寅，此乃遇而不遇。盖戊日见庚申时，名专食合禄格，以申合巳为戊之禄，寅刑巳，亥冲巳，全局虚神集注巳禄，戊土不旺，专取食神泄秀也，运至东南方，火土得地而发。,[]
穷通宝鉴,穷通宝鉴-0402,壬申辛亥戊辰乙卯,戊,HEAVY,REN-CAIGUAN|XIEQI-TAIZHONG|HEAVY-ROOT|ROOT-STRUCK|ROOT-GAN-PRIORITY|ZHONGGUA-2SIDE|JIRUO-WUGEN|JISHUAI-CONGSHENG|GE-QUALITY|SHI-ZHU-JI|YONGSHEN-STRUCTURE|YONGSHEN-FINAL|ZHONG-HE,忠厚，有子不立，乙卯破败故也。徐乐吾曰：乙木无疏土之功，故主忠厚，官星为子，辛金克之，戊生于寅，至卯沐浴破败之乡，故有子不立也。,[]
穷通宝鉴,穷通宝鉴-0403,己亥乙亥戊子壬戌,戊,LIGHT,REN-CAIGUAN|SHISHI-BURUO|LIGHT-ROOT|BIJIE-PARTY|ROOT-GAN-PRIORITY|SHI-GUI-LU|ZHONGGUA-2SIDE|JIRUO-WUGEN|GE-QUALITY|YONGSHEN-STRUCTURE|YONGSHEN-FINAL|ZHONG-HE,偏财格，运行火地方发。徐乐吾曰：壬水出干，偏财太旺，戊土仅恃时支戌宫通根，时为终局，故晚运佳也，火地者，戊土生旺之地，中年之后，运行南方，印比帮身，分散财神，宜其发达，然富而非贵富者，自有相当地位耳。,[]
穷通宝鉴,穷通宝鉴-0404,癸卯癸亥戊辰戊午,戊,HEAVY,REN-CAIGUAN|SHISHI-BURUO|HEAVY-ROOT|BIJIE-PARTY|ROOT-STRUCK|ROOT-GAN-PRIORITY|SHI-GUI-LU|ZHONGGUA-2SIDE|RI-BEI-HE|JIRUO-WUGEN|GE-QUALITY|YONGSHEN-STRUCTURE|YONGSHEN-FINAL|ZHONG-HE,阳刃驾煞格，府尹。徐乐吾曰：戊辰魁罡，阳刃在午，亥宫甲木七煞，名为阳刃驾煞。而煞刃皆弱，好在两戊两癸，真火暗助，化煞助刃，宜为郡侯之贵也。,[]
穷通宝鉴,穷通宝鉴-0405,丁卯辛亥戊午壬戌,戊,HEAVY,REN-CAIGUAN|SHISHI-BURUO|XIEQI-TAIZHONG|HEAVY-ROOT|YIN-PARTY|ROOT-STRUCK|ROOT-GAN-PRIORITY|SHI-GUI-LU|ZHONGGUA-2SIDE|JIRUO-WUGEN|JISHUAI-CONGSHENG|GE-QING|GE-QUALITY|YONGSHEN-STRUCTURE|YONGSHEN-FINAL|ZHONG-HE,徐乐吾曰：王一亭命，同治六年十一月初九日戌时。亥宫壬水得禄，财通门户（月令为门户），更有辛金相生，戊土日元，支临午戌会局，身旺任财，早年西方之运，以身发财，中年之后，一派南方印运，以慈善事业斐声社会，至甲运戊寅年十一月殁，寿七十二。,['身旺']
穷通宝鉴,穷通宝鉴-0406,壬申辛亥戊辰甲寅,戊,HEAVY,REN-CAIGUAN|XIEQI-TAIZHONG|HEAVY-ROOT|ROOT-STRUCK|ROOT-GAN-PRIORITY|SHI-GUI-LU|ZHONGGUA-2SIDE|JIRUO-WUGEN|JISHUAI-CONGSHENG|SHIYONG-YUELING-XIANGFU|GE-QUALITY|SHI-ZHU-JI|YONGSHEN-STRUCTURE|YONGSHEN-FINAL|ZHONG-HE,徐乐吾曰：孙洪伊命，同治十一年十月十七日寅时。丙火藏寅，壬水不克，惜寅申遥冲，荣华不久耳。,[]
穷通宝鉴,穷通宝鉴-0407,癸酉癸亥戊子丁巳,戊,HEAVY,REN-CAIGUAN|SHISHI-BURUO|HEAVY-ROOT|YIN-PARTY|ROOT-STRUCK|ROOT-GAN-PRIORITY|WANGCHONG-SHUAI|SHI-GUI-LU|ZHONGGUA-2SIDE|RI-BEI-HE|JIRUO-WUGEN|GE-QUALITY|YONGSHEN-STRUCTURE|YONGSHEN-FINAL|ZHONG-HE,徐乐吾曰：王俊珊命，同治十二年十月十三日巳时。日禄归时格，专用巳丙戊，运至南方比劫之地，发财巨万，为盐务总商，其富而不贵者，丙火不透，酉金损甲故也。,[]
穷通宝鉴,穷通宝鉴-0408,甲戌乙亥戊子癸亥,戊,LIGHT,REN-CAIGUAN|LIGHT-ROOT|ROOT-GAN-PRIORITY|ZHONGGUA-2SIDE|RI-BEI-HE|JIRUO-WUGEN|SHIYONG-YUELING-XIANGFU|GE-QUALITY|SHI-ZHU-JI|YONGSHEN-STRUCTURE|YONGSHEN-FINAL|ZHONG-HE,"徐乐吾曰：汤化龙命，同治十三年十月十九日亥时。支聚戌亥子西北乾坎两宫，财旺生官，专用胎元丙火，位至总长。白话译文农历十月，正值""小阳春""时节，阳气微微回升，寒意未退。戊土（厚重大地之象）在此月，优先需要甲木（参天大树之象）来疏松板结的土壤，其次需要丙火（太阳之象）来温暖寒土。原理简单：没有甲木，土便僵滞无生机；没有丙火，土便冷硬难养物——两者缺一，万物便无从萌发。若甲、丙两字同时出现在天干，可望功",[]
穷通宝鉴,穷通宝鉴-0409,壬子壬子戊子壬子,戊,NONE,CAIDUO-SHENRUAN|ZHONGGUA-2SIDE|JIRUO-WUGEN|SHIYONG-YUELING-XIANGFU|GE-QING|GE-QUALITY|YUN-SHENG-ROOT|SHI-ZHU-JI|YONGSHEN-STRUCTURE|YONGSHEN-FINAL,从财格，太史。徐乐吾曰：前清桐城张文端公英命造，生于康熙十一年壬子十一月十七日子时。水多土荡，四柱无一点比印，从财成格无碍，同此八个字，翰林出身，父子宰相，配享太庙，为清代第一名臣，与此造未知是一是二。盖此书命造，多后人加入也。,[]
穷通宝鉴,穷通宝鉴-0410,戊寅甲子戊辰戊午,戊,HEAVY,REN-CAIGUAN|SHISHI-BURUO|HEAVY-ROOT|BIJIE-PARTY|ROOT-STRUCK|ROOT-GAN-PRIORITY|WANGCHONG-SHUAI|SHI-GUI-LU|ZHONGGUA-2SIDE|JIRUO-WUGEN|GE-QUALITY|YONGSHEN-STRUCTURE|YONGSHEN-FINAL|ZHONG-HE,甲出丙藏，又戊多晦光，好客，一生贫苦。徐乐吾曰：甲出丙藏，格局无疵，唯嫌三比露干，事业虽广，财无积储。,[]
穷通宝鉴,穷通宝鉴-0411,己亥丙子戊戌庚申,戊,LIGHT,REN-CAIGUAN|SHISHI-BURUO|XIEQI-TAIZHONG|LIGHT-ROOT|YIN-PARTY|BIJIE-PARTY|ROOT-STRUCK|ROOT-GAN-PRIORITY|SHI-GUI-LU|ZHONGGUA-2SIDE|JIRUO-WUGEN|JISHUAI-CONGSHENG|GE-QUALITY|SHI-ZHU-JI|YONGSHEN-STRUCTURE|YONGSHEN-FINAL|ZHONG-HE,专用丙火，官拜侍郎。徐乐吾曰：专食合禄格，专用丙火，运至东南可发（详十月壬申造）。,[]
穷通宝鉴,穷通宝鉴-0412,己巳丙子戊寅壬戌,戊,HEAVY,REN-CAIGUAN|SHISHI-BURUO|HEAVY-ROOT|YIN-PARTY|BIJIE-PARTY|ROOT-STRUCK|ROOT-GAN-PRIORITY|SHI-GUI-LU|ZHONGGUA-2SIDE|JIRUO-WUGEN|GE-QUALITY|YONGSHEN-STRUCTURE|YONGSHEN-FINAL|ZHONG-HE,徐乐吾曰：张寿龄命，同治八年十一月十一日戌时。丙透通根寅巳，财星秉令，位至财政总长。,[]
穷通宝鉴,穷通宝鉴-0413,庚辰戊子戊子庚申,戊,HEAVY,REN-CAIGUAN|SHISHI-BURUO|XIEQI-TAIZHONG|HEAVY-ROOT|BIJIE-PARTY|ROOT-GAN-PRIORITY|SHI-GUI-LU|ZHONGGUA-2SIDE|JISHUAI-CONGSHENG|GE-QING|GE-QUALITY|SHI-ZHU-JI|YONGSHEN-STRUCTURE|YONGSHEN-FINAL|ZHONG-HE,徐乐吾曰：赵恒惕命，光绪六年十一月二十四日申时。专食合禄格，伤官生财，专用巳宫丙戊以成格，故贵，位至都督，惟昙花一现耳。十二月戊土节命例：,[]
穷通宝鉴,穷通宝鉴-0414,癸卯乙丑戊申癸丑,戊,HEAVY,REN-CAIGUAN|DESHI-BUWANG|HEAVY-ROOT|ROOT-GAN-PRIORITY|SHI-GUI-LU|ZHONGGUA-2SIDE|RI-BEI-HE|JIRUO-WUGEN|JIWANG-HUAIJI|SHIYONG-YUELING-XIANGFU|GE-QING|GE-QUALITY|SHI-ZHU-JI|YONGSHEN-STRUCTURE|YONGSHEN-FINAL|ZHONG-HE,四柱无火，得戊癸化火，接引胎元丙火，申宫壬水辅阳，却用辛壬辅丙，按察，官至二品。徐乐吾曰：丑月虽云土旺，亦为金水领域，戊癸化水，为夫从妻化，非化火也。,[]
穷通宝鉴,穷通宝鉴-0415,癸卯乙丑戊申壬子,戊,HEAVY,REN-CAIGUAN|DESHI-BUWANG|HEAVY-ROOT|ROOT-GAN-PRIORITY|ZHONGGUA-2SIDE|RI-BEI-HE|JIRUO-WUGEN|JIWANG-HUAIJI|SHIYONG-YUELING-XIANGFU|GE-QUALITY|SHI-ZHU-JI|YONGSHEN-STRUCTURE|YONGSHEN-FINAL|ZHONG-HE,此时上偏财格，大贵。徐乐吾曰：此两造，皆用胎元丙火，卯丑夹寅，申金冲之，丙火虚神有气，原命财官得禄，特寒土寒木，无丙火阳和，不能显其用，丙火之重要可知矣。冬土无用水木之理，非不可用，无丙火则用之无力，不足以取贵也。,[]
穷通宝鉴,穷通宝鉴-0416,己未丁丑戊子己未,戊,HEAVY,REN-CAIGUAN|HEAVY-ROOT|YIN-PARTY|BIJIE-PARTY|ROOT-STRUCK|ROOT-GAN-PRIORITY|SHI-GUI-LU|ZHONGGUA-2SIDE|JIRUO-WUGEN|JIWANG-HUAIJI|SHIYONG-YUELING-XIANGFU|GE-QUALITY|SHI-ZHU-JI|YONGSHEN-STRUCTURE|YONGSHEN-FINAL|ZHONG-HE,徐乐吾曰：费淳命，嘉庆四年十二月初五日未时。子丑六合，土润而暖，真稼穑格也，官至宫保。,[]
穷通宝鉴,穷通宝鉴-0417,丙子辛丑戊子癸丑,戊,HEAVY,REN-CAIGUAN|DESHI-BUWANG|XIEQI-TAIZHONG|HEAVY-ROOT|ROOT-GAN-PRIORITY|SHI-GUI-LU|ZHONGGUA-2SIDE|RI-BEI-HE|JIRUO-WUGEN|JIWANG-HUAIJI|SHIYONG-YUELING-XIANGFU|GE-QING|GE-QUALITY|WANGJI-SIWO-SHENG|SHI-ZHU-JI|YONGSHEN-STRUCTURE|YONGSHEN-FINAL|ZHONG-HE,徐乐吾曰：彭刚直公玉麟命，嘉庆二十一年十二月十四日丑时。丑宫辛癸并透，又见丙火出干，同宫聚气，而得丙火真神为用，宜为千古人物，不仅一时显达也。,[]
穷通宝鉴,穷通宝鉴-0418,辛酉辛丑戊寅辛酉,戊,HEAVY,REN-CAIGUAN|DESHI-BUWANG|XIEQI-TAIZHONG|HEAVY-ROOT|ROOT-GAN-PRIORITY|ZHONGGUA-2SIDE|JIWANG-HUAIJI|SHIYONG-YUELING-XIANGFU|GE-QUALITY|WANGJI-SIWO-SHENG|YONGSHEN-STRUCTURE|YONGSHEN-FINAL|ZHONG-HE,徐乐吾曰：江朝宗命，咸丰十一年十二月二十五日酉时。土金伤官佩印，专用寅宫丙火，以丁酉、丙申运为最得意时代，位至摄揆，惜南方运交得太迟耳。,[]
穷通宝鉴,穷通宝鉴-0419,辛巳辛丑戊申壬子,戊,HEAVY,REN-CAIGUAN|DESHI-BUWANG|XIEQI-TAIZHONG|HEAVY-ROOT|ROOT-STRUCK|ROOT-GAN-PRIORITY|ZHONGGUA-2SIDE|JIRUO-WUGEN|JIWANG-HUAIJI|SHIYONG-YUELING-XIANGFU|GE-QING|GE-QUALITY|WANGJI-SIWO-SHENG|SHI-ZHU-JI|YONGSHEN-STRUCTURE|YONGSHEN-FINAL|ZHONG-HE,徐乐吾曰：万福麟命，光绪七年十一月二十日子时。土金伤官佩印，丙火藏于巳宫，位至都督。,[]
穷通宝鉴,穷通宝鉴-0420,辛巳辛丑戊申甲寅,戊,HEAVY,REN-CAIGUAN|DESHI-BUWANG|XIEQI-TAIZHONG|HEAVY-ROOT|ROOT-STRUCK|ROOT-GAN-PRIORITY|SHI-GUI-LU|ZHONGGUA-2SIDE|JIRUO-WUGEN|JIWANG-HUAIJI|GE-QUALITY|WANGJI-SIWO-SHENG|SHI-ZHU-JI|YONGSHEN-STRUCTURE|YONGSHEN-FINAL|ZHONG-HE,徐乐吾曰：姜登选命，光绪七年十一月二十日寅时。伤官见官，丙藏寅巳，三刑逢冲，位至军长，不得善终，在丙申运，丙寅年。白话译文十一月、十二月严寒冰冻，戊土（大地、山岳之象）被冰雪封固，首要任务是调节气候，因此以丙火（太阳之火）为最重要的用神，甲木（大树）作为辅助。若丙火与甲木同时透出天干，则可期望科举高中；丙火透出、甲木藏于地支，至少能做庠生、得官俸；丙火藏而甲木透出，仕途平平，充其量做些佐贰杂职；有,[]
穷通宝鉴,穷通宝鉴-0421,庚午戊寅己酉甲子,己,HEAVY,REN-CAIGUAN|SHISHI-BURUO|XIEQI-TAIZHONG|HEAVY-ROOT|BIJIE-PARTY|ROOT-STRUCK|ROOT-GAN-PRIORITY|ZHONGGUA-2SIDE|RI-BEI-HE|JIRUO-WUGEN|JISHUAI-CONGSHENG|GE-QUALITY|SHI-ZHU-JI|TIANGAN-XINGQING|YONGSHEN-STRUCTURE|YONGSHEN-FINAL|ZHONG-HE,因甲己化土，加以戊出，土重专用甲木，忌逢金地，运气不好，先贫后富。徐乐吾曰：此造甲己合而不化，土重专用甲木疏土，庚金制甲为病，木多宜制，少不宜制，无如运行庚辰辛巳，故先贫，壬午癸未，制化并行，逐步顺利，故后富，细按原评自明，无如化土一语，已成习惯，贻误后人不浅，如果化土，当以火为用，何能专用甲木乎？,[]
穷通宝鉴,穷通宝鉴-0422,庚申戊寅己酉丁卯,己,LIGHT,REN-CAIGUAN|SHISHI-BURUO|XIEQI-TAIZHONG|LIGHT-ROOT|YIN-PARTY|BIJIE-PARTY|ROOT-STRUCK|ROOT-GAN-PRIORITY|WANGCHONG-SHUAI|ZHONGGUA-2SIDE|JIRUO-WUGEN|JISHUAI-CONGSHENG|GE-QUALITY|SHI-ZHU-JI|TIANGAN-XINGQING|YONGSHEN-STRUCTURE|YONGSHEN-FINAL|ZHONG-HE,贡元。徐乐吾曰：此造戊土出干，甲木不透，喜寅宫丙火有力，故不止衣衿也。,[]
穷通宝鉴,穷通宝鉴-0423,甲子丙寅己丑甲子,己,LIGHT,REN-CAIGUAN|SHISHI-BURUO|LIGHT-ROOT|YIN-PARTY|ROOT-GAN-PRIORITY|ZHONGGUA-2SIDE|RI-BEI-HE|JIRUO-WUGEN|GE-QING|GE-QUALITY|SHI-ZHU-JI|TIANGAN-XINGQING|YONGSHEN-STRUCTURE|YONGSHEN-FINAL|ZHONG-HE,徐乐吾曰：刘镛命，嘉庆八年十二月二十八日子时。造亦非化土，初春己土，寅宫甲丙并透，癸水藏支，暖润疏辟之用俱备，专用丙火，甲丙同宫相生，格外有情有力，地支子丑寅，精神团结，宜其科甲名臣，太平宰相矣。,[]
穷通宝鉴,穷通宝鉴-0424,乙未戊寅己丑戊辰,己,HEAVY,REN-CAIGUAN|SHISHI-BURUO|HEAVY-ROOT|BIJIE-PARTY|ROOT-STRUCK|ROOT-GAN-PRIORITY|SHI-GUI-LU|ZHONGGUA-2SIDE|JIRUO-WUGEN|SHIYONG-YUELING-XIANGFU|GE-QUALITY|SHI-ZHU-JI|TIANGAN-XINGQING|YONGSHEN-STRUCTURE|YONGSHEN-FINAL|ZHONG-HE,徐乐吾曰：卢英命，光绪二十年正月十七日辰时。己土阴柔，正月寒土，虽四柱土重，仍用丙火暖土，乙木偏官，亦以见丙火而向荣也，煞透为军界人物，戌运，为沪市侦辑队长。,[]
穷通宝鉴,穷通宝鉴-0425,己亥丙寅己巳己巳,己,HEAVY,REN-CAIGUAN|SHISHI-BURUO|HEAVY-ROOT|YIN-PARTY|BIJIE-PARTY|ROOT-STRUCK|ROOT-GAN-PRIORITY|WANGCHONG-SHUAI|SHI-GUI-LU|ZHONGGUA-2SIDE|JIRUO-WUGEN|SHIYONG-YUELING-XIANGFU|GE-QUALITY|TIANGAN-XINGQING|YONGSHEN-STRUCTURE|YONGSHEN-FINAL|ZHONG-HE,徐乐吾曰：黄季陆命，光绪二十五年正月二十一日巳时。专用丙火，己土寒湿，火多反主厚禄是也。三春己土总论三春己土，田园气寒，必须暖润疏辟，万物方得吐芽生苗。正月专用丙暖，以除寒气；二月先用甲疏，如犁之辅土，次用癸润，乃非旱田，丙火次之；三月先用丙暖，万物始生，须用癸润，万物始长，次用甲佐，八字中三字俱透，富贵之格，缺一不美。徐乐吾曰：总论三春己土为《穷通宝鉴》本所无，扼要之论也，己为气绝而衰之土，喻如,['中和']
穷通宝鉴,穷通宝鉴-0426,癸卯乙卯己巳庚午,己,HEAVY,REN-CAIGUAN|XIEQI-TAIZHONG|HEAVY-ROOT|ROOT-STRUCK|ROOT-GAN-PRIORITY|SHI-GUI-LU|ZHONGGUA-2SIDE|JIRUO-WUGEN|JISHUAI-CONGSHENG|GE-QING|GE-QUALITY|CAI-RUO-SHEN-QIANG|TIANGAN-XINGQING|YONGSHEN-STRUCTURE|YONGSHEN-FINAL|ZHONG-HE,庚金隔位，乙难合庚，群邪自伏，抚院。徐乐吾曰：乙庚隔位，乙不合庚，反能相制以成格，支聚三合，时逢午禄，身强煞旺，伤官制煞也，故为抚军之命，兼握兵权也。,['身强']
穷通宝鉴,穷通宝鉴-0427,癸卯乙卯己巳辛未,己,HEAVY,REN-CAIGUAN|XIEQI-TAIZHONG|HEAVY-ROOT|ROOT-GAN-PRIORITY|SHI-GUI-LU|ZHONGGUA-2SIDE|JISHUAI-CONGSHENG|SHIYONG-YUELING-XIANGFU|GE-QING|GE-QUALITY|CAI-RUO-SHEN-QIANG|SHI-ZHU-JI|TIANGAN-XINGQING|YONGSHEN-STRUCTURE|YONGSHEN-FINAL|ZHONG-HE,众杀猖狂，草寇之命。徐乐吾曰：辛金有制煞之意，而无制煞之力，己土临巳，丙戊禄地，巳未夹午禄，身强杀旺，亦化煞为权，无如卯未会局，众杀猖狂无制，不入正轨，势必弄兵潢池，为盗魁之命，亦握兵柄也。,['身强']
穷通宝鉴,穷通宝鉴-0428,甲子丁卯己亥戊辰,己,HEAVY,REN-CAIGUAN|SHISHI-BURUO|HEAVY-ROOT|BIJIE-PARTY|ROOT-STRUCK|ROOT-GAN-PRIORITY|SHI-GUI-LU|ZHONGGUA-2SIDE|RI-BEI-HE|JIRUO-WUGEN|SHIYONG-YUELING-XIANGFU|GE-QUALITY|SHI-ZHU-JI|TIANGAN-XINGQING|YONGSHEN-STRUCTURE|YONGSHEN-FINAL|ZHONG-HE,徐乐吾曰：杨增新命，同治三年二月二十八日辰时。戊土出干，专用甲木疏土，甲己隔位不合，而得疏土之用，丁透癸藏，土暖而润，水木火土顺序相生，位至新疆都督。,[]
穷通宝鉴,穷通宝鉴-0429,庚午己卯己未庚午,己,HEAVY,REN-CAIGUAN|SHISHI-BURUO|HEAVY-ROOT|BIJIE-PARTY|ROOT-STRUCK|ROOT-GAN-PRIORITY|SHI-GUI-LU|ZHONGGUA-2SIDE|JIRUO-WUGEN|GE-QUALITY|CAI-RUO-SHEN-QIANG|TIANGAN-XINGQING|YONGSHEN-STRUCTURE|YONGSHEN-FINAL|ZHONG-HE,徐乐吾曰：丁乃杨命，同治九年二月二十三日午时。卯未会局，庚金出干制之，己土生旺，富贵之命。,[]
穷通宝鉴,穷通宝鉴-0430,癸酉乙卯己巳己巳,己,HEAVY,REN-CAIGUAN|SHISHI-BURUO|HEAVY-ROOT|BIJIE-PARTY|ROOT-STRUCK|ROOT-GAN-PRIORITY|WANGCHONG-SHUAI|SHI-GUI-LU|ZHONGGUA-2SIDE|JIRUO-WUGEN|GE-QUALITY|CAI-RUO-SHEN-QIANG|TIANGAN-XINGQING|YONGSHEN-STRUCTURE|YONGSHEN-FINAL|ZHONG-HE,徐乐吾曰：吴景濂命，同治十二年二月二十日巳时。癸透丙藏，乙木出干，得巳酉会局以制之，位至众议院议长。,[]
穷通宝鉴,穷通宝鉴-0431,壬午癸卯己巳庚午,己,HEAVY,REN-CAIGUAN|XIEQI-TAIZHONG|HEAVY-ROOT|ROOT-STRUCK|ROOT-GAN-PRIORITY|SHI-GUI-LU|ZHONGGUA-2SIDE|JIRUO-WUGEN|JISHUAI-CONGSHENG|GE-QUALITY|CAI-RUO-SHEN-QIANG|TIANGAN-XINGQING|YONGSHEN-STRUCTURE|YONGSHEN-FINAL|ZHONG-HE,徐乐吾曰：程潜命，光绪八年二月十三日午时。此造卯巳午三合，庚透乙藏，制煞得力，位至军长省主席，或云辛未时，则格局远逊矣，（参阅癸卯造）酉运己卯年，被炸受伤殒命。,[]
穷通宝鉴,穷通宝鉴-0432,甲申丁卯己未庚午,己,HEAVY,REN-CAIGUAN|SHISHI-BURUO|XIEQI-TAIZHONG|HEAVY-ROOT|YIN-PARTY|ROOT-STRUCK|ROOT-GAN-PRIORITY|SHI-GUI-LU|ZHONGGUA-2SIDE|RI-BEI-HE|JIRUO-WUGEN|JISHUAI-CONGSHENG|GE-QING|GE-QUALITY|TIANGAN-XINGQING|YONGSHEN-STRUCTURE|YONGSHEN-FINAL|ZHONG-HE,徐乐吾曰：田维勤命，光绪十年二月十三日午时。庚金得禄于申，当取丁火制庚护官为用，位至都督。,[]
穷通宝鉴,穷通宝鉴-0433,戊子乙卯己卯乙丑,己,LIGHT,REN-CAIGUAN|SHISHI-BURUO|LIGHT-ROOT|BIJIE-PARTY|ROOT-GAN-PRIORITY|SHI-GUI-LU|ZHONGGUA-2SIDE|JIRUO-WUGEN|GE-QUALITY|SHI-ZHU-JI|TIANGAN-XINGQING|YONGSHEN-STRUCTURE|YONGSHEN-FINAL|ZHONG-HE,徐乐吾曰：吴铁城命，光绪十四年正月二十七日丑时。七煞聚权秉令，两乙叠出而无制，木旺土虚，又不能从，所喜胎元丙午，用印化煞，格成大贵。三春己土总论三春己土，田园气寒，必须暖润疏辟，万物方得吐芽生苗。正月专用丙暖，以除寒气；二月先用甲疏，如犁之辅土，次用癸润，乃非旱田，丙火次之；三月先用丙暖，万物始生，须用癸润，万物始长，次用甲佐，八字中三字俱透，富贵之格，缺一不美。徐乐吾曰：总论三春己土为《穷通宝鉴,[]
穷通宝鉴,穷通宝鉴-0434,壬子甲辰己卯丙寅,己,HEAVY,REN-CAIGUAN|DESHI-BUWANG|HEAVY-ROOT|YIN-PARTY|ROOT-STRUCK|ROOT-GAN-PRIORITY|HE-HUASHEN-DESHI|ZHONGGUA-2SIDE|RI-BEI-HE|JIRUO-WUGEN|JIWANG-HUAIJI|SHIYONG-YUELING-XIANGFU|GE-QUALITY|SHI-ZHU-JI|TIANGAN-XINGQING|YONGSHEN-STRUCTURE|YONGSHEN-FINAL|ZHONG-HE,丙甲癸全，杀旺身强，位至宰相，一品。徐乐吾曰：甲丙透而通根于寅长生，癸藏子得禄，三者皆得地也，以印化煞为用。,['身强']
穷通宝鉴,穷通宝鉴-0435,壬子甲辰己卯壬申,己,HEAVY,REN-CAIGUAN|DESHI-BUWANG|HEAVY-ROOT|ROOT-STRUCK|ROOT-GAN-PRIORITY|HE-HUASHEN-DESHI|ZHONGGUA-2SIDE|RI-BEI-HE|JIRUO-WUGEN|JIWANG-HUAIJI|SHIYONG-YUELING-XIANGFU|GE-QUALITY|SHI-ZHU-JI|TIANGAN-XINGQING|YONGSHEN-STRUCTURE|YONGSHEN-FINAL|ZHONG-HE,杂气财官格，状元。徐乐吾曰：甲透癸藏，惜无丙火照暖，故主清贵也。上造甲丙透出癸藏，专用丙印化煞为权，煞印两旺，位高权重。下造缺丙，专以财旺生煞为用，己土寒湿，仅清贵也。,[]
穷通宝鉴,穷通宝鉴-0436,辛未壬辰己巳甲子,己,HEAVY,REN-CAIGUAN|DESHI-BUWANG|XIEQI-TAIZHONG|HEAVY-ROOT|ROOT-STRUCK|ROOT-GAN-PRIORITY|HE-HUASHEN-DESHI|ZHONGGUA-2SIDE|RI-BEI-HE|JIRUO-WUGEN|JIWANG-HUAIJI|SHIYONG-YUELING-XIANGFU|GE-QUALITY|WANGJI-SIWO-SHENG|SHI-ZHU-JI|TIANGAN-XINGQING|YONGSHEN-STRUCTURE|YONGSHEN-FINAL|ZHONG-HE,身旺任财，富翁。徐乐吾曰：此造亦丙癸甲三者俱备，丙藏巳，癸藏子，日元坐印，身旺任财，而月令财透也。特辛出干，官星受伤，专用财星，故富而不贵耳。,['身旺']
穷通宝鉴,穷通宝鉴-0437,甲戌戊辰己酉丁卯,己,HEAVY,REN-CAIGUAN|DESHI-BUWANG|HEAVY-ROOT|YIN-PARTY|BIJIE-PARTY|ROOT-STRUCK|ROOT-GAN-PRIORITY|HE-HUASHEN-DESHI|ZHONGGUA-2SIDE|RI-BEI-HE|JIRUO-WUGEN|JIWANG-HUAIJI|SHIYONG-YUELING-XIANGFU|GE-QUALITY|SHI-ZHU-JI|TIANGAN-XINGQING|YONGSHEN-STRUCTURE|YONGSHEN-FINAL|ZHONG-HE,徐乐吾曰：吴佩孚命，同治十三年三月初七日卯时。卯辰酉戌，东西夹序，乃大方面格局，参观癸水九月节徐世昌命，用取财官，惜财星入墓，运至壬申癸酉，财旺生官，贵为元帅，日时卯酉相冲，枭印盖头，老而无子。,[]
穷通宝鉴,穷通宝鉴-0438,戊寅丙辰己卯丙寅,己,HEAVY,REN-CAIGUAN|HEAVY-ROOT|YIN-PARTY|BIJIE-PARTY|ROOT-STRUCK|ROOT-GAN-PRIORITY|ZHONGGUA-2SIDE|JIRUO-WUGEN|JIWANG-HUAIJI|SHIYONG-YUELING-XIANGFU|GE-QUALITY|SHI-ZHU-JI|TIANGAN-XINGQING|YONGSHEN-STRUCTURE|YONGSHEN-FINAL|ZHONG-HE,徐乐吾曰：张树屏命，光绪四年三月廿九日寅时。生于立夏前五日，支全东方，好在丙戊并透，己土身旺，用煞缺制，行庚申辛酉运，致富巨万，身旺不劳印生，而柱见印化煞，煞宜食制而缺金，所以富而不贵也，曾任国会议员。参阅二月己土癸卯造。,['身旺']
穷通宝鉴,穷通宝鉴-0439,辛巳壬辰己亥戊辰,己,HEAVY,REN-CAIGUAN|DESHI-BUWANG|XIEQI-TAIZHONG|HEAVY-ROOT|BIJIE-PARTY|ROOT-STRUCK|ROOT-GAN-PRIORITY|SHI-GUI-LU|ZHONGGUA-2SIDE|JIRUO-WUGEN|JIWANG-HUAIJI|SHIYONG-YUELING-XIANGFU|GE-QUALITY|WANGJI-SIWO-SHENG|SHI-ZHU-JI|TIANGAN-XINGQING|YONGSHEN-STRUCTURE|YONGSHEN-FINAL|ZHONG-HE,徐乐吾曰：李思浩命，光绪七年四月初八日辰时。生于立夏前五时，甲丙俱藏，土润而强，火方进气，丙藏无碍，甲藏则力有不足，只能以壬水财星为用，位至财政总长。,[]
穷通宝鉴,穷通宝鉴-0440,己丑戊辰己卯戊辰,己,HEAVY,REN-CAIGUAN|HEAVY-ROOT|BIJIE-PARTY|ROOT-STRUCK|ROOT-GAN-PRIORITY|SHI-GUI-LU|ZHONGGUA-2SIDE|JIRUO-WUGEN|JIWANG-HUAIJI|SHIYONG-YUELING-XIANGFU|GE-QUALITY|SHI-ZHU-JI|TIANGAN-XINGQING|YONGSHEN-STRUCTURE|YONGSHEN-FINAL|ZHONG-HE,徐乐吾曰：贺耀祖命，光绪十五年四月初四日辰时。八个字中，土得其七，日支见卯，不作稼穑格论，乃杂气财官也。一点卯木，有禾稼在田之象，运行财地，贵臻极品，卯为七煞，现虽为驻外大使，终为武贵也。又此造疑为己巳时，三月己土，不离暖润疏辟之用，戊辰时阳和不足，土之用不显，禾稼不茂，贵亦不足矣。三春己土总论三春己土，田园气寒，必须暖润疏辟，万物方得吐芽生苗。正月专用丙暖，以除寒气；二月先用甲疏，如犁之辅土，次,[]
穷通宝鉴,穷通宝鉴-0441,己巳己巳己巳戊辰,己,HEAVY,REN-CAIGUAN|SHISHI-BURUO|HEAVY-ROOT|BIJIE-PARTY|ROOT-GAN-PRIORITY|SHI-GUI-LU|ZHONGGUA-2SIDE|JIWANG-HUAIJI|SHIYONG-YUELING-XIANGFU|GE-QING|GE-QUALITY|SHI-ZHU-JI|TIANGAN-XINGQING|YONGSHEN-STRUCTURE|YONGSHEN-FINAL|ZHONG-HE,，乃富盖都城，何也？己生初夏，丙多，戊己又多，妙得三庚生起辰中癸水，加之胎元庚申，如破碣之水，不为旱田矣。故运行西北，横财无数，得于六亲，且多子有寿，非偶然也。徐乐吾曰：承上文，五星法重命宫，子平法重胎元。胎元者，受胎时之秉赋也，怀胎以十个月为常，故推算者，普通以前十个月之干支为标准，然有七个月以至十二三个月者，须照怀胎月份推之，常有奇特之命，不应富而富，不应贵而贵者，其于胎元之月份，大有关系，予,[]
穷通宝鉴,穷通宝鉴-0442,乙丑辛巳己巳庚午,己,HEAVY,REN-CAIGUAN|XIEQI-TAIZHONG|HEAVY-ROOT|ROOT-STRUCK|ROOT-GAN-PRIORITY|SHI-GUI-LU|ZHONGGUA-2SIDE|JIRUO-WUGEN|JIWANG-HUAIJI|JISHUAI-CONGSHENG|GE-QUALITY|TIANGAN-XINGQING|YONGSHEN-STRUCTURE|YONGSHEN-FINAL|ZHONG-HE,辛生丑宫，壬申胎元，不为旱田，位至方伯。徐乐吾曰：丑宫藏癸水，有水润泽，不为旱田，辛金为用。,[]
穷通宝鉴,穷通宝鉴-0443,乙巳辛巳己巳辛未,己,HEAVY,REN-CAIGUAN|XIEQI-TAIZHONG|HEAVY-ROOT|ROOT-GAN-PRIORITY|SHI-GUI-LU|ZHONGGUA-2SIDE|JIWANG-HUAIJI|JISHUAI-CONGSHENG|GE-QING|GE-QUALITY|CAI-RUO-SHEN-QIANG|SHI-ZHU-JI|TIANGAN-XINGQING|YONGSHEN-STRUCTURE|YONGSHEN-FINAL|ZHONG-HE,金多泄土，旱田无水，专用胎元，位至知府。徐乐吾曰：胎元，壬申也。己土虽能生金，而四柱无水，过于枯干，故用胎元壬水。,[]
穷通宝鉴,穷通宝鉴-0444,乙酉辛巳己酉乙亥,己,HEAVY,REN-CAIGUAN|XIEQI-TAIZHONG|HEAVY-ROOT|ROOT-STRUCK|ROOT-GAN-PRIORITY|WANGCHONG-SHUAI|ZHONGGUA-2SIDE|JIRUO-WUGEN|JIWANG-HUAIJI|JISHUAI-CONGSHENG|GE-QUALITY|SHI-ZHU-JI|TIANGAN-XINGQING|YONGSHEN-STRUCTURE|YONGSHEN-FINAL|ZHONG-HE,金生亥壬，位至太守。徐乐吾曰：以上三造，同以胎元壬申为用，三夏己土，除六月土盛见金结局，必然富贵外，四五两月，均不可无水，盖火土炎燥故也。乙丑造，有庚金出干，引生胎元壬水，位至方伯。己巳、乙酉两造，同以胎元壬申为用，格局相同，地位亦同，非偶然也，若非胎元为救，其能免旱田之诮乎？,[]
穷通宝鉴,穷通宝鉴-0445,辛未癸巳己卯戊辰,己,HEAVY,REN-CAIGUAN|SHISHI-BURUO|XIEQI-TAIZHONG|HEAVY-ROOT|BIJIE-PARTY|ROOT-STRUCK|ROOT-GAN-PRIORITY|HE-HUASHEN-DESHI|SHI-GUI-LU|ZHONGGUA-2SIDE|JIRUO-WUGEN|JIWANG-HUAIJI|JISHUAI-CONGSHENG|SHIYONG-YUELING-XIANGFU|GE-QUALITY|SHI-ZHU-JI|TIANGAN-XINGQING|YONGSHEN-STRUCTURE|YONGSHEN-FINAL|ZHONG-HE,女命，稍富无子徐乐吾曰：此造癸水出干，辛金生之，故富，时上癸水入墓，戊土劫夺，故无子。,[]
穷通宝鉴,穷通宝鉴-0446,丙申癸巳己亥乙亥,己,HEAVY,REN-CAIGUAN|SHISHI-BURUO|HEAVY-ROOT|YIN-PARTY|ROOT-STRUCK|ROOT-GAN-PRIORITY|WANGCHONG-SHUAI|ZHONGGUA-2SIDE|JIRUO-WUGEN|JIWANG-HUAIJI|GE-QUALITY|SHI-ZHU-JI|TIANGAN-XINGQING|YONGSHEN-STRUCTURE|YONGSHEN-FINAL|ZHONG-HE,丙癸俱全，财旺生扶，一品夫人。徐乐吾曰：女命，乙木为用，喜得财印并透，乙木坐亥，财旺生官，夫星得生扶也。好在丙癸两透，因是女命，故不得不以乙木为夫星也。,[]
穷通宝鉴,穷通宝鉴-0447,壬戌乙巳己巳丙寅,己,HEAVY,REN-CAIGUAN|SHISHI-BURUO|HEAVY-ROOT|YIN-PARTY|ROOT-STRUCK|ROOT-GAN-PRIORITY|ZHONGGUA-2SIDE|JIRUO-WUGEN|JIWANG-HUAIJI|SHIYONG-YUELING-XIANGFU|GE-QUALITY|CAI-RUO-SHEN-QIANG|SHI-ZHU-JI|TIANGAN-XINGQING|YONGSHEN-STRUCTURE|YONGSHEN-FINAL|ZHONG-HE,徐乐吾曰：李鼎新命，同治元年四月十七日寅时。壬丙并透，专用壬水，喜胎元丙申，壬水通根，位至海军总长。,[]
穷通宝鉴,穷通宝鉴-0448,癸酉丁巳己卯甲戌,己,HEAVY,REN-CAIGUAN|SHISHI-BURUO|YIN-PARTY|ROOT-STRUCK|ROOT-GAN-PRIORITY|SHI-GUI-LU|ZHONGGUA-2SIDE|RI-BEI-HE|JIRUO-WUGEN|JIWANG-HUAIJI|SHIYONG-YUELING-XIANGFU|GE-QUALITY|CAI-RUO-SHEN-QIANG|TIANGAN-XINGQING|YONGSHEN-STRUCTURE|YONGSHEN-FINAL|ZHONG-HE,徐乐吾曰：褚辅成命，同治十二年五月初二日戌时。癸透丙藏，喜巳酉会局以生癸水，位至省长。五月己土节命例：,[]
穷通宝鉴,穷通宝鉴-0449,癸丑戊午己巳丁卯,己,HEAVY,REN-CAIGUAN|SHISHI-BURUO|HEAVY-ROOT|YIN-PARTY|BIJIE-PARTY|ROOT-STRUCK|ROOT-GAN-PRIORITY|HE-HUASHEN-DESHI|ZHONGGUA-2SIDE|JIRUO-WUGEN|JIWANG-HUAIJI|GE-QUALITY|SHI-ZHU-JI|TIANGAN-XINGQING|YONGSHEN-STRUCTURE|YONGSHEN-FINAL|ZHONG-HE,徐乐吾曰：张謇命，咸丰三年五月廿五日卯时。癸水与戊土合化，丁己同禄于午，格成从旺，丁己同宫，卯巳午三台聚贵，运行东南，大魁天下，位至实业部长。,[]
穷通宝鉴,穷通宝鉴-0450,丙辰甲午己丑丁卯,己,HEAVY,REN-CAIGUAN|SHISHI-BURUO|HEAVY-ROOT|YIN-PARTY|ROOT-STRUCK|ROOT-GAN-PRIORITY|ZHONGGUA-2SIDE|RI-BEI-HE|JIRUO-WUGEN|JIWANG-HUAIJI|GE-QUALITY|SHI-ZHU-JI|TIANGAN-XINGQING|YONGSHEN-STRUCTURE|YONGSHEN-FINAL|ZHONG-HE,徐乐吾曰：段书云命，咸丰六年六月初四日卯时。用丑宫金水，喜运行西北。,[]
穷通宝鉴,穷通宝鉴-0451,己未庚午己丑辛未,己,HEAVY,REN-CAIGUAN|SHISHI-BURUO|XIEQI-TAIZHONG|HEAVY-ROOT|BIJIE-PARTY|ROOT-STRUCK|ROOT-GAN-PRIORITY|SHI-GUI-LU|ZHONGGUA-2SIDE|JIRUO-WUGEN|JIWANG-HUAIJI|JISHUAI-CONGSHENG|SHIYONG-YUELING-XIANGFU|GE-QUALITY|SHI-ZHU-JI|TIANGAN-XINGQING|YONGSHEN-STRUCTURE|YONGSHEN-FINAL|ZHONG-HE,徐乐吾曰：李盛铎命，咸丰九年五月廿日未时。土润金生，非富即贵，喜丑宫癸水得用，富贵兼全之命，位至督抚。,[]
穷通宝鉴,穷通宝鉴-0452,乙亥壬午己未己巳,己,HEAVY,REN-CAIGUAN|SHISHI-BURUO|HEAVY-ROOT|BIJIE-PARTY|ROOT-STRUCK|ROOT-GAN-PRIORITY|WANGCHONG-SHUAI|SHI-GUI-LU|ZHONGGUA-2SIDE|JIRUO-WUGEN|JIWANG-HUAIJI|GE-QUALITY|TIANGAN-XINGQING|YONGSHEN-STRUCTURE|YONGSHEN-FINAL|ZHONG-HE,徐乐吾曰：李徵五命，光绪元年五月廿三日巳时。地支巳午未成方，壬水出干，得禄于亥，惜无金相生，无源之水易涸，虚荣而已。,[]
穷通宝鉴,穷通宝鉴-0453,己丑庚午己巳乙亥,己,HEAVY,REN-CAIGUAN|SHISHI-BURUO|XIEQI-TAIZHONG|HEAVY-ROOT|BIJIE-PARTY|ROOT-STRUCK|ROOT-GAN-PRIORITY|WANGCHONG-SHUAI|ZHONGGUA-2SIDE|JIRUO-WUGEN|JIWANG-HUAIJI|JISHUAI-CONGSHENG|GE-QUALITY|SHI-ZHU-JI|TIANGAN-XINGQING|YONGSHEN-STRUCTURE|YONGSHEN-FINAL|ZHONG-HE,徐乐吾曰：邓锡候命，光绪十五年五月廿四日亥时。庚透壬藏，用壬水，位至军长，富贵兼全之命。,[]
穷通宝鉴,穷通宝鉴-0454,丁酉丙午己亥己巳,己,HEAVY,REN-CAIGUAN|SHISHI-BURUO|HEAVY-ROOT|YIN-PARTY|BIJIE-PARTY|ROOT-STRUCK|ROOT-GAN-PRIORITY|WANGCHONG-SHUAI|SHI-GUI-LU|ZHONGGUA-2SIDE|JIRUO-WUGEN|JIWANG-HUAIJI|GE-QUALITY|TIANGAN-XINGQING|YONGSHEN-STRUCTURE|YONGSHEN-FINAL|ZHONG-HE,徐乐吾曰：朱光沐命，光绪廿三年五月十一日巳时。以巳酉会局之金，生亥宫壬水，亦富贵兼全之命。六月己土节命例：,[]
穷通宝鉴,穷通宝鉴-0455,甲戌辛未己酉己巳,己,HEAVY,REN-CAIGUAN|DESHI-BUWANG|XIEQI-TAIZHONG|HEAVY-ROOT|BIJIE-PARTY|ROOT-STRUCK|ROOT-GAN-PRIORITY|HE-HUASHEN-DESHI|SHI-GUI-LU|ZHONGGUA-2SIDE|RI-BEI-HE|JIRUO-WUGEN|JIWANG-HUAIJI|GE-QUALITY|CAI-RUO-SHEN-QIANG|WANGJI-SIWO-SHENG|TIANGAN-XINGQING|YONGSHEN-STRUCTURE|YONGSHEN-FINAL|ZHONG-HE,亦用胎元致富。徐乐吾曰：胎元壬申，虽有巳酉金局相生，非比申宫长生之水，所谓壬透有源，富而不贵是也。,[]
穷通宝鉴,穷通宝鉴-0456,丁亥丁未己卯戊辰,己,HEAVY,REN-CAIGUAN|HEAVY-ROOT|YIN-PARTY|BIJIE-PARTY|ROOT-STRUCK|ROOT-GAN-PRIORITY|SHI-GUI-LU|ZHONGGUA-2SIDE|JIRUO-WUGEN|JIWANG-HUAIJI|SHIYONG-YUELING-XIANGFU|GE-QUALITY|SHI-ZHU-JI|TIANGAN-XINGQING|YONGSHEN-STRUCTURE|YONGSHEN-FINAL|ZHONG-HE,壬透两全，勾陈得位，官至都督。徐乐吾曰：此造亥卯未会局，时见戊辰，身强煞旺，六月土燥木枯，喜用壬癸水，财生煞旺为用，故为武贵也。,['身强']
穷通宝鉴,穷通宝鉴-0457,辛卯乙未己丑乙丑,己,HEAVY,REN-CAIGUAN|DESHI-BUWANG|XIEQI-TAIZHONG|HEAVY-ROOT|ROOT-STRUCK|ROOT-GAN-PRIORITY|SHI-GUI-LU|ZHONGGUA-2SIDE|JIRUO-WUGEN|JIWANG-HUAIJI|SHIYONG-YUELING-XIANGFU|GE-QUALITY|WANGJI-SIWO-SHENG|SHI-ZHU-JI|TIANGAN-XINGQING|YONGSHEN-STRUCTURE|YONGSHEN-FINAL|ZHONG-HE,徐乐吾曰：清文宗（咸丰）命，道光十一年六月初九日丑时。四柱土多，用辛金泄土气，制乙木，金在年上，专享上荫可知。,[]
穷通宝鉴,穷通宝鉴-0458,壬寅丁未己卯乙亥,己,HEAVY,REN-CAIGUAN|DESHI-BUWANG|HEAVY-ROOT|YIN-PARTY|ROOT-GAN-PRIORITY|ZHONGGUA-2SIDE|JIRUO-WUGEN|JIWANG-HUAIJI|GE-QING|GE-QUALITY|SHI-ZHU-JI|TIANGAN-XINGQING|YONGSHEN-STRUCTURE|YONGSHEN-FINAL|ZHONG-HE,徐乐吾曰：伍庭芳命，道光廿二年六月初二日亥时。壬水合丁化木，亥卯未支聚木局，乙透甲藏，格成从煞，运行东方，位至外交总长，兼内阁总理。六月己土当旺而从煞，《滴天髓》：所谓阴干从势无情义也。,[]
穷通宝鉴,穷通宝鉴-0459,乙亥癸未己亥辛未,己,HEAVY,REN-CAIGUAN|DESHI-BUWANG|HEAVY-ROOT|ROOT-GAN-PRIORITY|SHI-GUI-LU|ZHONGGUA-2SIDE|JIWANG-HUAIJI|SHIYONG-YUELING-XIANGFU|GE-QUALITY|WANGJI-SIWO-SHENG|SHI-ZHU-JI|TIANGAN-XINGQING|YONGSHEN-STRUCTURE|YONGSHEN-FINAL|ZHONG-HE,徐乐吾曰：曾毓隽命，光绪元年七月初五日未时。癸辛两透，惜四柱无丙，己土之气虚寒，位至交通总长。,[]
穷通宝鉴,穷通宝鉴-0460,戊辰己未己未庚午,己,HEAVY,REN-CAIGUAN|HEAVY-ROOT|BIJIE-PARTY|ROOT-GAN-PRIORITY|SHI-GUI-LU|ZHONGGUA-2SIDE|JIWANG-HUAIJI|SHIYONG-YUELING-XIANGFU|GE-QING|GE-QUALITY|WANGJI-SIWO-SHENG|TIANGAN-XINGQING|YONGSHEN-STRUCTURE|YONGSHEN-FINAL|ZHONG-HE,徐乐吾曰：女命，同治七年六月十三日午时。四季月总论云：辰戌丑未四季，以未月为极旺，土临此未月，四柱土重，多作火炎土燥，不作稼穑论，但临此月之土，见金结局，不贵即富。书云：土逢季月见金多，总为贵论，未月尤甚，此造正合土重见金结局之说，贵为一品夫人，五福三多。盖稼穑格也，见火为火炎土燥，万物干枯。白话译文四、五、六月（巳、午、未月）的己土日主，正值禾稼生长旺季，最需甘霖滋润，因此以癸水为首要用神，丙火,[]
穷通宝鉴,穷通宝鉴-0461,庚申甲申己丑癸酉,己,LIGHT,REN-CAIGUAN|XIEQI-TAIZHONG|LIGHT-ROOT|ROOT-GAN-PRIORITY|SHI-GUI-LU|ZHONGGUA-2SIDE|RI-BEI-HE|JIRUO-WUGEN|JISHUAI-CONGSHENG|GE-QING|GE-QUALITY|TIANGAN-XINGQING|YONGSHEN-STRUCTURE|YONGSHEN-FINAL|ZHONG-HE,徐乐吾曰：杨士襄命，咸丰十年六月廿七日酉时。支成金局，癸透有根，大富贵，总握财枢。,[]
穷通宝鉴,穷通宝鉴-0462,己巳壬申己卯戊辰,己,HEAVY,REN-CAIGUAN|SHISHI-BURUO|HEAVY-ROOT|BIJIE-PARTY|ROOT-STRUCK|ROOT-GAN-PRIORITY|SHI-GUI-LU|ZHONGGUA-2SIDE|JIRUO-WUGEN|JIWANG-HUAIJI|SHIYONG-YUELING-XIANGFU|GE-QUALITY|SHI-ZHU-JI|TIANGAN-XINGQING|YONGSHEN-STRUCTURE|YONGSHEN-FINAL|ZHONG-HE,徐乐吾曰：袁乃宽命，同治八年七月初九日辰时。壬透丙藏，专用丙火，位至总长。,[]
穷通宝鉴,穷通宝鉴-0463,壬午戊申己酉丙寅,己,HEAVY,REN-CAIGUAN|SHISHI-BURUO|HEAVY-ROOT|YIN-PARTY|BIJIE-PARTY|ROOT-GAN-PRIORITY|WANGCHONG-SHUAI|ZHONGGUA-2SIDE|JIWANG-HUAIJI|SHIYONG-YUELING-XIANGFU|GE-QUALITY|SHI-ZHU-JI|TIANGAN-XINGQING|YONGSHEN-STRUCTURE|YONGSHEN-FINAL|ZHONG-HE,徐乐吾曰：王正廷命，光绪八年七月廿五日寅时。壬丙两透，无癸，异途显职。此造或云丁卯时，或云戊辰时，未知孰是，以理度之，当是寅末卯初乎，并录之以备参考。八月己土节命例：,[]
穷通宝鉴,穷通宝鉴-0464,甲寅癸酉己未壬申,己,HEAVY,REN-CAIGUAN|HEAVY-ROOT|ROOT-GAN-PRIORITY|WANGCHONG-SHUAI|ZHONGGUA-2SIDE|RI-BEI-HE|JIRUO-WUGEN|JIWANG-HUAIJI|GE-QUALITY|SHI-ZHU-JI|TIANGAN-XINGQING|YONGSHEN-STRUCTURE|YONGSHEN-FINAL|ZHONG-HE,甲丙癸壬全，提督。徐乐吾曰：此造月令食神生财，甲木官星得禄，时逢壬申，虽辛金秉令，用取财官，但喜印劫扶助耳。,[]
穷通宝鉴,穷通宝鉴-0465,乙亥乙酉己巳乙丑,己,HEAVY,REN-CAIGUAN|HEAVY-ROOT|ROOT-STRUCK|ROOT-GAN-PRIORITY|SHI-GUI-LU|ZHONGGUA-2SIDE|JIRUO-WUGEN|JIWANG-HUAIJI|SHIYONG-YUELING-XIANGFU|GE-QUALITY|SHI-ZHU-JI|TIANGAN-XINGQING|YONGSHEN-STRUCTURE|YONGSHEN-FINAL|ZHONG-HE,徐乐吾曰：孙某言命，嘉庆廿年八月十七日丑时。巳酉丑会局，子旺母虚，专用丙火，喜得巳宫丙火暗藏，胎元丙子，引起丙火，贵为太仆。,[]
穷通宝鉴,穷通宝鉴-0466,乙亥乙酉己卯庚午,己,HEAVY,REN-CAIGUAN|XIEQI-TAIZHONG|HEAVY-ROOT|ROOT-STRUCK|ROOT-GAN-PRIORITY|WANGCHONG-SHUAI|HE-HUASHEN-DESHI|SHI-GUI-LU|ZHONGGUA-2SIDE|JIRUO-WUGEN|JIWANG-HUAIJI|JISHUAI-CONGSHENG|GE-QUALITY|TIANGAN-XINGQING|YONGSHEN-STRUCTURE|YONGSHEN-FINAL|ZHONG-HE,徐乐吾曰：李纯命，光绪元年八月十五日午时。亥卯会局，两乙出干，众煞猖狂，庚金隔位不合，而有扫除群煞之功，所谓一将当关，群邪自服也，参观二月己土节。贵为江苏督军，庚辰运，庚申年自戕殒命，千古疑案。九月己土节命例：,[]
穷通宝鉴,穷通宝鉴-0467,己巳甲戌己丑壬申,己,HEAVY,REN-CAIGUAN|DESHI-BUWANG|HEAVY-ROOT|BIJIE-PARTY|ROOT-STRUCK|ROOT-GAN-PRIORITY|HE-HUASHEN-DESHI|ZHONGGUA-2SIDE|RI-BEI-HE|JIRUO-WUGEN|JIWANG-HUAIJI|SHIYONG-YUELING-XIANGFU|GE-QING|GE-QUALITY|SHI-ZHU-JI|TIANGAN-XINGQING|YONGSHEN-STRUCTURE|YONGSHEN-FINAL|ZHONG-HE,戊己局全于四季，火运大魁。徐乐吾曰：此为甲己化土，而金水泄气，化神喜行旺地，必以丙火为用也。,[]
穷通宝鉴,穷通宝鉴-0468,戊寅壬戌己巳庚午,己,HEAVY,REN-CAIGUAN|DESHI-BUWANG|XIEQI-TAIZHONG|HEAVY-ROOT|BIJIE-PARTY|ROOT-STRUCK|ROOT-GAN-PRIORITY|SHI-GUI-LU|ZHONGGUA-2SIDE|JIRUO-WUGEN|JIWANG-HUAIJI|SHIYONG-YUELING-XIANGFU|GE-QUALITY|CAI-RUO-SHEN-QIANG|WANGJI-SIWO-SHENG|TIANGAN-XINGQING|YONGSHEN-STRUCTURE|YONGSHEN-FINAL|ZHONG-HE,徐乐吾曰：胡瑞兰命，嘉庆廿三年拾月初四日午时。壬透，甲丙俱藏，专用甲木，为财官格，运至东方，连捷翰林出身，山西湖南各省学院，五掌文衡，位至侍郎。,[]
穷通宝鉴,穷通宝鉴-0469,辛巳戊戌己卯癸酉,己,HEAVY,REN-CAIGUAN|DESHI-BUWANG|XIEQI-TAIZHONG|HEAVY-ROOT|BIJIE-PARTY|ROOT-STRUCK|ROOT-GAN-PRIORITY|SHI-GUI-LU|ZHONGGUA-2SIDE|JIRUO-WUGEN|JIWANG-HUAIJI|SHIYONG-YUELING-XIANGFU|GE-QUALITY|CAI-RUO-SHEN-QIANG|WANGJI-SIWO-SHENG|TIANGAN-XINGQING|YONGSHEN-STRUCTURE|YONGSHEN-FINAL|ZHONG-HE,徐乐吾曰：庞澄云命，道光元年拾月初二日酉时。巳酉结局，癸透有根，富而且贵，虽言八月，三秋一理共推，位至巡抚。,[]
穷通宝鉴,穷通宝鉴-0470,乙亥丙戌己巳乙亥,己,HEAVY,REN-CAIGUAN|DESHI-BUWANG|HEAVY-ROOT|YIN-PARTY|ROOT-STRUCK|ROOT-GAN-PRIORITY|WANGCHONG-SHUAI|ZHONGGUA-2SIDE|JIRUO-WUGEN|JIWANG-HUAIJI|GE-QUALITY|SHI-ZHU-JI|TIANGAN-XINGQING|YONGSHEN-STRUCTURE|YONGSHEN-FINAL|ZHONG-HE,徐乐吾曰：高恩洪命，光绪元年拾月初六日亥时。丙透壬藏亥宫，甲木可用，惜其不透，位至总长。,[]
穷通宝鉴,穷通宝鉴-0471,壬午庚戌己酉庚午,己,HEAVY,REN-CAIGUAN|DESHI-BUWANG|XIEQI-TAIZHONG|HEAVY-ROOT|ROOT-STRUCK|ROOT-GAN-PRIORITY|SHI-GUI-LU|ZHONGGUA-2SIDE|JIRUO-WUGEN|JIWANG-HUAIJI|SHIYONG-YUELING-XIANGFU|GE-QUALITY|CAI-RUO-SHEN-QIANG|WANGJI-SIWO-SHENG|TIANGAN-XINGQING|YONGSHEN-STRUCTURE|YONGSHEN-FINAL|ZHONG-HE,徐乐吾曰：冯玉祥命，江绪八年九月廿六日午时。两庚并透，酉戌西方，专用丁火为救，壬水出干为病，虽年时两午，日元得禄，己土临酉，旺气未足，然己富贵非轻，位至副委员长。,[]
穷通宝鉴,穷通宝鉴-0472,癸未壬戌己丑庚午,己,HEAVY,REN-CAIGUAN|DESHI-BUWANG|XIEQI-TAIZHONG|HEAVY-ROOT|ROOT-STRUCK|ROOT-GAN-PRIORITY|SHI-GUI-LU|ZHONGGUA-2SIDE|JIRUO-WUGEN|JIWANG-HUAIJI|SHIYONG-YUELING-XIANGFU|GE-QUALITY|WANGJI-SIWO-SHENG|TIANGAN-XINGQING|YONGSHEN-STRUCTURE|YONGSHEN-FINAL|ZHONG-HE,徐乐吾曰：何应钦命，光绪九年九月十二日午时。土金伤官佩印，秋土气寒，金水进气，专取午宫丁火，丑戌未三刑，帮身得用，时上归禄，无官星破格，贵为参谋总长。,[]
穷通宝鉴,穷通宝鉴-0473,丁亥庚戌己巳辛未,己,HEAVY,REN-CAIGUAN|DESHI-BUWANG|XIEQI-TAIZHONG|HEAVY-ROOT|YIN-PARTY|ROOT-STRUCK|ROOT-GAN-PRIORITY|SHI-GUI-LU|ZHONGGUA-2SIDE|JIRUO-WUGEN|JIWANG-HUAIJI|SHIYONG-YUELING-XIANGFU|GE-QUALITY|WANGJI-SIWO-SHENG|SHI-ZHU-JI|TIANGAN-XINGQING|YONGSHEN-STRUCTURE|YONGSHEN-FINAL|ZHONG-HE,徐乐吾曰：蒋委员长中正命，光绪十三年九月十五日未时。己巳身临旺地，巳未夹禄，两庚并透，三秋旺金泄土之气，得丙丁出救，补土元神，丁透丙藏，金神入火乡，贵为全国领袖。,[]
穷通宝鉴,穷通宝鉴-0474,庚寅丙戌己卯己巳,己,HEAVY,REN-CAIGUAN|DESHI-BUWANG|XIEQI-TAIZHONG|HEAVY-ROOT|YIN-PARTY|BIJIE-PARTY|ROOT-STRUCK|ROOT-GAN-PRIORITY|SHI-GUI-LU|ZHONGGUA-2SIDE|JIRUO-WUGEN|JIWANG-HUAIJI|SHIYONG-YUELING-XIANGFU|GE-QUALITY|CAI-RUO-SHEN-QIANG|WANGJI-SIWO-SHENG|TIANGAN-XINGQING|YONGSHEN-STRUCTURE|YONGSHEN-FINAL|ZHONG-HE,徐乐吾曰：唐生智命，光绪十六年九月十二日巳时。土金伤官佩印，专取丙火，喜火土金同居戌宫，位至都督，军法总监。白话译文秋季三月（农历七、八、九月）的己土日主，正值万物收敛之时，土气在外看似充盈，内里却已渐虚，寒气随月份推移而加重。此时最需丙火（太阳之火）来温暖土气，癸水（雨露之水）来滋润干燥。更深一层：癸水能疏泄过旺的金气，丙火能压制金的锐势并补充土的元气，如此则秋生之物才能茂盛不衰。徐乐吾补注：秋,[]
穷通宝鉴,穷通宝鉴-0475,戊辰癸亥己卯甲子,己,HEAVY,REN-CAIGUAN|SHISHI-BURUO|HEAVY-ROOT|BIJIE-PARTY|ROOT-STRUCK|ROOT-GAN-PRIORITY|ZHONGGUA-2SIDE|RI-BEI-HE|JIRUO-WUGEN|GE-QUALITY|SHI-ZHU-JI|TIANGAN-XINGQING|YONGSHEN-STRUCTURE|YONGSHEN-FINAL|ZHONG-HE,布政。徐乐吾曰：上列三造，皆才官格，土重取甲木疏土，以财生官为用。乙巳一造，又藏丙火，土得温暖，位至大学士，甲午造，胎元丙寅；戊辰造，胎元甲寅；格局相等，内卿贰，外布政，地位亦相等也。,[]
穷通宝鉴,穷通宝鉴-0476,壬申辛亥己巳丙寅,己,HEAVY,REN-CAIGUAN|SHISHI-BURUO|XIEQI-TAIZHONG|YIN-PARTY|ROOT-STRUCK|ROOT-GAN-PRIORITY|WANGCHONG-SHUAI|HE-HUASHEN-DESHI|ZHONGGUA-2SIDE|JIRUO-WUGEN|JISHUAI-CONGSHENG|SHIYONG-YUELING-XIANGFU|GE-QUALITY|SHI-ZHU-JI|TIANGAN-XINGQING|YONGSHEN-STRUCTURE|YONGSHEN-FINAL|ZHONG-HE,徐乐吾曰：此宋代韩佗胃命，所谓剑锋金遇洪炉之火，以子平法论之，时上丙火高透，逢生得禄，支金寅申巳亥，固极品之实也。然四生逢冲，祸亦随之，晚局不终，良有以也。,[]
穷通宝鉴,穷通宝鉴-0477,辛巳己亥己巳乙丑,己,HEAVY,REN-CAIGUAN|SHISHI-BURUO|XIEQI-TAIZHONG|HEAVY-ROOT|BIJIE-PARTY|ROOT-STRUCK|ROOT-GAN-PRIORITY|WANGCHONG-SHUAI|SHI-GUI-LU|ZHONGGUA-2SIDE|JIRUO-WUGEN|JISHUAI-CONGSHENG|GE-QUALITY|SHI-ZHU-JI|TIANGAN-XINGQING|YONGSHEN-STRUCTURE|YONGSHEN-FINAL|ZHONG-HE,徐乐吾曰：王宠惠命，光绪七年十月初十日丑时。两巳藏丙，中年之后，运行南方，位至外交部长，历任各国大使。或云丙寅时，未知孰是。,[]
穷通宝鉴,穷通宝鉴-0478,乙酉丁亥己卯庚午,己,HEAVY,REN-CAIGUAN|SHISHI-BURUO|XIEQI-TAIZHONG|HEAVY-ROOT|YIN-PARTY|ROOT-STRUCK|ROOT-GAN-PRIORITY|SHI-GUI-LU|ZHONGGUA-2SIDE|JIRUO-WUGEN|JISHUAI-CONGSHENG|GE-QUALITY|TIANGAN-XINGQING|YONGSHEN-STRUCTURE|YONGSHEN-FINAL|ZHONG-HE,徐乐吾曰：陈树藩命，光绪十一年十月十四日午时。亥卯结局，透乙，丁火暖之，庚金制之，丁己同禄于午，身强敌煞，固可以制化为用也。十一月己土节命例：,['身强']
穷通宝鉴,穷通宝鉴-0479,甲寅丙子己未丙寅,己,HEAVY,REN-CAIGUAN|SHISHI-BURUO|HEAVY-ROOT|YIN-PARTY|ROOT-STRUCK|ROOT-GAN-PRIORITY|ZHONGGUA-2SIDE|RI-BEI-HE|JIRUO-WUGEN|GE-QUALITY|SHI-ZHU-JI|TIANGAN-XINGQING|YONGSHEN-STRUCTURE|YONGSHEN-FINAL|ZHONG-HE,权贵。徐乐吾曰：以上三造，官印并透，化木暖土，冬己非丙不暖，寒木向阳，非丙亦无生意，用在丙火，固显然也。,[]
穷通宝鉴,穷通宝鉴-0480,乙卯戊子己卯丁卯,己,NONE,SHAZHONG-SHENQING|ZHONGGUA-2SIDE|WUGEN-YOUFU|JISHUAI-CONGSHENG|GE-QUALITY|YUN-SHENG-ROOT|SHI-ZHU-JI|TIANGAN-XINGQING|YONGSHEN-STRUCTURE|YONGSHEN-FINAL,大贵。徐乐吾曰：此造特殊，戊子上下相合，虽不化火，水之效用亦鲜。地支三卯，乙木出干，而时透丁火，正所谓众煞猖狂，一仁可化也，与解冻除寒有不同，故大贵。,[]
穷通宝鉴,穷通宝鉴-0481,壬寅壬子己卯丙寅,己,NONE,SHISHI-BURUO|CAIDUO-SHENRUAN|YIN-PARTY|ZHONGGUA-2SIDE|JIRUO-WUGEN|WUGEN-YOUFU|GE-QUALITY|YUN-SHENG-ROOT|SHI-ZHU-JI|TIANGAN-XINGQING|YONGSHEN-STRUCTURE|YONGSHEN-FINAL|ZHONG-HE,进士。徐乐吾曰：此两造，皆丙透通根，科甲之贵。,[]
穷通宝鉴,穷通宝鉴-0482,丁巳壬子己卯癸酉,己,HEAVY,REN-CAIGUAN|SHISHI-BURUO|HEAVY-ROOT|YIN-PARTY|ROOT-STRUCK|ROOT-GAN-PRIORITY|SHI-GUI-LU|ZHONGGUA-2SIDE|JIRUO-WUGEN|GE-QUALITY|TIANGAN-XINGQING|YONGSHEN-STRUCTURE|YONGSHEN-FINAL|ZHONG-HE,徐乐吾曰：此明代建文帝命，壬水合去丁火，癸水又出，冻土仅恃年支巳宫一点丙火，除祖荫外，固无事可为也。十二月己土节命例：,[]
穷通宝鉴,穷通宝鉴-0483,壬申癸丑己丑甲戌,己,HEAVY,REN-CAIGUAN|DESHI-BUWANG|HEAVY-ROOT|ROOT-GAN-PRIORITY|HE-HUASHEN-DESHI|SHI-GUI-LU|ZHONGGUA-2SIDE|RI-BEI-HE|JIRUO-WUGEN|JIWANG-HUAIJI|SHIYONG-YUELING-XIANGFU|GE-QING|GE-QUALITY|TIANGAN-XINGQING|YONGSHEN-STRUCTURE|YONGSHEN-FINAL|ZHONG-HE,木疏季土格，官拜侍郎。徐乐吾曰：水寒土冻，喜得甲戌时，戌为火库，寒谷藏春，更得甲木疏土，引生丁火。己癸月垣聚气，亦为贵徵。运行东南，木火得地，宜乎贵显矣。,[]
穷通宝鉴,穷通宝鉴-0484,壬子癸丑己卯己巳,己,HEAVY,REN-CAIGUAN|DESHI-BUWANG|HEAVY-ROOT|BIJIE-PARTY|ROOT-GAN-PRIORITY|SHI-GUI-LU|ZHONGGUA-2SIDE|JIWANG-HUAIJI|GE-QUALITY|TIANGAN-XINGQING|YONGSHEN-STRUCTURE|YONGSHEN-FINAL|ZHONG-HE,财旺生杀格，状元尚书。徐乐吾曰：此造与上造相同，喜得时逢己巳，暗藏丙火，寒谷回春，运行东南，自然贵显。否则，虽财旺生煞，何能取贵乎？,[]
穷通宝鉴,穷通宝鉴-0485,辛巳辛丑己卯乙亥,己,HEAVY,REN-CAIGUAN|DESHI-BUWANG|XIEQI-TAIZHONG|HEAVY-ROOT|ROOT-STRUCK|ROOT-GAN-PRIORITY|ZHONGGUA-2SIDE|JIRUO-WUGEN|JIWANG-HUAIJI|GE-QUALITY|WANGJI-SIWO-SHENG|SHI-ZHU-JI|TIANGAN-XINGQING|YONGSHEN-STRUCTURE|YONGSHEN-FINAL|ZHONG-HE,丙甲得位，位至尚书。徐乐吾曰：此造丑宫己辛并透，同宫聚气，巳中丙火得禄，暖土为用。亥卯结局以生丙火，四柱无一闲神，此与彭刚直公造相似，参阅戊土十一、十二月节。,[]
穷通宝鉴,穷通宝鉴-0486,丁丑癸丑己酉戊辰,己,HEAVY,REN-CAIGUAN|DESHI-BUWANG|HEAVY-ROOT|BIJIE-PARTY|ROOT-STRUCK|ROOT-GAN-PRIORITY|SHI-GUI-LU|ZHONGGUA-2SIDE|JIRUO-WUGEN|JIWANG-HUAIJI|SHIYONG-YUELING-XIANGFU|GE-QING|GE-QUALITY|SHI-ZHU-JI|TIANGAN-XINGQING|YONGSHEN-STRUCTURE|YONGSHEN-FINAL|ZHONG-HE,金旺用丁，丁透，官拜侍郎。徐乐吾曰：此造丑中己癸透，酉丑结局，泄己土之气，用丁火制金以暖土。,[]
穷通宝鉴,穷通宝鉴-0487,丁亥癸丑己未己巳,己,HEAVY,REN-CAIGUAN|DESHI-BUWANG|HEAVY-ROOT|YIN-PARTY|BIJIE-PARTY|ROOT-STRUCK|ROOT-GAN-PRIORITY|SHI-GUI-LU|ZHONGGUA-2SIDE|JIRUO-WUGEN|JIWANG-HUAIJI|GE-QUALITY|TIANGAN-XINGQING|YONGSHEN-STRUCTURE|YONGSHEN-FINAL|ZHONG-HE,大贵。徐乐吾曰：此造丑宫己癸并透，丁火出干，与上造同，而时支逢巳，丙火得位，故大贵也。,[]
穷通宝鉴,穷通宝鉴-0488,壬午癸丑己丑戊辰,己,HEAVY,REN-CAIGUAN|DESHI-BUWANG|HEAVY-ROOT|BIJIE-PARTY|ROOT-STRUCK|ROOT-GAN-PRIORITY|SHI-GUI-LU|ZHONGGUA-2SIDE|JIRUO-WUGEN|JIWANG-HUAIJI|SHIYONG-YUELING-XIANGFU|GE-QUALITY|SHI-ZHU-JI|TIANGAN-XINGQING|YONGSHEN-STRUCTURE|YONGSHEN-FINAL|ZHONG-HE,大富。徐乐吾曰：此造身旺用财，丁火藏午，土得暖气，己癸聚丑，财星有情，天干比劫争财，时上引归财库，巨富之格，惟恐子息艰难耳。,['身旺']
穷通宝鉴,穷通宝鉴-0489,癸卯乙丑己丑乙亥,己,LIGHT,REN-CAIGUAN|DESHI-BUWANG|LIGHT-ROOT|ROOT-GAN-PRIORITY|ZHONGGUA-2SIDE|JIRUO-WUGEN|GE-QING|GE-QUALITY|SHI-ZHU-JI|TIANGAN-XINGQING|YONGSHEN-STRUCTURE|YONGSHEN-FINAL|ZHONG-HE,江南沈，一榜；程监生，大富。二人同庚，身强敌煞。徐乐吾曰：己丑身强，乙木枯草，无可用，亥宫之甲，寒木无力，亦不足以取贵，丑宫癸水出干，财富丰足。凡八字相同，更须问其胎元及生地分野，如此造胎元丙辰，九月胎元则为丁巳，藏透之间，富贵殊途，否则，湿泥寒冻，不能取贵，又岂能致富乎？白话译文冬季三月（农历十、十一、十二月）的己土，如同寒冻的湿泥，没有丙火（太阳之火）的温暖便毫无生机，因此以丙火为最重要的用神,"['身弱', '身强']"
穷通宝鉴,穷通宝鉴-0490,辛巳庚寅庚戌丙戌,庚,HEAVY,REN-CAIGUAN|SHISHI-BURUO|HEAVY-ROOT|JUECHU-FENGSHENG|BIJIE-PARTY|ROOT-STRUCK|ROOT-GAN-PRIORITY|SHI-GUI-LU|ZHONGGUA-2SIDE|JIRUO-WUGEN|SHIYONG-YUELING-XIANGFU|GE-QUALITY|SHI-ZHU-JI|YONGSHEN-STRUCTURE|YONGSHEN-FINAL|ZHONG-HE,支成火局，无水出救，有道僧人。徐乐吾曰：寅戌会局而透丙，火局成也。年又逢巳，煅炼太过，必须壬水为救。原局无救，而比劫叠见，又不能从，宜为孤穷之命。,[]
穷通宝鉴,穷通宝鉴-0491,丁丑壬寅庚子乙酉,庚,HEAVY,REN-CAIGUAN|XIEQI-TAIZHONG|HEAVY-ROOT|JUECHU-FENGSHENG|ROOT-STRUCK|ROOT-GAN-PRIORITY|HE-HUASHEN-DESHI|SHI-GUI-LU|ZHONGGUA-2SIDE|RI-BEI-HE|JIRUO-WUGEN|JISHUAI-CONGSHENG|GE-QING|GE-QUALITY|YONGSHEN-STRUCTURE|YONGSHEN-FINAL|ZHONG-HE,用丙为暖，惜合多不贵，一富而己。徐乐吾曰：庚日乙酉时，日元不弱，用丙为暖，而壬癸困柱丙丁，只能用财化食伤而生官煞，故富而不贵也。,[]
穷通宝鉴,穷通宝鉴-0492,壬子壬寅庚申庚辰,庚,HEAVY,REN-CAIGUAN|SHISHI-BURUO|XIEQI-TAIZHONG|HEAVY-ROOT|JUECHU-FENGSHENG|BIJIE-PARTY|ROOT-STRUCK|ROOT-GAN-PRIORITY|WANGCHONG-SHUAI|ZHONGGUA-2SIDE|JIRUO-WUGEN|JISHUAI-CONGSHENG|SHIYONG-YUELING-XIANGFU|GE-QUALITY|SHI-ZHU-JI|YONGSHEN-STRUCTURE|YONGSHEN-FINAL|ZHONG-HE,水盛金寒，专用丙戊，故骨肉凄凉，早年刑困，老运东南，衣衿显达。徐乐吾曰：此造金水两旺，见壬出干，水盛金寒，不能不兼用戊土，无如寅宫木旺土崩，故早年刑困，而丙戊俱不透，寒薄之命。中年南方运，丙火旺地，化木生土，宜乎老运亨通矣。,[]
穷通宝鉴,穷通宝鉴-0493,壬子壬寅庚申丙戌,庚,HEAVY,REN-CAIGUAN|XIEQI-TAIZHONG|HEAVY-ROOT|JUECHU-FENGSHENG|ROOT-STRUCK|ROOT-GAN-PRIORITY|WANGCHONG-SHUAI|SHI-GUI-LU|ZHONGGUA-2SIDE|JIRUO-WUGEN|JISHUAI-CONGSHENG|SHIYONG-YUELING-XIANGFU|GE-QUALITY|SHI-ZHU-JI|YONGSHEN-STRUCTURE|YONGSHEN-FINAL|ZHONG-HE,守备。徐乐吾曰：此造丙火出干，唯为壬水所困，故贵不钜。,[]
穷通宝鉴,穷通宝鉴-0494,癸卯甲寅庚午丙戌,庚,LIGHT,REN-CAIGUAN|LIGHT-ROOT|JUECHU-FENGSHENG|ROOT-GAN-PRIORITY|SHI-GUI-LU|ZHONGGUA-2SIDE|JIRUO-WUGEN|SHIYONG-YUELING-XIANGFU|GE-QING|GE-QUALITY|SHI-ZHU-JI|YONGSHEN-STRUCTURE|YONGSHEN-FINAL|ZHONG-HE,残疾孤贫。徐乐吾曰：支金火局，癸水无根，气泄于木，火旺金熔，残疾宜矣。,[]
穷通宝鉴,穷通宝鉴-0495,辛酉庚寅庚子己卯,庚,HEAVY,REN-CAIGUAN|SHISHI-BURUO|HEAVY-ROOT|JUECHU-FENGSHENG|YIN-PARTY|BIJIE-PARTY|ROOT-STRUCK|ROOT-GAN-PRIORITY|WANGCHONG-SHUAI|ZHONGGUA-2SIDE|JIRUO-WUGEN|GE-QUALITY|SHI-ZHU-JI|YONGSHEN-STRUCTURE|YONGSHEN-FINAL|ZHONG-HE,徐乐吾曰：王占元命，咸丰十一年正月十一卯时。己土制水，年上阳刃出干，专用丙火，运行丁亥、丙戌，位至两湖巡阅使。,[]
穷通宝鉴,穷通宝鉴-0496,丙寅庚寅庚戌乙酉,庚,HEAVY,REN-CAIGUAN|SHISHI-BURUO|HEAVY-ROOT|JUECHU-FENGSHENG|BIJIE-PARTY|ROOT-STRUCK|ROOT-GAN-PRIORITY|SHI-GUI-LU|ZHONGGUA-2SIDE|RI-BEI-HE|JIRUO-WUGEN|GE-QUALITY|YONGSHEN-STRUCTURE|YONGSHEN-FINAL|ZHONG-HE,徐乐吾曰：陈调元命，同治四年十二月十九日酉时。生于立春后六时，寒气未除，专用丙火，好在生乙酉时，日元不弱也。,[]
穷通宝鉴,穷通宝鉴-0497,辛卯庚寅庚午己卯,庚,NONE,SHISHI-BURUO|JUECHU-FENGSHENG|YIN-PARTY|ZHONGGUA-2SIDE|WUGEN-YOUFU|GE-QING|GE-QUALITY|YUN-SHENG-ROOT|SHI-ZHU-JI|YONGSHEN-STRUCTURE|YONGSHEN-FINAL|ZHONG-HE,徐乐吾曰：韩复榘命，光绪十七年正月初五日卯时。两卯为飞刃，辛金出干，两卯冲动酉宫，得刃虚神，丙丁制刃为用，运行丁亥、丙戌，位至山东主席，酉运丁丑年，失律遭刑。白话译文正月（寅月）是木气旺盛的时节，此时土气受木克制、气势衰死，无力生养庚金；加之寅月寒气尚未消散，庚金本性偏寒，须先以丙火（太阳之火）温暖，使其恢复活力。又因土厚会将金埋没，需要甲木（大树之木）来疏通、破开板结之土，使金得以透气，甲木克土,[]
穷通宝鉴,穷通宝鉴-0498,庚申己卯庚寅丁丑,庚,HEAVY,REN-CAIGUAN|SHISHI-BURUO|HEAVY-ROOT|YIN-PARTY|BIJIE-PARTY|ROOT-STRUCK|ROOT-GAN-PRIORITY|WANGCHONG-SHUAI|SHI-GUI-LU|ZHONGGUA-2SIDE|JIRUO-WUGEN|GE-QUALITY|YONGSHEN-STRUCTURE|YONGSHEN-FINAL|ZHONG-HE,丁透甲藏，难由科甲，纳粟秦名，贵自富得，官知县，其家巨富，为人亦慷慨好施。徐乐吾曰:申卯合，甲藏寅，财旺生官，贵从富得。,[]
穷通宝鉴,穷通宝鉴-0499,庚午己卯庚子甲申,庚,HEAVY,REN-CAIGUAN|SHISHI-BURUO|HEAVY-ROOT|YIN-PARTY|BIJIE-PARTY|ROOT-GAN-PRIORITY|SHI-GUI-LU|ZHONGGUA-2SIDE|JIRUO-WUGEN|GE-QUALITY|YONGSHEN-STRUCTURE|YONGSHEN-FINAL|ZHONG-HE,甲透丁藏，不利正途，行午运，武职显达。徐乐吾曰:两造皆己庚并透，庚金暗强，而用丁火，甲庚俱全，虽非科甲，异途显达，上造寅卯财旺，又为巨富也。,[]
穷通宝鉴,穷通宝鉴-0500,丙申辛卯庚辰丁亥,庚,HEAVY,REN-CAIGUAN|SHISHI-BURUO|HEAVY-ROOT|BIJIE-PARTY|ROOT-STRUCK|ROOT-GAN-PRIORITY|ZHONGGUA-2SIDE|JIRUO-WUGEN|GE-QUALITY|SHI-ZHU-JI|YONGSHEN-STRUCTURE|YONGSHEN-FINAL|ZHONG-HE,官星出干，卯中乙木，有亥中甲木引之，甲木又得申中庚金劈之，大贵；用丁火，木妻火子，申辰会水克丁，一子不能承受，乏嗣。徐乐吾曰:庚金坐辰，有印相生，丙辛合煞留官，财旺生官，宜为大贵。丁亥火临绝位，数应一子，申辰会局克之，绝地乏嗣，故云不能承受也。,[]
穷通宝鉴,穷通宝鉴-0501,辛丑辛卯庚寅庚辰,庚,LIGHT,REN-CAIGUAN|SHISHI-BURUO|LIGHT-ROOT|BIJIE-PARTY|ROOT-STRUCK|ROOT-GAN-PRIORITY|ZHONGGUA-2SIDE|JIRUO-WUGEN|SHIYONG-YUELING-XIANGFU|GE-QUALITY|SHI-ZHU-JI|YONGSHEN-STRUCTURE|YONGSHEN-FINAL|ZHONG-HE,武举，家富。徐乐吾曰:支全寅卯辰，富甲一方可知。比劫露头而无丁火，故贵轻也。然两干不杂，气势自清。,[]
穷通宝鉴,穷通宝鉴-0502,辛酉辛卯庚寅丁亥,庚,HEAVY,REN-CAIGUAN|SHISHI-BURUO|HEAVY-ROOT|BIJIE-PARTY|ROOT-STRUCK|ROOT-GAN-PRIORITY|WANGCHONG-SHUAI|ZHONGGUA-2SIDE|JIRUO-WUGEN|GE-QUALITY|SHI-ZHU-JI|YONGSHEN-STRUCTURE|YONGSHEN-FINAL|ZHONG-HE,甲藏丁透，武状元。徐乐吾曰:此造与上两造相类同，见丁火出干，财官为用，即取贵。,[]
穷通宝鉴,穷通宝鉴-0503,乙亥己卯庚辰丁丑,庚,LIGHT,REN-CAIGUAN|SHISHI-BURUO|LIGHT-ROOT|YIN-PARTY|ROOT-STRUCK|ROOT-GAN-PRIORITY|SHI-GUI-LU|ZHONGGUA-2SIDE|RI-BEI-HE|JIRUO-WUGEN|GE-QUALITY|YONGSHEN-STRUCTURE|YONGSHEN-FINAL|ZHONG-HE,徐乐吾曰:张作霖命，光绪元年二月十二日丑时。庚金坐辰，己土出干，金势暗强，专用丁火。亥宫甲木引丁，乙木隔位不合，胎元庚午，庚金劈甲，午为丁禄，丑卯辰夹寅，亥暗合之，财全成方，此皆不见之形，所以武职显达。富贵皆臻其极，位至大元帅，戌运戊辰年，皇姑屯被炸殒命。亥年见辰为自缢煞，非令终命也。,[]
穷通宝鉴,穷通宝鉴-0504,己卯丁卯庚戌己卯,庚,LIGHT,REN-CAIGUAN|SHISHI-BURUO|LIGHT-ROOT|YIN-PARTY|ROOT-GAN-PRIORITY|ZHONGGUA-2SIDE|JIRUO-WUGEN|SHIYONG-YUELING-XIANGFU|GE-QING|GE-QUALITY|SHI-ZHU-JI|YONGSHEN-STRUCTURE|YONGSHEN-FINAL|ZHONG-HE,"徐乐吾曰:张树元命，光绪五年三月初六日卯时。亦用丁火，卯多不能引丁，喜其无水，不伤丁，喜比动运。白话译文二月（农历卯月）出生的庚金日主，正值卯木当令，乙木势力旺盛。若天干透出乙木，庚金因与乙木相合而产生""暗强""之势——虽非秋季金旺之时，却借合财之力获得类似秋金的间接强度。此月庚金的核心用神为丁火（正官，代表功名权位）。春季丁火气势平和，需甲木（正财）来引燃，甲木过旺则需庚金来劈开，三者形成""庚劈甲","['身弱', '中和']"
穷通宝鉴,穷通宝鉴-0505,庚子庚辰庚申壬午,庚,HEAVY,REN-CAIGUAN|SHISHI-BURUO|XIEQI-TAIZHONG|HEAVY-ROOT|BIJIE-PARTY|ROOT-GAN-PRIORITY|ZHONGGUA-2SIDE|JIWANG-HUAIJI|JISHUAI-CONGSHENG|GE-QUALITY|SHI-ZHU-JI|YONGSHEN-STRUCTURE|YONGSHEN-FINAL|ZHONG-HE,时出壬水，支成水局，名井栏叉格，官至太师，凡水局须以此参观。徐乐吾曰:此井栏叉格，《喜忌篇》云：庚日全逢润下，忌壬癸巳午之方，壬癸巳者北方也，巳午者南方也，指运程而言，原命并不以见壬癸巳午为忌也。,[]
穷通宝鉴,穷通宝鉴-0506,癸卯丙辰庚申辛巳,庚,HEAVY,REN-CAIGUAN|SHISHI-BURUO|XIEQI-TAIZHONG|HEAVY-ROOT|BIJIE-PARTY|ROOT-STRUCK|ROOT-GAN-PRIORITY|SHI-GUI-LU|ZHONGGUA-2SIDE|JIRUO-WUGEN|JIWANG-HUAIJI|JISHUAI-CONGSHENG|SHIYONG-YUELING-XIANGFU|GE-QUALITY|SHI-ZHU-JI|YONGSHEN-STRUCTURE|YONGSHEN-FINAL|ZHONG-HE,徐乐吾曰:姜桂题命，道光廿三年三月十七日巳时。丙火出干，得禄于巳，癸水坐卯，不为困丙，武职极贵，位至巡阅使。,[]
穷通宝鉴,穷通宝鉴-0507,丙辰壬辰庚辰壬午,庚,NONE,SHAZHONG-SHENQING|XIEQI-TAIZHONG|ZHONGGUA-2SIDE|WUGEN-YOUFU|JISHUAI-CONGSHENG|GE-QUALITY|YUN-SHENG-ROOT|SHI-ZHU-JI|YONGSHEN-STRUCTURE|YONGSHEN-FINAL,徐乐吾曰:清穆宗（同治）命造，咸丰六年三月廿三日午时。甲午运甲配年，日儿太岁而殂。,[]
穷通宝鉴,穷通宝鉴-0508,辛酉壬辰庚子甲申,庚,HEAVY,REN-CAIGUAN|SHISHI-BURUO|XIEQI-TAIZHONG|HEAVY-ROOT|BIJIE-PARTY|ROOT-STRUCK|ROOT-GAN-PRIORITY|SHI-GUI-LU|ZHONGGUA-2SIDE|JIRUO-WUGEN|JIWANG-HUAIJI|JISHUAI-CONGSHENG|SHIYONG-YUELING-XIANGFU|GE-QING|GE-QUALITY|YONGSHEN-STRUCTURE|YONGSHEN-FINAL|ZHONG-HE,徐乐吾曰:端方命，满人，咸丰十一年三月十二日申时。井栏叉格，位至决督，辛亥年，死于乱军中，年五十一。,[]
穷通宝鉴,穷通宝鉴-0509,戊寅丙辰庚申辛巳,庚,HEAVY,REN-CAIGUAN|SHISHI-BURUO|HEAVY-ROOT|YIN-PARTY|BIJIE-PARTY|ROOT-STRUCK|ROOT-GAN-PRIORITY|SHI-GUI-LU|ZHONGGUA-2SIDE|JIRUO-WUGEN|JIWANG-HUAIJI|SHIYONG-YUELING-XIANGFU|GE-QUALITY|SHI-ZHU-JI|YONGSHEN-STRUCTURE|YONGSHEN-FINAL|ZHONG-HE,徐乐吾曰:廖仲恺命，光绪四年三月初十日巳时。庚早专禄，取寅宫甲木生丙，财滋弱煞格。巳宫禄马同乡，极品之贵，应以武职显。丙辛遥合，不足以羁绊用神，更行辛运，争合丙煞，突遭暗杀。,[]
穷通宝鉴,穷通宝鉴-0510,庚辰庚辰庚辰丁亥,庚,NONE,ZHONGGUA-2SIDE|WUGEN-YOUFU|GE-QUALITY|YUN-SHENG-ROOT|SHI-ZHU-JI|YONGSHEN-STRUCTURE|YONGSHEN-FINAL,"徐乐吾曰:庚继尧命，光绪六年三月十三日亥时。丁火出干，亥宫藏甲，贵为云南都督，或云：唐造为癸未、庚申、庚寅、壬午，未知孰是。白话译文三月（辰月）出生的庚金日主，月令由戊土当权。戊土气盛，金处于""相""位而非旺位，表面上土能生金，实则旺土反将金气埋没，使其钝而无声。因此，调候首选甲木来疏通厚土，其次取丁火来煅炼庚金使之成器，并不需要另一个庚金来劈开甲木。就丁、甲的具体配合而言：丁、甲同时透干且不受比劫",[]
穷通宝鉴,穷通宝鉴-0511,壬寅乙巳庚戌丙戌,庚,HEAVY,REN-CAIGUAN|HEAVY-ROOT|ROOT-STRUCK|ROOT-GAN-PRIORITY|SHI-GUI-LU|ZHONGGUA-2SIDE|RI-BEI-HE|JIRUO-WUGEN|SHIYONG-YUELING-XIANGFU|GE-QUALITY|SHI-ZHU-JI|YONGSHEN-STRUCTURE|YONGSHEN-FINAL|ZHONG-HE,刑克，飘荡离乡，客外之人。徐乐吾曰：此造壬水无根，气泄于寅，不能制丙，火土无情，奔流之客也。,[]
穷通宝鉴,穷通宝鉴-0512,癸丑丁巳庚子丁亥,庚,HEAVY,REN-CAIGUAN|XIEQI-TAIZHONG|HEAVY-ROOT|ROOT-STRUCK|ROOT-GAN-PRIORITY|WANGCHONG-SHUAI|ZHONGGUA-2SIDE|JIRUO-WUGEN|JISHUAI-CONGSHENG|GE-QUALITY|SHI-ZHU-JI|YONGSHEN-STRUCTURE|YONGSHEN-FINAL|ZHONG-HE,秀才，大富，五子皆贵。徐乐吾曰：巳丑会局，庚金转旺，可用丁火，但重官不贵，又见癸伤，宜其富而非贵，水至亥临官，五子呈祥。,[]
穷通宝鉴,穷通宝鉴-0513,甲申己巳庚午戊寅,庚,HEAVY,REN-CAIGUAN|SHISHI-BURUO|HEAVY-ROOT|YIN-PARTY|ROOT-STRUCK|ROOT-GAN-PRIORITY|ZHONGGUA-2SIDE|JIRUO-WUGEN|SHIYONG-YUELING-XIANGFU|GE-QUALITY|SHI-ZHU-JI|YONGSHEN-STRUCTURE|YONGSHEN-FINAL|ZHONG-HE,徐乐吾曰：钱应溥命，道光四年五月初八日寅时。寅午会局，专用申宫壬水，运行西北，拔贡，位至军机。,[]
穷通宝鉴,穷通宝鉴-0514,乙丑辛巳庚子丙子,庚,HEAVY,REN-CAIGUAN|SHISHI-BURUO|HEAVY-ROOT|BIJIE-PARTY|ROOT-GAN-PRIORITY|ZHONGGUA-2SIDE|RI-BEI-HE|JIRUO-WUGEN|GE-QING|GE-QUALITY|CAI-RUO-SHEN-QIANG|YONGSHEN-STRUCTURE|YONGSHEN-FINAL|ZHONG-HE,徐乐吾曰：齐耀珊命，同治四年五月初六日子时。群金生夏，妙用元武，支成金局，用巳宫当旺之火，富贵奚疑。但用丙火七煞为武阶，用丁火官星为文职，位至省长，疑是丁丑时也。,[]
穷通宝鉴,穷通宝鉴-0515,己卯己巳庚申辛巳,庚,HEAVY,REN-CAIGUAN|SHISHI-BURUO|HEAVY-ROOT|YIN-PARTY|BIJIE-PARTY|ROOT-STRUCK|ROOT-GAN-PRIORITY|SHI-GUI-LU|ZHONGGUA-2SIDE|JIRUO-WUGEN|SHIYONG-YUELING-XIANGFU|GE-QING|GE-QUALITY|SHI-ZHU-JI|YONGSHEN-STRUCTURE|YONGSHEN-FINAL|ZHONG-HE,徐乐吾曰：李根源命，光绪五年四月十七日巳时。专用丙火，喜申宫有壬水制之，惜壬丙皆藏，支又值三刑，屡掌兵柄，又长农商，起伏无常。,[]
穷通宝鉴,穷通宝鉴-0516,壬午乙巳庚戌辛巳,庚,HEAVY,REN-CAIGUAN|SHISHI-BURUO|HEAVY-ROOT|BIJIE-PARTY|ROOT-GAN-PRIORITY|SHI-GUI-LU|ZHONGGUA-2SIDE|RI-BEI-HE|JIRUO-WUGEN|SHIYONG-YUELING-XIANGFU|GE-QING|GE-QUALITY|CAI-RUO-SHEN-QIANG|SHI-ZHU-JI|YONGSHEN-STRUCTURE|YONGSHEN-FINAL|ZHONG-HE,徐乐吾曰：杨树庄命，光绪八年三月廿四日巳时。支成火局，两巳藏丙，喜壬水出干制之，胎元丙申，壬水有根，假煞为权，位至海军总长。,[]
穷通宝鉴,穷通宝鉴-0517,壬午乙巳庚戌壬午,庚,HEAVY,REN-CAIGUAN|HEAVY-ROOT|ROOT-GAN-PRIORITY|ZHONGGUA-2SIDE|RI-BEI-HE|JIRUO-WUGEN|GE-QUALITY|CAI-RUO-SHEN-QIANG|SHI-ZHU-JI|YONGSHEN-STRUCTURE|YONGSHEN-FINAL|ZHONG-HE,徐乐吾曰：曾宗鉴命，光绪八年三月廿四日午时。与杨造仅差一时，用午中丁火，为文阶而非武职。年时两午，会戌成局，更值火旺之时，仍非用水制之不可，位至总长。白话译文农历四月（巳月）出生的庚金日主，虽处丙火旺盛之时，却因巳中藏有戊土，戊土能阻隔丙火直接熔金，故庚金在此月并不惧火。调候首要用神为壬水，取其制火润土之功，使戊土得以反生庚金——壬水、丙火、戊土三者相辅相成，乃上等格局；若仅透出一二，亦有功名衣禄,[]
穷通宝鉴,穷通宝鉴-0518,己未庚午庚戌壬午,庚,LIGHT,REN-CAIGUAN|SHISHI-BURUO|LIGHT-ROOT|YIN-PARTY|BIJIE-PARTY|ROOT-STRUCK|ROOT-GAN-PRIORITY|ZHONGGUA-2SIDE|JIRUO-WUGEN|SHIYONG-YUELING-XIANGFU|GE-QUALITY|SHI-ZHU-JI|YONGSHEN-STRUCTURE|YONGSHEN-FINAL|ZHONG-HE,从杀格，早年刑困，子晚妻迟，晚年大富，寿考子多。徐乐吾曰：此造印比食神均出干，决不能以从论，似从而不成从，所谓类象是了。如虞和德造：,[]
穷通宝鉴,穷通宝鉴-0519,丁卯丙午庚午己卯,庚,NONE,SHISHI-BURUO|SHAZHONG-SHENQING|YIN-PARTY|ZHONGGUA-2SIDE|WUGEN-YOUFU|JISHUAI-CONGSHENG|GE-QUALITY|YUN-SHENG-ROOT|SHI-ZHU-JI|YONGSHEN-STRUCTURE|YONGSHEN-FINAL|ZHONG-HE,，一派木火，从象更真。但因己土透也，得禄于午，不能从也。得意在辛丑、庚子运。此造先贫后富，恐亦富在辛丑、庚子运也。庚金阳干，不易言从，加以胎元在酉，阳刃暗藏，最宜带水之土金运。总论云：运宜西北，不利南方是也，复次《三命通会》云：庚金坐午又为提，丁己齐明两可宜，干支无丙来混杂，水绝肩多作富推。注曰：庚午日生于五月，透丁己，官印俱明，利名发达，若午多，壬午时亦吉，如遇丙煞不利。若从煞格，不宜水制之。又,[]
穷通宝鉴,穷通宝鉴-0520,己丑庚午庚午丁丑,庚,LIGHT,REN-CAIGUAN|SHISHI-BURUO|LIGHT-ROOT|YIN-PARTY|BIJIE-PARTY|ROOT-STRUCK|ROOT-GAN-PRIORITY|SHI-GUI-LU|ZHONGGUA-2SIDE|JIRUO-WUGEN|SHIYONG-YUELING-XIANGFU|GE-QUALITY|YONGSHEN-STRUCTURE|YONGSHEN-FINAL|ZHONG-HE,，柱见两丑，暗藏金水可用，其不能从煞，更为明显，特此类命造，早年多困苦。《八法关键》云：类化气而不成局，类印绶而不成印，多靠别人之力，入继过房之命，即使幼非孤苦，亦必承受他人福荫，录之以供参考。,[]
穷通宝鉴,穷通宝鉴-0521,庚申壬午庚寅壬午,庚,HEAVY,REN-CAIGUAN|SHISHI-BURUO|XIEQI-TAIZHONG|HEAVY-ROOT|BIJIE-PARTY|ROOT-STRUCK|ROOT-GAN-PRIORITY|ZHONGGUA-2SIDE|JIRUO-WUGEN|JISHUAI-CONGSHENG|SHIYONG-YUELING-XIANGFU|GE-QUALITY|SHI-ZHU-JI|YONGSHEN-STRUCTURE|YONGSHEN-FINAL|ZHONG-HE,两干不杂，一榜，知府。徐乐吾曰：两干不杂，取其清耳，专用庚壬。,[]
穷通宝鉴,穷通宝鉴-0522,壬申丙午庚午甲申,庚,HEAVY,REN-CAIGUAN|XIEQI-TAIZHONG|HEAVY-ROOT|ROOT-GAN-PRIORITY|SHI-GUI-LU|ZHONGGUA-2SIDE|JISHUAI-CONGSHENG|GE-QUALITY|CAI-RUO-SHEN-QIANG|YONGSHEN-STRUCTURE|YONGSHEN-FINAL|ZHONG-HE,徐乐吾曰：何桂清命，嘉庆十七年四月廿八日申时。年时两申，庚金得禄，丙火煞旺，专取食神制煞为用，翰林出身，官至两江总督，洪杨乱时，失守南京而伏法。,[]
穷通宝鉴,穷通宝鉴-0523,辛酉甲午庚戌庚辰,庚,HEAVY,REN-CAIGUAN|SHISHI-BURUO|HEAVY-ROOT|BIJIE-PARTY|ROOT-STRUCK|ROOT-GAN-PRIORITY|ZHONGGUA-2SIDE|JIRUO-WUGEN|GE-QUALITY|SHI-ZHU-JI|YONGSHEN-STRUCTURE|YONGSHEN-FINAL|ZHONG-HE,徐乐吾曰：徐绍祯命，咸丰十一年五月廿三日辰时。辰戌魁罡相逢，年逢辛酉阳刃，午宫丁火当旺，为官刃格，运利西北。,[]
穷通宝鉴,穷通宝鉴-0524,丁卯丙午庚午己卯,庚,NONE,SHISHI-BURUO|SHAZHONG-SHENQING|YIN-PARTY|ZHONGGUA-2SIDE|WUGEN-YOUFU|JISHUAI-CONGSHENG|GE-QUALITY|YUN-SHENG-ROOT|SHI-ZHU-JI|YONGSHEN-STRUCTURE|YONGSHEN-FINAL|ZHONG-HE,徐乐吾曰：虞和德命，同治六年五月十八日卯时。专用己土，运利西北，见上己未造。,[]
穷通宝鉴,穷通宝鉴-0525,壬午丙午庚寅庚辰,庚,NONE,SHAZHONG-SHENQING|XIEQI-TAIZHONG|ZHONGGUA-2SIDE|WUGEN-YOUFU|JISHUAI-CONGSHENG|GE-QUALITY|YUN-SHENG-ROOT|SHI-ZHU-JI|YONGSHEN-STRUCTURE|YONGSHEN-FINAL,徐乐吾曰：张叙忠命，光绪八年五月初五日辰时。时逢庚辰，日元不弱，寅午会局，专取壬制为用。白话译文五月（农历五月，午月）的庚金，正值丁火当令、火势旺盛之时。庚金在此月气势衰弱，必须依赖壬水来化解过旺的火势，癸水次之。徐乐吾注解：五月丁火司令，午宫藏丁、己，形成官星（丁火）与印星（己土）相生的格局，本是吉象。然而火炎土燥，庚金被过度煅炼，离不开壬癸水的救济——不用水破火、润土，金便无法存活。即便四柱无,"['衰弱', '衰极']"
穷通宝鉴,穷通宝鉴-0526,丙辰乙未庚申丁亥,庚,HEAVY,REN-CAIGUAN|HEAVY-ROOT|ROOT-STRUCK|ROOT-GAN-PRIORITY|ZHONGGUA-2SIDE|RI-BEI-HE|JIRUO-WUGEN|JIWANG-HUAIJI|GE-QUALITY|SHI-ZHU-JI|YONGSHEN-STRUCTURE|YONGSHEN-FINAL|ZHONG-HE,丁透甲藏，早年得志，一榜，巨富，少兄弟。徐乐吾曰：庚申日元专禄，壬水润土生金，庚金极旺，丙丁并透，官煞混杂，不能专用财生，只能以印化也。,[]
穷通宝鉴,穷通宝鉴-0527,丙辰乙未庚申癸未,庚,HEAVY,REN-CAIGUAN|XIEQI-TAIZHONG|HEAVY-ROOT|ROOT-GAN-PRIORITY|ZHONGGUA-2SIDE|RI-BEI-HE|JIRUO-WUGEN|JIWANG-HUAIJI|JISHUAI-CONGSHENG|SHIYONG-YUELING-XIANGFU|GE-QING|GE-QUALITY|SHI-ZHU-JI|YONGSHEN-STRUCTURE|YONGSHEN-FINAL|ZHONG-HE,用未中二丁，为役起家，早岁发达无比。徐乐吾曰：上两造，相差一时，丁亥时，丁透甲藏，故有乡举之贵；癸未时，专用未中二丁，故仅衣禄充足而不贵也。,[]
穷通宝鉴,穷通宝鉴-0528,丙午乙未庚寅壬午,庚,NONE,CAIDUO-SHENRUAN|SHAZHONG-SHENQING|ZHONGGUA-2SIDE|RI-BEI-HE|JIRUO-WUGEN|WUGEN-YOUFU|JISHUAI-CONGSHENG|SHIYONG-YUELING-XIANGFU|GE-QUALITY|YUN-SHENG-ROOT|SHI-ZHU-JI|YONGSHEN-STRUCTURE|YONGSHEN-FINAL,壬透制火，县令，大有才干。徐乐吾曰：此造与五月文中乙未一造相似。壬水虽无根，而能润土，庚金临绝地而不从，当作胞胎格看，以未土正印为用。运行土乡，泄火生金，最为美运。,[]
穷通宝鉴,穷通宝鉴-0529,丙辰乙未庚辰癸未,庚,NONE,CAIDUO-SHENRUAN|SHAZHONG-SHENQING|XIEQI-TAIZHONG|ZHONGGUA-2SIDE|RI-BEI-HE|JIRUO-WUGEN|WUGEN-YOUFU|JISHUAI-CONGSHENG|SHIYONG-YUELING-XIANGFU|GE-QUALITY|YUN-SHENG-ROOT|SHI-ZHU-JI|YONGSHEN-STRUCTURE|YONGSHEN-FINAL,一丙二丁，取癸制煞，为役起家。徐乐吾曰：庚辰坐印，土润生金，乙从庚合，癸水制杀为用。生于六月，火有余气，水临绝地，仍宜制煞运也。,[]
穷通宝鉴,穷通宝鉴-0530,辛亥乙未庚子己卯,庚,NONE,SHISHI-BURUO|CAIDUO-SHENRUAN|YIN-PARTY|ZHONGGUA-2SIDE|RI-BEI-HE|JIRUO-WUGEN|WUGEN-YOUFU|SHIYONG-YUELING-XIANGFU|GE-QUALITY|YUN-SHENG-ROOT|SHI-ZHU-JI|YONGSHEN-STRUCTURE|YONGSHEN-FINAL|ZHONG-HE,秀才，捐监，官至州同。徐乐吾曰：此造甲藏亥宫，丁火不透，且为支水所伤，幸己土出干，制癸，甲木破未出丁，杂职小官，无异商人，最难辨别。,[]
穷通宝鉴,穷通宝鉴-0531,癸巳己未庚子甲申,庚,HEAVY,REN-CAIGUAN|SHISHI-BURUO|XIEQI-TAIZHONG|HEAVY-ROOT|YIN-PARTY|ROOT-STRUCK|ROOT-GAN-PRIORITY|HE-HUASHEN-DESHI|SHI-GUI-LU|ZHONGGUA-2SIDE|JIRUO-WUGEN|JIWANG-HUAIJI|JISHUAI-CONGSHENG|GE-QUALITY|YONGSHEN-STRUCTURE|YONGSHEN-FINAL|ZHONG-HE,此伤官格，制煞太过，入木火运，财旺生杀，举人。徐乐吾曰：子申会局而透癸水，伤官格也，未中丁火，压伏在下，行财运化伤生官破印，乃有生发之机。,[]
穷通宝鉴,穷通宝鉴-0532,戊申己未庚午丙戌,庚,HEAVY,REN-CAIGUAN|SHISHI-BURUO|HEAVY-ROOT|YIN-PARTY|ROOT-STRUCK|ROOT-GAN-PRIORITY|SHI-GUI-LU|ZHONGGUA-2SIDE|JIRUO-WUGEN|JIWANG-HUAIJI|SHIYONG-YUELING-XIANGFU|GE-QING|GE-QUALITY|SHI-ZHU-JI|YONGSHEN-STRUCTURE|YONGSHEN-FINAL|ZHONG-HE,徐乐吾曰：赵舒翘命，道光廿八年六月廿八日戌时。地支午未申配夹酉刃，庚金暗旺，丙火出干，行北方水运，翰林出身，官至尚书，丑运辛丑年，合起阳刃，以附和拳匪伏法。,[]
穷通宝鉴,穷通宝鉴-0533,庚午癸未庚申丁亥,庚,HEAVY,REN-CAIGUAN|SHISHI-BURUO|XIEQI-TAIZHONG|HEAVY-ROOT|BIJIE-PARTY|ROOT-STRUCK|ROOT-GAN-PRIORITY|ZHONGGUA-2SIDE|JIRUO-WUGEN|JIWANG-HUAIJI|JISHUAI-CONGSHENG|GE-QUALITY|SHI-ZHU-JI|YONGSHEN-STRUCTURE|YONGSHEN-FINAL|ZHONG-HE,徐乐吾曰：熊希龄命，同治九年六月廿五日亥时。丁透甲藏，专用丁火，癸水伤丁为病，至戊运去伤，位至总揆，有名流之举。白话译文六月（未月）生的庚金，正值三伏天中阴气悄然萌动之时，土旺而金气得以蓄养，但金性也因此顽钝至极。因此，首先要用丁火（阴火，象征精炼的炉火）来煅炼，其次借甲木（阳木）引火助燃。丁火与甲木同时透出天干，命主名显身荣；最忌癸水克伤丁火。有甲无丁，流于平庸；有丁无甲，可至生员（秀才功名）；,[]
穷通宝鉴,穷通宝鉴-0534,戊申庚申庚申丙子,庚,HEAVY,REN-CAIGUAN|HEAVY-ROOT|YIN-PARTY|BIJIE-PARTY|ROOT-GAN-PRIORITY|ZHONGGUA-2SIDE|JIWANG-HUAIJI|GE-QING|GE-QUALITY|CAI-RUO-SHEN-QIANG|YONGSHEN-STRUCTURE|YONGSHEN-FINAL|ZHONG-HE,井栏叉格，元帅。徐乐吾曰：此造身强煞浅，假煞为权，专到时上偏官为用，子申水局，有戊土制之，丙不受困，总握兵符。,['身强']
穷通宝鉴,穷通宝鉴-0535,乙未甲申庚戌丁亥,庚,HEAVY,REN-CAIGUAN|DESHI-BUWANG|HEAVY-ROOT|ROOT-STRUCK|ROOT-GAN-PRIORITY|HE-HUASHEN-DESHI|ZHONGGUA-2SIDE|RI-BEI-HE|JIRUO-WUGEN|JIWANG-HUAIJI|SHIYONG-YUELING-XIANGFU|GE-QUALITY|SHI-ZHU-JI|YONGSHEN-STRUCTURE|YONGSHEN-FINAL|ZHONG-HE,先贫后富，子肖。徐乐吾曰：以上两造，皆用丁火，甚明显。,[]
穷通宝鉴,穷通宝鉴-0536,辛酉丙申庚子丙戌,庚,HEAVY,REN-CAIGUAN|DESHI-BUWANG|HEAVY-ROOT|BIJIE-PARTY|ROOT-STRUCK|ROOT-GAN-PRIORITY|SHI-GUI-LU|ZHONGGUA-2SIDE|JIRUO-WUGEN|JIWANG-HUAIJI|SHIYONG-YUELING-XIANGFU|GE-QUALITY|CAI-RUO-SHEN-QIANG|SHI-ZHU-JI|YONGSHEN-STRUCTURE|YONGSHEN-FINAL|ZHONG-HE,徐乐吾曰：王士珍命，咸丰十一年七月十四日戌时。支备申酉戌西方，子戌拱亥，丙辛合去一煞，专用时上丙火，金神入火乡，富贵荣华，为北洋军阀领袖。白话译文七月（申月）的庚金，金气正当令，刚硬锐利到了极点。此时庚金最需要丁火（阴火，如炉中之火）来锻炼，使其去粗成器；而丁火燃烧须有柴薪，故以甲木（大树、木材）为引燃之用。古诀说：秋天的金最是刚烈，若命局中壬水、癸水旺盛，对庚金反而无益（水虽泄金，却会浇熄炉火）,[]
穷通宝鉴,穷通宝鉴-0537,丙子丁酉庚子丙子,庚,HEAVY,REN-CAIGUAN|HEAVY-ROOT|ROOT-STRUCK|ROOT-GAN-PRIORITY|ZHONGGUA-2SIDE|JIRUO-WUGEN|JIWANG-HUAIJI|GE-QING|GE-QUALITY|CAI-RUO-SHEN-QIANG|YONGSHEN-STRUCTURE|YONGSHEN-FINAL|ZHONG-HE,身旺任杀，丞相，一品。徐乐吾曰：此明代乔行简尚书命，干透两丙一丁，癸水在支，不伤丙丁干火，贵至极品。,['身旺']
穷通宝鉴,穷通宝鉴-0538,甲辰癸酉庚申辛巳,庚,HEAVY,REN-CAIGUAN|DESHI-BUWANG|XIEQI-TAIZHONG|HEAVY-ROOT|BIJIE-PARTY|ROOT-STRUCK|ROOT-GAN-PRIORITY|SHI-GUI-LU|ZHONGGUA-2SIDE|JIRUO-WUGEN|JIWANG-HUAIJI|GE-QING|GE-QUALITY|WANGJI-SIWO-SHENG|SHI-ZHU-JI|YONGSHEN-STRUCTURE|YONGSHEN-FINAL|ZHONG-HE,知州。徐乐吾曰：专用巳宫丙火，癸水在干，更得甲木引化，丙火无伤，所以取贵。,[]
穷通宝鉴,穷通宝鉴-0539,乙巳乙酉庚午丁亥,庚,HEAVY,REN-CAIGUAN|DESHI-BUWANG|HEAVY-ROOT|ROOT-STRUCK|ROOT-GAN-PRIORITY|WANGCHONG-SHUAI|HE-HUASHEN-DESHI|ZHONGGUA-2SIDE|RI-BEI-HE|JIRUO-WUGEN|JIWANG-HUAIJI|GE-QUALITY|SHI-ZHU-JI|YONGSHEN-STRUCTURE|YONGSHEN-FINAL|ZHONG-HE,归灵格。财旺生官，举人，官至粮道。徐乐吾曰：此造丁火出干，得禄于午，亥宫藏甲，故较上造为胜，位亦较高。财旺生官，极明显。格局名称，沿五星之旧，多不可解。,[]
穷通宝鉴,穷通宝鉴-0540,己亥癸酉庚申戊寅,庚,HEAVY,REN-CAIGUAN|DESHI-BUWANG|XIEQI-TAIZHONG|HEAVY-ROOT|YIN-PARTY|ROOT-STRUCK|ROOT-GAN-PRIORITY|WANGCHONG-SHUAI|ZHONGGUA-2SIDE|JIRUO-WUGEN|JIWANG-HUAIJI|GE-QUALITY|WANGJI-SIWO-SHENG|SHI-ZHU-JI|YONGSHEN-STRUCTURE|YONGSHEN-FINAL|ZHONG-HE,阳刃驾杀格，尚书。徐乐吾曰：寅中丙火制刃，寅亥皆藏甲，引生丙煞，天干癸水有戊土克制，暗化助煞，大运逆行南方，贵居极品。,[]
穷通宝鉴,穷通宝鉴-0541,辛卯丁酉庚午丙子,庚,HEAVY,REN-CAIGUAN|DESHI-BUWANG|HEAVY-ROOT|BIJIE-PARTY|ROOT-STRUCK|ROOT-GAN-PRIORITY|WANGCHONG-SHUAI|ZHONGGUA-2SIDE|JIRUO-WUGEN|JIWANG-HUAIJI|GE-QUALITY|YONGSHEN-STRUCTURE|YONGSHEN-FINAL|ZHONG-HE,徐乐吾曰：清高宗（乾隆）命，康熙五十年八月十三日子时。书云：子午卯酉，入格为四极，不入格者为四冲，此造煞刃通根并透，乃煞刃格，不以冲论。更有丁火出干，六十年太平天子，威加四海，非寻常所能及也，寿八十九。,[]
穷通宝鉴,穷通宝鉴-0542,庚午乙酉庚子壬子,庚,HEAVY,REN-CAIGUAN|DESHI-BUWANG|XIEQI-TAIZHONG|HEAVY-ROOT|BIJIE-PARTY|ROOT-STRUCK|ROOT-GAN-PRIORITY|WANGCHONG-SHUAI|HE-HUASHEN-DESHI|ZHONGGUA-2SIDE|RI-BEI-HE|JIRUO-WUGEN|JIWANG-HUAIJI|GE-QUALITY|CAI-RUO-SHEN-QIANG|WANGJI-SIWO-SHENG|YONGSHEN-STRUCTURE|YONGSHEN-FINAL|ZHONG-HE,徐乐吾曰：权臣和坤命，乾隆十五年九月初一日午时。年月午酉相破，官星带刃，理同煞刃。无如日主庚金合乙，恋财而不顾官星，贪财忘官，包藏祸心，权奸有异志者，大都类此，日时子午相冲，故晚局不终也。,[]
穷通宝鉴,穷通宝鉴-0543,甲申癸酉庚辰丁亥,庚,HEAVY,REN-CAIGUAN|DESHI-BUWANG|XIEQI-TAIZHONG|HEAVY-ROOT|ROOT-STRUCK|ROOT-GAN-PRIORITY|ZHONGGUA-2SIDE|JIRUO-WUGEN|JIWANG-HUAIJI|GE-QUALITY|WANGJI-SIWO-SHENG|SHI-ZHU-JI|YONGSHEN-STRUCTURE|YONGSHEN-FINAL|ZHONG-HE,徐乐吾曰：王树常命，光绪十年八月初九日亥时。丁甲出干，惜支无丙火，总领师旅。,[]
穷通宝鉴,穷通宝鉴-0544,癸巳辛酉庚申丙戌,庚,HEAVY,REN-CAIGUAN|DESHI-BUWANG|XIEQI-TAIZHONG|HEAVY-ROOT|BIJIE-PARTY|ROOT-STRUCK|ROOT-GAN-PRIORITY|SHI-GUI-LU|ZHONGGUA-2SIDE|JIRUO-WUGEN|JIWANG-HUAIJI|SHIYONG-YUELING-XIANGFU|GE-QUALITY|CAI-RUO-SHEN-QIANG|WANGJI-SIWO-SHENG|SHI-ZHU-JI|YONGSHEN-STRUCTURE|YONGSHEN-FINAL|ZHONG-HE,"徐乐吾曰：石友三命，光绪十九年八月十一日戌时。支备申酉戌西方，丙火出干，得禄于巳，假煞为权，柱无丁火，总领师干，贵为省主席。白话译文八月庚金处于酉月（农历八月），此时金气最为刚锐，阳刃（庚金自坐酉金，力量极旺的状态）当令。深秋寒气渐重，因此用火尤为关键——丁火（阴火，专司锻炼金属）负责冶炼庚金，使其成器；丙火（阳火，如阳光）负责驱散寒意。本书独创""官煞并用""之法：官星与七杀并见，非但不忌，反而相辅",[]
穷通宝鉴,穷通宝鉴-0545,辛酉戊戌庚申甲申,庚,HEAVY,REN-CAIGUAN|SHISHI-BURUO|HEAVY-ROOT|YIN-PARTY|BIJIE-PARTY|ROOT-STRUCK|ROOT-GAN-PRIORITY|SHI-GUI-LU|ZHONGGUA-2SIDE|JIRUO-WUGEN|JIWANG-HUAIJI|SHIYONG-YUELING-XIANGFU|GE-QUALITY|CAI-RUO-SHEN-QIANG|YONGSHEN-STRUCTURE|YONGSHEN-FINAL|ZHONG-HE,尚书。徐乐吾曰：此造戊土出干，而支全申酉戌，用甲破土，运行南方，位至尚书。,[]
穷通宝鉴,穷通宝鉴-0546,丁未庚戌庚子丁丑,庚,LIGHT,REN-CAIGUAN|SHISHI-BURUO|LIGHT-ROOT|BIJIE-PARTY|ROOT-STRUCK|ROOT-GAN-PRIORITY|SHI-GUI-LU|ZHONGGUA-2SIDE|JIRUO-WUGEN|SHIYONG-YUELING-XIANGFU|GE-QUALITY|YONGSHEN-STRUCTURE|YONGSHEN-FINAL|ZHONG-HE,两榜。徐乐吾曰：此造土不出，仍用丁火，子水润土生金，三秋庚金之正也。,[]
穷通宝鉴,穷通宝鉴-0547,庚寅丙戌庚戌辛巳,庚,HEAVY,REN-CAIGUAN|SHISHI-BURUO|HEAVY-ROOT|BIJIE-PARTY|ROOT-STRUCK|ROOT-GAN-PRIORITY|SHI-GUI-LU|ZHONGGUA-2SIDE|JIRUO-WUGEN|JIWANG-HUAIJI|SHIYONG-YUELING-XIANGFU|GE-QUALITY|SHI-ZHU-JI|YONGSHEN-STRUCTURE|YONGSHEN-FINAL|ZHONG-HE,方伯。徐乐吾曰：九月辛金余气犹旺，见辛金透，即是阳刃，取丙火七煞制刃为用，丙火偏官，逢生得禄，以印化杀为用也。位至方伯，职兼文武，正煞刃格之见征也。,[]
穷通宝鉴,穷通宝鉴-0548,辛酉戊戌庚申辛巳,庚,HEAVY,REN-CAIGUAN|SHISHI-BURUO|HEAVY-ROOT|YIN-PARTY|BIJIE-PARTY|ROOT-STRUCK|ROOT-GAN-PRIORITY|SHI-GUI-LU|ZHONGGUA-2SIDE|JIRUO-WUGEN|JIWANG-HUAIJI|SHIYONG-YUELING-XIANGFU|GE-QUALITY|CAI-RUO-SHEN-QIANG|SHI-ZHU-JI|YONGSHEN-STRUCTURE|YONGSHEN-FINAL|ZHONG-HE,从革格，太尉。徐乐吾曰：支全申酉戌西方，辛金阳刃出干，宜取巳宫丙火为用。喜其运行南方，七煞得地而贵，煞刃主威权，位至太尉，职掌兵柄，似不能以从革成格论也。又明王东台少卿造，,[]
穷通宝鉴,穷通宝鉴-0549,辛未戊戌庚申辛巳,庚,HEAVY,REN-CAIGUAN|SHISHI-BURUO|HEAVY-ROOT|YIN-PARTY|BIJIE-PARTY|ROOT-STRUCK|ROOT-GAN-PRIORITY|SHI-GUI-LU|ZHONGGUA-2SIDE|JIRUO-WUGEN|JIWANG-HUAIJI|SHIYONG-YUELING-XIANGFU|GE-QING|GE-QUALITY|SHI-ZHU-JI|YONGSHEN-STRUCTURE|YONGSHEN-FINAL|ZHONG-HE,，相差一字，或为传抄之误，亦未可知。,[]
穷通宝鉴,穷通宝鉴-0550,乙亥丙戌庚寅己卯,庚,LIGHT,REN-CAIGUAN|SHISHI-BURUO|LIGHT-ROOT|YIN-PARTY|ROOT-GAN-PRIORITY|ZHONGGUA-2SIDE|RI-BEI-HE|JIRUO-WUGEN|GE-QING|GE-QUALITY|SHI-ZHU-JI|YONGSHEN-STRUCTURE|YONGSHEN-FINAL|ZHONG-HE,女命，用木疏土，得一品封诰。徐乐吾曰：此造己土出干，用甲木疏土，壬水制煞为用。,[]
穷通宝鉴,穷通宝鉴-0551,甲申甲戌庚辰壬午,庚,HEAVY,REN-CAIGUAN|XIEQI-TAIZHONG|HEAVY-ROOT|ROOT-STRUCK|ROOT-GAN-PRIORITY|ZHONGGUA-2SIDE|JIRUO-WUGEN|JIWANG-HUAIJI|JISHUAI-CONGSHENG|SHIYONG-YUELING-XIANGFU|GE-QUALITY|SHI-ZHU-JI|YONGSHEN-STRUCTURE|YONGSHEN-FINAL|ZHONG-HE,徐乐吾曰：曾忠襄公（国荃）命，道光四年八月廿日午时。甲木破土，壬水润土生金，而用午宫丁火，故贵不由科甲，地支辰午申戌，连珠夹拱，位至封疆，封子爵。,[]
穷通宝鉴,穷通宝鉴-0552,庚申丙戌庚戌壬午,庚,HEAVY,REN-CAIGUAN|SHISHI-BURUO|XIEQI-TAIZHONG|HEAVY-ROOT|BIJIE-PARTY|ROOT-GAN-PRIORITY|ZHONGGUA-2SIDE|JIWANG-HUAIJI|JISHUAI-CONGSHENG|SHIYONG-YUELING-XIANGFU|GE-QING|GE-QUALITY|CAI-RUO-SHEN-QIANG|SHI-ZHU-JI|YONGSHEN-STRUCTURE|YONGSHEN-FINAL|ZHONG-HE,徐乐吾曰：王丹揆命，咸丰十年九月二十日午时。庚金得禄於申，支成火局，功名魁士，丑运庚寅年，以进士分部，一任浙江财政监理官，太湖水利局督办。,[]
穷通宝鉴,穷通宝鉴-0553,癸亥壬戌庚申庚辰,庚,HEAVY,REN-CAIGUAN|SHISHI-BURUO|XIEQI-TAIZHONG|HEAVY-ROOT|BIJIE-PARTY|ROOT-STRUCK|ROOT-GAN-PRIORITY|ZHONGGUA-2SIDE|JIRUO-WUGEN|JIWANG-HUAIJI|JISHUAI-CONGSHENG|SHIYONG-YUELING-XIANGFU|GE-QUALITY|SHI-ZHU-JI|YONGSHEN-STRUCTURE|YONGSHEN-FINAL|ZHONG-HE,徐乐吾曰：陶炯照命，同治二年九月十六日辰时。专用壬水泄秀，拔贡，举经济特科，历署名县，位至汝阳道尹，以甲木藏亥，疏土无力，故贵不过中等也。白话译文九月庚金，正值戌月，戊土当令主事。此时最大的隐患，是土气过于厚重，将庚金活埋其中。破解之道，须先以甲木疏松土层，再以壬水冲刷淤积，金的本色才得以显现。最忌己土出现于天干，因己土阴湿，会将壬水搅浊，令金失去清澄之气。若壬、甲同时透出天干，则格局上佳，有功名,[]
穷通宝鉴,穷通宝鉴-0554,丁亥辛亥庚子壬午,庚,NONE,SHAZHONG-SHENQING|XIEQI-TAIZHONG|WANGCHONG-SHUAI|ZHONGGUA-2SIDE|WUGEN-YOUFU|JISHUAI-CONGSHENG|GE-QUALITY|YUN-SHENG-ROOT|SHI-ZHU-JI|YONGSHEN-STRUCTURE|YONGSHEN-FINAL,甲丁俱全，二丁得所，廉访。徐乐吾曰：此为金水伤官，喜见官星，以午中丁火为用也。,[]
穷通宝鉴,穷通宝鉴-0555,壬辰辛亥庚辰丙子,庚,NONE,XIEQI-TAIZHONG|HE-HUASHEN-DESHI|ZHONGGUA-2SIDE|WUGEN-YOUFU|JISHUAI-CONGSHENG|GE-QUALITY|YUN-SHENG-ROOT|YONGSHEN-STRUCTURE|YONGSHEN-FINAL,女命，金清水秀，夫荣子贵，美而贤。徐乐吾曰：此亦金水伤官，喜透丙火为用也。,[]
穷通宝鉴,穷通宝鉴-0556,庚辰丁亥庚子庚辰,庚,NONE,ZHONGGUA-2SIDE|WUGEN-YOUFU|GE-QUALITY|YUN-SHENG-ROOT|SHI-ZHU-JI|YONGSHEN-STRUCTURE|YONGSHEN-FINAL,徐乐吾曰：张凯嵩命，嘉庆廿五年拾月十七日辰时。丁火锻金，位至巡抚。,[]
穷通宝鉴,穷通宝鉴-0557,庚寅丁亥庚寅乙酉,庚,HEAVY,REN-CAIGUAN|SHISHI-BURUO|HEAVY-ROOT|BIJIE-PARTY|ROOT-GAN-PRIORITY|SHI-GUI-LU|ZHONGGUA-2SIDE|RI-BEI-HE|JIRUO-WUGEN|JIWANG-HUAIJI|GE-QING|GE-QUALITY|YONGSHEN-STRUCTURE|YONGSHEN-FINAL|ZHONG-HE,徐乐吾曰：潘祖荫命，道光十年十月初六日酉时。丁透丙藏，官至尚书。,[]
穷通宝鉴,穷通宝鉴-0558,壬午辛亥庚辰丙子,庚,NONE,SHAZHONG-SHENQING|XIEQI-TAIZHONG|WANGCHONG-SHUAI|HE-HUASHEN-DESHI|ZHONGGUA-2SIDE|WUGEN-YOUFU|JISHUAI-CONGSHENG|GE-QUALITY|YUN-SHENG-ROOT|YONGSHEN-STRUCTURE|YONGSHEN-FINAL,徐乐吾曰：朱耀东命，光绪八年十月廿七日子时。丙透丁甲并藏，惜丁火藏午，力有不足，旧家中富，位至财政部盐务署长。,[]
穷通宝鉴,穷通宝鉴-0559,癸未癸亥庚午戊寅,庚,NONE,SHISHI-BURUO|XIEQI-TAIZHONG|YIN-PARTY|ZHONGGUA-2SIDE|WUGEN-YOUFU|JISHUAI-CONGSHENG|SHIYONG-YUELING-XIANGFU|GE-QING|GE-QUALITY|YUN-SHENG-ROOT|SHI-ZHU-JI|YONGSHEN-STRUCTURE|YONGSHEN-FINAL|ZHONG-HE,徐乐吾曰：潘复命，光绪九年十月廿三日寅时。寅午会局，丙丁甲均藏，好在戊癸相合，未亥会局，暗助火旺，位至财政部长，进总揆，卒于午运丙子年。,[]
穷通宝鉴,穷通宝鉴-0560,戊子癸亥庚寅戊寅,庚,NONE,SHISHI-BURUO|XIEQI-TAIZHONG|YIN-PARTY|ZHONGGUA-2SIDE|WUGEN-YOUFU|JISHUAI-CONGSHENG|SHIYONG-YUELING-XIANGFU|GE-QING|GE-QUALITY|YUN-SHENG-ROOT|SHI-ZHU-JI|YONGSHEN-STRUCTURE|YONGSHEN-FINAL|ZHONG-HE,徐乐吾曰：冼冠生命，光绪十四年十月十二日寅时。丙甲藏寅，惜有丙无丁，富而不贵，为有名实业家,[]
穷通宝鉴,穷通宝鉴-0561,甲午乙亥庚辰己卯,庚,NONE,SHISHI-BURUO|CAIDUO-SHENRUAN|YIN-PARTY|ZHONGGUA-2SIDE|RI-BEI-HE|JIRUO-WUGEN|WUGEN-YOUFU|GE-QUALITY|YUN-SHENG-ROOT|SHI-ZHU-JI|YONGSHEN-STRUCTURE|YONGSHEN-FINAL|ZHONG-HE,"徐乐吾曰：宋子文命，光绪廿年十一月初八日卯时。甲木出干，丁火得位，财旺生官，乙合于庚，亥卯会局引生丁火，妙在庚辰日元不弱，宜乎大富贵，位至行政院长，总握财枢。白话译文十月的庚金，因亥月壬水当令，金气随水而泄，寒气渐重，故有""水冷金寒""之说。庚金本性坚硬，必须借丁火（偏官）来锻炼成器；而天气日寒，又需丙火（正官）来驱散寒冻。因此，丙丁并见才是最佳格局。用丁火为主，丙火、甲木（丁之燃料）为辅。若丁、甲",[]
穷通宝鉴,穷通宝鉴-0562,乙丑丁亥庚子壬午,庚,LIGHT,REN-CAIGUAN|XIEQI-TAIZHONG|LIGHT-ROOT|ROOT-STRUCK|ROOT-GAN-PRIORITY|WANGCHONG-SHUAI|ZHONGGUA-2SIDE|RI-BEI-HE|JIRUO-WUGEN|JISHUAI-CONGSHENG|GE-QUALITY|SHI-ZHU-JI|YONGSHEN-STRUCTURE|YONGSHEN-FINAL|ZHONG-HE,，有丁无甲，富真贵假，庚金气弱，行申酉运，显达异途，其理至验。有甲无丙丁，专用甲木财星，泄食伤之气，商贾贸易之流，不足以取贵也。或重重丙火，可许一富，但不清高，多劳碌鄙俗。或丙坐支寅，见有一、二，富真贵假。若见癸透，一介寒儒；不见丁甲丙，下格。徐乐吾曰：金水清寒，而得重重丙火暖局，寒威已解，可行水运泄金之秀，清高贵显。若再行火运，一富而已。丙火坐寅，煞印必须通根，方为可用之意。丙火且然，遑论丁火。,[]
穷通宝鉴,穷通宝鉴-0563,壬子壬子庚申庚辰,庚,HEAVY,REN-CAIGUAN|SHISHI-BURUO|XIEQI-TAIZHONG|HEAVY-ROOT|BIJIE-PARTY|ROOT-GAN-PRIORITY|ZHONGGUA-2SIDE|JIWANG-HUAIJI|JISHUAI-CONGSHENG|SHIYONG-YUELING-XIANGFU|GE-QING|GE-QUALITY|SHI-ZHU-JI|YONGSHEN-STRUCTURE|YONGSHEN-FINAL|ZHONG-HE,井栏叉格，尚书。徐乐吾曰：井栏叉，即金水伤官之变，原局无火，运行东南而大发。,[]
穷通宝鉴,穷通宝鉴-0564,乙卯戊子庚寅戊寅,庚,NONE,SHISHI-BURUO|CAIDUO-SHENRUAN|YIN-PARTY|ZHONGGUA-2SIDE|RI-BEI-HE|JIRUO-WUGEN|WUGEN-YOUFU|GE-QUALITY|YUN-SHENG-ROOT|SHI-ZHU-JI|YONGSHEN-STRUCTURE|YONGSHEN-FINAL|ZHONG-HE,甲丙得位，富中取贵。徐乐吾曰：此取寅中甲丙，金水伤官在冬令，必取丙火，几如定律，特不可大旺，喧宾夺主耳。且用神喜其透干而清，独有金水伤官用官，反以藏支为美。藏则不易伤碍，行运引出，自然富贵。所谓吉神暗藏，金温水暖也。三冬用丙丁调候，皆同此理。,[]
穷通宝鉴,穷通宝鉴-0565,甲子丙子庚申庚辰,庚,HEAVY,REN-CAIGUAN|SHISHI-BURUO|HEAVY-ROOT|BIJIE-PARTY|ROOT-GAN-PRIORITY|ZHONGGUA-2SIDE|JIWANG-HUAIJI|SHIYONG-YUELING-XIANGFU|GE-QING|GE-QUALITY|SHI-ZHU-JI|YONGSHEN-STRUCTURE|YONGSHEN-FINAL|ZHONG-HE,井栏叉格，尚书。徐乐吾曰：此造井栏义格，行东南木火运，大贵。,[]
穷通宝鉴,穷通宝鉴-0566,甲寅丙子庚申辛巳,庚,HEAVY,REN-CAIGUAN|SHISHI-BURUO|BIJIE-PARTY|ROOT-STRUCK|ROOT-GAN-PRIORITY|HE-HUASHEN-DESHI|SHI-GUI-LU|ZHONGGUA-2SIDE|JIRUO-WUGEN|JIWANG-HUAIJI|GE-QUALITY|SHI-ZHU-JI|YONGSHEN-STRUCTURE|YONGSHEN-FINAL|ZHONG-HE,徐乐吾曰：张勋命，咸丰四年十月廿五日辰时。甲丙出干，通根寅巳，运行庚辰辛巳比劫之乡，盛极一时，位至巡阅使。,[]
穷通宝鉴,穷通宝鉴-0567,壬戌壬子庚子丙子,庚,LIGHT,REN-CAIGUAN|XIEQI-TAIZHONG|LIGHT-ROOT|ROOT-GAN-PRIORITY|ZHONGGUA-2SIDE|JIRUO-WUGEN|JISHUAI-CONGSHENG|SHIYONG-YUELING-XIANGFU|GE-QING|GE-QUALITY|YONGSHEN-STRUCTURE|YONGSHEN-FINAL|ZHONG-HE,徐乐吾曰：曹锟命，同治元年十月廿一日子时。飞天禄马格，丙火出干，戌宫戊土得位，金水润下，专用丙戊，运至丁巳为全盛时代，位至总统。一云戊寅时，未知孰是。,[]
穷通宝鉴,穷通宝鉴-0568,己卯丙子庚寅辛巳,庚,HEAVY,REN-CAIGUAN|SHISHI-BURUO|HEAVY-ROOT|YIN-PARTY|BIJIE-PARTY|ROOT-STRUCK|ROOT-GAN-PRIORITY|HE-HUASHEN-DESHI|SHI-GUI-LU|ZHONGGUA-2SIDE|JIRUO-WUGEN|JIWANG-HUAIJI|GE-QUALITY|SHI-ZHU-JI|YONGSHEN-STRUCTURE|YONGSHEN-FINAL|ZHONG-HE,徐乐吾曰：史量才命，光绪五年十一月廿一日巳时。庚金子月，死地也，好在庚寅煞印相生，引至时上长生，丙火己土并透，丙火独煞为权，故权重一时，为报界之王。丙火得长生禄旺之气，庚金衰退，运行金水之乡，盛极一时，所重在印，土得水润，乃能生金，至未运甲戌年，破己土印，被刺殒命。,[]
穷通宝鉴,穷通宝鉴-0569,壬午壬子庚辰甲申,庚,HEAVY,REN-CAIGUAN|XIEQI-TAIZHONG|HEAVY-ROOT|ROOT-GAN-PRIORITY|WANGCHONG-SHUAI|SHI-GUI-LU|ZHONGGUA-2SIDE|JIWANG-HUAIJI|JISHUAI-CONGSHENG|GE-QUALITY|YONGSHEN-STRUCTURE|YONGSHEN-FINAL|ZHONG-HE,徐乐吾曰：邵力子命，光绪八年十月廿七日申时。生于大雪后两时，专用午宫丁火，好在甲木出干引丁，位至部长。白话译文十一月庚金生人，天寒地冻，首要用神仍是丁火与甲木，其次借丙火照暖。徐乐吾注解：冬季三月的庚金，皆属金水真伤官格，思路与十月相同——专取丙丁为用神，甲木辅助。此月特别强调先取丙火，是因为严寒之时，丙火的暖局作用比丁甲更为迫切。若丁火与甲木同时透干，丙火藏于地支，此人必能取得功名；即便没有丙火,[]
穷通宝鉴,穷通宝鉴-0570,壬戌壬子庚子丙子,庚,LIGHT,REN-CAIGUAN|XIEQI-TAIZHONG|LIGHT-ROOT|ROOT-GAN-PRIORITY|ZHONGGUA-2SIDE|JIRUO-WUGEN|JISHUAI-CONGSHENG|SHIYONG-YUELING-XIANGFU|GE-QING|GE-QUALITY|YONGSHEN-STRUCTURE|YONGSHEN-FINAL|ZHONG-HE,），丙火出干，行丁巳运全盛，位至总统；史量才命,[]
穷通宝鉴,穷通宝鉴-0571,己卯丙子庚寅辛巳,庚,HEAVY,REN-CAIGUAN|SHISHI-BURUO|HEAVY-ROOT|YIN-PARTY|BIJIE-PARTY|ROOT-STRUCK|ROOT-GAN-PRIORITY|HE-HUASHEN-DESHI|SHI-GUI-LU|ZHONGGUA-2SIDE|JIRUO-WUGEN|JIWANG-HUAIJI|GE-QUALITY|SHI-ZHU-JI|YONGSHEN-STRUCTURE|YONGSHEN-FINAL|ZHONG-HE,），庚金处死地，得煞印相生引至长生，权为报界之王，至未运甲戌年破印被,[]
穷通宝鉴,穷通宝鉴-0572,壬午壬子庚辰甲申,庚,HEAVY,REN-CAIGUAN|XIEQI-TAIZHONG|HEAVY-ROOT|ROOT-GAN-PRIORITY|WANGCHONG-SHUAI|SHI-GUI-LU|ZHONGGUA-2SIDE|JIWANG-HUAIJI|JISHUAI-CONGSHENG|GE-QUALITY|YONGSHEN-STRUCTURE|YONGSHEN-FINAL|ZHONG-HE,），专用午宫丁火，甲木引丁，位至部长。---关键词金水伤官：庚辛日元以壬癸水为食伤，冬月水旺金泄，形成此格；与其他伤官格不同，喜见官星。调候：命局因季节极端（严寒或酷热）而需引入相应五行平衡；十一月庚金非丙丁不能解冻取富。喜见官：金水伤官格反常喜官星（丙丁火），兼具调候与取贵双重作用，是此格最核心的用神逻辑。井栏叉格：庚申、庚子、庚辰同柱，为金水伤官极旺之变格，行木火运反而大发，属特殊旺极从旺之格,['旺极']
穷通宝鉴,穷通宝鉴-0573,庚辰己丑庚戌癸未,庚,LIGHT,REN-CAIGUAN|SHISHI-BURUO|XIEQI-TAIZHONG|LIGHT-ROOT|YIN-PARTY|BIJIE-PARTY|ROOT-STRUCK|ROOT-GAN-PRIORITY|ZHONGGUA-2SIDE|JIRUO-WUGEN|JISHUAI-CONGSHENG|SHIYONG-YUELING-XIANGFU|GE-QUALITY|SHI-ZHU-JI|YONGSHEN-STRUCTURE|YONGSHEN-FINAL|ZHONG-HE,女命，夫妇白头，五子俱贵，大富家。徐乐吾曰:此造支全四库，己土出干，喜有庚金比肩并透，土虽旺，生金而不埋金，荫庇甚优。癸水在时，泄金之气，子星亦秀，天干土金水同出丑宫，福泽厚矣。取戌中一点丁火为用，喜用在时，中年之后，南方木火运，宜乎子贵，享晚福矣。,[]
穷通宝鉴,穷通宝鉴-0574,己巳丁丑庚子乙酉,庚,HEAVY,REN-CAIGUAN|SHISHI-BURUO|YIN-PARTY|ROOT-STRUCK|ROOT-GAN-PRIORITY|SHI-GUI-LU|ZHONGGUA-2SIDE|RI-BEI-HE|JIRUO-WUGEN|JIWANG-HUAIJI|SHIYONG-YUELING-XIANGFU|GE-QING|GE-QUALITY|CAI-RUO-SHEN-QIANG|YONGSHEN-STRUCTURE|YONGSHEN-FINAL|ZHONG-HE,上两造兄弟孪生，兄举人，弟生员，大抵以后落地为弟，占乙酉时，失甲无以引丁，丁虽出干无根，故贵有大小耳。徐乐吾曰:丁火煅庚，巳中丙火暖局，丁火附甲木以存，无甲，丁火之用不足，故不贵也。,[]
穷通宝鉴,穷通宝鉴-0575,己亥丁丑庚午丙戌,庚,LIGHT,REN-CAIGUAN|SHISHI-BURUO|LIGHT-ROOT|YIN-PARTY|ROOT-STRUCK|ROOT-GAN-PRIORITY|SHI-GUI-LU|ZHONGGUA-2SIDE|JIRUO-WUGEN|SHIYONG-YUELING-XIANGFU|GE-QUALITY|SHI-ZHU-JI|YONGSHEN-STRUCTURE|YONGSHEN-FINAL|ZHONG-HE,女命，煞旺身轻，虽生官家，早夭。徐乐吾曰:此造月令正印出干，幼享荫庇之福。午戌结局，丙丁并透，金被火熔，早夭宜矣。,[]
穷通宝鉴,穷通宝鉴-0576,癸丑乙丑庚辰戊寅,庚,LIGHT,REN-CAIGUAN|SHISHI-BURUO|XIEQI-TAIZHONG|LIGHT-ROOT|YIN-PARTY|ROOT-STRUCK|ROOT-GAN-PRIORITY|ZHONGGUA-2SIDE|RI-BEI-HE|JIRUO-WUGEN|JISHUAI-CONGSHENG|GE-QING|GE-QUALITY|SHI-ZHU-JI|YONGSHEN-STRUCTURE|YONGSHEN-FINAL|ZHONG-HE,徐乐吾曰:严几道命，咸丰三年十二月十日寅时。好在戊寅时，寅宫暗藏丙甲，文名播于四海，得天爵之贵。,[]
穷通宝鉴,穷通宝鉴-0577,辛未辛丑庚辰丁丑,庚,LIGHT,REN-CAIGUAN|SHISHI-BURUO|LIGHT-ROOT|BIJIE-PARTY|ROOT-STRUCK|ROOT-GAN-PRIORITY|SHI-GUI-LU|ZHONGGUA-2SIDE|JIRUO-WUGEN|SHIYONG-YUELING-XIANGFU|GE-QUALITY|YONGSHEN-STRUCTURE|YONGSHEN-FINAL|ZHONG-HE,徐乐吾曰:李开先命，同治十年十二月廿五日丑时。支聚四库，土旺生金，丁火出干，锻庚为贵，拔贡出身，位至广东巡按使。,[]
穷通宝鉴,穷通宝鉴-0578,癸酉乙丑庚寅丙子,庚,HEAVY,REN-CAIGUAN|XIEQI-TAIZHONG|ROOT-STRUCK|ROOT-GAN-PRIORITY|ZHONGGUA-2SIDE|RI-BEI-HE|JIRUO-WUGEN|JIWANG-HUAIJI|JISHUAI-CONGSHENG|SHIYONG-YUELING-XIANGFU|GE-QING|GE-QUALITY|YONGSHEN-STRUCTURE|YONGSHEN-FINAL|ZHONG-HE,徐乐吾曰:张载阳命，同治十二年十二月十六日子时。丙火通根于寅，乙木化癸，不致困丙，历任镇守使，位至浙江省长。,[]
穷通宝鉴,穷通宝鉴-0579,辛巳辛丑庚申辛巳,庚,HEAVY,REN-CAIGUAN|SHISHI-BURUO|HEAVY-ROOT|BIJIE-PARTY|ROOT-STRUCK|ROOT-GAN-PRIORITY|SHI-GUI-LU|ZHONGGUA-2SIDE|JIRUO-WUGEN|JIWANG-HUAIJI|GE-QING|GE-QUALITY|CAI-RUO-SHEN-QIANG|SHI-ZHU-JI|YONGSHEN-STRUCTURE|YONGSHEN-FINAL|ZHONG-HE,徐乐吾曰:李国杰命，光绪七年十二月初二日巳时。从革格失令，运行西北富贵，至乙未运，气转南方，己卯年正月，突遭暗杀弊命，年五十九。亡劫带合，非令终命也。白话译文十二月（农历丑月，大寒前后）出生的庚金日主，正值严冬寒气最盛之时。丑土（地支之一，属湿土）如同冰封的泥泞，越冷越僵，金气沉寒而失去活力。因此，命局首先需要丙火（太阳之火）来暖局解冻，其次借助丁火（炉火）锻炼庚金使其成器，而甲木（硬木）作为丁火,[]
穷通宝鉴,穷通宝鉴-0580,丙辰庚寅辛酉己丑,辛,HEAVY,REN-CAIGUAN|SHISHI-BURUO|HEAVY-ROOT|YIN-PARTY|BIJIE-PARTY|ROOT-STRUCK|ROOT-GAN-PRIORITY|SHI-GUI-LU|ZHONGGUA-2SIDE|RI-BEI-HE|JIRUO-WUGEN|GE-QING|GE-QUALITY|YONGSHEN-STRUCTURE|YONGSHEN-FINAL|ZHONG-HE,有己无壬，有能秀才，多兄弟，少子，有己土无壬故也。徐乐吾曰：己土相生，丙火照暖，庚金制甲，格局颇全。唯缺少壬水，辛秀气不流通，仅一秀士而已。,[]
穷通宝鉴,穷通宝鉴-0581,乙酉戊寅辛卯壬辰,辛,HEAVY,REN-CAIGUAN|SHISHI-BURUO|XIEQI-TAIZHONG|HEAVY-ROOT|YIN-PARTY|ROOT-STRUCK|ROOT-GAN-PRIORITY|WANGCHONG-SHUAI|ZHONGGUA-2SIDE|JIRUO-WUGEN|JISHUAI-CONGSHENG|SHIYONG-YUELING-XIANGFU|GE-QUALITY|SHI-ZHU-JI|YONGSHEN-STRUCTURE|YONGSHEN-FINAL|ZHONG-HE,徐乐吾曰：熊炳琦命，光绪十年十二月廿一日辰时。生于立春后一日，寅宫丙火解寒，专用壬水，虽无己土，而有辰酉六合之金，足为生身之本也。,[]
穷通宝鉴,穷通宝鉴-0582,辛卯庚寅辛亥壬辰,辛,NONE,XIEQI-TAIZHONG|ZHONGGUA-2SIDE|WUGEN-YOUFU|JISHUAI-CONGSHENG|SHIYONG-YUELING-XIANGFU|GE-QUALITY|YUN-SHENG-ROOT|SHI-ZHU-JI|YONGSHEN-STRUCTURE|YONGSHEN-FINAL,徐乐吾曰：杜瑞麟命，道光十年十二月廿七日辰时。专用壬水，翰林出身，位至巡抚。白话译文正月（寅月）的辛金，阳气开始上升，但寒气尚未退尽。寅支中藏有丙火，可以温暖金体，缓解寒意。然而此时甲木当令，辛金本已失势，更需要己土（湿润的大地）来滋养生扶，以此作为立命之本。其次借助壬水冲洗磨砺，使辛金能展现光华——辛金之所以能发光，全靠壬水淘洗之功。己土与壬水若同时透出天干，再有庚金在支中制住甲木、保护己土，则,['衰弱']
穷通宝鉴,穷通宝鉴-0583,乙卯己卯辛酉甲午,辛,HEAVY,REN-CAIGUAN|SHISHI-BURUO|HEAVY-ROOT|YIN-PARTY|ROOT-STRUCK|ROOT-GAN-PRIORITY|WANGCHONG-SHUAI|ZHONGGUA-2SIDE|JIRUO-WUGEN|GE-QUALITY|SHI-ZHU-JI|YONGSHEN-STRUCTURE|YONGSHEN-FINAL|ZHONG-HE,用胎元庚金破木，位至太守，欠壬水，故无嗣。,[]
穷通宝鉴,穷通宝鉴-0584,乙酉己卯辛卯丙申,辛,HEAVY,REN-CAIGUAN|SHISHI-BURUO|HEAVY-ROOT|YIN-PARTY|ROOT-STRUCK|ROOT-GAN-PRIORITY|WANGCHONG-SHUAI|SHI-GUI-LU|ZHONGGUA-2SIDE|RI-BEI-HE|JIRUO-WUGEN|GE-QUALITY|YONGSHEN-STRUCTURE|YONGSHEN-FINAL|ZHONG-HE,用庚不用壬，木多故也，虽官至侍郎，七妻，无子。徐乐吾曰:以上三造，财太旺，不能用印，以比劫分财为用。二月辛金太弱，见戊己又惧埋金，如无庚助，即壬水淘洗，亦力有不生也。,[]
穷通宝鉴,穷通宝鉴-0585,己未丁卯辛巳己亥,辛,NONE,SHISHI-BURUO|SHAZHONG-SHENQING|YIN-PARTY|ZHONGGUA-2SIDE|WUGEN-YOUFU|JISHUAI-CONGSHENG|GE-QUALITY|YUN-SHENG-ROOT|SHI-ZHU-JI|YONGSHEN-STRUCTURE|YONGSHEN-FINAL|ZHONG-HE,用丁，专用丁火，文学盖世，但一秀才耳。为人亦温雅清俊，但有兄弟，妻子无力。徐乐吾曰:支成木局，财旺生煞，巳亥冲去壬水，以己土化煞为用。嫌两己并透，泄火之气太过，财在支下，不能破印。,[]
穷通宝鉴,穷通宝鉴-0586,甲午丁卯辛未己亥,辛,NONE,SHISHI-BURUO|CAIDUO-SHENRUAN|SHAZHONG-SHENQING|YIN-PARTY|ZHONGGUA-2SIDE|JIRUO-WUGEN|WUGEN-YOUFU|JISHUAI-CONGSHENG|GE-QING|GE-QUALITY|YUN-SHENG-ROOT|SHI-ZHU-JI|YONGSHEN-STRUCTURE|YONGSHEN-FINAL|ZHONG-HE,财旺生官，状元。徐乐吾曰:丁己同宫于午，得甲木在年生丁火，不伤己土，同一支成木局，财旺生官，辛金有己土印相生，而此造配得中和，即成贵格。,['中和']
穷通宝鉴,穷通宝鉴-0587,己未丁卯辛丑戊子,辛,LIGHT,REN-CAIGUAN|SHISHI-BURUO|LIGHT-ROOT|YIN-PARTY|ROOT-STRUCK|ROOT-GAN-PRIORITY|SHI-GUI-LU|ZHONGGUA-2SIDE|JIRUO-WUGEN|GE-QUALITY|YONGSHEN-STRUCTURE|YONGSHEN-FINAL|ZHONG-HE,柱欠壬水，故为奴仆。徐乐吾曰:不特柱欠壬水，缺乏秀气也，子丑一合，湿土互凝，戊己出干，土重埋金，无甲木为救，宜其压没在下也。春夏辛金，衰弱而不能用印，最难取用。,['衰弱']
穷通宝鉴,穷通宝鉴-0588,壬子癸卯辛卯壬辰,辛,LIGHT,REN-CAIGUAN|XIEQI-TAIZHONG|LIGHT-ROOT|ROOT-STRUCK|ROOT-GAN-PRIORITY|ZHONGGUA-2SIDE|JIRUO-WUGEN|JISHUAI-CONGSHENG|SHIYONG-YUELING-XIANGFU|GE-QUALITY|SHI-ZHU-JI|YONGSHEN-STRUCTURE|YONGSHEN-FINAL|ZHONG-HE,"女命，金水汪洋，一生淫贱孤寡。徐乐吾曰:女命，金水汪洋，无戊土以制之也，水旺金沉，加以运行西北，主少年淫贱，晚年孤寡。白话译文农历二月（卯月）出生的辛金日主，正值春日阳气升发、气候转暖，金性愈发衰弱。此时命局以壬水（大水、主流动与淘洗）为最重要的用神。若命中出现戊土、己土（厚重之土），会产生""埋金浊水""的双重危害——土多则压没辛金，同时令壬水混浊失清。此时须有甲木透出天干，以木克土，方能解除病患。",['衰弱']
穷通宝鉴,穷通宝鉴-0589,癸丑丙辰辛亥戊子,辛,LIGHT,REN-CAIGUAN|SHISHI-BURUO|XIEQI-TAIZHONG|LIGHT-ROOT|YIN-PARTY|ROOT-STRUCK|ROOT-GAN-PRIORITY|SHI-GUI-LU|ZHONGGUA-2SIDE|RI-BEI-HE|JIRUO-WUGEN|JISHUAI-CONGSHENG|SHIYONG-YUELING-XIANGFU|GE-QING|GE-QUALITY|YONGSHEN-STRUCTURE|YONGSHEN-FINAL|ZHONG-HE,徐乐吾曰:骆秉章命，乾隆五十八年三月十八日子时。丙火出干，喜有癸水破丙解合，支坐亥子丑地，癸水有力，亥中有甲破戊，唯其非化气，故戊土不为破格也。运行北方，历任两湖四川总督，一代名臣。,[]
穷通宝鉴,穷通宝鉴-0590,辛巳壬辰辛卯庚寅,辛,NONE,SHISHI-BURUO|XIEQI-TAIZHONG|BIJIE-PARTY|ZHONGGUA-2SIDE|WUGEN-YOUFU|JISHUAI-CONGSHENG|SHIYONG-YUELING-XIANGFU|GE-QUALITY|YUN-SHENG-ROOT|SHI-ZHU-JI|YONGSHEN-STRUCTURE|YONGSHEN-FINAL|ZHONG-HE,徐乐吾曰:胡笔江命，光绪七年三月廿九日寅时。支全寅卯辰东方，伤官生财，财旺成方，身弱反以辰土正印为用。运行戊子己丑，湿土生金，由钱业而银行，为金融界领袖人物，民国戊寅年孟秋，乘飞机，遭袭击，死于非命。时逢丙火长生，才旺生官，子女八人。某律师命，年月日皆同，生己丑时，己土出干，印旺用财。两造皆以壬水出干，故均有声于社会，丙火至丑为养位，衰绝，一子晚得。,['身弱']
穷通宝鉴,穷通宝鉴-0591,癸巳丙辰辛卯癸巳,辛,NONE,SHAZHONG-SHENQING|XIEQI-TAIZHONG|ZHONGGUA-2SIDE|RI-BEI-HE|WUGEN-YOUFU|JISHUAI-CONGSHENG|SHIYONG-YUELING-XIANGFU|GE-QUALITY|YUN-SHENG-ROOT|SHI-ZHU-JI|YONGSHEN-STRUCTURE|YONGSHEN-FINAL,"徐乐吾曰:武庭麟命，两癸出干破丙，总领师干。白话译文三月辛金，正值戊土当令（辰月，戊土为司令之神），土能生金，故辛金虽处春末，仍承母气而不弱。此月用神以壬水为首，甲木为辅。壬水能泄辛金之秀，甲木能破戊土之壅塞——若壬甲双双透出天干，富贵可期；壬水透干而甲木藏支，仍可得功名；甲木透干而壬水藏于亥申之中，效力近似双透；若壬甲皆无，则流于平庸。最忌天干见丙火。丙与辛相合，辛金情牵官星而忘却用神壬水，称""",[]
穷通宝鉴,穷通宝鉴-0592,乙未辛巳辛亥乙未,辛,NONE,SHISHI-BURUO|CAIDUO-SHENRUAN|BIJIE-PARTY|WANGCHONG-SHUAI|ZHONGGUA-2SIDE|JIRUO-WUGEN|WUGEN-YOUFU|GE-QUALITY|YUN-SHENG-ROOT|SHI-ZHU-JI|YONGSHEN-STRUCTURE|YONGSHEN-FINAL|ZHONG-HE,两间杂，但非时耳，茂才。徐乐吾曰：此造取亥宫壬水，从财格，不得其时也。,[]
穷通宝鉴,穷通宝鉴-0593,甲午己巳辛未庚寅,辛,NONE,SHISHI-BURUO|CAIDUO-SHENRUAN|YIN-PARTY|BIJIE-PARTY|ZHONGGUA-2SIDE|JIRUO-WUGEN|WUGEN-YOUFU|SHIYONG-YUELING-XIANGFU|GE-QUALITY|YUN-SHENG-ROOT|SHI-ZHU-JI|YONGSHEN-STRUCTURE|YONGSHEN-FINAL|ZHONG-HE,孤贫。徐乐吾曰：此造有庚金出干为助，己土生之，但火旺无水，无可生发，下格。,[]
穷通宝鉴,穷通宝鉴-0594,癸卯丁巳辛酉戊子,辛,HEAVY,REN-CAIGUAN|SHISHI-BURUO|XIEQI-TAIZHONG|HEAVY-ROOT|YIN-PARTY|ROOT-STRUCK|ROOT-GAN-PRIORITY|HE-HUASHEN-DESHI|SHI-GUI-LU|ZHONGGUA-2SIDE|JIRUO-WUGEN|JISHUAI-CONGSHENG|GE-QUALITY|YONGSHEN-STRUCTURE|YONGSHEN-FINAL|ZHONG-HE,徐乐吾曰：汤文藻命，光绪廿九年五月初七日子时。辛酉专禄，巳酉会局，加以六阴朝阳，癸水得禄，润土生金，辛金反弱为旺，用丁火偏官，卯木生之，才滋七煞，故贵就武。乙卯甲寅运，任运输司令，陆军少将。,[]
穷通宝鉴,穷通宝鉴-0595,丙戌癸巳辛巳庚寅,辛,LIGHT,REN-CAIGUAN|SHISHI-BURUO|LIGHT-ROOT|BIJIE-PARTY|ROOT-GAN-PRIORITY|ZHONGGUA-2SIDE|RI-BEI-HE|JIRUO-WUGEN|SHIYONG-YUELING-XIANGFU|GE-QUALITY|SHI-ZHU-JI|YONGSHEN-STRUCTURE|YONGSHEN-FINAL|ZHONG-HE,徐乐吾曰：褚玉璞命，光绪十二年四月十八日寅时。丙火太旺，专用癸水破丙，喜得庚金生助，运至申酉，起逢草莽阃，戊运去癸，死于非命。白话译文四月（农历巳月，初夏）辛金，正当夏火鼎盛之时，最忌丙火（阳性之火，如烈日）的燥烈灼烤，最喜壬水（大江大河之水）的滋润冲洗。夏月地支皆含土气。有水润土，土方能生金，辛金自然强旺；若无水，则火旺土燥，辛金体质脆弱。土虽能隔绝火对金的直接熔炼，但焦燥之土同样无力生金，何况,[]
穷通宝鉴,穷通宝鉴-0596,丁未丙午辛卯甲午,辛,NONE,CAIDUO-SHENRUAN|SHAZHONG-SHENQING|ZHONGGUA-2SIDE|RI-BEI-HE|JIRUO-WUGEN|WUGEN-YOUFU|JISHUAI-CONGSHENG|SHIYONG-YUELING-XIANGFU|GE-QUALITY|YUN-SHENG-ROOT|SHI-ZHU-JI|YONGSHEN-STRUCTURE|YONGSHEN-FINAL,，癸运壬申年遭二二八沪战之难。大致见金犹可，见水为尤忌也。,[]
穷通宝鉴,穷通宝鉴-0597,丙子甲午辛亥壬辰,辛,LIGHT,REN-CAIGUAN|XIEQI-TAIZHONG|LIGHT-ROOT|ROOT-STRUCK|ROOT-GAN-PRIORITY|WANGCHONG-SHUAI|ZHONGGUA-2SIDE|RI-BEI-HE|JIRUO-WUGEN|JISHUAI-CONGSHENG|GE-QUALITY|SHI-ZHU-JI|YONGSHEN-STRUCTURE|YONGSHEN-FINAL|ZHONG-HE,用午宫己土，又透甲木，中书。徐乐吾曰：伤宫并见，喜月逢甲午，甲木泄伤生官，己土化官扶身，配置反得中和，官印为用，贵虽不足，福泽必厚。,['中和']
穷通宝鉴,穷通宝鉴-0598,壬午丙午辛酉戊戌,辛,HEAVY,REN-CAIGUAN|SHISHI-BURUO|HEAVY-ROOT|YIN-PARTY|ROOT-STRUCK|ROOT-GAN-PRIORITY|SHI-GUI-LU|ZHONGGUA-2SIDE|RI-BEI-HE|JIRUO-WUGEN|SHIYONG-YUELING-XIANGFU|GE-QUALITY|CAI-RUO-SHEN-QIANG|SHI-ZHU-JI|YONGSHEN-STRUCTURE|YONGSHEN-FINAL|ZHONG-HE,壬水出干，又被戊土破去，支中火局煎燥，故为人仆，且孤。白话译文五月（农历午月）生的辛金，正值丁火当令，火势旺盛，辛金本就柔弱阴细，此时更是气势全失。恰因其柔弱，反而不宜再遭炉火锻打，最需要的是己土（泥沙之土）与壬水（江湖之水）同时相助。原因在于：己土若无壬水滋润则干燥，辛金若无己土承载则无所依生，故两者缺一不可。若命局中没有壬水，以癸水代替亦可，只是力量稍弱。徐乐吾补充道：癸水力小，是相对于壬水而,[]
穷通宝鉴,穷通宝鉴-0599,丁未丙午辛卯甲午,辛,NONE,CAIDUO-SHENRUAN|SHAZHONG-SHENQING|ZHONGGUA-2SIDE|RI-BEI-HE|JIRUO-WUGEN|WUGEN-YOUFU|JISHUAI-CONGSHENG|SHIYONG-YUELING-XIANGFU|GE-QUALITY|YUN-SHENG-ROOT|SHI-ZHU-JI|YONGSHEN-STRUCTURE|YONGSHEN-FINAL,，此造癸运壬申年逢战乱之难；另一造丙子、甲午、辛亥、壬辰，用午宫,[]
穷通宝鉴,穷通宝鉴-0600,壬午丙午辛酉戊戌,辛,HEAVY,REN-CAIGUAN|SHISHI-BURUO|HEAVY-ROOT|YIN-PARTY|ROOT-STRUCK|ROOT-GAN-PRIORITY|SHI-GUI-LU|ZHONGGUA-2SIDE|RI-BEI-HE|JIRUO-WUGEN|SHIYONG-YUELING-XIANGFU|GE-QUALITY|CAI-RUO-SHEN-QIANG|SHI-ZHU-JI|YONGSHEN-STRUCTURE|YONGSHEN-FINAL|ZHONG-HE,，壬水出干却被戊土合去，支中火局煎燥，故此人为仆且孤。---关键词辛金失令：辛金生于午月，火旺当权，辛金气势衰退，失去旺相之力。己壬兼用：己土能生辛金、防其漂浮，壬水能润己土并压制丁火，两者互为依存，缺一不可。火局：地支寅午戌三字同聚，组成火势合局，力量远超单字，极难以水克制。支藏癸水：地支子水中藏有癸水，虽不透干但有暗托之力，与天干明透相比效力较弱。从煞：日主极弱，无力抵抗，顺从最强的煞星（此处,"['旺相', '中和']"
穷通宝鉴,穷通宝鉴-0601,壬辰丁未辛丑甲午,辛,LIGHT,REN-CAIGUAN|XIEQI-TAIZHONG|LIGHT-ROOT|ROOT-STRUCK|ROOT-GAN-PRIORITY|ZHONGGUA-2SIDE|JIRUO-WUGEN|JISHUAI-CONGSHENG|SHIYONG-YUELING-XIANGFU|GE-QUALITY|SHI-ZHU-JI|YONGSHEN-STRUCTURE|YONGSHEN-FINAL|ZHONG-HE,丁壬两透，大贵之命。徐乐吾曰：此造妙在辛金坐丑，通根身库，未中丁火透干，得禄于午。壬水亦坐身库，丁壬合煞为贵。为明流觉吾郎中命造。,[]
穷通宝鉴,穷通宝鉴-0602,甲寅辛未辛未丁酉,辛,HEAVY,REN-CAIGUAN|SHISHI-BURUO|HEAVY-ROOT|BIJIE-PARTY|ROOT-GAN-PRIORITY|SHI-GUI-LU|ZHONGGUA-2SIDE|JIWANG-HUAIJI|GE-QING|GE-QUALITY|YONGSHEN-STRUCTURE|YONGSHEN-FINAL|ZHONG-HE,欠水，七煞无制，贫苦终身。徐乐吾曰：辛金坐未，燥泥成灰，虽时逢归禄，而七煞无制，无水润土，偏枯之造也。,[]
穷通宝鉴,穷通宝鉴-0603,壬申丁未辛巳戊子,辛,HEAVY,REN-CAIGUAN|SHISHI-BURUO|XIEQI-TAIZHONG|HEAVY-ROOT|YIN-PARTY|ROOT-STRUCK|ROOT-GAN-PRIORITY|SHI-GUI-LU|ZHONGGUA-2SIDE|JIRUO-WUGEN|JIWANG-HUAIJI|JISHUAI-CONGSHENG|GE-QUALITY|YONGSHEN-STRUCTURE|YONGSHEN-FINAL|ZHONG-HE,徐乐吾曰：清德宗（光绪）命，同治十一年六月廿八日子时。相传为同治十年辛未，六月廿八日子时，嗣承拂日楼主人见告，实生于十一年六月廿八日子时，以其属猴，恐人诮其沐猴而冠，特增一岁，月日时未改。此造得壬水出干制丁，喜神在年，为上承祖荫之征。戊土出干，埋金破壬，而救护丁火忌神，为受慈禧压迫，庇护庆荣之征。丁壬一合，喜忌纠结不解，亦自上荫来，与其境遇相合，自是真确之造。忌印而不能不用印，运至亥运殂，年三十七,[]
穷通宝鉴,穷通宝鉴-0604,辛卯乙未辛酉庚寅,辛,HEAVY,REN-CAIGUAN|SHISHI-BURUO|HEAVY-ROOT|BIJIE-PARTY|ROOT-STRUCK|ROOT-GAN-PRIORITY|WANGCHONG-SHUAI|ZHONGGUA-2SIDE|JIRUO-WUGEN|JIWANG-HUAIJI|GE-QUALITY|SHI-ZHU-JI|YONGSHEN-STRUCTURE|YONGSHEN-FINAL|ZHONG-HE,徐乐吾曰：张锡璐命，光绪十七年六月廿九日寅时。上文支成木局，独壬不贵，须得庚金，此造独庚无壬，亦不取贵所谓无壬便假也。身旺任财，故为局富，金木对峙，藉水通关，生于六月，更不能无水也。,['身旺']
穷通宝鉴,穷通宝鉴-0605,癸卯己未辛亥戊子,辛,LIGHT,REN-CAIGUAN|SHISHI-BURUO|XIEQI-TAIZHONG|LIGHT-ROOT|YIN-PARTY|ROOT-STRUCK|ROOT-GAN-PRIORITY|SHI-GUI-LU|ZHONGGUA-2SIDE|JIRUO-WUGEN|JISHUAI-CONGSHENG|GE-QUALITY|YONGSHEN-STRUCTURE|YONGSHEN-FINAL|ZHONG-HE,徐乐吾曰：光绪廿九年闰五月廿八日子时。支成木局，癸透壬藏，惜戊己并透而无庚金，故仅为一银行家之命，富而不贵也。白话译文六月（未月）以己土当令，土气旺盛，过度滋养辛金，反使金质受污而失去光泽。因此，首选壬水来冲洗辛金，使其重现清亮；其次以庚金辅助，帮助发水之源。若壬水与庚金同时透出天干，可成就功名显贵；即便藏于地支而未透干，只要得位，也能衣食丰足。最忌戊土、己土透出天干，有埋金、堵塞壬水之弊。此时需,[]
穷通宝鉴,穷通宝鉴-0606,甲午壬申辛卯癸巳,辛,HEAVY,REN-CAIGUAN|DESHI-BUWANG|XIEQI-TAIZHONG|HEAVY-ROOT|ROOT-STRUCK|ROOT-GAN-PRIORITY|ZHONGGUA-2SIDE|JIRUO-WUGEN|JIWANG-HUAIJI|SHIYONG-YUELING-XIANGFU|GE-QING|GE-QUALITY|WANGJI-SIWO-SHENG|SHI-ZHU-JI|YONGSHEN-STRUCTURE|YONGSHEN-FINAL|ZHONG-HE,壬甲两透，词林。徐乐吾曰：金水伤官，喜见官星，官藏伤露，两不相碍。,[]
穷通宝鉴,穷通宝鉴-0607,甲寅壬申辛卯壬辰,辛,HEAVY,REN-CAIGUAN|DESHI-BUWANG|XIEQI-TAIZHONG|HEAVY-ROOT|ROOT-STRUCK|ROOT-GAN-PRIORITY|WANGCHONG-SHUAI|ZHONGGUA-2SIDE|JIRUO-WUGEN|JIWANG-HUAIJI|SHIYONG-YUELING-XIANGFU|GE-QUALITY|WANGJI-SIWO-SHENG|SHI-ZHU-JI|YONGSHEN-STRUCTURE|YONGSHEN-FINAL|ZHONG-HE,徐乐吾曰：此两造，皆无庚透壬，上造喜时逢癸巳，戊土坐实，暗制壬水，不遭甲克，故入词林。,[]
穷通宝鉴,穷通宝鉴-0608,戊午庚申辛卯己亥,辛,HEAVY,REN-CAIGUAN|HEAVY-ROOT|YIN-PARTY|BIJIE-PARTY|ROOT-STRUCK|ROOT-GAN-PRIORITY|ZHONGGUA-2SIDE|JIRUO-WUGEN|JIWANG-HUAIJI|SHIYONG-YUELING-XIANGFU|GE-QUALITY|SHI-ZHU-JI|YONGSHEN-STRUCTURE|YONGSHEN-FINAL|ZHONG-HE,"用戊生身，运遇财地，贪财坏印而死。徐乐吾曰：此两造水少见戊，皆非佳命，次造亥卯会局，财星本旺，更行财地，则破印矣。白话译文七月（申月）出生的辛金日主，恰逢庚金当令，辛金虽本身柔弱，却借助同类金气而自然旺盛。申宫（申支藏干）中还藏有壬水（辛金的""食伤""，即才华泄秀之神），若四柱天干不见戊土透出、连胎元也无戊土来阻，只有申中那一点隐藏的戊土充当壬水的堤岸，这样的命格往往仕途清廉端正，却难以积聚大富。若",[]
穷通宝鉴,穷通宝鉴-0609,己酉癸酉辛未己亥,辛,HEAVY,REN-CAIGUAN|DESHI-BUWANG|XIEQI-TAIZHONG|HEAVY-ROOT|YIN-PARTY|ROOT-STRUCK|ROOT-GAN-PRIORITY|ZHONGGUA-2SIDE|JIRUO-WUGEN|JIWANG-HUAIJI|GE-QUALITY|WANGJI-SIWO-SHENG|SHI-ZHU-JI|YONGSHEN-STRUCTURE|YONGSHEN-FINAL|ZHONG-HE,二人同命，一文举，家贫；一武举，家贫。徐乐吾曰:此造己癸并透，正是湿泥污金；亥中壬甲为用，亥未暗会木局为财。惜壬甲皆藏，秀则不富，富则不秀，稍有能力是也。所谓不贵不贱，似未可轩至也。,[]
穷通宝鉴,穷通宝鉴-0610,丁酉己酉辛酉丙申,辛,HEAVY,REN-CAIGUAN|HEAVY-ROOT|YIN-PARTY|ROOT-STRUCK|ROOT-GAN-PRIORITY|SHI-GUI-LU|ZHONGGUA-2SIDE|RI-BEI-HE|JIRUO-WUGEN|JIWANG-HUAIJI|GE-QUALITY|CAI-RUO-SHEN-QIANG|YONGSHEN-STRUCTURE|YONGSHEN-FINAL|ZHONG-HE,身强杀浅，辛日坐酉，丙官生印，太守。徐乐吾曰:丙丁官煞并见，印以化之，不嫌其混，身强杀浅，更喜其混也。申藏庚壬，殆纳粟秦名者欢。喜行官煞旺地，运行丁未、丙午，宜其贵为太守。,['身强']
穷通宝鉴,穷通宝鉴-0611,丁卯己酉辛亥壬辰,辛,HEAVY,REN-CAIGUAN|DESHI-BUWANG|XIEQI-TAIZHONG|HEAVY-ROOT|YIN-PARTY|ROOT-STRUCK|ROOT-GAN-PRIORITY|WANGCHONG-SHUAI|ZHONGGUA-2SIDE|JIRUO-WUGEN|JIWANG-HUAIJI|GE-QUALITY|WANGJI-SIWO-SHENG|SHI-ZHU-JI|YONGSHEN-STRUCTURE|YONGSHEN-FINAL|ZHONG-HE,丁壬两透，经魁。徐乐吾曰:此造年月煞印相生，丁壬两透，喜其间隔不合，己不浊壬，壬不合丁，木火土金水顺序相生，以壬水伤官为用，故有经魁之贵。,[]
穷通宝鉴,穷通宝鉴-0612,癸巳辛酉辛酉戊子,辛,HEAVY,REN-CAIGUAN|DESHI-BUWANG|XIEQI-TAIZHONG|HEAVY-ROOT|YIN-PARTY|BIJIE-PARTY|ROOT-STRUCK|ROOT-GAN-PRIORITY|SHI-GUI-LU|ZHONGGUA-2SIDE|JIRUO-WUGEN|JIWANG-HUAIJI|GE-QUALITY|CAI-RUO-SHEN-QIANG|WANGJI-SIWO-SHENG|YONGSHEN-STRUCTURE|YONGSHEN-FINAL|ZHONG-HE,全无木气疏土，孤贫。徐乐吾曰:此造亦是六辛朝阳格，巳宫丙戊得禄，戊土太重，癸水出干被伤，反致孤贫。,[]
穷通宝鉴,穷通宝鉴-0613,庚午乙酉辛亥戊戌,辛,HEAVY,REN-CAIGUAN|DESHI-BUWANG|HEAVY-ROOT|YIN-PARTY|BIJIE-PARTY|ROOT-STRUCK|ROOT-GAN-PRIORITY|HE-HUASHEN-DESHI|SHI-GUI-LU|ZHONGGUA-2SIDE|JIRUO-WUGEN|JIWANG-HUAIJI|SHIYONG-YUELING-XIANGFU|GE-QUALITY|SHI-ZHU-JI|YONGSHEN-STRUCTURE|YONGSHEN-FINAL|ZHONG-HE,徐乐吾曰:高凌蔚命，同治九年八月十七日戌时。庚金破乙，亥宫藏甲木破戊，支见壬水，由异途居显职。,[]
穷通宝鉴,穷通宝鉴-0614,丁丑己酉辛丑丁酉,辛,HEAVY,REN-CAIGUAN|HEAVY-ROOT|YIN-PARTY|ROOT-STRUCK|ROOT-GAN-PRIORITY|SHI-GUI-LU|ZHONGGUA-2SIDE|JIRUO-WUGEN|JIWANG-HUAIJI|SHIYONG-YUELING-XIANGFU|GE-QUALITY|CAI-RUO-SHEN-QIANG|YONGSHEN-STRUCTURE|YONGSHEN-FINAL|ZHONG-HE,徐乐吾曰:姚慕莲命，光绪三年八月十九日酉时。支成金局，无壬用丁，真金火炼，富裕。,[]
穷通宝鉴,穷通宝鉴-0615,丙戌丁酉辛未己亥,辛,HEAVY,REN-CAIGUAN|DESHI-BUWANG|HEAVY-ROOT|YIN-PARTY|ROOT-STRUCK|ROOT-GAN-PRIORITY|ZHONGGUA-2SIDE|RI-BEI-HE|JIRUO-WUGEN|JIWANG-HUAIJI|GE-QUALITY|SHI-ZHU-JI|YONGSHEN-STRUCTURE|YONGSHEN-FINAL|ZHONG-HE,"徐乐吾曰:丁桂樵命，光绪十二年八月十一日亥时。丙丁官煞生印，喜亥宫壬甲得用，取壬制火，取甲破土，位至道尹。白话译文八月（酉月）的辛金，月令当权，旺盛至极。酉月是辛金的禄旺之地，然而徐乐吾指出，此时犹如过午的盛夏——外表峥嵘，内气已竭。金气盛极，反而更需要壬水来淘洗疏导、使气脉流通，所谓""金见水以流通""。若柱中戊己土旺，则埋没辛金、混塞壬水，须甲木制土为救药；壬、甲同透天干而无戊己出干，则可成科甲功","['日主旺', '旺极']"
穷通宝鉴,穷通宝鉴-0616,丙戌戊戌辛未壬辰,辛,LIGHT,REN-CAIGUAN|SHISHI-BURUO|XIEQI-TAIZHONG|LIGHT-ROOT|YIN-PARTY|ROOT-STRUCK|ROOT-GAN-PRIORITY|ZHONGGUA-2SIDE|RI-BEI-HE|JIRUO-WUGEN|JISHUAI-CONGSHENG|SHIYONG-YUELING-XIANGFU|GE-QUALITY|SHI-ZHU-JI|YONGSHEN-STRUCTURE|YONGSHEN-FINAL|ZHONG-HE,印重最喜财乡，壬丙俱透，位至尚书。因乏甲，无子。徐乐吾曰：此造火土金水顺序相生，土重有埋金之惧，用印制伤，固不如用财，损印化伤生官。最喜才乡，运行壬寅、癸卯、甲辰，东方水木之地，宜其大贵，终以戊土克壬，无甲为救，乏嗣。,[]
穷通宝鉴,穷通宝鉴-0617,戊戌壬戌辛酉甲午,辛,HEAVY,REN-CAIGUAN|SHISHI-BURUO|HEAVY-ROOT|YIN-PARTY|ROOT-STRUCK|ROOT-GAN-PRIORITY|ZHONGGUA-2SIDE|JIRUO-WUGEN|JIWANG-HUAIJI|SHIYONG-YUELING-XIANGFU|GE-QUALITY|CAI-RUO-SHEN-QIANG|SHI-ZHU-JI|YONGSHEN-STRUCTURE|YONGSHEN-FINAL|ZHONG-HE,去浊留清，主大富贵，行午运，零落而死。徐乐吾曰：甲木出干破戊护壬，故云去浊留清，惜时上午破酉，辛禄被伤，更行午运，宜其零勤落而死。盖财官食印六神，为以干加干之变化，会合刑冲，为以支之变化，皆神煞也，论干不论支，则不能尽其变。,[]
穷通宝鉴,穷通宝鉴-0618,己亥甲戌辛亥戊戌,辛,LIGHT,REN-CAIGUAN|SHISHI-BURUO|LIGHT-ROOT|YIN-PARTY|ROOT-GAN-PRIORITY|HE-HUASHEN-DESHI|SHI-GUI-LU|ZHONGGUA-2SIDE|JIRUO-WUGEN|SHIYONG-YUELING-XIANGFU|GE-QUALITY|SHI-ZHU-JI|YONGSHEN-STRUCTURE|YONGSHEN-FINAL|ZHONG-HE,合去甲木，壬水混塞，故作常人。徐乐吾曰：甲被己合，不能破土，壬被土困，不能泄金，支无庚金，故不能成名也。,[]
穷通宝鉴,穷通宝鉴-0619,癸亥壬戌辛酉丙申,辛,HEAVY,REN-CAIGUAN|XIEQI-TAIZHONG|HEAVY-ROOT|ROOT-STRUCK|ROOT-GAN-PRIORITY|SHI-GUI-LU|ZHONGGUA-2SIDE|RI-BEI-HE|JIRUO-WUGEN|JIWANG-HUAIJI|JISHUAI-CONGSHENG|SHIYONG-YUELING-XIANGFU|GE-QUALITY|YONGSHEN-STRUCTURE|YONGSHEN-FINAL|ZHONG-HE,壬丙两透全，八座。徐乐吾曰：此造丙辛化水，喜支全申酉戌西方，金气偏旺，戊土后退，更得亥宫甲木破土，壬癸出干，金水又逢进气，丙火无根，从辛而化，大富贵之格也。,[]
穷通宝鉴,穷通宝鉴-0620,壬子庚戌辛巳壬辰,辛,LIGHT,REN-CAIGUAN|SHISHI-BURUO|XIEQI-TAIZHONG|LIGHT-ROOT|BIJIE-PARTY|ROOT-STRUCK|ROOT-GAN-PRIORITY|ZHONGGUA-2SIDE|JIRUO-WUGEN|JISHUAI-CONGSHENG|SHIYONG-YUELING-XIANGFU|GE-QUALITY|SHI-ZHU-JI|YONGSHEN-STRUCTURE|YONGSHEN-FINAL|ZHONG-HE,徐乐吾曰：张廷玉命，康熙十一年九月初九日辰时。壬水高透，庚发水源，戌子夹亥，壬甲暗藏，四支聚乾巽两宫，富贵寿考，为有清一代名臣也。,[]
穷通宝鉴,穷通宝鉴-0621,甲辰甲戌辛卯辛卯,辛,LIGHT,REN-CAIGUAN|SHISHI-BURUO|LIGHT-ROOT|BIJIE-PARTY|ROOT-STRUCK|ROOT-GAN-PRIORITY|ZHONGGUA-2SIDE|JIRUO-WUGEN|GE-QUALITY|SHI-ZHU-JI|YONGSHEN-STRUCTURE|YONGSHEN-FINAL|ZHONG-HE,徐乐吾曰：胡学震命，道光廿四年九月廿七日卯时。两甲破土，科甲出身，位至河南臬司。,[]
穷通宝鉴,穷通宝鉴-0622,戊子壬戌辛未癸巳,辛,LIGHT,REN-CAIGUAN|SHISHI-BURUO|XIEQI-TAIZHONG|LIGHT-ROOT|YIN-PARTY|ROOT-STRUCK|ROOT-GAN-PRIORITY|ZHONGGUA-2SIDE|JIRUO-WUGEN|JISHUAI-CONGSHENG|SHIYONG-YUELING-XIANGFU|GE-QUALITY|SHI-ZHU-JI|YONGSHEN-STRUCTURE|YONGSHEN-FINAL|ZHONG-HE,徐乐吾曰：王钝根命，光绪十四年九月廿三日巳时。壬癸出干，戊土并透，无甲木为救，有病无药，壬癸泄秀，聪明有余，文学名家。戊土出干无制，故埋没在下也。,[]
穷通宝鉴,穷通宝鉴-0623,癸巳壬戌辛卯辛卯,辛,LIGHT,REN-CAIGUAN|SHISHI-BURUO|LIGHT-ROOT|BIJIE-PARTY|ROOT-GAN-PRIORITY|ZHONGGUA-2SIDE|JIRUO-WUGEN|GE-QING|GE-QUALITY|SHI-ZHU-JI|YONGSHEN-STRUCTURE|YONGSHEN-FINAL|ZHONG-HE,"徐乐吾曰：徐谟命，光绪十九年九月十二日卯时。壬透，支有木气破土，位至财部次长。白话译文九月辛金，正值戌月，戊土掌握时令主导权。土能生金，形成""母旺子相""的格局——母亲（土）过于强盛，反而有埋没辛金之虞。土层厚重，必须借甲木（木克土）来疏松、破开；土性干燥，又有使金属脆裂之忧，必须借壬水来润泽降温。因此壬水与甲木须互相配合，与三月辛金格局的用法大体相近，只是九月戌土较三月辰土更为干燥亢烈，对水木的需",[]
穷通宝鉴,穷通宝鉴-0624,壬辰辛亥辛亥丙申,辛,HEAVY,REN-CAIGUAN|SHISHI-BURUO|XIEQI-TAIZHONG|HEAVY-ROOT|BIJIE-PARTY|ROOT-STRUCK|ROOT-GAN-PRIORITY|HE-HUASHEN-DESHI|SHI-GUI-LU|ZHONGGUA-2SIDE|RI-BEI-HE|JIRUO-WUGEN|JIWANG-HUAIJI|JISHUAI-CONGSHENG|SHIYONG-YUELING-XIANGFU|GE-QUALITY|YONGSHEN-STRUCTURE|YONGSHEN-FINAL|ZHONG-HE,徐乐吾曰：清太宗命，丙壬并透，金白水清，胎元寅宫，引生丙火之气，金温水暖，创业帝王之命。此造亦可作化气论，然亥宫甲木长生，木火气动，书云：有用只论用，无用方论格，格者局之变也，此造有丙可用，自以用丙为是。,[]
穷通宝鉴,穷通宝鉴-0625,辛巳己亥辛巳己亥,辛,NONE,SHISHI-BURUO|YIN-PARTY|BIJIE-PARTY|WANGCHONG-SHUAI|ZHONGGUA-2SIDE|WUGEN-YOUFU|SHIYONG-YUELING-XIANGFU|GE-QUALITY|YUN-SHENG-ROOT|SHI-ZHU-JI|YONGSHEN-STRUCTURE|YONGSHEN-FINAL|ZHONG-HE,徐乐吾曰：尹文端公命，康熙四十年十月廿八日亥时。此造用丙己，妙在四柱皆上下相合，精神团结，己土混壬生甲，引生丙火，亦奇格也。两干不杂，蝴蝶双飞，为取贵附格，运行南方，位极人臣，位至两江总督。,[]
穷通宝鉴,穷通宝鉴-0626,戊午癸亥辛酉庚寅,辛,HEAVY,REN-CAIGUAN|SHISHI-BURUO|XIEQI-TAIZHONG|HEAVY-ROOT|YIN-PARTY|BIJIE-PARTY|ROOT-GAN-PRIORITY|ZHONGGUA-2SIDE|JIRUO-WUGEN|JIWANG-HUAIJI|JISHUAI-CONGSHENG|SHIYONG-YUELING-XIANGFU|GE-QING|GE-QUALITY|SHI-ZHU-JI|YONGSHEN-STRUCTURE|YONGSHEN-FINAL|ZHONG-HE,徐乐吾曰：田文烈命，咸丰八年十月十九日寅时。癸被戊合，专用亥宫壬水，喜得辛酉专禄，庚劫助之，寅宫有丙火暖金，位至湖南省长，内务部总长。,[]
穷通宝鉴,穷通宝鉴-0627,丁丑辛亥辛亥丁酉,辛,HEAVY,REN-CAIGUAN|SHISHI-BURUO|HEAVY-ROOT|BIJIE-PARTY|ROOT-GAN-PRIORITY|SHI-GUI-LU|ZHONGGUA-2SIDE|JIWANG-HUAIJI|GE-QUALITY|YONGSHEN-STRUCTURE|YONGSHEN-FINAL|ZHONG-HE,徐乐吾曰：徐国梁命，光绪三年十月三十日酉时。用壬无丙，取丁火温金暖水，贵而就武，统领师干。,[]
穷通宝鉴,穷通宝鉴-0628,甲申乙亥辛巳戊子,辛,HEAVY,REN-CAIGUAN|SHISHI-BURUO|YIN-PARTY|ROOT-STRUCK|ROOT-GAN-PRIORITY|WANGCHONG-SHUAI|SHI-GUI-LU|ZHONGGUA-2SIDE|JIRUO-WUGEN|JIWANG-HUAIJI|GE-QUALITY|YONGSHEN-STRUCTURE|YONGSHEN-FINAL|ZHONG-HE,徐乐吾曰：张志潭命，光绪十年十月初十日子时。甲木出干破戊，专用亥宫壬水，巳宫丙戊，位至财长。,[]
穷通宝鉴,穷通宝鉴-0629,乙酉丁亥辛卯戊子,辛,HEAVY,REN-CAIGUAN|HEAVY-ROOT|ROOT-STRUCK|ROOT-GAN-PRIORITY|SHI-GUI-LU|ZHONGGUA-2SIDE|JIRUO-WUGEN|JIWANG-HUAIJI|GE-QUALITY|YONGSHEN-STRUCTURE|YONGSHEN-FINAL|ZHONG-HE,徐乐吾曰：马占山命，光绪十一年十月廿六日子时。用壬水，取丁火温金暖水，贵而就武，总领师旅，昔年在东北抗战得名。白话译文十月（亥月）阳气初退、寒气渐生，辛金（柔金）喜用壬水（天干水）淘洗，但因寒意已现，须兼取丙火暖水温金，故用神（命局中最关键的调候元素）以壬水为先、丙火为辅。壬丙两者皆透干（出现在天干），则金白水清，功名富贵俱全；丙透壬藏（藏于地支），贵气稍减，仍可功成名就；壬透丙藏，富而贵轻；壬丙,[]
穷通宝鉴,穷通宝鉴-0630,丁亥壬子辛丑丁酉,辛,HEAVY,REN-CAIGUAN|XIEQI-TAIZHONG|HEAVY-ROOT|ROOT-STRUCK|ROOT-GAN-PRIORITY|SHI-GUI-LU|ZHONGGUA-2SIDE|JIRUO-WUGEN|JIWANG-HUAIJI|JISHUAI-CONGSHENG|GE-QING|GE-QUALITY|YONGSHEN-STRUCTURE|YONGSHEN-FINAL|ZHONG-HE,进士，未尝出仕。徐乐吾曰：此造支成金局，用丁，惜甲不透，虽有亥宫甲木，而湿木无焰，科甲不仕。,[]
穷通宝鉴,穷通宝鉴-0631,己亥丙子辛卯辛卯,辛,LIGHT,REN-CAIGUAN|LIGHT-ROOT|ROOT-STRUCK|ROOT-GAN-PRIORITY|HE-HUASHEN-DESHI|ZHONGGUA-2SIDE|RI-BEI-HE|JIRUO-WUGEN|GE-QUALITY|SHI-ZHU-JI|YONGSHEN-STRUCTURE|YONGSHEN-FINAL|ZHONG-HE,刑夫，无子，家贫。徐乐吾曰：两辛争合一丙，丙从辛合，夫有如无，赋云：丙辛子卯相刑，荒淫滚浪。此之谓余。,[]
穷通宝鉴,穷通宝鉴-0632,甲寅丙子辛巳甲午,辛,LIGHT,REN-CAIGUAN|LIGHT-ROOT|ROOT-STRUCK|ROOT-GAN-PRIORITY|WANGCHONG-SHUAI|HE-HUASHEN-DESHI|ZHONGGUA-2SIDE|RI-BEI-HE|JIRUO-WUGEN|GE-QUALITY|SHI-ZHU-JI|YONGSHEN-STRUCTURE|YONGSHEN-FINAL|ZHONG-HE,有夫无子一女，带疾，欠壬故也。徐乐吾曰：丙火得地，甲木相生，财官太旺，不但欠壬为病，并缺印绶，辛金无根，生于仲冬，火不镕金，不致夭折，其带疾宜矣。,[]
穷通宝鉴,穷通宝鉴-0633,丁巳壬子辛巳丁酉,辛,HEAVY,REN-CAIGUAN|XIEQI-TAIZHONG|HEAVY-ROOT|ROOT-STRUCK|ROOT-GAN-PRIORITY|SHI-GUI-LU|ZHONGGUA-2SIDE|JIRUO-WUGEN|JIWANG-HUAIJI|JISHUAI-CONGSHENG|GE-QING|GE-QUALITY|CAI-RUO-SHEN-QIANG|YONGSHEN-STRUCTURE|YONGSHEN-FINAL|ZHONG-HE,徐乐吾曰：熊学鹏命，嘉庆二年十一月十六日酉时。支成金局，壬水出干，专用巳宫丙戊，科甲出身，位至封疆。,[]
穷通宝鉴,穷通宝鉴-0634,壬申壬子辛亥癸巳,辛,HEAVY,REN-CAIGUAN|XIEQI-TAIZHONG|ROOT-STRUCK|ROOT-GAN-PRIORITY|WANGCHONG-SHUAI|ZHONGGUA-2SIDE|JIRUO-WUGEN|JIWANG-HUAIJI|JISHUAI-CONGSHENG|GE-QUALITY|SHI-ZHU-JI|YONGSHEN-STRUCTURE|YONGSHEN-FINAL|ZHONG-HE,徐乐吾曰：傅传宗耀命，同治十一年十二月初一日巳时。支成水局，两壬出干，以旺水泄衰金，水旺金沉，金水汪洋，融成一片，格局转变，玄武当权，非用戊土，不能提防，非用丙火，不能调候，与十一月壬水，得辛金滋扶，而取丙戊为用，同一看法。如为壬辰时，即是润下格，今癸巳时，丙戊得地，故专取丙戊为用，盖不以日干为主，而以全局为主也，亦不以年干为主也，书云：金水固聪明，有土反成顽懦。倘作金水伤官论，当用丙火，或取比劫,[]
穷通宝鉴,穷通宝鉴-0635,壬申壬子辛亥甲午,辛,HEAVY,REN-CAIGUAN|XIEQI-TAIZHONG|HEAVY-ROOT|ROOT-STRUCK|ROOT-GAN-PRIORITY|WANGCHONG-SHUAI|ZHONGGUA-2SIDE|JIRUO-WUGEN|JIWANG-HUAIJI|JISHUAI-CONGSHENG|GE-QUALITY|SHI-ZHU-JI|YONGSHEN-STRUCTURE|YONGSHEN-FINAL|ZHONG-HE,徐乐吾曰：李安如命，同治十一年十二月初一日午时。与傅造相差一时，壬多无戊无丙，用甲木泄壬水之气，午宫丁己不透，又为亥宫壬甲所制，故用甲木，不用丁己，终为金融界巨擘，而不贵也，与壬水用甲同论，不作金水伤官看。傅造戊土制壬，又无甲木，不伤官星，故一尝政界风味也。,[]
穷通宝鉴,穷通宝鉴-0636,癸酉甲子辛亥丁酉,辛,HEAVY,REN-CAIGUAN|XIEQI-TAIZHONG|HEAVY-ROOT|ROOT-STRUCK|ROOT-GAN-PRIORITY|SHI-GUI-LU|ZHONGGUA-2SIDE|JIRUO-WUGEN|JIWANG-HUAIJI|JISHUAI-CONGSHENG|GE-QUALITY|YONGSHEN-STRUCTURE|YONGSHEN-FINAL|ZHONG-HE,徐乐吾曰：严家炽命，同治十二年十一月初六日酉时。年时二酉，义同金局，原名丁甲并透，甲引丁，可许科甲，见上支成金局节。水旺秉令，金临死绝，气衰宜助，即以归禄为用，运行庚申，位至财政厅长。白话译文十一月辛金，正值癸水当令，节气属隆冬，天地间弥漫的是霜雪雨露之气。此时最忌癸水透出天干——癸水属阴寒之水，会使辛金愈加寒冻，同时压制本应温暖全局的丙火，令其无法发挥调候之功。辛金以壬水（食神）、丙火（正官）为,"['身弱', '中和']"
穷通宝鉴,穷通宝鉴-0637,乙丑己丑辛丑戊子,辛,LIGHT,REN-CAIGUAN|SHISHI-BURUO|LIGHT-ROOT|YIN-PARTY|ROOT-GAN-PRIORITY|SHI-GUI-LU|ZHONGGUA-2SIDE|JIRUO-WUGEN|SHIYONG-YUELING-XIANGFU|GE-QING|GE-QUALITY|YONGSHEN-STRUCTURE|YONGSHEN-FINAL|ZHONG-HE,侍郎。徐乐吾曰:土金成局，为母旺子孤之象，最宜西方金运，则母慈子安也。,[]
穷通宝鉴,穷通宝鉴-0638,丁丑癸丑辛卯戊子,辛,LIGHT,REN-CAIGUAN|SHISHI-BURUO|XIEQI-TAIZHONG|LIGHT-ROOT|YIN-PARTY|ROOT-STRUCK|ROOT-GAN-PRIORITY|SHI-GUI-LU|ZHONGGUA-2SIDE|JIRUO-WUGEN|JISHUAI-CONGSHENG|SHIYONG-YUELING-XIANGFU|GE-QUALITY|YONGSHEN-STRUCTURE|YONGSHEN-FINAL|ZHONG-HE,用丁火，按察。徐乐吾曰:冻木阴火，又有癸水出干制之，乙丁决不能用，必以土金水成象，顺其气势为用也。,[]
穷通宝鉴,穷通宝鉴-0639,乙卯己丑辛未丁酉,辛,HEAVY,REN-CAIGUAN|SHISHI-BURUO|HEAVY-ROOT|YIN-PARTY|ROOT-STRUCK|ROOT-GAN-PRIORITY|SHI-GUI-LU|ZHONGGUA-2SIDE|JIRUO-WUGEN|JIWANG-HUAIJI|SHIYONG-YUELING-XIANGFU|GE-QUALITY|YONGSHEN-STRUCTURE|YONGSHEN-FINAL|ZHONG-HE,先贫后富，且寿。徐乐吾曰:此造支成金局木局，己辛出干而缺癸水，辛金不秀，故不贵。丁火为用，力亦微薄，无丙不贵。先贫后富，木火运助之也。,[]
穷通宝鉴,穷通宝鉴-0640,甲申丁丑辛卯己亥,辛,HEAVY,REN-CAIGUAN|SHISHI-BURUO|HEAVY-ROOT|YIN-PARTY|ROOT-STRUCK|ROOT-GAN-PRIORITY|HE-HUASHEN-DESHI|ZHONGGUA-2SIDE|JIRUO-WUGEN|JIWANG-HUAIJI|GE-QUALITY|SHI-ZHU-JI|YONGSHEN-STRUCTURE|YONGSHEN-FINAL|ZHONG-HE,财旺生杀，制军。徐乐吾曰:此造丑宫己辛并透，好在甲己不合，亥卯会局，财星有气，甲木引生丁火，时值严寒，丁火得用，故财旺生煞为可用，亦以运行东南阳暖之地为贵也。,[]
穷通宝鉴,穷通宝鉴-0641,己丑丁丑辛丑戊子,辛,LIGHT,REN-CAIGUAN|SHISHI-BURUO|LIGHT-ROOT|YIN-PARTY|ROOT-GAN-PRIORITY|SHI-GUI-LU|ZHONGGUA-2SIDE|JIRUO-WUGEN|SHIYONG-YUELING-XIANGFU|GE-QING|GE-QUALITY|YONGSHEN-STRUCTURE|YONGSHEN-FINAL|ZHONG-HE,侍郎。徐乐吾曰:己辛出干，与子中癸水，气聚月垣丑宫，见一丁火调候，即雪夜灯光之意，亦奇格也。,[]
穷通宝鉴,穷通宝鉴-0642,乙未己丑辛亥丙申,辛,HEAVY,REN-CAIGUAN|SHISHI-BURUO|HEAVY-ROOT|YIN-PARTY|ROOT-STRUCK|ROOT-GAN-PRIORITY|SHI-GUI-LU|ZHONGGUA-2SIDE|RI-BEI-HE|JIRUO-WUGEN|JIWANG-HUAIJI|GE-QUALITY|YONGSHEN-STRUCTURE|YONGSHEN-FINAL|ZHONG-HE,徐乐吾曰:冯铨命，明万历廿四年。丙辛不能化水，专用丙火，并取亥宫壬水泄秀，甲木破土，科甲出身，谄附魏阉，入清仕至侍郎。,[]
穷通宝鉴,穷通宝鉴-0643,壬辰癸丑辛丑甲午,辛,LIGHT,REN-CAIGUAN|XIEQI-TAIZHONG|LIGHT-ROOT|ROOT-STRUCK|ROOT-GAN-PRIORITY|ZHONGGUA-2SIDE|JIRUO-WUGEN|JISHUAI-CONGSHENG|SHIYONG-YUELING-XIANGFU|GE-QUALITY|SHI-ZHU-JI|YONGSHEN-STRUCTURE|YONGSHEN-FINAL|ZHONG-HE,徐乐吾曰:王湘绮命，道光十二年十一月廿九日午时。壬水高透，时逢甲午，取甲木引丁，科甲出身，不仕，为文学大家。白话译文十二月的辛金（辛金：天干之一，象征经过打磨的精金、珠玉）生于隆冬严寒，金体冻结，必须先取丙火（丙火：阳火，象征太阳之光）解冻，再取壬水（壬水：阳水，象征江河流水）洗淘，方显金之光华。若丙壬同时透出天干，此人可跻身庙堂，位列显贵；若丙壬皆藏而不透，则不过是游历乡学、勉强糊口之人。有丙无,[]
穷通宝鉴,穷通宝鉴-0644,己巳丙寅壬辰庚子,壬,HEAVY,REN-CAIGUAN|SHISHI-BURUO|HEAVY-ROOT|YIN-PARTY|ROOT-GAN-PRIORITY|SHI-GUI-LU|ZHONGGUA-2SIDE|JIWANG-HUAIJI|GE-QUALITY|YONGSHEN-STRUCTURE|YONGSHEN-FINAL|ZHONG-HE,惜戊不出干，富而不贵。徐乐吾曰：春水汪洋，惜戊士不透，为配合之缺点，以财生官为用。己土浊壬，无甲不清，丙财逢生得禄，富而不贵。,[]
穷通宝鉴,穷通宝鉴-0645,壬寅壬寅壬辰壬寅,壬,LIGHT,REN-CAIGUAN|SHISHI-BURUO|LIGHT-ROOT|BIJIE-PARTY|ROOT-GAN-PRIORITY|ZHONGGUA-2SIDE|JIRUO-WUGEN|SHIYONG-YUELING-XIANGFU|GE-QING|GE-QUALITY|SHI-ZHU-JI|YONGSHEN-STRUCTURE|YONGSHEN-FINAL|ZHONG-HE,富翁，当令之食神生财，故成富翁。每一比肩，下坐寅木，比劫被泄，转而生财，故财旺也。徐乐吾曰：壬水临辰，通根身库，专用寅宫丙火财星，所谓壬骑龙背是也。,[]
穷通宝鉴,穷通宝鉴-0646,壬戌壬寅壬子己酉,壬,HEAVY,REN-CAIGUAN|SHISHI-BURUO|HEAVY-ROOT|BIJIE-PARTY|ROOT-STRUCK|ROOT-GAN-PRIORITY|ZHONGGUA-2SIDE|JIRUO-WUGEN|JIWANG-HUAIJI|GE-QUALITY|YONGSHEN-STRUCTURE|YONGSHEN-FINAL|ZHONG-HE,常人。徐乐吾曰：日坐阳刃，壬水汪洋，而戊土为甲木所制，宜为寻常人矣。,[]
穷通宝鉴,穷通宝鉴-0647,壬寅壬寅壬寅壬寅,壬,NONE,ZHONGGUA-2SIDE|WUGEN-YOUFU|SHIYONG-YUELING-XIANGFU|GE-QING|GE-QUALITY|YUN-SHENG-ROOT|SHI-ZHU-JI|YONGSHEN-STRUCTURE|YONGSHEN-FINAL,徐乐吾曰：傅恒命，康熙六十一年正月十六日寅时。六壬趋艮格，寅暗合亥，取亥宫虚禄帮身，生于北方，水旺得地，运行财官旺地，为格局之特殊者，定金川，征缅甸，剿准葛尔，积功官至大学士，封忠勇公，卒谥文忠。,[]
穷通宝鉴,穷通宝鉴-0648,甲申丙寅壬申庚子,壬,HEAVY,REN-CAIGUAN|SHISHI-BURUO|XIEQI-TAIZHONG|HEAVY-ROOT|YIN-PARTY|ROOT-STRUCK|ROOT-GAN-PRIORITY|WANGCHONG-SHUAI|SHI-GUI-LU|ZHONGGUA-2SIDE|JIRUO-WUGEN|JIWANG-HUAIJI|JISHUAI-CONGSHENG|GE-QUALITY|YONGSHEN-STRUCTURE|YONGSHEN-FINAL|ZHONG-HE,徐乐吾曰：阮元命，乾隆廿九年正月廿日子时。丙庚出干，子申会局，专用食神生财，名重儒林，官至太傅，卒谥文达。,[]
穷通宝鉴,穷通宝鉴-0649,辛卯庚寅壬申戊申,壬,HEAVY,REN-CAIGUAN|SHISHI-BURUO|HEAVY-ROOT|YIN-PARTY|ROOT-STRUCK|ROOT-GAN-PRIORITY|WANGCHONG-SHUAI|SHI-GUI-LU|ZHONGGUA-2SIDE|JIRUO-WUGEN|JIWANG-HUAIJI|SHIYONG-YUELING-XIANGFU|GE-QUALITY|SHI-ZHU-JI|YONGSHEN-STRUCTURE|YONGSHEN-FINAL|ZHONG-HE,徐乐吾曰：陈宝箴命，道光十一年正月十八日申时。壬水通根於申，庚辛并透，金水汪洋，喜用戊土，丙火为佐，翰林，后至巡抚。又马丕瑶命，年月日时皆同，进士出身，位至巡抚，两造相同,[]
穷通宝鉴,穷通宝鉴-0650,戊辰甲寅壬戌壬寅,壬,LIGHT,REN-CAIGUAN|SHISHI-BURUO|XIEQI-TAIZHONG|LIGHT-ROOT|BIJIE-PARTY|ROOT-STRUCK|ROOT-GAN-PRIORITY|ZHONGGUA-2SIDE|JIRUO-WUGEN|JISHUAI-CONGSHENG|SHIYONG-YUELING-XIANGFU|GE-QUALITY|SHI-ZHU-JI|YONGSHEN-STRUCTURE|YONGSHEN-FINAL|ZHONG-HE,徐乐吾曰：倪嗣冲命，同治七年正月十三日寅时。此亦变格，壬水虽比肩出干，通根辰库，不得为旺。然壬戌、壬寅中夹亥子丑，气全北方，壬得虚神之助，自有汪洋之象，故取甲木制煞为用，掌握兵柄，位至安徽都督。,[]
穷通宝鉴,穷通宝鉴-0651,戊辰甲寅壬戌丙午,壬,LIGHT,REN-CAIGUAN|XIEQI-TAIZHONG|LIGHT-ROOT|ROOT-STRUCK|ROOT-GAN-PRIORITY|ZHONGGUA-2SIDE|JIRUO-WUGEN|JISHUAI-CONGSHENG|GE-QUALITY|SHI-ZHU-JI|YONGSHEN-STRUCTURE|YONGSHEN-FINAL|ZHONG-HE,徐乐吾曰：施再村命，同治七年正月十三日午时。支成火局，柱无比印，从财失令，为富翁而不终，名利皆虚。白话译文正月（寅月）的壬水，犹如汪洋大海，能汇聚百川。然而春季木气当令，壬水从冬季的鼎盛趋于衰退，有散漫失控之象。因此，调候（调节命局寒热平衡）首选庚金（十天干之一，五行属金）——金能生水，补充水源，防止涸竭；其次用丙火（五行属火）驱除寒气、调和阴阳；再以戊土（五行属土）约束水势，防止泛滥。三者各有轻,['身弱']
穷通宝鉴,穷通宝鉴-0652,戊午乙卯壬子庚子,壬,HEAVY,REN-CAIGUAN|XIEQI-TAIZHONG|HEAVY-ROOT|ROOT-STRUCK|ROOT-GAN-PRIORITY|WANGCHONG-SHUAI|SHI-GUI-LU|ZHONGGUA-2SIDE|JIRUO-WUGEN|JIWANG-HUAIJI|JISHUAI-CONGSHENG|GE-QUALITY|YONGSHEN-STRUCTURE|YONGSHEN-FINAL|ZHONG-HE,徐乐吾曰:康有为命，咸丰八年二月初六日子时。水旺透庚，水木伤官佩印，两子冲午，子卯相刑，卯午又破，冲激动荡，出于天性，戊土止水，福寿两全；水木清华，科甲之贵。未运戊戌年，酿维新政变，酉运戊午年，又酿复辟之祸，壬运丁卯年卒，寿七十。,[]
穷通宝鉴,穷通宝鉴-0653,庚午己卯壬寅庚戌,壬,NONE,SHISHI-BURUO|SHAZHONG-SHENQING|YIN-PARTY|ZHONGGUA-2SIDE|WUGEN-YOUFU|JISHUAI-CONGSHENG|GE-QING|GE-QUALITY|YUN-SHENG-ROOT|SHI-ZHU-JI|YONGSHEN-STRUCTURE|YONGSHEN-FINAL|ZHONG-HE,徐乐吾曰:李厚基命，同治九年二月初六日戌时。两庚出干，寅午戌成局，财旺生官，官印相生，惜无壬水比肩，然已富贵兼全矣，位至福建都督。,[]
穷通宝鉴,穷通宝鉴-0654,癸酉乙卯壬戌乙巳,壬,NONE,XIEQI-TAIZHONG|WANGCHONG-SHUAI|ZHONGGUA-2SIDE|WUGEN-YOUFU|JISHUAI-CONGSHENG|GE-QUALITY|YUN-SHENG-ROOT|SHI-ZHU-JI|YONGSHEN-STRUCTURE|YONGSHEN-FINAL,徐乐吾曰:吴董卿命，同治十二年二月十三日巳时。二月壬水泄弱，专用酉金，水木清华，当为文学词臣，逆行运颇佳。,[]
穷通宝鉴,穷通宝鉴-0655,庚辰己卯壬寅辛丑,壬,LIGHT,REN-CAIGUAN|SHISHI-BURUO|LIGHT-ROOT|YIN-PARTY|ROOT-STRUCK|ROOT-GAN-PRIORITY|SHI-GUI-LU|ZHONGGUA-2SIDE|JIRUO-WUGEN|GE-QUALITY|SHI-ZHU-JI|YONGSHEN-STRUCTURE|YONGSHEN-FINAL|ZHONG-HE,徐乐吾曰:蒋邦彦命，光绪六年二月初四月丑时。寅卯辰气全东方，木盛用庚，时逢辛丑，劫印帮身，水有余气，伤官旺，自能生财。运行南方壬午癸运，位至山东省银行经理，积资累千万；未运会卯冲丑，被张宗昌派人暗杀，资产为某国人收没。,[]
穷通宝鉴,穷通宝鉴-0656,庚辰己卯壬寅丁未,壬,LIGHT,REN-CAIGUAN|LIGHT-ROOT|ROOT-STRUCK|ROOT-GAN-PRIORITY|HE-HUASHEN-DESHI|ZHONGGUA-2SIDE|RI-BEI-HE|JIRUO-WUGEN|SHIYONG-YUELING-XIANGFU|GE-QUALITY|SHI-ZHU-JI|YONGSHEN-STRUCTURE|YONGSHEN-FINAL|ZHONG-HE,徐乐吾曰:王来命，光绪六年二月初四日未时。与蒋造一时之差，富贵俱小，则以丁火伤庚故也，位至财政部参事。,[]
穷通宝鉴,穷通宝鉴-0657,乙酉己卯壬午庚戌,壬,NONE,SHISHI-BURUO|SHAZHONG-SHENQING|XIEQI-TAIZHONG|YIN-PARTY|WANGCHONG-SHUAI|ZHONGGUA-2SIDE|WUGEN-YOUFU|JISHUAI-CONGSHENG|GE-QUALITY|YUN-SHENG-ROOT|SHI-ZHU-JI|YONGSHEN-STRUCTURE|YONGSHEN-FINAL|ZHONG-HE,"徐乐吾曰:李景林命，光绪十一年二月十二日戌时。财旺生官，所恃在年支酉印，祖荫厚矣，其一生事业，由上荫来，位至都督。或云庚子时，未知孰是。白话译文二月（仲春）的壬水日元，寒气已初步消退，水流清澈深沉。此时不需丙火暖局，应以戊土（官杀，譬如堤岸约束水势）为首要用神，辛金（印星，引发水源）次之，庚金再次。徐乐吾注：仲春是壬水的""死地""（十二长生中气势最弱之位），木气当旺，泄耗壬水，故不能无庚辛金（印星）",['身弱']
穷通宝鉴,穷通宝鉴-0658,壬申甲辰壬辰甲辰,壬,HEAVY,REN-CAIGUAN|SHISHI-BURUO|XIEQI-TAIZHONG|HEAVY-ROOT|BIJIE-PARTY|ROOT-STRUCK|ROOT-GAN-PRIORITY|SHI-GUI-LU|ZHONGGUA-2SIDE|JIRUO-WUGEN|JIWANG-HUAIJI|JISHUAI-CONGSHENG|SHIYONG-YUELING-XIANGFU|GE-QUALITY|CAI-RUO-SHEN-QIANG|SHI-ZHU-JI|YONGSHEN-STRUCTURE|YONGSHEN-FINAL|ZHONG-HE,食神制杀格，提督。徐乐吾曰：此造支聚辰库，申宫庚金，发水之源。用甲木琉土，水势流通，运行南方，春江水暖，顺行向西，宜其贵为干城之选。,[]
穷通宝鉴,穷通宝鉴-0659,壬辰甲辰壬辰甲辰,壬,LIGHT,REN-CAIGUAN|SHISHI-BURUO|XIEQI-TAIZHONG|LIGHT-ROOT|BIJIE-PARTY|ROOT-STRUCK|ROOT-GAN-PRIORITY|SHI-GUI-LU|ZHONGGUA-2SIDE|JIRUO-WUGEN|JISHUAI-CONGSHENG|SHIYONG-YUELING-XIANGFU|GE-QUALITY|SHI-ZHU-JI|YONGSHEN-STRUCTURE|YONGSHEN-FINAL|ZHONG-HE,食神制煞格，枢密之命。徐乐吾曰：此造两干不杂，支聚四辰，以甲木疏土为用，食神制煞格也。,[]
穷通宝鉴,穷通宝鉴-0660,庚午庚辰壬申己酉,壬,HEAVY,REN-CAIGUAN|SHISHI-BURUO|HEAVY-ROOT|YIN-PARTY|ROOT-GAN-PRIORITY|ZHONGGUA-2SIDE|JIWANG-HUAIJI|GE-QING|GE-QUALITY|YONGSHEN-STRUCTURE|YONGSHEN-FINAL|ZHONG-HE,徐乐吾曰：顾馨一命，同治九年三月初六日酉时。三月戊土暗旺，用庚金泄土生水为用。支见三刑，戊寅年五月廿七日遭暗杀，在戌运中，寿六十九。,[]
穷通宝鉴,穷通宝鉴-0661,丙子壬辰壬申乙巳,壬,HEAVY,REN-CAIGUAN|SHISHI-BURUO|XIEQI-TAIZHONG|HEAVY-ROOT|BIJIE-PARTY|ROOT-STRUCK|ROOT-GAN-PRIORITY|ZHONGGUA-2SIDE|JIRUO-WUGEN|JIWANG-HUAIJI|JISHUAI-CONGSHENG|SHIYONG-YUELING-XIANGFU|GE-QING|GE-QUALITY|SHI-ZHU-JI|YONGSHEN-STRUCTURE|YONGSHEN-FINAL|ZHONG-HE,徐乐吾曰：王克敏命，光绪二年四月十一日巳时。支聚水局，生于立夏前一日，丙火进气，时值巳宫，丙火得禄，气接四月，参看四月壬水，为伤官生财格局，位至财政部长。,[]
穷通宝鉴,穷通宝鉴-0662,丙申壬辰壬子乙巳,壬,HEAVY,REN-CAIGUAN|SHISHI-BURUO|XIEQI-TAIZHONG|HEAVY-ROOT|BIJIE-PARTY|ROOT-STRUCK|ROOT-GAN-PRIORITY|ZHONGGUA-2SIDE|JIRUO-WUGEN|JIWANG-HUAIJI|JISHUAI-CONGSHENG|SHIYONG-YUELING-XIANGFU|GE-QING|GE-QUALITY|SHI-ZHU-JI|YONGSHEN-STRUCTURE|YONGSHEN-FINAL|ZHONG-HE,。生于立夏前七日，正值戊土旺时，富而不贵，盖土旺无甲，不能取贵，不比四月丙火司权，专用壬水，见申子辰成局，为大贵也。,[]
穷通宝鉴,穷通宝鉴-0663,乙酉庚辰壬寅己酉,壬,LIGHT,REN-CAIGUAN|SHISHI-BURUO|XIEQI-TAIZHONG|LIGHT-ROOT|YIN-PARTY|ROOT-GAN-PRIORITY|ZHONGGUA-2SIDE|JIRUO-WUGEN|JISHUAI-CONGSHENG|GE-QUALITY|YONGSHEN-STRUCTURE|YONGSHEN-FINAL|ZHONG-HE,徐乐吾曰：孙传芳命，光绪十一年三月初三日酉时。乙庚、辰酉皆合，水浅金多，体全之象，寅宫藏甲破戊，丙制庚金，位至五省联军总司令，终以己土泄丙生金，又混浊壬水，仅得丙运五年，昙花一现耳。,[]
穷通宝鉴,穷通宝鉴-0664,癸巳丙辰壬申癸卯,壬,HEAVY,REN-CAIGUAN|SHISHI-BURUO|HEAVY-ROOT|BIJIE-PARTY|ROOT-STRUCK|ROOT-GAN-PRIORITY|ZHONGGUA-2SIDE|JIRUO-WUGEN|JIWANG-HUAIJI|SHIYONG-YUELING-XIANGFU|GE-QUALITY|YONGSHEN-STRUCTURE|YONGSHEN-FINAL|ZHONG-HE,徐乐吾曰：杨杏佛命，光绪十九年二月十日卯时。水多见庚，专用丙火。惜财劫并露，取卯木泄癸生丙为救，运行北方劫地，子运癸酉年，被刺殒命。白话译文三月（辰月）的壬水日主，正值戊土当令执权，壬水如同陷入泥淖，有被土石壅塞、推山填海之忧。调候原则是：首先用甲木疏松土气，其次借庚金开凿水源。甲与庚二者缺一不可，但须注意——庚克甲，若两者同时透出天干而彼此干扰，反而有害；须使二者错开位置，各司其职，方为上格。甲,[]
穷通宝鉴,穷通宝鉴-0665,壬寅乙巳壬午乙巳,壬,NONE,XIEQI-TAIZHONG|JUECHU-FENGSHENG|ZHONGGUA-2SIDE|WUGEN-YOUFU|JISHUAI-CONGSHENG|SHIYONG-YUELING-XIANGFU|GE-QUALITY|YUN-SHENG-ROOT|SHI-ZHU-JI|YONGSHEN-STRUCTURE|YONGSHEN-FINAL,三刑合局，制军。徐乐吾曰：此造取胎元丙申，壬水通根，财官秉令，运行金水，贵为总督。寅巳申三刑，申宫庚壬得力，寅巳宫丙戊当旺。书云：“三刑得用，威镇边疆。”此之谓也。,[]
穷通宝鉴,穷通宝鉴-0666,壬午乙巳壬申乙巳,壬,HEAVY,REN-CAIGUAN|SHISHI-BURUO|HEAVY-ROOT|JUECHU-FENGSHENG|BIJIE-PARTY|ROOT-STRUCK|ROOT-GAN-PRIORITY|ZHONGGUA-2SIDE|JIRUO-WUGEN|SHIYONG-YUELING-XIANGFU|GE-QING|GE-QUALITY|SHI-ZHU-JI|YONGSHEN-STRUCTURE|YONGSHEN-FINAL|ZHONG-HE,财旺生官，尚书。徐乐吾曰：壬水坐长生之地，以有庚金相生，用巳宫戊土，煞旺有制，格取财官，运宜金水之地。,[]
穷通宝鉴,穷通宝鉴-0667,丙辰癸巳壬辰壬寅,壬,LIGHT,REN-CAIGUAN|SHISHI-BURUO|LIGHT-ROOT|JUECHU-FENGSHENG|BIJIE-PARTY|ROOT-STRUCK|ROOT-GAN-PRIORITY|ZHONGGUA-2SIDE|JIRUO-WUGEN|SHIYONG-YUELING-XIANGFU|GE-QUALITY|SHI-ZHU-JI|YONGSHEN-STRUCTURE|YONGSHEN-FINAL|ZHONG-HE,土木交锋，孤贫一世。徐乐吾曰：壬水通根身库，干有比劫相助，财滋弱煞为用。而寅中有甲木制煞，寅巳相刑，用神受损，故云土木交锋，孤贫一世也。,[]
穷通宝鉴,穷通宝鉴-0668,壬午乙巳壬申己酉,壬,HEAVY,REN-CAIGUAN|SHISHI-BURUO|HEAVY-ROOT|JUECHU-FENGSHENG|BIJIE-PARTY|ROOT-STRUCK|ROOT-GAN-PRIORITY|ZHONGGUA-2SIDE|JIRUO-WUGEN|GE-QING|GE-QUALITY|YONGSHEN-STRUCTURE|YONGSHEN-FINAL|ZHONG-HE,财旺生官，尚书。徐乐吾曰：壬水临申，自坐长生，又有巳酉会局，庚金相生，用巳宫戊土，格取财官，运宜金水，因年支逢午，乙己出干，同劫印化晋格而不纯粹也。,[]
穷通宝鉴,穷通宝鉴-0669,甲子己巳壬申戊申,壬,HEAVY,REN-CAIGUAN|HEAVY-ROOT|JUECHU-FENGSHENG|ROOT-STRUCK|ROOT-GAN-PRIORITY|SHI-GUI-LU|ZHONGGUA-2SIDE|JIRUO-WUGEN|SHIYONG-YUELING-XIANGFU|GE-QING|GE-QUALITY|SHI-ZHU-JI|YONGSHEN-STRUCTURE|YONGSHEN-FINAL|ZHONG-HE,武状元。徐乐吾曰：此造支申子半水局，戊土出干，取食神制煞为用，己土合甲为病，喜壬申、癸酉之运助之，故贵而就武。,[]
穷通宝鉴,穷通宝鉴-0670,辛丑癸巳壬子庚子,壬,HEAVY,REN-CAIGUAN|SHISHI-BURUO|HEAVY-ROOT|JUECHU-FENGSHENG|YIN-PARTY|BIJIE-PARTY|ROOT-GAN-PRIORITY|SHI-GUI-LU|ZHONGGUA-2SIDE|GE-QING|GE-QUALITY|YONGSHEN-STRUCTURE|YONGSHEN-FINAL|ZHONG-HE,徐乐吾曰：张学良命，光绪廿七年四月十七日子时。劫印化晋格，晋化土也。四月火土当旺，而金水反弱为强，格局之奇，同于永乐，一生事业，出于荫庇，见四月癸水节。火土为当旺之神，变忌为喜，大贵奚疑。惜运行北方，火土不得地，不免数奇之欢也。按：此造一云己酉时，据接近张氏者谈，曾面询之，确是庚子时。白话译文农历四月（巳月），丙火（代表盛夏烈阳）当令，壬水（阳水，象征江河大川）处于极度衰弱之境。此时首要对策是借助,"['身弱', '衰弱']"
穷通宝鉴,穷通宝鉴-0671,庚午壬午壬寅辛亥,壬,HEAVY,REN-CAIGUAN|SHISHI-BURUO|HEAVY-ROOT|BIJIE-PARTY|ROOT-STRUCK|ROOT-GAN-PRIORITY|SHI-GUI-LU|ZHONGGUA-2SIDE|JIRUO-WUGEN|GE-QUALITY|YONGSHEN-STRUCTURE|YONGSHEN-FINAL|ZHONG-HE,庚壬两透，财旺生官，尚书。徐乐吾曰：用午中丁己财官也。,[]
穷通宝鉴,穷通宝鉴-0672,丁酉丙午壬寅甲辰,壬,LIGHT,REN-CAIGUAN|XIEQI-TAIZHONG|LIGHT-ROOT|ROOT-GAN-PRIORITY|SHI-GUI-LU|ZHONGGUA-2SIDE|RI-BEI-HE|JIRUO-WUGEN|JISHUAI-CONGSHENG|GE-QING|GE-QUALITY|SHI-ZHU-JI|YONGSHEN-STRUCTURE|YONGSHEN-FINAL|ZHONG-HE,太守。徐乐吾曰：壬水通根辰库，酉中辛金生之，故可用财官也。,[]
穷通宝鉴,穷通宝鉴-0673,庚午壬午壬寅癸卯,壬,NONE,ZHONGGUA-2SIDE|WUGEN-YOUFU|GE-QUALITY|YUN-SHENG-ROOT|YONGSHEN-STRUCTURE|YONGSHEN-FINAL,庚壬两透，财旺生官，尚书。,[]
穷通宝鉴,穷通宝鉴-0674,丁酉丙午壬寅甲辰,壬,LIGHT,REN-CAIGUAN|XIEQI-TAIZHONG|LIGHT-ROOT|ROOT-GAN-PRIORITY|SHI-GUI-LU|ZHONGGUA-2SIDE|RI-BEI-HE|JIRUO-WUGEN|JISHUAI-CONGSHENG|GE-QING|GE-QUALITY|SHI-ZHU-JI|YONGSHEN-STRUCTURE|YONGSHEN-FINAL|ZHONG-HE,太守。徐乐吾曰：上两造皆是财旺生官用印，非财官格也。,[]
穷通宝鉴,穷通宝鉴-0675,辛未甲午壬辰丙午,壬,LIGHT,REN-CAIGUAN|XIEQI-TAIZHONG|LIGHT-ROOT|ROOT-GAN-PRIORITY|ZHONGGUA-2SIDE|JIRUO-WUGEN|JISHUAI-CONGSHENG|SHIYONG-YUELING-XIANGFU|GE-QUALITY|SHI-ZHU-JI|YONGSHEN-STRUCTURE|YONGSHEN-FINAL|ZHONG-HE,徐乐吾曰：陈锦涛命，同治十年五月初三日午时。专用辛金，辰午夹巳，壬贵财禄同位，位至财政总长。总以壬癸不透，格局不全，财多身弱，不免为财所困，己卯年遭狙击殒命，寿六十九。,['身弱']
穷通宝鉴,穷通宝鉴-0676,丁亥丙午壬寅己酉,壬,HEAVY,REN-CAIGUAN|HEAVY-ROOT|ROOT-STRUCK|ROOT-GAN-PRIORITY|ZHONGGUA-2SIDE|RI-BEI-HE|JIRUO-WUGEN|GE-QING|GE-QUALITY|YONGSHEN-STRUCTURE|YONGSHEN-FINAL|ZHONG-HE,徐乐吾曰：伍朝枢命，光绪十三年病闰四月十五日酉时。专用比印，年逢亥禄，上承父荫，时逢酉金，地位自高，寅午会局，财旺生官，位至外交部长。,[]
穷通宝鉴,穷通宝鉴-0677,戊戌戊午壬寅庚子,壬,HEAVY,REN-CAIGUAN|SHISHI-BURUO|HEAVY-ROOT|YIN-PARTY|ROOT-STRUCK|ROOT-GAN-PRIORITY|WANGCHONG-SHUAI|SHI-GUI-LU|ZHONGGUA-2SIDE|JIRUO-WUGEN|GE-QUALITY|YONGSHEN-STRUCTURE|YONGSHEN-FINAL|ZHONG-HE,徐乐吾曰：刘屯恩命，光绪廿四年四月廿日子时。用在庚癸，寅午戌成局，两戊出干，财生煞旺，贵而就武。此造好处即在癸水藏子，不为戊土所合耳。白话译文五月（午月）正值丁火当令，火旺而壬水衰弱，须以庚金（金属水之源头）为主要用神，癸水（同类比助）为辅佐。没有庚金便无法蓄积水源，没有癸水便无法制约旺丁。徐乐吾补充说：五月壬水，辛金和癸水也可参与配合。午宫丁、己当令，壬若直接与丁相合，会损伤用神，故取癸水来代替,"['身弱', '衰弱']"
穷通宝鉴,穷通宝鉴-0678,壬子丁未壬子辛亥,壬,HEAVY,REN-CAIGUAN|SHISHI-BURUO|HEAVY-ROOT|BIJIE-PARTY|ROOT-STRUCK|ROOT-GAN-PRIORITY|SHI-GUI-LU|ZHONGGUA-2SIDE|RI-BEI-HE|JIRUO-WUGEN|GE-QUALITY|YONGSHEN-STRUCTURE|YONGSHEN-FINAL|ZHONG-HE,秀才，早年多困，盖壬本忌合，若行金运解合，可中。徐乐吾曰：丁壬一合，羁绊用神，所谓“过于有情，志无远达”是也。,[]
穷通宝鉴,穷通宝鉴-0679,甲申辛未壬戌戊申,壬,HEAVY,REN-CAIGUAN|SHISHI-BURUO|XIEQI-TAIZHONG|HEAVY-ROOT|YIN-PARTY|ROOT-GAN-PRIORITY|SHI-GUI-LU|ZHONGGUA-2SIDE|JISHUAI-CONGSHENG|GE-QING|GE-QUALITY|SHI-ZHU-JI|YONGSHEN-STRUCTURE|YONGSHEN-FINAL|ZHONG-HE,徐乐吾曰：尹昌衡命，光绪十年闰五月十九日申时。辛甲两透，甲木破戊己之土，未申戌联珠夹酉，生于小暑后三日，丁火犹在，酉运中岁值壬子、癸丑，一鸣惊人，起自田间，一跃而为都督，昙花一现，旋即下台。,[]
穷通宝鉴,穷通宝鉴-0680,戊子己未壬午壬寅,壬,HEAVY,REN-CAIGUAN|SHISHI-BURUO|HEAVY-ROOT|BIJIE-PARTY|ROOT-STRUCK|ROOT-GAN-PRIORITY|ZHONGGUA-2SIDE|JIRUO-WUGEN|GE-QUALITY|SHI-ZHU-JI|YONGSHEN-STRUCTURE|YONGSHEN-FINAL|ZHONG-HE,徐乐吾曰：阚朝玺命，光绪十四年六月初二日寅时。戊己官煞混杂，柱无甲木，寅宫甲木泄于火，唯取胎元庚戌，生助比劫为用，此造确否待考。白话译文六月（农历未月，夏末）的壬水，己土（阴柔之土，代表田园湿土）当令主事，丁火已逐渐退气。此时的调候思路是：用辛金来蓄养、疏通水源，用甲木来疏土制约旺土；用神取用的优先顺序是先辛金、后甲木，再以癸水辅助。徐乐吾补充：六月壬水须区分大暑前后。大暑之前，节气仍近五月，壬水,[]
穷通宝鉴,穷通宝鉴-0681,戊寅庚申壬辰壬寅,壬,HEAVY,REN-CAIGUAN|SHISHI-BURUO|HEAVY-ROOT|YIN-PARTY|BIJIE-PARTY|ROOT-STRUCK|ROOT-GAN-PRIORITY|WANGCHONG-SHUAI|ZHONGGUA-2SIDE|JIRUO-WUGEN|JIWANG-HUAIJI|SHIYONG-YUELING-XIANGFU|GE-QUALITY|SHI-ZHU-JI|YONGSHEN-STRUCTURE|YONGSHEN-FINAL|ZHONG-HE,此用戊丙，按院。徐乐吾曰：财滋弱煞格，取年上戊寅，财藏煞透，引归时上长生，宜其贵也。,[]
穷通宝鉴,穷通宝鉴-0682,癸酉庚申壬辰辛亥,壬,HEAVY,REN-CAIGUAN|SHISHI-BURUO|YIN-PARTY|BIJIE-PARTY|ROOT-STRUCK|ROOT-GAN-PRIORITY|SHI-GUI-LU|ZHONGGUA-2SIDE|JIRUO-WUGEN|JIWANG-HUAIJI|SHIYONG-YUELING-XIANGFU|GE-QUALITY|CAI-RUO-SHEN-QIANG|YONGSHEN-STRUCTURE|YONGSHEN-FINAL|ZHONG-HE,此用辰中戊土，依人而富。徐乐吾曰：此造金水成象，《滴天髓》所谓二人同心是也。但金清水冷，辛运南方阳暖之地，贸易获其厚利，故富而不贵也。,[]
穷通宝鉴,穷通宝鉴-0683,丁亥戊申壬申庚戌,壬,HEAVY,REN-CAIGUAN|SHISHI-BURUO|HEAVY-ROOT|YIN-PARTY|ROOT-STRUCK|ROOT-GAN-PRIORITY|ZHONGGUA-2SIDE|RI-BEI-HE|JIRUO-WUGEN|JIWANG-HUAIJI|SHIYONG-YUELING-XIANGFU|GE-QUALITY|SHI-ZHU-JI|YONGSHEN-STRUCTURE|YONGSHEN-FINAL|ZHONG-HE,此身旺任财，丁戊俱透，尚书。徐乐吾曰：此造亦是财滋弱煞，喜丁壬之间，隔以戊土不合，而戊土通根于戌，土厚而实，故可用也，与上造略同。,['身旺']
穷通宝鉴,穷通宝鉴-0684,辛丑丙申壬申辛亥,壬,HEAVY,REN-CAIGUAN|SHISHI-BURUO|HEAVY-ROOT|YIN-PARTY|ROOT-STRUCK|ROOT-GAN-PRIORITY|SHI-GUI-LU|ZHONGGUA-2SIDE|JIRUO-WUGEN|JIWANG-HUAIJI|SHIYONG-YUELING-XIANGFU|GE-QUALITY|CAI-RUO-SHEN-QIANG|YONGSHEN-STRUCTURE|YONGSHEN-FINAL|ZHONG-HE,翰林。徐乐吾曰：此造无戊土止水，专用丙火，喜大运逆行南方，金水气清而暖，故有词林之贵，丙辛一合，不免羁绊用神也。,[]
穷通宝鉴,穷通宝鉴-0685,乙亥甲申壬申壬寅,壬,HEAVY,REN-CAIGUAN|SHISHI-BURUO|XIEQI-TAIZHONG|HEAVY-ROOT|BIJIE-PARTY|ROOT-STRUCK|ROOT-GAN-PRIORITY|WANGCHONG-SHUAI|ZHONGGUA-2SIDE|JIRUO-WUGEN|JIWANG-HUAIJI|JISHUAI-CONGSHENG|SHIYONG-YUELING-XIANGFU|GE-QUALITY|SHI-ZHU-JI|YONGSHEN-STRUCTURE|YONGSHEN-FINAL|ZHONG-HE,孤人。徐乐吾曰：木多无庚出干，难取食伤生财，衣禄随缘。,[]
穷通宝鉴,穷通宝鉴-0686,丁丑戊申壬戌丙午,壬,HEAVY,REN-CAIGUAN|HEAVY-ROOT|ROOT-STRUCK|ROOT-GAN-PRIORITY|ZHONGGUA-2SIDE|RI-BEI-HE|JIRUO-WUGEN|JIWANG-HUAIJI|GE-QUALITY|SHI-ZHU-JI|YONGSHEN-STRUCTURE|YONGSHEN-FINAL|ZHONG-HE,徐乐吾曰：王承斌命，光绪三年七月初九日午时。丁戊并透，午戌会局，财旺生煞，位至湖北都督。财煞太旺，喜运行西北身旺之地。,['身旺']
穷通宝鉴,穷通宝鉴-0687,壬午戊申壬寅壬寅,壬,HEAVY,REN-CAIGUAN|SHISHI-BURUO|HEAVY-ROOT|BIJIE-PARTY|ROOT-STRUCK|ROOT-GAN-PRIORITY|WANGCHONG-SHUAI|ZHONGGUA-2SIDE|JIRUO-WUGEN|JIWANG-HUAIJI|SHIYONG-YUELING-XIANGFU|GE-QUALITY|SHI-ZHU-JI|YONGSHEN-STRUCTURE|YONGSHEN-FINAL|ZHONG-HE,徐乐吾曰：张继命，光绪八年七月十八日寅时。用财生煞，喜寅午会火局，生戊土，位至众议院议长。白话译文七月（农历申月）壬水日元，庚金当令掌权。壬水在申宫得长生之气，水源绵远、势力由弱转强。此月首要用神为戊土，以土筑堤、约束奔流之水；次取丁火为辅，用以温暖命局并制约庚金过度泄气。但戊土须取辰、戌中的当旺之土，不可用申宫自带的戊土——申中戊土随水漂流，无力为堤。戊土与丁火同时透出天干者，科举仕途显赫；戊土,['身强']
穷通宝鉴,穷通宝鉴-0688,庚辰乙酉癸卯庚申,癸,LIGHT,REN-CAIGUAN|SHISHI-BURUO|XIEQI-TAIZHONG|LIGHT-ROOT|YIN-PARTY|ROOT-STRUCK|ROOT-GAN-PRIORITY|WANGCHONG-SHUAI|HE-HUASHEN-DESHI|ZHONGGUA-2SIDE|JIRUO-WUGEN|JISHUAI-CONGSHENG|GE-QUALITY|SHI-ZHU-JI|TIANGAN-XINGQING|YONGSHEN-STRUCTURE|YONGSHEN-FINAL|ZHONG-HE,是也，此格须满盘庚辛，若水见二三，不作此论，壬不在多，见七月辛金节。总之，八月壬水，专用甲木，用甲者，水妻木子。徐乐吾曰：八月壬水，以用甲木为正，体全格为变，用戊土为应病与药，平常格局也。用甲者，以食伤为子星，比劫为妻星。,[]
穷通宝鉴,穷通宝鉴-0689,辛酉丁酉壬辰壬寅,壬,LIGHT,REN-CAIGUAN|SHISHI-BURUO|LIGHT-ROOT|YIN-PARTY|BIJIE-PARTY|ROOT-GAN-PRIORITY|ZHONGGUA-2SIDE|RI-BEI-HE|JIRUO-WUGEN|GE-QUALITY|SHI-ZHU-JI|YONGSHEN-STRUCTURE|YONGSHEN-FINAL|ZHONG-HE,龙虎拱天门，又曰壬趋艮格，探花。徐乐吾曰：辰龙寅虎拱卯，两酉暗冲卯宫，卯为日月出入之门，故曰天门，《兰台妙选》有酉生入对冲为卯，则卯为之门，不见卯而见寅辰，为龙虎拱门。寅中甲木无伤，运行甲午，鼎甲宜也。壬趋艮格，须支见寅字多，详五月壬水，此造非是。,[]
穷通宝鉴,穷通宝鉴-0690,壬子己酉壬子庚戌,壬,HEAVY,REN-CAIGUAN|SHISHI-BURUO|HEAVY-ROOT|YIN-PARTY|BIJIE-PARTY|ROOT-STRUCK|ROOT-GAN-PRIORITY|ZHONGGUA-2SIDE|JIRUO-WUGEN|JIWANG-HUAIJI|SHIYONG-YUELING-XIANGFU|GE-QUALITY|SHI-ZHU-JI|YONGSHEN-STRUCTURE|YONGSHEN-FINAL|ZHONG-HE,印旺身强，富大贵小。徐乐吾曰：此造壬水两透，专用戌宫戊土，看法同七月。己土出干，混浊壬水，难以取贵。子戌夹亥，壬水得禄，时上财星归库，身旺任财，富格可知。,"['身旺', '身强']"
穷通宝鉴,穷通宝鉴-0691,丙子丁酉壬子己酉,壬,HEAVY,REN-CAIGUAN|HEAVY-ROOT|ROOT-STRUCK|ROOT-GAN-PRIORITY|ZHONGGUA-2SIDE|RI-BEI-HE|JIRUO-WUGEN|JIWANG-HUAIJI|SHIYONG-YUELING-XIANGFU|GE-QUALITY|CAI-RUO-SHEN-QIANG|YONGSHEN-STRUCTURE|YONGSHEN-FINAL|ZHONG-HE,身旺无依，一生贫苦。徐乐吾曰：财官无根，支多劫刃，己土不足以止水，徒然浊壬，水旺无木，无以泄水之气，不仅贫苦，后嗣亦艰。若见一甲木，即为衣禄常人，不致贫苦无依，见上七月四柱多壬节。,['身旺']
穷通宝鉴,穷通宝鉴-0692,庚午乙酉壬子甲辰,壬,HEAVY,REN-CAIGUAN|SHISHI-BURUO|XIEQI-TAIZHONG|YIN-PARTY|ROOT-STRUCK|ROOT-GAN-PRIORITY|HE-HUASHEN-DESHI|SHI-GUI-LU|ZHONGGUA-2SIDE|JIRUO-WUGEN|JIWANG-HUAIJI|JISHUAI-CONGSHENG|GE-QUALITY|SHI-ZHU-JI|YONGSHEN-STRUCTURE|YONGSHEN-FINAL|ZHONG-HE,庚甲两透，词林。徐乐吾曰：甲以乙妹妻庚，乙庚合化，年月印旺，专用时干甲木文星，更喜甲木临辰，水木有情，故有词林秀。,[]
穷通宝鉴,穷通宝鉴-0693,癸未辛酉壬申戊申,壬,HEAVY,REN-CAIGUAN|SHISHI-BURUO|HEAVY-ROOT|YIN-PARTY|BIJIE-PARTY|ROOT-GAN-PRIORITY|SHI-GUI-LU|ZHONGGUA-2SIDE|JIRUO-WUGEN|JIWANG-HUAIJI|GE-QING|GE-QUALITY|SHI-ZHU-JI|YONGSHEN-STRUCTURE|YONGSHEN-FINAL|ZHONG-HE,布政。徐乐吾曰：此造专用戊土，要运行南方，用神得地而贵。,[]
穷通宝鉴,穷通宝鉴-0694,乙酉乙酉壬午甲辰,壬,LIGHT,REN-CAIGUAN|XIEQI-TAIZHONG|LIGHT-ROOT|ROOT-GAN-PRIORITY|SHI-GUI-LU|ZHONGGUA-2SIDE|JIRUO-WUGEN|JISHUAI-CONGSHENG|GE-QUALITY|SHI-ZHU-JI|YONGSHEN-STRUCTURE|YONGSHEN-FINAL|ZHONG-HE,"徐乐吾曰：张麟书命，光绪十一年八月十六日辰时。壬生八月，得甲木出干制土，金白水清，午宫丁火财星得禄，泄甲木之气，故供职交通银行三十年，不出金融界。辰运戊寅年五月，惨遭暗杀殒命，不得令终，以满盘自刑故也。白话译文八月的壬水（天干第十位，象征奔流之水）生于辛金（天干第八位，象征精金）当令之时，此月金气旺盛，金能生水，故称""金白水清""——水源充沛而纯净。此时最忌戊土、己土（象征浑浊泥沙）污染水体，因此首",[]
穷通宝鉴,穷通宝鉴-0695,丙寅戊戌壬戌辛丑,壬,LIGHT,REN-CAIGUAN|SHISHI-BURUO|LIGHT-ROOT|YIN-PARTY|ROOT-GAN-PRIORITY|SHI-GUI-LU|ZHONGGUA-2SIDE|JIRUO-WUGEN|SHIYONG-YUELING-XIANGFU|GE-QING|GE-QUALITY|SHI-ZHU-JI|YONGSHEN-STRUCTURE|YONGSHEN-FINAL|ZHONG-HE,身旺官旺，又得丙透，参政。徐乐吾曰：财生煞旺，无甲，以辛金化煞为用。甲木藏寅，寅戌会局，不能取以制煞也。,['身旺']
穷通宝鉴,穷通宝鉴-0696,辛丑戊戌壬戌甲辰,壬,LIGHT,REN-CAIGUAN|SHISHI-BURUO|XIEQI-TAIZHONG|LIGHT-ROOT|YIN-PARTY|ROOT-STRUCK|ROOT-GAN-PRIORITY|SHI-GUI-LU|ZHONGGUA-2SIDE|JIRUO-WUGEN|JISHUAI-CONGSHENG|SHIYONG-YUELING-XIANGFU|GE-QUALITY|SHI-ZHU-JI|YONGSHEN-STRUCTURE|YONGSHEN-FINAL|ZHONG-HE,支成四库，一甲透时，太史。徐乐吾曰：支聚四库，透戊土七煞，以甲木制煞为用。用辛滋壬，喜壬水进气，故有词林之贵。,[]
穷通宝鉴,穷通宝鉴-0697,丙子戊戌壬申甲辰,壬,HEAVY,REN-CAIGUAN|XIEQI-TAIZHONG|HEAVY-ROOT|ROOT-STRUCK|ROOT-GAN-PRIORITY|SHI-GUI-LU|ZHONGGUA-2SIDE|JIRUO-WUGEN|JISHUAI-CONGSHENG|SHIYONG-YUELING-XIANGFU|GE-QUALITY|SHI-ZHU-JI|YONGSHEN-STRUCTURE|YONGSHEN-FINAL|ZHONG-HE,进士 ，官至太守。徐乐吾曰：甲丙两透，煞前食后，格局完备，太平时代一太守，木透可至道尹，乱世可至省长，时代有不同也。,[]
穷通宝鉴,穷通宝鉴-0698,戊寅壬戌壬子甲辰,壬,HEAVY,REN-CAIGUAN|SHISHI-BURUO|XIEQI-TAIZHONG|HEAVY-ROOT|BIJIE-PARTY|ROOT-STRUCK|ROOT-GAN-PRIORITY|SHI-GUI-LU|ZHONGGUA-2SIDE|JIRUO-WUGEN|JISHUAI-CONGSHENG|SHIYONG-YUELING-XIANGFU|GE-QUALITY|SHI-ZHU-JI|YONGSHEN-STRUCTURE|YONGSHEN-FINAL|ZHONG-HE,年翰林，官拜副都御史。徐乐吾曰：甲透丙藏，煞前食后，与上造同，虽官职有内外，品位一也。,[]
穷通宝鉴,穷通宝鉴-0699,己巳甲戌壬辰庚子,壬,HEAVY,REN-CAIGUAN|SHISHI-BURUO|XIEQI-TAIZHONG|HEAVY-ROOT|YIN-PARTY|ROOT-STRUCK|ROOT-GAN-PRIORITY|HE-HUASHEN-DESHI|SHI-GUI-LU|ZHONGGUA-2SIDE|JIRUO-WUGEN|JISHUAI-CONGSHENG|GE-QUALITY|YONGSHEN-STRUCTURE|YONGSHEN-FINAL|ZHONG-HE,徐乐吾曰：段芝贵命，同治八年九月廿四日子时。甲己相合，又有庚金遥逼，必然化土，不能用癸，月令煞旺，而时逢子水阳刃，煞刃成格，贵必就武，位至督抚。,[]
穷通宝鉴,穷通宝鉴-0700,丙子戊戌壬子庚子,壬,HEAVY,REN-CAIGUAN|SHISHI-BURUO|HEAVY-ROOT|YIN-PARTY|ROOT-GAN-PRIORITY|SHI-GUI-LU|ZHONGGUA-2SIDE|GE-QING|GE-QUALITY|YONGSHEN-STRUCTURE|YONGSHEN-FINAL|ZHONG-HE,徐乐吾曰：友人某君命，光绪二年八月廿四日子时。支逢三刃，秋水汪洋，专取戊土，煞刃相制成格。虽有丙火，而落日余晖，力量不足，四柱无甲木泄水生丙，煞刃无情，虽有才能，难展骥足，一生以寅运为最得意，曾任朝鲜领事外交部主事。至甲运，破了戊土，惨遭非命，在戊寅年，甲木得禄而土崩也，年六十三。,[]
穷通宝鉴,穷通宝鉴-0701,壬午庚戌壬寅庚子,壬,HEAVY,REN-CAIGUAN|SHISHI-BURUO|HEAVY-ROOT|YIN-PARTY|BIJIE-PARTY|ROOT-STRUCK|ROOT-GAN-PRIORITY|SHI-GUI-LU|ZHONGGUA-2SIDE|JIRUO-WUGEN|GE-QUALITY|YONGSHEN-STRUCTURE|YONGSHEN-FINAL|ZHONG-HE,徐乐吾曰：蒋百器命，光绪八年九月十九日子时。支聚寅午戌火局，财旺生煞，时逢阳刃，煞刃成格，煞旺刃轻，用宜助刃。早年行北方运，出任浙江都督，不数月去位，是其福命不足以当之也。然有寅宫甲丙，水木火土相制有情，气势游戏通，即是贵格，参阅丙子造。白话译文九月（戌月）的壬水，亥水之气正在蓄积，水势将旺而未至顶峰。月令主气为戊土（七煞），秉权当令，对壬水形成克制之势。若八字中壬水众多，须以甲木（食神）来制约戊,['旺极']
穷通宝鉴,穷通宝鉴-0702,庚子丁亥壬戌庚戌,壬,HEAVY,REN-CAIGUAN|DESHI-BUWANG|HEAVY-ROOT|YIN-PARTY|ROOT-GAN-PRIORITY|ZHONGGUA-2SIDE|RI-BEI-HE|JIRUO-WUGEN|JIWANG-HUAIJI|GE-QING|GE-QUALITY|SHI-ZHU-JI|YONGSHEN-STRUCTURE|YONGSHEN-FINAL|ZHONG-HE,得庚制甲，会元。徐乐吾曰：专取戌中戊土制水，得庚金透，庚金制甲，杀印相生。,[]
穷通宝鉴,穷通宝鉴-0703,壬申辛亥壬子辛亥,壬,HEAVY,REN-CAIGUAN|HEAVY-ROOT|YIN-PARTY|BIJIE-PARTY|ROOT-STRUCK|ROOT-GAN-PRIORITY|SHI-GUI-LU|ZHONGGUA-2SIDE|JIRUO-WUGEN|JIWANG-HUAIJI|SHIYONG-YUELING-XIANGFU|GE-QUALITY|CAI-RUO-SHEN-QIANG|YONGSHEN-STRUCTURE|YONGSHEN-FINAL|ZHONG-HE,支见亥子，四柱无戊，旺盛无依，为僧。徐乐吾曰：润下成格，惜胎元壬寅，格局不纯，火运行东南，逆水之性，反为贫苦之命也。,[]
穷通宝鉴,穷通宝鉴-0704,丁丑辛亥壬子癸卯,壬,HEAVY,REN-CAIGUAN|HEAVY-ROOT|YIN-PARTY|BIJIE-PARTY|ROOT-STRUCK|ROOT-GAN-PRIORITY|ZHONGGUA-2SIDE|RI-BEI-HE|JIRUO-WUGEN|JIWANG-HUAIJI|GE-QUALITY|CAI-RUO-SHEN-QIANG|YONGSHEN-STRUCTURE|YONGSHEN-FINAL|ZHONG-HE,贫苦。徐乐吾曰：财露见劫，财又不旺，宜乎贫苦。,[]
穷通宝鉴,穷通宝鉴-0705,辛亥己亥壬午辛亥,壬,HEAVY,REN-CAIGUAN|DESHI-BUWANG|HEAVY-ROOT|ROOT-STRUCK|ROOT-GAN-PRIORITY|SHI-GUI-LU|ZHONGGUA-2SIDE|JIRUO-WUGEN|JIWANG-HUAIJI|SHIYONG-YUELING-XIANGFU|GE-QUALITY|YONGSHEN-STRUCTURE|YONGSHEN-FINAL|ZHONG-HE,徐乐吾曰：张退厂命，咸丰元年九月三十日亥时。取午中丁火，生助己土官星，丁己同得禄于午，但十月壬水用丁己，不如丙戊，望重乡闾，寿八十八，卒於戊寅年。,[]
穷通宝鉴,穷通宝鉴-0706,己巳乙亥壬子乙巳,壬,HEAVY,REN-CAIGUAN|DESHI-BUWANG|XIEQI-TAIZHONG|HEAVY-ROOT|ROOT-STRUCK|ROOT-GAN-PRIORITY|WANGCHONG-SHUAI|ZHONGGUA-2SIDE|JIRUO-WUGEN|JIWANG-HUAIJI|GE-QUALITY|WANGJI-SIWO-SHENG|SHI-ZHU-JI|YONGSHEN-STRUCTURE|YONGSHEN-FINAL|ZHONG-HE,徐乐吾曰：周自齐命，同治八年十月十四日巳时。专用巳宫丙戊，更有庚金制甲，运行南方，位至财政总长。,[]
穷通宝鉴,穷通宝鉴-0707,辛巳己亥壬戌甲辰,壬,HEAVY,REN-CAIGUAN|DESHI-BUWANG|XIEQI-TAIZHONG|HEAVY-ROOT|YIN-PARTY|ROOT-STRUCK|ROOT-GAN-PRIORITY|WANGCHONG-SHUAI|SHI-GUI-LU|ZHONGGUA-2SIDE|JIRUO-WUGEN|JIWANG-HUAIJI|GE-QUALITY|WANGJI-SIWO-SHENG|SHI-ZHU-JI|YONGSHEN-STRUCTURE|YONGSHEN-FINAL|ZHONG-HE,徐乐吾曰：叶公绰命，光绪七年十月初三日辰时。专用巳宫丙戊，己合甲，不破戊，亦格之奇也，（参阅十一月节）位至交通总长。,[]
穷通宝鉴,穷通宝鉴-0708,癸未癸亥壬申庚戌,壬,HEAVY,REN-CAIGUAN|HEAVY-ROOT|YIN-PARTY|BIJIE-PARTY|ROOT-STRUCK|ROOT-GAN-PRIORITY|ZHONGGUA-2SIDE|JIRUO-WUGEN|JIWANG-HUAIJI|GE-QUALITY|SHI-ZHU-JI|YONGSHEN-STRUCTURE|YONGSHEN-FINAL|ZHONG-HE,徐乐吾曰：李烈钧命，光绪九年十月廿五日戌时。专取戌宫戊土止水，惜无丙火，民国初年，为江西都督，起伏无常，名利难全。白话译文十月（亥月）壬水正值当令，水势达到极旺，以戊土（偏财，制水之神）为首要用神（八字中调节格局的关键元素），丙火（七煞）为辅助。若生于壬辰日又见辰时，水势浩瀚无边，必须戊土透出天干加以制衡，同时需要庚金（偏印）来压制甲木（食神），防止甲木反克戊土。戊、庚二者均透出天干，此人可登科及,[]
穷通宝鉴,穷通宝鉴-0709,壬子壬子壬子甲辰,壬,HEAVY,REN-CAIGUAN|DESHI-BUWANG|XIEQI-TAIZHONG|HEAVY-ROOT|BIJIE-PARTY|ROOT-GAN-PRIORITY|SHI-GUI-LU|ZHONGGUA-2SIDE|JIWANG-HUAIJI|SHIYONG-YUELING-XIANGFU|GE-QING|GE-QUALITY|CAI-RUO-SHEN-QIANG|WANGJI-SIWO-SHENG|SHI-ZHU-JI|YONGSHEN-STRUCTURE|YONGSHEN-FINAL|ZHONG-HE,飞天禄马格，尚书。徐乐吾曰：飞天禄马者，水木伤官之变，专取甲木为用，运喜东方，与润下格纯粹者理同，所谓独象喜行化地是也。,[]
穷通宝鉴,穷通宝鉴-0710,丁卯壬子壬寅戊申,壬,HEAVY,REN-CAIGUAN|DESHI-BUWANG|HEAVY-ROOT|BIJIE-PARTY|ROOT-STRUCK|ROOT-GAN-PRIORITY|WANGCHONG-SHUAI|SHI-GUI-LU|ZHONGGUA-2SIDE|RI-BEI-HE|JIRUO-WUGEN|JIWANG-HUAIJI|GE-QUALITY|SHI-ZHU-JI|YONGSHEN-STRUCTURE|YONGSHEN-FINAL|ZHONG-HE,方伯。徐乐吾曰：戊透丙藏，为仲冬壬水之正用也。,[]
穷通宝鉴,穷通宝鉴-0711,壬寅壬子壬子辛亥,壬,HEAVY,REN-CAIGUAN|HEAVY-ROOT|BIJIE-PARTY|ROOT-STRUCK|ROOT-GAN-PRIORITY|SHI-GUI-LU|ZHONGGUA-2SIDE|JIRUO-WUGEN|JIWANG-HUAIJI|GE-QING|GE-QUALITY|YONGSHEN-STRUCTURE|YONGSHEN-FINAL|ZHONG-HE,富格。徐乐吾曰：寅宫丙戊太弱，寅亥合木，转而生财，故为富格。,[]
穷通宝鉴,穷通宝鉴-0712,癸丑甲子壬午甲辰,壬,HEAVY,REN-CAIGUAN|DESHI-BUWANG|XIEQI-TAIZHONG|HEAVY-ROOT|BIJIE-PARTY|ROOT-STRUCK|ROOT-GAN-PRIORITY|WANGCHONG-SHUAI|SHI-GUI-LU|ZHONGGUA-2SIDE|JIRUO-WUGEN|JIWANG-HUAIJI|SHIYONG-YUELING-XIANGFU|GE-QUALITY|WANGJI-SIWO-SHENG|SHI-ZHU-JI|YONGSHEN-STRUCTURE|YONGSHEN-FINAL|ZHONG-HE,徐乐吾曰：沈德潜命，康熙十二年十一月十七日辰时。己未年成进士，年己六十七，高宗称为老名士，官至礼部侍郎，卒年九十七，谥文悫。此造专用午宫丁己，无如两甲盖头，己土被制，直待交进丁丙财运而显，不以官刃论，木火通明，故为文学侍从之臣也。,[]
穷通宝鉴,穷通宝鉴-0713,丙午庚子壬午庚子,壬,HEAVY,REN-CAIGUAN|DESHI-BUWANG|HEAVY-ROOT|ROOT-STRUCK|ROOT-GAN-PRIORITY|WANGCHONG-SHUAI|SHI-GUI-LU|ZHONGGUA-2SIDE|JIRUO-WUGEN|JIWANG-HUAIJI|SHIYONG-YUELING-XIANGFU|GE-QUALITY|YONGSHEN-STRUCTURE|YONGSHEN-FINAL|ZHONG-HE,徐乐吾曰：樊樊山命，道光廿六年十一月初一日子时。天地中分，不以冲论，用午中丁己财官，科甲出身，晚年运行南方，大贵。,[]
穷通宝鉴,穷通宝鉴-0714,丁卯壬子壬申甲辰,壬,HEAVY,REN-CAIGUAN|DESHI-BUWANG|XIEQI-TAIZHONG|HEAVY-ROOT|BIJIE-PARTY|ROOT-STRUCK|ROOT-GAN-PRIORITY|SHI-GUI-LU|ZHONGGUA-2SIDE|RI-BEI-HE|JIRUO-WUGEN|JIWANG-HUAIJI|SHIYONG-YUELING-XIANGFU|GE-QUALITY|CAI-RUO-SHEN-QIANG|WANGJI-SIWO-SHENG|SHI-ZHU-JI|YONGSHEN-STRUCTURE|YONGSHEN-FINAL|ZHONG-HE,徐乐吾曰：葛稚威命，同治六年十一月廿三日辰时。飞天禄马见丁破格，乃润下格之不纯粹者，运行土金，安富尊荣，一乡之望。一至南方，资财萧条，以比肩争合故也。,[]
穷通宝鉴,穷通宝鉴-0715,壬辰壬子壬辰乙巳,壬,HEAVY,REN-CAIGUAN|DESHI-BUWANG|XIEQI-TAIZHONG|HEAVY-ROOT|BIJIE-PARTY|ROOT-STRUCK|ROOT-GAN-PRIORITY|ZHONGGUA-2SIDE|JIRUO-WUGEN|JIWANG-HUAIJI|GE-QUALITY|WANGJI-SIWO-SHENG|SHI-ZHU-JI|YONGSHEN-STRUCTURE|YONGSHEN-FINAL|ZHONG-HE,徐乐吾曰：蔡廷锴命，光绪十八年十一月初八日巳时。专用巳宫丙戊解冻止流，位至军长，福建省主席。白话译文十一月（农历子月）的壬水日主，正值阳刃当令，水势比十月更旺，寒气极重。调候首选戊土（堤坝止水），其次用丙火（暖阳解冻）。丙、戊两者同时透出天干，则命主富贵双全、才德兼备；只有戊无丙，名利难以两全；只有丙无戊，谋略虽好却难成事。若地支构成水局而丙火不出干，即使有戊土，也只是平庸之人；若丙火透出得位，戊,"['身强', '旺极']"
穷通宝鉴,穷通宝鉴-0716,甲午丁丑壬辰甲辰,壬,LIGHT,REN-CAIGUAN|XIEQI-TAIZHONG|LIGHT-ROOT|ROOT-STRUCK|ROOT-GAN-PRIORITY|SHI-GUI-LU|ZHONGGUA-2SIDE|RI-BEI-HE|JIRUO-WUGEN|JISHUAI-CONGSHENG|SHIYONG-YUELING-XIANGFU|GE-QUALITY|SHI-ZHU-JI|YONGSHEN-STRUCTURE|YONGSHEN-FINAL|ZHONG-HE,欠丙，贫苦。徐乐吾曰：十二月壬水，不可无丙，丁甲力薄，有丙富贵，无丙贫苦，显然可见。,[]
穷通宝鉴,穷通宝鉴-0717,辛亥辛丑壬戌庚子,壬,HEAVY,REN-CAIGUAN|SHISHI-BURUO|YIN-PARTY|ROOT-GAN-PRIORITY|SHI-GUI-LU|ZHONGGUA-2SIDE|JIWANG-HUAIJI|SHIYONG-YUELING-XIANGFU|GE-QING|GE-QUALITY|YONGSHEN-STRUCTURE|YONGSHEN-FINAL|ZHONG-HE,用戊止水，生员。徐乐吾曰：此造亥子丑成方，壬水甚旺，故用戊止水，日坐财库，金水亦温，所谓清气还嫌官不起也。,[]
穷通宝鉴,穷通宝鉴-0718,己丑丁丑壬午辛亥,壬,HEAVY,REN-CAIGUAN|SHISHI-BURUO|HEAVY-ROOT|YIN-PARTY|ROOT-STRUCK|ROOT-GAN-PRIORITY|SHI-GUI-LU|ZHONGGUA-2SIDE|RI-BEI-HE|JIRUO-WUGEN|JIWANG-HUAIJI|GE-QUALITY|YONGSHEN-STRUCTURE|YONGSHEN-FINAL|ZHONG-HE,徐乐吾曰：刘坤一命，道光九年十二月廿二日亥时。丑宫土金水同宫并透，用丁火，夜生者贵，参阅十二月癸水雪夜灯光格，位至两江总督。,[]
穷通宝鉴,穷通宝鉴-0719,戊午乙丑壬申乙巳,壬,HEAVY,REN-CAIGUAN|HEAVY-ROOT|ROOT-STRUCK|ROOT-GAN-PRIORITY|ZHONGGUA-2SIDE|JIRUO-WUGEN|GE-QUALITY|SHI-ZHU-JI|YONGSHEN-STRUCTURE|YONGSHEN-FINAL|ZHONG-HE,徐乐吾曰：赵秉钧命，咸丰九年正月初一日巳时。丙戊得禄于巳，运行南方，位至首揆 。,[]
穷通宝鉴,穷通宝鉴-0720,甲戌丁丑壬申辛亥,壬,HEAVY,REN-CAIGUAN|SHISHI-BURUO|XIEQI-TAIZHONG|HEAVY-ROOT|YIN-PARTY|ROOT-STRUCK|ROOT-GAN-PRIORITY|SHI-GUI-LU|ZHONGGUA-2SIDE|RI-BEI-HE|JIRUO-WUGEN|JIWANG-HUAIJI|JISHUAI-CONGSHENG|GE-QUALITY|YONGSHEN-STRUCTURE|YONGSHEN-FINAL|ZHONG-HE,徐乐吾曰：杨度命，同治十三年十二月初三日亥时。用戌宫戊土止水，甲丁并透，无丙，虚而不实。,[]
穷通宝鉴,穷通宝鉴-0721,戊寅乙丑壬申戊申,壬,HEAVY,REN-CAIGUAN|XIEQI-TAIZHONG|HEAVY-ROOT|ROOT-STRUCK|ROOT-GAN-PRIORITY|WANGCHONG-SHUAI|SHI-GUI-LU|ZHONGGUA-2SIDE|JIRUO-WUGEN|JISHUAI-CONGSHENG|GE-QUALITY|SHI-ZHU-JI|YONGSHEN-STRUCTURE|YONGSHEN-FINAL|ZHONG-HE,徐乐吾曰：袁克定命，光绪四年十一月廿七日申时。戊透丙藏，皆在年上，专受上荫，其为贵介公子可知。,[]
穷通宝鉴,穷通宝鉴-0722,癸未乙丑壬戌庚子,壬,HEAVY,REN-CAIGUAN|SHISHI-BURUO|XIEQI-TAIZHONG|YIN-PARTY|BIJIE-PARTY|ROOT-STRUCK|ROOT-GAN-PRIORITY|SHI-GUI-LU|ZHONGGUA-2SIDE|JIRUO-WUGEN|JIWANG-HUAIJI|JISHUAI-CONGSHENG|SHIYONG-YUELING-XIANGFU|GE-QUALITY|YONGSHEN-STRUCTURE|YONGSHEN-FINAL|ZHONG-HE,徐乐吾曰：朱瑞命，光绪九年十二月十六日子时。支聚四库，而无甲丙，然时逢庚子阳刃，喜用戊土七煞为制，三刑得用，运至戌，贵为都督，然昙花一现，仅五年耳。,[]
穷通宝鉴,穷通宝鉴-0723,己丑丁丑壬午辛亥,壬,HEAVY,REN-CAIGUAN|SHISHI-BURUO|HEAVY-ROOT|YIN-PARTY|ROOT-STRUCK|ROOT-GAN-PRIORITY|SHI-GUI-LU|ZHONGGUA-2SIDE|RI-BEI-HE|JIRUO-WUGEN|JIWANG-HUAIJI|GE-QUALITY|YONGSHEN-STRUCTURE|YONGSHEN-FINAL|ZHONG-HE,徐乐吾曰：杨杰命，光绪十五年十二月十一日亥时。丑宫土金水并透，用丁，位至军长，同上刘坤一命。,[]
穷通宝鉴,穷通宝鉴-0724,庚寅己丑壬辰辛亥,壬,HEAVY,REN-CAIGUAN|SHISHI-BURUO|HEAVY-ROOT|YIN-PARTY|ROOT-STRUCK|ROOT-GAN-PRIORITY|SHI-GUI-LU|ZHONGGUA-2SIDE|JIRUO-WUGEN|JIWANG-HUAIJI|GE-QING|GE-QUALITY|YONGSHEN-STRUCTURE|YONGSHEN-FINAL|ZHONG-HE,"徐乐吾曰：戴季陶命，光绪十六年十一月廿六日亥时。丙戊结藏寅宫，位至考试院长。白话译文十二月（腊月）的壬水，为何旺极反衰？月份上半段，癸水与辛金当令主导气场，壬水尚算有力，此时首要用丙火（太阳之火）来""解冻""——让严寒之水重获流动生机。下半段转由己土当令，水气因此转弱，仍以丙火为主，并辅以甲木来制约己土，防止土气混浊水质。故命局中有丙火，功名与财利皆可兼得。若丙火与辛金同时透出天干，名利双全；若丙火",['旺极']
穷通宝鉴,穷通宝鉴-0725,壬寅壬寅癸卯丁巳,癸,LIGHT,REN-CAIGUAN|LIGHT-ROOT|ROOT-GAN-PRIORITY|HE-HUASHEN-DESHI|ZHONGGUA-2SIDE|JIRUO-WUGEN|SHIYONG-YUELING-XIANGFU|GE-QUALITY|SHI-ZHU-JI|TIANGAN-XINGQING|YONGSHEN-STRUCTURE|YONGSHEN-FINAL|ZHONG-HE,孤贫，损目。徐乐吾曰：干见两壬，不能言从，木旺火多，癸水气泄熬干，孤贫，残疾。,[]
穷通宝鉴,穷通宝鉴-0726,壬子壬寅癸卯丙辰,癸,HEAVY,REN-CAIGUAN|SHISHI-BURUO|HEAVY-ROOT|BIJIE-PARTY|ROOT-STRUCK|ROOT-GAN-PRIORITY|SHI-GUI-LU|ZHONGGUA-2SIDE|JIRUO-WUGEN|JIWANG-HUAIJI|SHIYONG-YUELING-XIANGFU|GE-QUALITY|SHI-ZHU-JI|TIANGAN-XINGQING|YONGSHEN-STRUCTURE|YONGSHEN-FINAL|ZHONG-HE,有妻无子，兄弟相残，常人。徐乐吾曰：寅卯辰成方，食伤太旺，非见庚辛，不能制木生癸以取贵，与二月同论。丙火偏财出干，而比劫争财，此兄弟相残之征。四柱无金，时归墓库，无子之征。,[]
穷通宝鉴,穷通宝鉴-0727,庚寅戊寅癸亥辛酉,癸,HEAVY,REN-CAIGUAN|SHISHI-BURUO|YIN-PARTY|ROOT-STRUCK|ROOT-GAN-PRIORITY|ZHONGGUA-2SIDE|RI-BEI-HE|JIRUO-WUGEN|JIWANG-HUAIJI|GE-QING|GE-QUALITY|TIANGAN-XINGQING|YONGSHEN-STRUCTURE|YONGSHEN-FINAL|ZHONG-HE,徐乐吾曰：陆连奎命：光绪十六年正月甘二日酉时。正月木旺，癸水泄弱，不能不用印。戊癸一合，日元向官，寅亥合起劫煞，不得善终。未运戊寅年，遭狙击毙命，年四十九。白话译文正月（寅月）的癸水，正值三阳（立春节气，阳气初生）之际，癸水如雨露，性质极为柔弱。此时取用的首选是辛金（天干十神之一，为癸水之正印，能生水之源），其次配以丙火（为寅月长生之火，能照暖寒水），使水火相济、阴阳调和，万物由此萌发生长。若辛金,['身强']
穷通宝鉴,穷通宝鉴-0728,甲寅丁卯癸卯乙卯,癸,LIGHT,REN-CAIGUAN|XIEQI-TAIZHONG|LIGHT-ROOT|ROOT-GAN-PRIORITY|SHI-GUI-LU|ZHONGGUA-2SIDE|JIRUO-WUGEN|JISHUAI-CONGSHENG|SHIYONG-YUELING-XIANGFU|GE-QING|GE-QUALITY|TIANGAN-XINGQING|YONGSHEN-STRUCTURE|YONGSHEN-FINAL|ZHONG-HE,，诰封一品，但为人柔弱无能。运入西方，逝世。女造柔懦尚无害，若为男造，不免贫困多灾矣。,[]
穷通宝鉴,穷通宝鉴-0729,丁未癸卯癸亥癸丑,癸,HEAVY,REN-CAIGUAN|SHISHI-BURUO|HEAVY-ROOT|BIJIE-PARTY|ROOT-STRUCK|ROOT-GAN-PRIORITY|SHI-GUI-LU|ZHONGGUA-2SIDE|JIRUO-WUGEN|JIWANG-HUAIJI|GE-QUALITY|SHI-ZHU-JI|TIANGAN-XINGQING|YONGSHEN-STRUCTURE|YONGSHEN-FINAL|ZHONG-HE,水木伤官，有名飞天禄为格，方伯。徐乐吾曰：水木伤官用财也，飞天禄马者，以亥冲巳，丑合巳，以巳中戊土官星为用，未免迂曲。癸水坐亥，亥卯未合局，年透丁火，水木伤官用财，泄气太重，用丑中辛金，运行北方，帮身为贵。,[]
穷通宝鉴,穷通宝鉴-0730,丙辰辛卯癸酉癸亥,癸,HEAVY,REN-CAIGUAN|SHISHI-BURUO|HEAVY-ROOT|YIN-PARTY|BIJIE-PARTY|ROOT-STRUCK|ROOT-GAN-PRIORITY|WANGCHONG-SHUAI|SHI-GUI-LU|ZHONGGUA-2SIDE|JIRUO-WUGEN|JIWANG-HUAIJI|GE-QUALITY|CAI-RUO-SHEN-QIANG|TIANGAN-XINGQING|YONGSHEN-STRUCTURE|YONGSHEN-FINAL|ZHONG-HE,用辛金，飞天禄马格，尚书。徐乐吾曰：飞天禄马格，以亥冲巳，酉丑合住巳字为要点，两造皆似是而非。特飞天禄马，本有伤官变格，谓为成格，亦无不可。总之，木多水泄，不能无金，两造皆以辛金为用也。,[]
穷通宝鉴,穷通宝鉴-0731,庚子己卯癸卯辛酉,癸,HEAVY,REN-CAIGUAN|SHISHI-BURUO|HEAVY-ROOT|YIN-PARTY|ROOT-STRUCK|ROOT-GAN-PRIORITY|WANGCHONG-SHUAI|ZHONGGUA-2SIDE|JIRUO-WUGEN|JIWANG-HUAIJI|GE-QUALITY|CAI-RUO-SHEN-QIANG|TIANGAN-XINGQING|YONGSHEN-STRUCTURE|YONGSHEN-FINAL|ZHONG-HE,庚辛两透，位至阁老。徐乐吾曰：庚辛并见，而无丙丁，虽科甲正途，终嫌阴柔奸险，此明代严嵩命造也。支备子卯酉，加胎元庚午，成格而备四极，故其奸险之祸，亦加于四海，午宫己土得禄，财官相生为用，格虽大贵，究不足取。,[]
穷通宝鉴,穷通宝鉴-0732,庚寅己卯癸亥庚申,癸,HEAVY,REN-CAIGUAN|SHISHI-BURUO|YIN-PARTY|ROOT-STRUCK|ROOT-GAN-PRIORITY|WANGCHONG-SHUAI|ZHONGGUA-2SIDE|JIRUO-WUGEN|JIWANG-HUAIJI|GE-QUALITY|SHI-ZHU-JI|TIANGAN-XINGQING|YONGSHEN-STRUCTURE|YONGSHEN-FINAL|ZHONG-HE,专用庚金，故佐君泽民，神钦鬼服。徐乐吾曰：此造喜寅中暗藏丙火，用庚金，有阴阳和谐之妙。胎元庚午，以丁己财官为用也。,[]
穷通宝鉴,穷通宝鉴-0733,丁酉癸卯癸卯辛酉,癸,LIGHT,REN-CAIGUAN|SHISHI-BURUO|LIGHT-ROOT|YIN-PARTY|ROOT-STRUCK|ROOT-GAN-PRIORITY|WANGCHONG-SHUAI|ZHONGGUA-2SIDE|JIRUO-WUGEN|GE-QUALITY|TIANGAN-XINGQING|YONGSHEN-STRUCTURE|YONGSHEN-FINAL|ZHONG-HE,徐乐吾曰：此为明穆宗隆庆命，有印比生助，帝皇之位，专恃荫庇，胎元甲午，食神生财为用，运行西北，毫无作为，一生享荫庇福而已。,[]
穷通宝鉴,穷通宝鉴-0734,辛巳辛卯癸丑乙卯,癸,LIGHT,REN-CAIGUAN|SHISHI-BURUO|XIEQI-TAIZHONG|LIGHT-ROOT|YIN-PARTY|ROOT-GAN-PRIORITY|SHI-GUI-LU|ZHONGGUA-2SIDE|JIRUO-WUGEN|JISHUAI-CONGSHENG|SHIYONG-YUELING-XIANGFU|GE-QING|GE-QUALITY|TIANGAN-XINGQING|YONGSHEN-STRUCTURE|YONGSHEN-FINAL|ZHONG-HE,徐乐吾曰：章士钊命光绪七年二月廿一日卯时。丑宫己辛，煞印相生，辛透丙藏，位至教育总长。,[]
穷通宝鉴,穷通宝鉴-0735,戊子乙卯癸未庚申,癸,HEAVY,REN-CAIGUAN|SHISHI-BURUO|XIEQI-TAIZHONG|HEAVY-ROOT|YIN-PARTY|ROOT-STRUCK|ROOT-GAN-PRIORITY|ZHONGGUA-2SIDE|RI-BEI-HE|JIRUO-WUGEN|JIWANG-HUAIJI|JISHUAI-CONGSHENG|GE-QUALITY|SHI-ZHU-JI|TIANGAN-XINGQING|YONGSHEN-STRUCTURE|YONGSHEN-FINAL|ZHONG-HE,徐乐吾曰：石某命，光绪十四年二月初一日申时。时逢庚申，癸水反弱为旺，月令乙卯，见庚输情相合，专用未中丁火，破庚金印，生己土煞，戊土虚浮，又为旺木所伤，用煞不用官，故为武贵。年时遥合，自幼游历欧美十七邦，归国授军少将。白话译文二月的癸水（天干中阴性水，代表柔弱之水）处于衰死之地，正值乙木（阴性木）当令，木气旺盛，不断泄耗水的元气，因此命局需要借助庚金（阳性金）来制约木气、滋养水源，辛金（阴性金）次之,[]
穷通宝鉴,穷通宝鉴-0736,辛卯壬辰癸未丙辰,癸,LIGHT,REN-CAIGUAN|SHISHI-BURUO|LIGHT-ROOT|BIJIE-PARTY|ROOT-STRUCK|ROOT-GAN-PRIORITY|SHI-GUI-LU|ZHONGGUA-2SIDE|JIRUO-WUGEN|SHIYONG-YUELING-XIANGFU|GE-QUALITY|SHI-ZHU-JI|TIANGAN-XINGQING|YONGSHEN-STRUCTURE|YONGSHEN-FINAL|ZHONG-HE,，生上半月，专用丙，故作朝廷卿士；若生下半月，丙虽不可少，然必须庚金蓄源，又须无伤，方主富贵。上半月，木妻火子。徐乐吾曰：凡生四季月，皆有上下半月之分，须察气之进退，以论休咎。三月癸水墓地，丙火进气，更为显著耳，上半月火气未炽，辰中癸水，回光反照，犹有余气，更见辛金生之，可用丙火，名阴阳和谐，下半月土旺秉令，虽见丙火，宜用庚金发水原。如辛卯一造，生上半月，用丙火；生下半月，须用辛金，此其例也。又防,['身旺']
穷通宝鉴,穷通宝鉴-0737,丁酉甲辰癸亥辛酉,癸,HEAVY,REN-CAIGUAN|SHISHI-BURUO|XIEQI-TAIZHONG|HEAVY-ROOT|YIN-PARTY|ROOT-GAN-PRIORITY|ZHONGGUA-2SIDE|JIWANG-HUAIJI|JISHUAI-CONGSHENG|GE-QUALITY|CAI-RUO-SHEN-QIANG|TIANGAN-XINGQING|YONGSHEN-STRUCTURE|YONGSHEN-FINAL|ZHONG-HE,用辛无丙，辛金得所，幸人。徐乐吾曰：木火向旺，故用辛金，喜无丙火合辛。,[]
穷通宝鉴,穷通宝鉴-0738,丙寅壬辰癸巳甲寅,癸,LIGHT,REN-CAIGUAN|SHISHI-BURUO|XIEQI-TAIZHONG|LIGHT-ROOT|BIJIE-PARTY|ROOT-GAN-PRIORITY|ZHONGGUA-2SIDE|JIRUO-WUGEN|JISHUAI-CONGSHENG|SHIYONG-YUELING-XIANGFU|GE-QUALITY|SHI-ZHU-JI|TIANGAN-XINGQING|YONGSHEN-STRUCTURE|YONGSHEN-FINAL|ZHONG-HE,此造二人同庚，一生上半月，年老，位至总督，一生下半月，年少，多困厄刑克，后中武举。徐乐吾曰：壬癸并透，与壬水同论，生上半月，水有墓库余气，巳宫丙戊，得禄逢贵，运至西方，制住甲木伤官，煞印相生，大贵奚疑。生下半月，土旺用事，水无余气，戊土暗旺，晦丙塞壬，交进西方，方免困厄，得中武举，《滴天髓》云：进兮退兮宜抑扬。二人不同之点，即在节气进退之间也。,[]
穷通宝鉴,穷通宝鉴-0739,戊午丙辰癸丑辛酉,癸,LIGHT,REN-CAIGUAN|SHISHI-BURUO|LIGHT-ROOT|YIN-PARTY|ROOT-STRUCK|ROOT-GAN-PRIORITY|ZHONGGUA-2SIDE|RI-BEI-HE|JIRUO-WUGEN|GE-QUALITY|TIANGAN-XINGQING|YONGSHEN-STRUCTURE|YONGSHEN-FINAL|ZHONG-HE,生下半月，出将入相。徐乐吾曰：生下半月，火土进气，专用辛金。,[]
穷通宝鉴,穷通宝鉴-0740,丙寅壬辰癸丑丙辰,癸,LIGHT,REN-CAIGUAN|SHISHI-BURUO|LIGHT-ROOT|BIJIE-PARTY|ROOT-STRUCK|ROOT-GAN-PRIORITY|SHI-GUI-LU|ZHONGGUA-2SIDE|JIRUO-WUGEN|SHIYONG-YUELING-XIANGFU|GE-QUALITY|SHI-ZHU-JI|TIANGAN-XINGQING|YONGSHEN-STRUCTURE|YONGSHEN-FINAL|ZHONG-HE,丙透，财资杀格，驸马。徐乐吾曰：辰丑皆湿土，丑宫土金，煞印相生，专用丙火财星，财不伤印，因妻致贵。,[]
穷通宝鉴,穷通宝鉴-0741,丁卯甲辰癸亥辛酉,癸,HEAVY,REN-CAIGUAN|SHISHI-BURUO|XIEQI-TAIZHONG|HEAVY-ROOT|YIN-PARTY|ROOT-STRUCK|ROOT-GAN-PRIORITY|ZHONGGUA-2SIDE|JIRUO-WUGEN|JIWANG-HUAIJI|JISHUAI-CONGSHENG|GE-QUALITY|CAI-RUO-SHEN-QIANG|TIANGAN-XINGQING|YONGSHEN-STRUCTURE|YONGSHEN-FINAL|ZHONG-HE,无丙用辛而显达，盖辛金得禄，可以佐癸故也。徐乐吾曰：此造无丙用辛而显达，以其生下半月，丙火进气，支会亥卯，干透甲丁，不能不用印也。,[]
穷通宝鉴,穷通宝鉴-0742,己酉戊辰癸酉丙辰,癸,LIGHT,REN-CAIGUAN|LIGHT-ROOT|ROOT-STRUCK|ROOT-GAN-PRIORITY|SHI-GUI-LU|ZHONGGUA-2SIDE|RI-BEI-HE|JIRUO-WUGEN|SHIYONG-YUELING-XIANGFU|GE-QUALITY|SHI-ZHU-JI|TIANGAN-XINGQING|YONGSHEN-STRUCTURE|YONGSHEN-FINAL|ZHONG-HE,先贫后富，万金。徐乐吾曰：戊癸相合，时透丙辰，必然化火，支见辰酉合金，为化气之财，故富有万金，化神喜行旺地，惜原命火不生旺，运程又行北方，故富而非贵。,[]
穷通宝鉴,穷通宝鉴-0743,戊辰丙辰癸丑壬子,癸,HEAVY,REN-CAIGUAN|SHISHI-BURUO|BIJIE-PARTY|ROOT-STRUCK|ROOT-GAN-PRIORITY|SHI-GUI-LU|ZHONGGUA-2SIDE|RI-BEI-HE|JIRUO-WUGEN|JIWANG-HUAIJI|SHIYONG-YUELING-XIANGFU|GE-QUALITY|CAI-RUO-SHEN-QIANG|TIANGAN-XINGQING|YONGSHEN-STRUCTURE|YONGSHEN-FINAL|ZHONG-HE,"徐乐吾曰：刘琨命，嘉庆十三年三月十七日子时。财官两旺，喜时逢壬子，丑宫辛金，吉神暗藏，运至庚申、辛酉，煞印相生，身旺能任财官，官至巡抚。白话译文三月的癸水（天干第十位，属阴水），需先辨别清明与谷雨两个节气的分界。清明之后、谷雨之前，火气尚未炽盛，癸水尚存辰中余气，此时宜专用丙火（阳火）来调候，称为""阴阳承蔼""，即阴阳之气温和相融。谷雨之后，土旺秉令，虽仍需丙火，还应以辛金（阴金）辅佐，方能生发水源",['身旺']
穷通宝鉴,穷通宝鉴-0744,甲辰己巳癸酉辛酉,癸,LIGHT,REN-CAIGUAN|SHISHI-BURUO|XIEQI-TAIZHONG|LIGHT-ROOT|YIN-PARTY|ROOT-GAN-PRIORITY|ZHONGGUA-2SIDE|JIRUO-WUGEN|JISHUAI-CONGSHENG|GE-QUALITY|TIANGAN-XINGQING|YONGSHEN-STRUCTURE|YONGSHEN-FINAL|ZHONG-HE,辛透癸藏，身强煞旺，方伯。,['身强']
穷通宝鉴,穷通宝鉴-0745,甲寅己巳癸巳癸亥,癸,HEAVY,REN-CAIGUAN|SHISHI-BURUO|XIEQI-TAIZHONG|HEAVY-ROOT|BIJIE-PARTY|ROOT-STRUCK|ROOT-GAN-PRIORITY|WANGCHONG-SHUAI|SHI-GUI-LU|ZHONGGUA-2SIDE|JIRUO-WUGEN|JISHUAI-CONGSHENG|GE-QUALITY|TIANGAN-XINGQING|YONGSHEN-STRUCTURE|YONGSHEN-FINAL|ZHONG-HE,财旺生官，行北方运，拜相封侯。徐乐吾曰：以上三造，胎元庚申，支见巳酉会局，亥宫壬水破丙，甲木破戊，虽是财旺生煞格局，所用全在印劫，倘无金水为助，不能任财煞，则财煞反为克身之物耳。,[]
穷通宝鉴,穷通宝鉴-0746,庚子辛巳癸酉辛酉,癸,HEAVY,REN-CAIGUAN|SHISHI-BURUO|HEAVY-ROOT|YIN-PARTY|ROOT-STRUCK|ROOT-GAN-PRIORITY|ZHONGGUA-2SIDE|JIRUO-WUGEN|GE-QUALITY|TIANGAN-XINGQING|YONGSHEN-STRUCTURE|YONGSHEN-FINAL|ZHONG-HE,徐乐吾曰：明成祖（永乐）造，劫印化晋格，庚辛并透，支会金局，癸水转弱为强，反用巳宫丙戊，交丙戌丁火土运，逐登帝位。,[]
穷通宝鉴,穷通宝鉴-0747,丁巳乙巳癸丑丙辰,癸,LIGHT,REN-CAIGUAN|XIEQI-TAIZHONG|LIGHT-ROOT|ROOT-STRUCK|ROOT-GAN-PRIORITY|SHI-GUI-LU|ZHONGGUA-2SIDE|JIRUO-WUGEN|JISHUAI-CONGSHENG|SHIYONG-YUELING-XIANGFU|GE-QING|GE-QUALITY|SHI-ZHU-JI|TIANGAN-XINGQING|YONGSHEN-STRUCTURE|YONGSHEN-FINAL|ZHONG-HE,徐乐吾曰：陈某龙命，咸丰七年五月初三日辰时。巳丑会局，湿土润金，庚金有气，即可为癸水之源，此与己土混壬格相似。吉神暗藏坐下，癸水绝处逢生，运行金水，位至北洋总督，富贵福寿之命。,[]
穷通宝鉴,穷通宝鉴-0748,甲申己巳癸亥癸亥,癸,HEAVY,REN-CAIGUAN|SHISHI-BURUO|XIEQI-TAIZHONG|HEAVY-ROOT|BIJIE-PARTY|ROOT-STRUCK|ROOT-GAN-PRIORITY|WANGCHONG-SHUAI|SHI-GUI-LU|ZHONGGUA-2SIDE|JIRUO-WUGEN|JISHUAI-CONGSHENG|GE-QUALITY|TIANGAN-XINGQING|YONGSHEN-STRUCTURE|YONGSHEN-FINAL|ZHONG-HE,徐乐吾曰：谢鸿勋命，光绪十年四月十九日亥时。庚壬俱藏而得地，运行西方，位至师长。,[]
穷通宝鉴,穷通宝鉴-0749,庚寅辛巳癸丑壬子,癸,HEAVY,REN-CAIGUAN|SHISHI-BURUO|HEAVY-ROOT|YIN-PARTY|BIJIE-PARTY|ROOT-GAN-PRIORITY|SHI-GUI-LU|ZHONGGUA-2SIDE|GE-QUALITY|TIANGAN-XINGQING|YONGSHEN-STRUCTURE|YONGSHEN-FINAL|ZHONG-HE,徐乐吾曰：邵元冲命，光绪十六年四月十四日子时。庚辛壬透，支聚子丑，惜年命逢寅，劫印化晋不纯，亦以巳宫丙戊为用，位至陕西省主席。白话译文四月（巳月）的癸水，处于火土最旺之时，自身极为衰弱，如同涸泽之水，最需要辛金来生扶。若无辛金，庚金也可代用，但庚金属阳、癸水属阴，阳生阴稍显不自然，终究不如辛金顺畅。若辛金透于天干，四柱又无丁火来克制它，再加上壬水透干相助，此命可达富贵顶级。若丁火藏于地支破坏格局，,['衰弱']
穷通宝鉴,穷通宝鉴-0750,庚辰壬午癸丑乙卯,癸,LIGHT,REN-CAIGUAN|SHISHI-BURUO|XIEQI-TAIZHONG|LIGHT-ROOT|YIN-PARTY|BIJIE-PARTY|ROOT-STRUCK|ROOT-GAN-PRIORITY|SHI-GUI-LU|ZHONGGUA-2SIDE|JIRUO-WUGEN|JISHUAI-CONGSHENG|GE-QUALITY|TIANGAN-XINGQING|YONGSHEN-STRUCTURE|YONGSHEN-FINAL|ZHONG-HE,徐乐吾曰：丁葆桢命，嘉庆廿五年四月廿八日卯时。日坐丑宫，煞印相生，胎元癸酉，更得庚壬出干，官至总督，卒谥文诚。,[]
穷通宝鉴,穷通宝鉴-0751,癸巳戊午癸亥丁巳,癸,HEAVY,REN-CAIGUAN|SHISHI-BURUO|HEAVY-ROOT|BIJIE-PARTY|ROOT-STRUCK|ROOT-GAN-PRIORITY|WANGCHONG-SHUAI|HE-HUASHEN-DESHI|ZHONGGUA-2SIDE|RI-BEI-HE|JIRUO-WUGEN|GE-QUALITY|SHI-ZHU-JI|TIANGAN-XINGQING|YONGSHEN-STRUCTURE|YONGSHEN-FINAL|ZHONG-HE,徐乐吾曰：蒋益澧命，道光十三年四月廿三日巳时。日坐亥宫，胎元己酉，专用印劫，位至巡抚。,[]
穷通宝鉴,穷通宝鉴-0752,庚辰壬午癸巳癸亥,癸,HEAVY,REN-CAIGUAN|SHISHI-BURUO|HEAVY-ROOT|YIN-PARTY|BIJIE-PARTY|ROOT-STRUCK|ROOT-GAN-PRIORITY|WANGCHONG-SHUAI|SHI-GUI-LU|ZHONGGUA-2SIDE|JIRUO-WUGEN|GE-QUALITY|TIANGAN-XINGQING|YONGSHEN-STRUCTURE|YONGSHEN-FINAL|ZHONG-HE,徐乐吾曰：倪道粮命，光绪六年五月廿六日亥时。庚金壬癸出干，金水旺，用午宫丁己，惜巳午并见，官煞混杂，上承阀阅，位至省长。,[]
穷通宝鉴,穷通宝鉴-0753,癸巳戊午癸巳壬子,癸,HEAVY,REN-CAIGUAN|SHISHI-BURUO|HEAVY-ROOT|BIJIE-PARTY|ROOT-STRUCK|ROOT-GAN-PRIORITY|WANGCHONG-SHUAI|HE-HUASHEN-DESHI|SHI-GUI-LU|ZHONGGUA-2SIDE|RI-BEI-HE|JIRUO-WUGEN|GE-QUALITY|TIANGAN-XINGQING|YONGSHEN-STRUCTURE|YONGSHEN-FINAL|ZHONG-HE,徐乐吾曰：常之英命，光绪十九年五月十二日子时。专用壬水为救。年月戊癸暗化为财，午宫丁己，巳宫丙戊，官煞混杂，虽有禄位而不清，财煞太旺，无印，只能取劫为用也。,[]
穷通宝鉴,穷通宝鉴-0754,壬辰丙午癸巳甲寅,癸,LIGHT,REN-CAIGUAN|SHISHI-BURUO|XIEQI-TAIZHONG|LIGHT-ROOT|BIJIE-PARTY|ROOT-GAN-PRIORITY|ZHONGGUA-2SIDE|JIRUO-WUGEN|JISHUAI-CONGSHENG|GE-QUALITY|SHI-ZHU-JI|TIANGAN-XINGQING|YONGSHEN-STRUCTURE|YONGSHEN-FINAL|ZHONG-HE,徐乐吾曰：刘峙命，光绪十八年六月初七日寅时。胎元丁酉，干见壬辰，专取印劫为救，位至省主席。一说：系六月初六日生，为,[]
穷通宝鉴,穷通宝鉴-0755,壬辰丙午壬辰壬寅,壬,LIGHT,REN-CAIGUAN|SHISHI-BURUO|LIGHT-ROOT|BIJIE-PARTY|ROOT-STRUCK|ROOT-GAN-PRIORITY|ZHONGGUA-2SIDE|JIRUO-WUGEN|GE-QUALITY|SHI-ZHU-JI|YONGSHEN-STRUCTURE|YONGSHEN-FINAL|ZHONG-HE,未知孰是。白话译文五月（午月）癸水极度衰弱，须庚辛金（印星：金生水，为癸水之生身来源）扶持。然丁火（阴火）当权，金难敌火，印星独力不足，必须同时见壬癸水（比劫：与日主同类，相互援助）并出，庚辛的生水之功才能真正发挥。庚辛壬癸齐透天干，金水两旺，可出钟鼎名家、位列庙堂；地支会成水局，亦可金榜题名；若仅地支藏水而不透干，则富而不贵。若地支聚成火局而天干无壬水救援，癸水被熬竭，主孤苦遁世；若二壬一庚同透,['衰弱']
穷通宝鉴,穷通宝鉴-0756,乙酉癸未癸未庚申,癸,NONE,SHISHI-BURUO|XIEQI-TAIZHONG|YIN-PARTY|BIJIE-PARTY|ZHONGGUA-2SIDE|WUGEN-YOUFU|JISHUAI-CONGSHENG|GE-QING|GE-QUALITY|YUN-SHENG-ROOT|SHI-ZHU-JI|TIANGAN-XINGQING|YONGSHEN-STRUCTURE|YONGSHEN-FINAL|ZHONG-HE,下半月，庚辛得地，宰辅。徐乐吾曰：虽云下半月庚辛进气，究以时逢庚申，庚金得地，癸水通源，转弱为强，故能用未中财官，宜乎贵矣。,[]
穷通宝鉴,穷通宝鉴-0757,乙未癸未癸卯癸丑,癸,LIGHT,REN-CAIGUAN|SHISHI-BURUO|XIEQI-TAIZHONG|LIGHT-ROOT|BIJIE-PARTY|ROOT-STRUCK|ROOT-GAN-PRIORITY|SHI-GUI-LU|ZHONGGUA-2SIDE|JIRUO-WUGEN|JISHUAI-CONGSHENG|SHIYONG-YUELING-XIANGFU|GE-QUALITY|SHI-ZHU-JI|TIANGAN-XINGQING|YONGSHEN-STRUCTURE|YONGSHEN-FINAL|ZHONG-HE,生上半月，都司。徐乐吾曰：上造用在庚申，金水相生，此造用在癸丑，亦金水相生，唯格局有高低耳。,[]
穷通宝鉴,穷通宝鉴-0758,己未辛未癸未丙辰,癸,LIGHT,REN-CAIGUAN|LIGHT-ROOT|ROOT-GAN-PRIORITY|SHI-GUI-LU|ZHONGGUA-2SIDE|JIRUO-WUGEN|SHIYONG-YUELING-XIANGFU|GE-QING|GE-QUALITY|SHI-ZHU-JI|TIANGAN-XINGQING|YONGSHEN-STRUCTURE|YONGSHEN-FINAL|ZHONG-HE,生下半月，用辛，知州。徐乐吾曰：癸水虽通根辰库，究嫌其弱，以辛金化煞为用，辛金无酉，亦嫌不得地而力弱。年月己辛，煞印相生，惜不通根，丙辛隔位不合，故有百里之尊。三造比较，格局高低自见。,[]
穷通宝鉴,穷通宝鉴-0759,丙子乙未癸卯丁巳,癸,HEAVY,REN-CAIGUAN|XIEQI-TAIZHONG|HEAVY-ROOT|ROOT-STRUCK|ROOT-GAN-PRIORITY|ZHONGGUA-2SIDE|JIRUO-WUGEN|JISHUAI-CONGSHENG|GE-QUALITY|SHI-ZHU-JI|TIANGAN-XINGQING|YONGSHEN-STRUCTURE|YONGSHEN-FINAL|ZHONG-HE,徐乐吾曰：林长民命，光绪二年六月十四日巳时。癸水弱极，得年上子水为救，所恃者祖荫也。卯未会局透乙，伤官泄弱癸水之气，故绝顶聪明，文章名世。生在立秋前四日，金水进气，故有相当地位，至寅运，随郭松龄倒戈被杀。白话译文六月的癸水日主，需区分上下半月：上半月处于未月初，庚金、辛金尚未得气；下半月进入未月后段，庚辛逐渐有力。六月癸水推命常有不准的情况，原因在于：未土地支中藏有乙木（伤官），与己土（正官/七杀,"['身弱', '衰弱', '弱极']"
穷通宝鉴,穷通宝鉴-0760,丁酉戊申癸卯甲寅,癸,LIGHT,REN-CAIGUAN|XIEQI-TAIZHONG|LIGHT-ROOT|ROOT-STRUCK|ROOT-GAN-PRIORITY|WANGCHONG-SHUAI|ZHONGGUA-2SIDE|RI-BEI-HE|JIRUO-WUGEN|JISHUAI-CONGSHENG|SHIYONG-YUELING-XIANGFU|GE-QUALITY|SHI-ZHU-JI|TIANGAN-XINGQING|YONGSHEN-STRUCTURE|YONGSHEN-FINAL|ZHONG-HE,伤官生财格，丁甲两出，位至尚书。徐乐吾曰：戊甲官伤并透，用甲木制戊土以生丁火，去官用伤，不作官伤交差论。,[]
穷通宝鉴,穷通宝鉴-0761,戊午庚申癸未乙卯,癸,LIGHT,REN-CAIGUAN|SHISHI-BURUO|XIEQI-TAIZHONG|LIGHT-ROOT|YIN-PARTY|ROOT-STRUCK|ROOT-GAN-PRIORITY|HE-HUASHEN-DESHI|SHI-GUI-LU|ZHONGGUA-2SIDE|RI-BEI-HE|JIRUO-WUGEN|JISHUAI-CONGSHENG|GE-QING|GE-QUALITY|TIANGAN-XINGQING|YONGSHEN-STRUCTURE|YONGSHEN-FINAL|ZHONG-HE,丁火得位，家富万金，大富寿考，寿九十，卯运死。终富而不贵，子贵，三子皆衣衿。徐乐吾曰：食神生财格，天干土金水木，相生而不相碍，年日干支合，月时干支合，宜乎富贵寿考矣。丁火得位，家富万金，论征验看法也。终以亥卯会局，透乙，泄弱癸水元神，加以戊土出干，不能不用印劫，大运至卯，金绝水死而命终，可以见矣。,[]
穷通宝鉴,穷通宝鉴-0762,辛酉丙申癸酉辛酉,癸,NONE,SHISHI-BURUO|YIN-PARTY|ZHONGGUA-2SIDE|JIRUO-WUGEN|WUGEN-YOUFU|GE-QUALITY|YUN-SHENG-ROOT|TIANGAN-XINGQING|YONGSHEN-STRUCTURE|YONGSHEN-FINAL|ZHONG-HE,丙被辛合化水，身旺无制，为僧。徐乐吾曰：丙火被合去，身旺而无泄，即不为僧，亦无子嗣，气势寒冷，贫困之象也。,['身旺']
穷通宝鉴,穷通宝鉴-0763,乙未甲申癸未丁巳,癸,NONE,CAIDUO-SHENRUAN|XIEQI-TAIZHONG|ZHONGGUA-2SIDE|JIRUO-WUGEN|WUGEN-YOUFU|JISHUAI-CONGSHENG|SHIYONG-YUELING-XIANGFU|GE-QING|GE-QUALITY|YUN-SHENG-ROOT|SHI-ZHU-JI|TIANGAN-XINGQING|YONGSHEN-STRUCTURE|YONGSHEN-FINAL,财多身弱，富屋贫人。徐乐吾曰：食伤太多，泄弱癸水之气，反以月令庚金为用，大运逆行南方，财多身弱矣。,['身弱']
穷通宝鉴,穷通宝鉴-0764,壬申戊申癸亥癸亥,癸,HEAVY,REN-CAIGUAN|SHISHI-BURUO|HEAVY-ROOT|BIJIE-PARTY|ROOT-STRUCK|ROOT-GAN-PRIORITY|SHI-GUI-LU|ZHONGGUA-2SIDE|RI-BEI-HE|JIRUO-WUGEN|JIWANG-HUAIJI|SHIYONG-YUELING-XIANGFU|GE-QUALITY|CAI-RUO-SHEN-QIANG|TIANGAN-XINGQING|YONGSHEN-STRUCTURE|YONGSHEN-FINAL|ZHONG-HE,身旺无依，不作润下，孤贫，百岁不死。徐乐吾曰：戊土出干，不作润下，纵然元气无伤，唯寿永耳。,['身旺']
穷通宝鉴,穷通宝鉴-0765,癸酉庚申癸酉庚申,癸,NONE,SHISHI-BURUO|YIN-PARTY|BIJIE-PARTY|ZHONGGUA-2SIDE|WUGEN-YOUFU|SHIYONG-YUELING-XIANGFU|GE-QUALITY|YUN-SHENG-ROOT|SHI-ZHU-JI|TIANGAN-XINGQING|YONGSHEN-STRUCTURE|YONGSHEN-FINAL|ZHONG-HE,"用庚金，大富。徐乐吾曰：此是从格，书云：“独水三犯庚辛，号曰体全之象”，金为体，水为用，从革之变也。白话译文七月（申月）的癸水日主，正值庚金旺盛、癸水处于""相位""的时节。按照传统十二宫生旺死绝的推算，癸水在申宫为""死地""，但申宫内藏有庚金，庚金能生水，故称""绝处逢生""——弱水因得母气滋养而转强，即便大运行至西北金水之地，也不会真正衰竭。此月庚金当令，金气刚锐过盛，因此必须以丁火（财星）为用神，借火","['身旺', '弱极']"
穷通宝鉴,穷通宝鉴-0766,庚寅乙酉癸亥丙辰,癸,HEAVY,REN-CAIGUAN|SHISHI-BURUO|XIEQI-TAIZHONG|YIN-PARTY|ROOT-STRUCK|ROOT-GAN-PRIORITY|HE-HUASHEN-DESHI|SHI-GUI-LU|ZHONGGUA-2SIDE|JIRUO-WUGEN|JIWANG-HUAIJI|JISHUAI-CONGSHENG|GE-QING|GE-QUALITY|SHI-ZHU-JI|TIANGAN-XINGQING|YONGSHEN-STRUCTURE|YONGSHEN-FINAL|ZHONG-HE,乙庚化金以助辛，太守。徐乐吾曰：乙庚化金以助辛，寅亥会木以生丙，丙火以得长生，气势中和，取贵。,['中和']
穷通宝鉴,穷通宝鉴-0767,辛酉丁酉癸巳癸亥,癸,HEAVY,REN-CAIGUAN|SHISHI-BURUO|HEAVY-ROOT|YIN-PARTY|BIJIE-PARTY|ROOT-STRUCK|ROOT-GAN-PRIORITY|SHI-GUI-LU|ZHONGGUA-2SIDE|JIRUO-WUGEN|JIWANG-HUAIJI|GE-QUALITY|TIANGAN-XINGQING|YONGSHEN-STRUCTURE|YONGSHEN-FINAL|ZHONG-HE,金水多，丁透丙藏，四柱不杂，福寿绵长。徐乐吾曰：丁火财星为用，喜得丙火藏巳以助之。亥冲巳，丙火被制，力量不足，福寿而不贵。盖八月癸水之用丙，取其调候也。,[]
穷通宝鉴,穷通宝鉴-0768,癸卯辛酉癸巳丙辰,癸,LIGHT,REN-CAIGUAN|SHISHI-BURUO|LIGHT-ROOT|YIN-PARTY|BIJIE-PARTY|ROOT-STRUCK|ROOT-GAN-PRIORITY|WANGCHONG-SHUAI|SHI-GUI-LU|ZHONGGUA-2SIDE|JIRUO-WUGEN|GE-QUALITY|SHI-ZHU-JI|TIANGAN-XINGQING|YONGSHEN-STRUCTURE|YONGSHEN-FINAL|ZHONG-HE,孙世忠，怀宁侯命造。徐乐吾曰：酉金为用，丙火为佐，金温水暖，以清灵取贵。,[]
穷通宝鉴,穷通宝鉴-0769,丁巳己酉癸卯丁巳,癸,LIGHT,REN-CAIGUAN|LIGHT-ROOT|ROOT-STRUCK|ROOT-GAN-PRIORITY|WANGCHONG-SHUAI|ZHONGGUA-2SIDE|JIRUO-WUGEN|GE-QUALITY|SHI-ZHU-JI|TIANGAN-XINGQING|YONGSHEN-STRUCTURE|YONGSHEN-FINAL|ZHONG-HE,徐乐吾曰：杨善德命，咸丰七年七月廿四日巳时。财官太旺，专用酉金，行辰癸运，位至浙江督军。,[]
穷通宝鉴,穷通宝鉴-0770,癸酉辛酉癸巳丙辰,癸,LIGHT,REN-CAIGUAN|SHISHI-BURUO|LIGHT-ROOT|YIN-PARTY|BIJIE-PARTY|ROOT-GAN-PRIORITY|SHI-GUI-LU|ZHONGGUA-2SIDE|JIRUO-WUGEN|GE-QUALITY|SHI-ZHU-JI|TIANGAN-XINGQING|YONGSHEN-STRUCTURE|YONGSHEN-FINAL|ZHONG-HE,徐乐吾曰：陈光远命，同治十二年八月十七日辰时。生于寒露节前二时，专用巳宫丙火，位至江西督军。,[]
穷通宝鉴,穷通宝鉴-0771,庚辰乙酉癸卯庚申,癸,LIGHT,REN-CAIGUAN|SHISHI-BURUO|XIEQI-TAIZHONG|LIGHT-ROOT|YIN-PARTY|ROOT-STRUCK|ROOT-GAN-PRIORITY|WANGCHONG-SHUAI|HE-HUASHEN-DESHI|ZHONGGUA-2SIDE|JIRUO-WUGEN|JISHUAI-CONGSHENG|GE-QUALITY|SHI-ZHU-JI|TIANGAN-XINGQING|YONGSHEN-STRUCTURE|YONGSHEN-FINAL|ZHONG-HE,徐乐吾曰：孔祥熙命，光绪六年八月初七日申时。水浅金多，号曰体全之象，喜乙庚卯申合，满盘皆金，金为体，水为用，位至行政院长。,[]
穷通宝鉴,穷通宝鉴-0772,庚辰乙酉癸亥癸丑,癸,HEAVY,REN-CAIGUAN|SHISHI-BURUO|XIEQI-TAIZHONG|YIN-PARTY|BIJIE-PARTY|ROOT-STRUCK|ROOT-GAN-PRIORITY|HE-HUASHEN-DESHI|SHI-GUI-LU|ZHONGGUA-2SIDE|JIRUO-WUGEN|JIWANG-HUAIJI|JISHUAI-CONGSHENG|SHIYONG-YUELING-XIANGFU|GE-QING|GE-QUALITY|CAI-RUO-SHEN-QIANG|SHI-ZHU-JI|TIANGAN-XINGQING|YONGSHEN-STRUCTURE|YONGSHEN-FINAL|ZHONG-HE,"徐乐吾曰：戴勘命，光绪六年八月廿七日丑时。金多水旺，二人同心，运行北方，位至四川督军。白话译文八月（酉月）的癸水日主，正值辛金当令。辛金性质精纯虚灵，与粗重的庚金截然不同，所谓""金白水清""，精纯之金所生之水自然清澈。因此，八月癸水以辛金为核心用神，再以丙火从旁辅佐，使水得温暖、金不至过寒，此即""水暖金温""之格。若丙火与辛金同时透出天干，且两者之间须有其他干位相隔（避免丙辛直接相合而化为水，导致双双",[]
穷通宝鉴,穷通宝鉴-0773,癸亥壬戌癸卯甲寅,癸,HEAVY,REN-CAIGUAN|SHISHI-BURUO|XIEQI-TAIZHONG|HEAVY-ROOT|BIJIE-PARTY|ROOT-STRUCK|ROOT-GAN-PRIORITY|ZHONGGUA-2SIDE|JIRUO-WUGEN|JISHUAI-CONGSHENG|SHIYONG-YUELING-XIANGFU|GE-QING|GE-QUALITY|SHI-ZHU-JI|TIANGAN-XINGQING|YONGSHEN-STRUCTURE|YONGSHEN-FINAL|ZHONG-HE,食神生财格，总督。徐乐吾曰：年逢癸亥，日元得助，癸水通根，弱中转旺也。甲木出干，制戌宫戊土而生丙火，食神生财为用。显而易见，格局纯粹，亥戌寅卯，东西对峙，中夹子丑，可与下徐世昌命参看。,[]
穷通宝鉴,穷通宝鉴-0774,壬辰庚戌癸丑癸亥,癸,HEAVY,REN-CAIGUAN|SHISHI-BURUO|HEAVY-ROOT|YIN-PARTY|BIJIE-PARTY|ROOT-STRUCK|ROOT-GAN-PRIORITY|SHI-GUI-LU|ZHONGGUA-2SIDE|JIRUO-WUGEN|GE-QUALITY|TIANGAN-XINGQING|YONGSHEN-STRUCTURE|YONGSHEN-FINAL|ZHONG-HE,甲辛俱无，为人奴仆。徐乐吾曰：戌土之气，泄于庚金，壬水出干，而无戊制，身旺无依，且戌为财库，逢辰冲开，壬癸杂出，虽冲开亦被劫矣。下等人造，大都此类。如云杂气财官，则辰戌冲，丑戌刑，财官均无可用也。俗以杂气见冲为贵者，阅此亦可以悟矣。,['身旺']
穷通宝鉴,穷通宝鉴-0775,甲戌甲戌癸卯甲寅,癸,LIGHT,REN-CAIGUAN|XIEQI-TAIZHONG|LIGHT-ROOT|ROOT-GAN-PRIORITY|ZHONGGUA-2SIDE|JIRUO-WUGEN|JISHUAI-CONGSHENG|SHIYONG-YUELING-XIANGFU|GE-QING|GE-QUALITY|SHI-ZHU-JI|TIANGAN-XINGQING|YONGSHEN-STRUCTURE|YONGSHEN-FINAL|ZHONG-HE,制伏得宜，侍郎。徐乐吾曰：此造地支两戌寅卯，时拱亥子丑北方，虚神得用，勿谓癸水无根，甲多破土，故云制伏得宜。,[]
穷通宝鉴,穷通宝鉴-0776,辛丑戊戌癸亥壬子,癸,HEAVY,REN-CAIGUAN|SHISHI-BURUO|YIN-PARTY|BIJIE-PARTY|ROOT-GAN-PRIORITY|SHI-GUI-LU|ZHONGGUA-2SIDE|RI-BEI-HE|JIRUO-WUGEN|GE-QING|GE-QUALITY|TIANGAN-XINGQING|YONGSHEN-STRUCTURE|YONGSHEN-FINAL|ZHONG-HE,辛金出干，亥甲子癸得地，翰林。徐乐吾曰：此造壬水出干，癸水倚壬，柱见辛金亥子丑，弱中转旺，专用戊土，运行南方而贵，与李廷肃命参看。,[]
穷通宝鉴,穷通宝鉴-0777,辛卯戊戌癸亥癸亥,癸,HEAVY,REN-CAIGUAN|SHISHI-BURUO|HEAVY-ROOT|YIN-PARTY|BIJIE-PARTY|ROOT-STRUCK|ROOT-GAN-PRIORITY|SHI-GUI-LU|ZHONGGUA-2SIDE|RI-BEI-HE|JIRUO-WUGEN|GE-QUALITY|TIANGAN-XINGQING|YONGSHEN-STRUCTURE|YONGSHEN-FINAL|ZHONG-HE,徐乐吾曰：李廷肃命，道光十一年九月十四日亥时。辛癸并透，亥宫甲木破戊，癸水临亥旺地，行南方火土之乡，由江宁知府存升甘肃巡抚，护理陕甘总督。,[]
穷通宝鉴,穷通宝鉴-0778,戊申壬戌癸巳甲寅,癸,NONE,SHISHI-BURUO|SHAZHONG-SHENQING|XIEQI-TAIZHONG|BIJIE-PARTY|ZHONGGUA-2SIDE|RI-BEI-HE|WUGEN-YOUFU|JISHUAI-CONGSHENG|SHIYONG-YUELING-XIANGFU|GE-QUALITY|YUN-SHENG-ROOT|SHI-ZHU-JI|TIANGAN-XINGQING|YONGSHEN-STRUCTURE|YONGSHEN-FINAL|ZHONG-HE,徐乐吾曰：陈宝琛命，道光廿八年九月廿三日寅时。癸水见壬并透，当以壬水论，长生于申，甲戊并透，七煞有制，喜行木火之乡。科甲出身，历任显职，以文学著，清亡，为宣统师傅。,[]
穷通宝鉴,穷通宝鉴-0779,乙卯丙戌癸酉丙辰,癸,LIGHT,REN-CAIGUAN|XIEQI-TAIZHONG|LIGHT-ROOT|ROOT-STRUCK|ROOT-GAN-PRIORITY|SHI-GUI-LU|ZHONGGUA-2SIDE|JIRUO-WUGEN|JISHUAI-CONGSHENG|SHIYONG-YUELING-XIANGFU|GE-QUALITY|SHI-ZHU-JI|TIANGAN-XINGQING|YONGSHEN-STRUCTURE|YONGSHEN-FINAL|ZHONG-HE,徐乐吾曰：徐世昌命，咸丰五年九月十三日辰时。食神生财格佩印，喜辰酉卯戌两合，卯辰东方，酉戌西方，东西对峙，为大方面夹拱，科甲出身，历任山东省总督，内阁总理，位至总统。己卯年，日犯岁君，卒于五月，寿八十五。,[]
穷通宝鉴,穷通宝鉴-0780,庚辰丙戌癸未丁巳,癸,LIGHT,REN-CAIGUAN|SHISHI-BURUO|LIGHT-ROOT|YIN-PARTY|ROOT-STRUCK|ROOT-GAN-PRIORITY|ZHONGGUA-2SIDE|JIRUO-WUGEN|SHIYONG-YUELING-XIANGFU|GE-QUALITY|SHI-ZHU-JI|TIANGAN-XINGQING|YONGSHEN-STRUCTURE|YONGSHEN-FINAL|ZHONG-HE,徐乐吾曰：陈其采命，光绪六年九月十八日巳时。巳未夹午，财旺成方，专用庚金，贵为财政部长。白话译文九月（戌月）出生的癸水日主，正值土旺当令，癸水本身力弱无根，戊土（正官）克制过度，因此首要用神是辛金——辛金能生发癸水之源；其次需要甲木来制衡旺土，同时还需要癸水比肩（同类）来滋养甲木、使其有力克土，三者协同才能成就格局。格局优劣有层次：辛、甲均透天干，地支又见子、癸补水，仕途最为顺遂；癸、甲并透而辛藏,[]
穷通宝鉴,穷通宝鉴-0781,壬寅辛亥癸亥壬子,癸,HEAVY,REN-CAIGUAN|HEAVY-ROOT|BIJIE-PARTY|ROOT-STRUCK|ROOT-GAN-PRIORITY|SHI-GUI-LU|ZHONGGUA-2SIDE|JIRUO-WUGEN|JIWANG-HUAIJI|GE-QUALITY|TIANGAN-XINGQING|YONGSHEN-STRUCTURE|YONGSHEN-FINAL|ZHONG-HE,骨肉冷落，无丙丁故也，虽飞天禄马，仅利三考，若无丙，是下格。徐乐吾曰：喜寅宫丙火，运行东南为美。,[]
穷通宝鉴,穷通宝鉴-0782,壬申辛亥癸亥壬子,癸,HEAVY,REN-CAIGUAN|HEAVY-ROOT|YIN-PARTY|BIJIE-PARTY|ROOT-STRUCK|ROOT-GAN-PRIORITY|SHI-GUI-LU|ZHONGGUA-2SIDE|JIRUO-WUGEN|JIWANG-HUAIJI|GE-QUALITY|CAI-RUO-SHEN-QIANG|TIANGAN-XINGQING|YONGSHEN-STRUCTURE|YONGSHEN-FINAL|ZHONG-HE,飞天禄马格，进士，官至郎中。,[]
穷通宝鉴,穷通宝鉴-0783,壬辰辛亥癸亥癸亥,癸,HEAVY,REN-CAIGUAN|HEAVY-ROOT|BIJIE-PARTY|ROOT-STRUCK|ROOT-GAN-PRIORITY|SHI-GUI-LU|ZHONGGUA-2SIDE|JIRUO-WUGEN|JIWANG-HUAIJI|SHIYONG-YUELING-XIANGFU|GE-QUALITY|CAI-RUO-SHEN-QIANG|TIANGAN-XINGQING|YONGSHEN-STRUCTURE|YONGSHEN-FINAL|ZHONG-HE,，亦飞天禄马格，运行东南运为贵。,[]
穷通宝鉴,穷通宝鉴-0784,癸卯癸亥癸丑癸亥,癸,HEAVY,REN-CAIGUAN|HEAVY-ROOT|BIJIE-PARTY|ROOT-STRUCK|ROOT-GAN-PRIORITY|SHI-GUI-LU|ZHONGGUA-2SIDE|JIRUO-WUGEN|JIWANG-HUAIJI|SHIYONG-YUELING-XIANGFU|GE-QUALITY|CAI-RUO-SHEN-QIANG|TIANGAN-XINGQING|YONGSHEN-STRUCTURE|YONGSHEN-FINAL|ZHONG-HE,天元一气格，惜无火土，生上半月小贵，骨肉冷淡，下半月大贵。徐乐吾曰：此造亥卯会局，胎元甲寅，水木纯粹为贵。局无火土，运行庚申、辛酉，金水寒冷，且日元癸丑，亦为沟渠之水也。生下半月，水旺喜泄，故大贵也。,[]
穷通宝鉴,穷通宝鉴-0785,辛酉己亥癸丑癸亥,癸,HEAVY,REN-CAIGUAN|DESHI-BUWANG|HEAVY-ROOT|YIN-PARTY|BIJIE-PARTY|ROOT-STRUCK|ROOT-GAN-PRIORITY|SHI-GUI-LU|ZHONGGUA-2SIDE|JIRUO-WUGEN|JIWANG-HUAIJI|SHIYONG-YUELING-XIANGFU|GE-QUALITY|CAI-RUO-SHEN-QIANG|TIANGAN-XINGQING|YONGSHEN-STRUCTURE|YONGSHEN-FINAL|ZHONG-HE,四柱纯阴，僧道。徐乐吾曰：此造己土出干，不足以止水，徒混浊耳。,[]
穷通宝鉴,穷通宝鉴-0786,己未乙亥癸亥丙辰,癸,HEAVY,REN-CAIGUAN|DESHI-BUWANG|XIEQI-TAIZHONG|HEAVY-ROOT|ROOT-STRUCK|ROOT-GAN-PRIORITY|SHI-GUI-LU|ZHONGGUA-2SIDE|JIRUO-WUGEN|JIWANG-HUAIJI|GE-QUALITY|WANGJI-SIWO-SHENG|SHI-ZHU-JI|TIANGAN-XINGQING|YONGSHEN-STRUCTURE|YONGSHEN-FINAL|ZHONG-HE,徐乐吾曰：汪大燮命，咸丰九年十月廿七日辰时。亥未会局，透乙而见丙火，为食神生财格，运行西方生旺，位至外交部长。,[]
穷通宝鉴,穷通宝鉴-0787,壬申辛亥癸亥丙辰,癸,HEAVY,REN-CAIGUAN|HEAVY-ROOT|YIN-PARTY|BIJIE-PARTY|ROOT-STRUCK|ROOT-GAN-PRIORITY|HE-HUASHEN-DESHI|SHI-GUI-LU|ZHONGGUA-2SIDE|JIRUO-WUGEN|JIWANG-HUAIJI|GE-QUALITY|CAI-RUO-SHEN-QIANG|SHI-ZHU-JI|TIANGAN-XINGQING|YONGSHEN-STRUCTURE|YONGSHEN-FINAL|ZHONG-HE,徐乐吾曰：朱桂辛命，同治十一年十月十二日辰时。印透身旺而见财星，位至内政部长。,['身旺']
穷通宝鉴,穷通宝鉴-0788,己丑乙亥癸巳庚申,癸,HEAVY,REN-CAIGUAN|DESHI-BUWANG|XIEQI-TAIZHONG|HEAVY-ROOT|YIN-PARTY|ROOT-STRUCK|ROOT-GAN-PRIORITY|WANGCHONG-SHUAI|ZHONGGUA-2SIDE|JIRUO-WUGEN|JIWANG-HUAIJI|SHIYONG-YUELING-XIANGFU|GE-QUALITY|WANGJI-SIWO-SHENG|SHI-ZHU-JI|TIANGAN-XINGQING|YONGSHEN-STRUCTURE|YONGSHEN-FINAL|ZHONG-HE,徐乐吾曰：张嘉敖命，光绪十五年十月廿一日申时。丙火藏巳，时逢庚申，身旺任财，位至内政部长。白话译文十月（亥月）的癸水，表面处于旺盛之地，实则旺中含弱。原因在于亥宫中暗藏甲木，木能持续泄散水的元气，使癸水虽居禄位却暗自亏虚。调候上宜用庚金或辛金，以金生水来弥补这种内耗。若庚辛两透天干，又无丁火克损，格局主科甲功名、富贵双全。若地支会成木局、天干透出丁火，木旺火相克制庚辛，金无力生水，则多主清贫；若无,"['身旺', '身弱']"
穷通宝鉴,穷通宝鉴-0789,丙子庚子癸未壬子,癸,HEAVY,REN-CAIGUAN|DESHI-BUWANG|HEAVY-ROOT|BIJIE-PARTY|ROOT-STRUCK|ROOT-GAN-PRIORITY|SHI-GUI-LU|ZHONGGUA-2SIDE|JIRUO-WUGEN|JIWANG-HUAIJI|SHIYONG-YUELING-XIANGFU|GE-QUALITY|TIANGAN-XINGQING|YONGSHEN-STRUCTURE|YONGSHEN-FINAL|ZHONG-HE,武举人。徐乐吾曰：财露劫透而无官，富贵均轻。,[]
穷通宝鉴,穷通宝鉴-0790,甲申丙子癸亥壬戌,癸,HEAVY,REN-CAIGUAN|DESHI-BUWANG|XIEQI-TAIZHONG|HEAVY-ROOT|BIJIE-PARTY|ROOT-STRUCK|ROOT-GAN-PRIORITY|ZHONGGUA-2SIDE|JIRUO-WUGEN|JIWANG-HUAIJI|GE-QUALITY|WANGJI-SIWO-SHENG|SHI-ZHU-JI|TIANGAN-XINGQING|YONGSHEN-STRUCTURE|YONGSHEN-FINAL|ZHONG-HE,徐乐吾曰：邓文毅命，乾隆廿九年十一月十六日戌时。专用丙火，甲木为佐，喜原命金水相生，官至尚书。,[]
穷通宝鉴,穷通宝鉴-0791,戊寅甲子癸丑丁巳,癸,HEAVY,REN-CAIGUAN|DESHI-BUWANG|XIEQI-TAIZHONG|HEAVY-ROOT|ROOT-GAN-PRIORITY|ZHONGGUA-2SIDE|RI-BEI-HE|JIRUO-WUGEN|JIWANG-HUAIJI|GE-QUALITY|WANGJI-SIWO-SHENG|SHI-ZHU-JI|TIANGAN-XINGQING|YONGSHEN-STRUCTURE|YONGSHEN-FINAL|ZHONG-HE,徐乐吾曰：刘长佑命，嘉庆廿三年十一月十九日巳时。此造不用戊土，专取巳宫丙火解冻，官至巡抚。,[]
穷通宝鉴,穷通宝鉴-0792,丙寅庚子癸未癸丑,癸,HEAVY,REN-CAIGUAN|DESHI-BUWANG|HEAVY-ROOT|YIN-PARTY|BIJIE-PARTY|ROOT-STRUCK|ROOT-GAN-PRIORITY|SHI-GUI-LU|ZHONGGUA-2SIDE|JIRUO-WUGEN|JIWANG-HUAIJI|SHIYONG-YUELING-XIANGFU|GE-QUALITY|SHI-ZHU-JI|TIANGAN-XINGQING|YONGSHEN-STRUCTURE|YONGSHEN-FINAL|ZHONG-HE,徐乐吾曰：庄温宽命，同治五年十一月廿八日丑时。专用丙火，通根寅支，位至肃政史。,[]
穷通宝鉴,穷通宝鉴-0793,甲戌丙子癸卯壬戌,癸,HEAVY,REN-CAIGUAN|DESHI-BUWANG|XIEQI-TAIZHONG|HEAVY-ROOT|BIJIE-PARTY|ROOT-STRUCK|ROOT-GAN-PRIORITY|ZHONGGUA-2SIDE|JIRUO-WUGEN|JIWANG-HUAIJI|GE-QUALITY|WANGJI-SIWO-SHENG|SHI-ZHU-JI|TIANGAN-XINGQING|YONGSHEN-STRUCTURE|YONGSHEN-FINAL|ZHONG-HE,徐乐吾曰：杜锡某命，同治十三年十一月初四日戌时。专用丙火，甲木为佐，位至海军总长。,[]
穷通宝鉴,穷通宝鉴-0794,庚辰戊子癸未戊午,癸,HEAVY,REN-CAIGUAN|DESHI-BUWANG|HEAVY-ROOT|ROOT-STRUCK|ROOT-GAN-PRIORITY|WANGCHONG-SHUAI|ZHONGGUA-2SIDE|RI-BEI-HE|JIRUO-WUGEN|JIWANG-HUAIJI|GE-QUALITY|SHI-ZHU-JI|TIANGAN-XINGQING|YONGSHEN-STRUCTURE|YONGSHEN-FINAL|ZHONG-HE,徐乐吾曰：金树仁命，光绪六年十一月十九日午时。支聚午未，两透戊土，癸水变旺为弱，专取庚金为用。,[]
穷通宝鉴,穷通宝鉴-0795,甲申丙子癸丑乙卯,癸,HEAVY,REN-CAIGUAN|DESHI-BUWANG|XIEQI-TAIZHONG|HEAVY-ROOT|ROOT-STRUCK|ROOT-GAN-PRIORITY|SHI-GUI-LU|ZHONGGUA-2SIDE|JIRUO-WUGEN|JIWANG-HUAIJI|GE-QUALITY|CAI-RUO-SHEN-QIANG|WANGJI-SIWO-SHENG|TIANGAN-XINGQING|YONGSHEN-STRUCTURE|YONGSHEN-FINAL|ZHONG-HE,徐乐吾曰：俞飞鹏命，光绪十年十一月十三日卯时。金水相生，专用丙火解冻，位至交通部长。,[]
穷通宝鉴,穷通宝鉴-0796,丁酉壬子癸亥壬子,癸,HEAVY,REN-CAIGUAN|HEAVY-ROOT|BIJIE-PARTY|ROOT-STRUCK|ROOT-GAN-PRIORITY|SHI-GUI-LU|ZHONGGUA-2SIDE|JIRUO-WUGEN|JIWANG-HUAIJI|SHIYONG-YUELING-XIANGFU|GE-QING|GE-QUALITY|CAI-RUO-SHEN-QIANG|TIANGAN-XINGQING|YONGSHEN-STRUCTURE|YONGSHEN-FINAL|ZHONG-HE,徐乐吾曰：王大一命，光绪廿三年十二月初八日子时。子旺母衰，喜得丁壬一合，丁火不伤酉金为贵，运宜扶其母，此特殊格局，不以常理论。白话译文十一月的癸水生人，正值严冬冰封，金与水之间失去了相互滋生的活力，因此最要紧的是用丙火（太阳之火）来解冻暖局，使天气不至于雨变为雪、露凝为霜。同时也需要辛金来滋养水源，但若没有丙火，辛金单独存在也意义不大。凡冬季癸水，若丙火透出天干（即在命局中明显可见），则金温水暖，,[]
穷通宝鉴,穷通宝鉴-0797,己卯丁丑癸丑乙卯,癸,LIGHT,REN-CAIGUAN|XIEQI-TAIZHONG|LIGHT-ROOT|ROOT-GAN-PRIORITY|SHI-GUI-LU|ZHONGGUA-2SIDE|JIRUO-WUGEN|JISHUAI-CONGSHENG|GE-QING|GE-QUALITY|TIANGAN-XINGQING|YONGSHEN-STRUCTURE|YONGSHEN-FINAL|ZHONG-HE,，大寒节后，日出辰初，生于卯时，天未明也，其贵征，非五行常理所能测也。或支成水局，水寒不流，无丙者，四海为家，一生劳苦。徐乐吾曰：支成水局，泛滥之象，无丙火为暖，虽有戊己官煞，不免四海为家，势必劳碌奔波，一生劳苦也。或支成火局，有庚辛透者，衣食充足。庚壬不透，孤苦零丁，无妻子。徐乐吾曰：支成火局，财旺用印，喜得月垣丑提，为金墓库。庚辛透出，癸水反变为弱，见庚壬生助，方能负荷其财，定主衣食充裕也。财,[]
穷通宝鉴,穷通宝鉴-0798,戊辰乙丑癸卯庚申,癸,LIGHT,REN-CAIGUAN|SHISHI-BURUO|XIEQI-TAIZHONG|LIGHT-ROOT|YIN-PARTY|ROOT-STRUCK|ROOT-GAN-PRIORITY|ZHONGGUA-2SIDE|RI-BEI-HE|JIRUO-WUGEN|JISHUAI-CONGSHENG|GE-QUALITY|SHI-ZHU-JI|TIANGAN-XINGQING|YONGSHEN-STRUCTURE|YONGSHEN-FINAL|ZHONG-HE,，乙庚化合，卯申相合，国学称博学大师是也。或支成木局，泄水太过，残疾之人；得金出干辅救，必多灵变，可创立家业，亦以丙火为用。徐乐吾曰：支成木局，泄水之气，人必聪明。水木伤官，须见财官，尤以丙火财星为要，方能富贵，戊土官星酌用。若泄水太过，主残病呻吟。得金辅救，本其聪明之性，技术必高出群流。不见财官，难言富贵也。凡冬月用丙，须丙火得地方妙。不然，即重重丙火出干，安能轻许富贵哉。徐乐吾曰：重言丙火不能,[]
穷通宝鉴,穷通宝鉴-0799,乙丑己丑癸丑丙辰,癸,LIGHT,REN-CAIGUAN|XIEQI-TAIZHONG|LIGHT-ROOT|ROOT-STRUCK|ROOT-GAN-PRIORITY|SHI-GUI-LU|ZHONGGUA-2SIDE|JIRUO-WUGEN|JISHUAI-CONGSHENG|SHIYONG-YUELING-XIANGFU|GE-QING|GE-QUALITY|SHI-ZHU-JI|TIANGAN-XINGQING|YONGSHEN-STRUCTURE|YONGSHEN-FINAL|ZHONG-HE,侍郎。徐乐吾曰：丙火出干，故贵。,[]
穷通宝鉴,穷通宝鉴-0800,癸未乙丑癸卯癸丑,癸,LIGHT,REN-CAIGUAN|SHISHI-BURUO|XIEQI-TAIZHONG|LIGHT-ROOT|BIJIE-PARTY|ROOT-STRUCK|ROOT-GAN-PRIORITY|SHI-GUI-LU|ZHONGGUA-2SIDE|JIRUO-WUGEN|JISHUAI-CONGSHENG|SHIYONG-YUELING-XIANGFU|GE-QUALITY|SHI-ZHU-JI|TIANGAN-XINGQING|YONGSHEN-STRUCTURE|YONGSHEN-FINAL|ZHONG-HE,残疾之人。徐乐吾曰：丑未一冲，又见癸水盖头，未中之火尽灭，虽胎元丙辰而时见癸水，乃冻云蔽日也。,[]
穷通宝鉴,穷通宝鉴-0801,壬辰癸丑癸巳癸丑,癸,LIGHT,REN-CAIGUAN|SHISHI-BURUO|LIGHT-ROOT|BIJIE-PARTY|ROOT-STRUCK|ROOT-GAN-PRIORITY|SHI-GUI-LU|ZHONGGUA-2SIDE|JIRUO-WUGEN|SHIYONG-YUELING-XIANGFU|GE-QING|GE-QUALITY|SHI-ZHU-JI|TIANGAN-XINGQING|YONGSHEN-STRUCTURE|YONGSHEN-FINAL|ZHONG-HE,徐乐吾曰：恭亲王奕诉命，道光十二年十一月廿一日丑时。壬癸并透，专用丙戊财官，坐下巳，官财官印俱备，道光殁后，秉国数十年，成清代中兴之治，光绪廿四年殁，寿六十七。,[]
穷通宝鉴,穷通宝鉴-0802,戊戌乙丑癸未乙卯,癸,LIGHT,REN-CAIGUAN|XIEQI-TAIZHONG|LIGHT-ROOT|ROOT-STRUCK|ROOT-GAN-PRIORITY|SHI-GUI-LU|ZHONGGUA-2SIDE|RI-BEI-HE|JIRUO-WUGEN|JISHUAI-CONGSHENG|GE-QUALITY|TIANGAN-XINGQING|YONGSHEN-STRUCTURE|YONGSHEN-FINAL|ZHONG-HE,徐乐吾曰：刘瑞芬命，道光十八年十二月十六日卯时。雪夜灯光格，见下谭何命，位至巡抚。,[]
穷通宝鉴,穷通宝鉴-0803,壬寅癸丑癸巳戊午,癸,LIGHT,REN-CAIGUAN|SHISHI-BURUO|LIGHT-ROOT|BIJIE-PARTY|ROOT-STRUCK|ROOT-GAN-PRIORITY|ZHONGGUA-2SIDE|RI-BEI-HE|JIRUO-WUGEN|SHIYONG-YUELING-XIANGFU|GE-QUALITY|SHI-ZHU-JI|TIANGAN-XINGQING|YONGSHEN-STRUCTURE|YONGSHEN-FINAL|ZHONG-HE,徐乐吾曰：陈启泰命，道光廿二年十二月十九日午时。支全寅巳午，财旺生官，丑宫金水相生，壬水出干，身旺能任，位至巡抚。,['身旺']
穷通宝鉴,穷通宝鉴-0804,己巳丁丑癸丑丙辰,癸,LIGHT,REN-CAIGUAN|LIGHT-ROOT|ROOT-STRUCK|ROOT-GAN-PRIORITY|SHI-GUI-LU|ZHONGGUA-2SIDE|JIRUO-WUGEN|SHIYONG-YUELING-XIANGFU|GE-QING|GE-QUALITY|SHI-ZHU-JI|TIANGAN-XINGQING|YONGSHEN-STRUCTURE|YONGSHEN-FINAL|ZHONG-HE,徐乐吾曰：铁能训命，同治八年十二月十六日辰时。丙丁并透，通根于巳，又得丑宫己癸并透，科甲出身，位进总揆。,[]
穷通宝鉴,穷通宝鉴-0805,己卯丁丑癸丑乙卯,癸,LIGHT,REN-CAIGUAN|XIEQI-TAIZHONG|LIGHT-ROOT|ROOT-GAN-PRIORITY|SHI-GUI-LU|ZHONGGUA-2SIDE|JIRUO-WUGEN|JISHUAI-CONGSHENG|GE-QING|GE-QUALITY|TIANGAN-XINGQING|YONGSHEN-STRUCTURE|YONGSHEN-FINAL|ZHONG-HE,徐乐吾曰：谭延海命，光绪五年十二月十四日卯时。丑宫己癸同透，见丁火，大寒时节，日出辰初，生于卯时，天未明也，作夜生论，为雪夜灯光格，年月夹戊寅，日时夹甲寅，至申运暗冲寅丙，位至行政院长。,[]
穷通宝鉴,穷通宝鉴-0806,己丑丁丑癸丑辛酉,癸,LIGHT,REN-CAIGUAN|SHISHI-BURUO|LIGHT-ROOT|YIN-PARTY|ROOT-GAN-PRIORITY|ZHONGGUA-2SIDE|JIRUO-WUGEN|SHIYONG-YUELING-XIANGFU|GE-QING|GE-QUALITY|TIANGAN-XINGQING|YONGSHEN-STRUCTURE|YONGSHEN-FINAL|ZHONG-HE,徐乐吾曰：何民魂命，光绪十六年正月十二日酉时。丑宫己辛癸同透，月干丁火，生于立春前三日，日没申正十二分，生于酉时，已在黄昏之后，合于夜生之说，为雪夜灯光格，位至南京市长。白话译文十二月的癸水（天干之一，属阴水）生于严冬，水面结冰，万物蛰伏，因此命局首要用神（命局中起关键调节作用的元素）是丙火（天干之一，属阳火）来解冻。若两个丙火透出天干，地支藏有壬水，或时柱透壬水且支中多戊土，则水借阳光，能成显达,[]
子平真诠,子平真诠-0001,壬寅丁未己卯乙亥,己,HEAVY,REN-CAIGUAN|DESHI-BUWANG|HEAVY-ROOT|YIN-PARTY|ROOT-GAN-PRIORITY|ZHONGGUA-2SIDE|JIRUO-WUGEN|JIWANG-HUAIJI|GE-QING|GE-QUALITY|SHI-ZHU-JI|TIANGAN-XINGQING|YONGSHEN-STRUCTURE|YONGSHEN-FINAL|ZHONG-HE,"，己土虽通根月令，而见木之势盛，即从木，所谓从势无情义也(见下用神节)。又如阎
锡山造，",[]
子平真诠,子平真诠-0002,癸未辛酉乙酉丁亥,乙,LIGHT,REN-CAIGUAN|SHISHI-BURUO|XIEQI-TAIZHONG|LIGHT-ROOT|YIN-PARTY|ROOT-GAN-PRIORITY|ZHONGGUA-2SIDE|JIRUO-WUGEN|JISHUAI-CONGSHENG|GE-QUALITY|TIANGAN-XINGQING|YONGSHEN-STRUCTURE|YONGSHEN-FINAL|ZHONG-HE,，乙木只要有印通根，不怕身弱，煞透有制，即为贵格。又如许世英造，,['身弱']
子平真诠,子平真诠-0003,癸酉辛酉乙丑辛巳,乙,NONE,SHISHI-BURUO|SHAZHONG-SHENQING|YIN-PARTY|ZHONGGUA-2SIDE|WUGEN-YOUFU|JISHUAI-CONGSHENG|GE-QUALITY|YUN-SHENG-ROOT|SHI-ZHU-JI|TIANGAN-XINGQING|YONGSHEN-STRUCTURE|YONGSHEN-FINAL|ZHONG-HE,"，十九误作从煞，不知印绶有根，即不嫌身弱，仍喜制煞之运。此又阴干之特点也(见
下格局高低篇)。阳干则不然，如虞和德造，",['身弱']
子平真诠,子平真诠-0004,丁卯丙午庚午己卯,庚,NONE,SHISHI-BURUO|SHAZHONG-SHENQING|YIN-PARTY|ZHONGGUA-2SIDE|WUGEN-YOUFU|JISHUAI-CONGSHENG|GE-QUALITY|YUN-SHENG-ROOT|SHI-ZHU-JI|YONGSHEN-STRUCTURE|YONGSHEN-FINAL|ZHONG-HE,"，庚金虽弱，透印有根，即不能从，身弱自为其弱，运行扶身之地，自然富贵，特劳苦
耳。此不同之点也。然阳干亦非绝对不能从者，如逊清宣统造，",['身弱']
子平真诠,子平真诠-0005,丙午庚寅壬午壬寅,壬,NONE,CAIDUO-SHENRUAN|ZHONGGUA-2SIDE|JIRUO-WUGEN|WUGEN-YOUFU|SHIYONG-YUELING-XIANGFU|GE-QUALITY|YUN-SHENG-ROOT|SHI-ZHU-JI|YONGSHEN-STRUCTURE|YONGSHEN-FINAL,"，印比皆无根，则不得不从。此所谓从气不从势也，其理甚深，非可猝喻，学者多阅八
字，经验积久，自能会悟，非文字所能达也(按本章论干支性质，虽为初步，实为最深；命理精微之点，即
为干支阴阳性质之别，学者不妨置之后图，俟研习入门之后，自知其重要也)。
原文
甲乙在天，故动而不居。建寅之月，岂必当甲？建卯之月，岂必当乙？寅卯在地，故止而不迁。甲虽递易，
月必建寅；乙虽递易，月必建卯。以气而论，甲旺于乙；以",[]
子平真诠,子平真诠-0006,癸未辛酉甲申丙寅,甲,HEAVY,REN-CAIGUAN|SHISHI-BURUO|XIEQI-TAIZHONG|HEAVY-ROOT|YIN-PARTY|ROOT-STRUCK|ROOT-GAN-PRIORITY|WANGCHONG-SHUAI|SHI-GUI-LU|ZHONGGUA-2SIDE|JIRUO-WUGEN|JISHUAI-CONGSHENG|GE-QUALITY|SHI-ZHU-JI|TIANGAN-XINGQING|YONGSHEN-STRUCTURE|YONGSHEN-FINAL|ZHONG-HE,"庚申 己未 戊午 丁巳 丙辰 乙卯 甲寅
丙辛相合，而官旺通根。此为官多同煞，以丙火制官为用也。此为安徽主席刘镇华之造。
(林注：此造身弱，制之以刑不若化之以德，当取癸水为用，用水喜木，名“众杀加身、一仁可化”)",['身弱']
子平真诠,子平真诠-0007,庚申己未戊午丁巳,戊,HEAVY,REN-CAIGUAN|DESHI-BUWANG|XIEQI-TAIZHONG|HEAVY-ROOT|YIN-PARTY|BIJIE-PARTY|ROOT-STRUCK|ROOT-GAN-PRIORITY|SHI-GUI-LU|ZHONGGUA-2SIDE|JIRUO-WUGEN|JIWANG-HUAIJI|GE-QING|GE-QUALITY|WANGJI-SIWO-SHENG|YONGSHEN-STRUCTURE|YONGSHEN-FINAL|ZHONG-HE,"丙辰 乙卯 甲寅
丙辛相合，而官旺通根。此为官多同煞，以丙火制官为用也。此为安徽主席刘镇华之造。
(林注：此造身弱，制之以刑不若化之以德，当取癸水为用，用水喜木，名“众杀加身、一仁可化”)",['身弱']
子平真诠,子平真诠-0008,戊子癸亥庚寅戊寅,庚,NONE,SHISHI-BURUO|XIEQI-TAIZHONG|YIN-PARTY|ZHONGGUA-2SIDE|WUGEN-YOUFU|JISHUAI-CONGSHENG|SHIYONG-YUELING-XIANGFU|GE-QING|GE-QUALITY|YUN-SHENG-ROOT|SHI-ZHU-JI|YONGSHEN-STRUCTURE|YONGSHEN-FINAL|ZHONG-HE,"甲子 乙丑 丙寅 丁卯 戊辰 己巳
戊癸相合，而癸水通根，泄气太重，以戊土扶身制伤为用。此为实业家洗冠生造。
然则如何方为两失其用耶？兹再举例以明之：",[]
子平真诠,子平真诠-0009,甲子乙丑丙寅丁卯,丙,HEAVY,REN-CAIGUAN|SHISHI-BURUO|HEAVY-ROOT|YIN-PARTY|BIJIE-PARTY|ROOT-GAN-PRIORITY|ZHONGGUA-2SIDE|JIWANG-HUAIJI|GE-QUALITY|YONGSHEN-STRUCTURE|YONGSHEN-FINAL|ZHONG-HE,"戊辰 己巳
戊癸相合，而癸水通根，泄气太重，以戊土扶身制伤为用。此为实业家洗冠生造。
然则如何方为两失其用耶？兹再举例以明之：",[]
子平真诠,子平真诠-0010,丙午辛卯戊寅甲寅,戊,HEAVY,REN-CAIGUAN|SHISHI-BURUO|HEAVY-ROOT|YIN-PARTY|ROOT-STRUCK|ROOT-GAN-PRIORITY|SHI-GUI-LU|ZHONGGUA-2SIDE|JIRUO-WUGEN|GE-QING|GE-QUALITY|CAI-RUO-SHEN-QIANG|SHI-ZHU-JI|YONGSHEN-STRUCTURE|YONGSHEN-FINAL|ZHONG-HE,丙辛合而不化，无丙可用辛制甲，无辛可用丙化甲，两皆有用，因合而两失其用也。,[]
子平真诠,子平真诠-0011,己卯甲戌乙亥己卯,乙,HEAVY,REN-CAIGUAN|SHISHI-BURUO|HEAVY-ROOT|TENGLUO-XIJIA|BIJIE-PARTY|ROOT-GAN-PRIORITY|HE-HUASHEN-DESHI|SHI-GUI-LU|ZHONGGUA-2SIDE|JIRUO-WUGEN|GE-QING|GE-QUALITY|TIANGAN-XINGQING|YONGSHEN-STRUCTURE|YONGSHEN-FINAL|ZHONG-HE,"年月甲己，本属无用，因合使两失其用，格局反清。此张绍曾造也。
原文
盖有所合则有所忌，逢吉不为吉，逢凶不为凶。即以六亲言之，如男以财为妻，而被别干合去，财妻岂能亲
其夫乎？女以官为夫，而被他干合去，官夫岂能爱其妻乎？此谓配合之性情，因向背而殊也。
**【徐注】**干支配合，关系甚巨，盖凶不为凶，固为美事，而吉不为吉，则关系甚重。有紧要相用，被合
而变其格局者，有救护之神被合失其救护之用，而凶神肆逞",[]
子平真诠,子平真诠-0012,丁卯壬子壬申甲辰,壬,HEAVY,REN-CAIGUAN|DESHI-BUWANG|XIEQI-TAIZHONG|HEAVY-ROOT|BIJIE-PARTY|ROOT-STRUCK|ROOT-GAN-PRIORITY|SHI-GUI-LU|ZHONGGUA-2SIDE|RI-BEI-HE|JIRUO-WUGEN|JIWANG-HUAIJI|SHIYONG-YUELING-XIANGFU|GE-QUALITY|CAI-RUO-SHEN-QIANG|WANGJI-SIWO-SHENG|SHI-ZHU-JI|YONGSHEN-STRUCTURE|YONGSHEN-FINAL|ZHONG-HE,"辛亥 庚戌 己酉 戊申 丁未 丙午
本为水木伤官用财，无如丁壬一合，火失其焰，水旺木浮，只能顺其旺势而行金水之地也(见下用神节)",[]
子平真诠,子平真诠-0013,辛亥庚戌己酉戊申,己,HEAVY,REN-CAIGUAN|DESHI-BUWANG|XIEQI-TAIZHONG|HEAVY-ROOT|BIJIE-PARTY|ROOT-STRUCK|ROOT-GAN-PRIORITY|ZHONGGUA-2SIDE|JIRUO-WUGEN|JIWANG-HUAIJI|SHIYONG-YUELING-XIANGFU|GE-QUALITY|WANGJI-SIWO-SHENG|SHI-ZHU-JI|TIANGAN-XINGQING|YONGSHEN-STRUCTURE|YONGSHEN-FINAL|ZHONG-HE,"丁未 丙午
本为水木伤官用财，无如丁壬一合，火失其焰，水旺木浮，只能顺其旺势而行金水之地也(见下用神节)",[]
子平真诠,子平真诠-0014,庚申乙酉丁丑庚戌,丁,LIGHT,REN-CAIGUAN|LIGHT-ROOT|ROOT-STRUCK|ROOT-GAN-PRIORITY|HE-HUASHEN-DESHI|SHI-GUI-LU|ZHONGGUA-2SIDE|JIRUO-WUGEN|SHIYONG-YUELING-XIANGFU|GE-QUALITY|SHI-ZHU-JI|TIANGAN-XINGQING|YONGSHEN-STRUCTURE|YONGSHEN-FINAL|ZHONG-HE,"丙戌 丁亥 戊子 己丑 庚寅 辛卯
本为火炼真金格局，乙庚相合，印为财破，虽生富厚之家，而天生哑子，终身残废也。
原局十干配合，其关系之重如此；而行运逢合，此五行中这关系，亦不亚于原局。譬如甲用辛官，癸丁并
透，木以癸印制伤护官为用，而行运见戊，合去癸水，则丁火得伤其官星矣。或甲用辛官，透丁为伤，行运
见壬，合去丁伤而官星得用矣。为喜为忌，全在配合，不论其化与否也(详见行运节)。运干配合原局，其化",[]
子平真诠,子平真诠-0015,丙戌丁亥戊子己丑,戊,HEAVY,REN-CAIGUAN|SHISHI-BURUO|HEAVY-ROOT|YIN-PARTY|BIJIE-PARTY|ROOT-GAN-PRIORITY|SHI-GUI-LU|ZHONGGUA-2SIDE|GE-QING|GE-QUALITY|SHI-ZHU-JI|YONGSHEN-STRUCTURE|YONGSHEN-FINAL|ZHONG-HE,"庚寅 辛卯
本为火炼真金格局，乙庚相合，印为财破，虽生富厚之家，而天生哑子，终身残废也。
原局十干配合，其关系之重如此；而行运逢合，此五行中这关系，亦不亚于原局。譬如甲用辛官，癸丁并
透，木以癸印制伤护官为用，而行运见戊，合去癸水，则丁火得伤其官星矣。或甲用辛官，透丁为伤，行运
见壬，合去丁伤而官星得用矣。为喜为忌，全在配合，不论其化与否也(详见行运节)。运干配合原局，其化
与不化，全视所坐地支是",[]
子平真诠,子平真诠-0016,甲子丁卯己亥戊辰,己,HEAVY,REN-CAIGUAN|SHISHI-BURUO|HEAVY-ROOT|BIJIE-PARTY|ROOT-STRUCK|ROOT-GAN-PRIORITY|SHI-GUI-LU|ZHONGGUA-2SIDE|RI-BEI-HE|JIRUO-WUGEN|SHIYONG-YUELING-XIANGFU|GE-QUALITY|SHI-ZHU-JI|TIANGAN-XINGQING|YONGSHEN-STRUCTURE|YONGSHEN-FINAL|ZHONG-HE,甲己合而间丁，则甲木生火而火生土，所谓以印化官也。此新疆杨增新都督造。,[]
子平真诠,子平真诠-0017,癸巳壬戌乙巳戊寅,乙,HEAVY,REN-CAIGUAN|HEAVY-ROOT|ROOT-STRUCK|ROOT-GAN-PRIORITY|SHI-GUI-LU|ZHONGGUA-2SIDE|JIRUO-WUGEN|SHIYONG-YUELING-XIANGFU|GE-QUALITY|SHI-ZHU-JI|TIANGAN-XINGQING|YONGSHEN-STRUCTURE|YONGSHEN-FINAL|ZHONG-HE,"戊癸合而间乙，惟其不合，故财局可以用印。此浙江公路局长朱有卿造。见财印用节。
原文
又有隔位太远，如甲在年干，己在时上，心虽相契，地则相远，如人天南地北，不能相合一般。然于有所制
而不敢合者，亦稍有差，合而不能合也，半合也，其为祸福得十之二三而已。
**【徐注】**隔位太远，则合之效用减少，有以失其原来之力为喜。有以不失其力为喜。或虽遥隔而仍作合
论，各视其格局配合而已。如：",[]
子平真诠,子平真诠-0018,丁卯丙午丙子壬辰,丙,HEAVY,REN-CAIGUAN|DESHI-BUWANG|HEAVY-ROOT|BIJIE-PARTY|ROOT-STRUCK|ROOT-GAN-PRIORITY|WANGCHONG-SHUAI|ZHONGGUA-2SIDE|JIRUO-WUGEN|JIWANG-HUAIJI|GE-QUALITY|CAI-RUO-SHEN-QIANG|SHI-ZHU-JI|YONGSHEN-STRUCTURE|YONGSHEN-FINAL|ZHONG-HE,煞刃格，以煞制刃为用。丁壬相合，因遥隔，壬煞不失其用，而煞刃格以成。此龙济光之造也。,[]
子平真诠,子平真诠-0019,乙酉甲申丁巳庚戌,丁,HEAVY,REN-CAIGUAN|HEAVY-ROOT|ROOT-STRUCK|ROOT-GAN-PRIORITY|HE-HUASHEN-DESHI|SHI-GUI-LU|ZHONGGUA-2SIDE|JIRUO-WUGEN|SHIYONG-YUELING-XIANGFU|GE-QUALITY|SHI-ZHU-JI|TIANGAN-XINGQING|YONGSHEN-STRUCTURE|YONGSHEN-FINAL|ZHONG-HE,"乙庚相合，通月令之气，虽遥隔而仍合，以庚劈甲引丁为用。张耀曾之造也(按此造乙庚之间，隔以丁火，
可以与上节参观)。
原文
又有合而无伤于合者，何也？如甲生寅卯，月时两透辛官，以年丙合月辛，是为合一留一，官星反轻。甲逢
月刃，庚辛并透，丙与辛合，是为合官留煞，而煞刃依然成格，皆无伤于合也。
**【徐注】**两官并透，名为重官；两煞并透，是为重煞。合一留一，反以成格。官煞并透，是为混杂，合
官留煞，或",[]
子平真诠,子平真诠-0020,辛酉丙申庚子丙戌,庚,HEAVY,REN-CAIGUAN|DESHI-BUWANG|HEAVY-ROOT|BIJIE-PARTY|ROOT-STRUCK|ROOT-GAN-PRIORITY|SHI-GUI-LU|ZHONGGUA-2SIDE|JIRUO-WUGEN|JIWANG-HUAIJI|SHIYONG-YUELING-XIANGFU|GE-QUALITY|CAI-RUO-SHEN-QIANG|SHI-ZHU-JI|YONGSHEN-STRUCTURE|YONGSHEN-FINAL|ZHONG-HE,此北洋领袖王士珍之造也。辛合丙煞，合一留一，依然为煞刃格也。,[]
子平真诠,子平真诠-0021,壬寅戊申丙寅癸巳,丙,HEAVY,REN-CAIGUAN|XIEQI-TAIZHONG|HEAVY-ROOT|ROOT-STRUCK|ROOT-GAN-PRIORITY|WANGCHONG-SHUAI|SHI-GUI-LU|ZHONGGUA-2SIDE|JIRUO-WUGEN|JISHUAI-CONGSHENG|SHIYONG-YUELING-XIANGFU|GE-QUALITY|SHI-ZHU-JI|YONGSHEN-STRUCTURE|YONGSHEN-FINAL|ZHONG-HE,"此合官留煞也。又《三命通会》以合为留，以克为去，如此造戊克壬合癸，名去煞留官，各家所说不同也。
按合而无伤于合者，去一留一也，或克而去之，或合而去之，其意相同。如林主席森命造，戊辰、甲寅、丁
卯、戊申，戊土伤官，年时两透，用甲克去年上伤官，而留时上伤官以生财损印，格局反清，其意一也。无
食伤则财无根，两透则嫌其重，去一留一，适以成格。
原文
又有合而不以合论者，何也？本身之合也。盖五阳逢财，五阴遇",[]
子平真诠,子平真诠-0022,戊戌甲子己巳戊辰,己,HEAVY,REN-CAIGUAN|SHISHI-BURUO|HEAVY-ROOT|BIJIE-PARTY|ROOT-STRUCK|ROOT-GAN-PRIORITY|SHI-GUI-LU|ZHONGGUA-2SIDE|RI-BEI-HE|JIRUO-WUGEN|SHIYONG-YUELING-XIANGFU|GE-QUALITY|SHI-ZHU-JI|TIANGAN-XINGQING|YONGSHEN-STRUCTURE|YONGSHEN-FINAL|ZHONG-HE,"月令偏财生官，劫财重重，喜得甲己相合，官星之情，专向日主，制住比劫，使不能争财，所谓用官制劫护
财也。见论星辰节。",[]
子平真诠,子平真诠-0023,戊寅己未甲寅乙亥,甲,HEAVY,REN-CAIGUAN|SHISHI-BURUO|HEAVY-ROOT|BIJIE-PARTY|ROOT-STRUCK|ROOT-GAN-PRIORITY|HE-HUASHEN-DESHI|SHI-GUI-LU|ZHONGGUA-2SIDE|RI-BEI-HE|JIRUO-WUGEN|JIWANG-HUAIJI|GE-QING|GE-QUALITY|TIANGAN-XINGQING|YONGSHEN-STRUCTURE|YONGSHEN-FINAL|ZHONG-HE,"甲用己财；甲己相合，己土之财，专向日主也。见星辰节。
合去合来，各家所说不同。《三命通会》云：闲神者，年月时之干也。故云合官忘贵、合煞忘贱。若日主相
合，则合官为贵，合煞为贱矣。窃谓闲神相合，亦有合去不合去之别。譬如甲用辛官，透丙相合，则合去；
甲用庚煞，透乙相合，则虽合而不去。书云：“甲以乙妹妻庚，凶为吉兆”。相合则煞不攻身，非谓去之也。
乙用辛煞。透丙则合而去之。乙用庚官，月干再透乙以相合，则",[]
子平真诠,子平真诠-0024,丙戌辛卯辛巳戊戌,辛,LIGHT,REN-CAIGUAN|SHISHI-BURUO|LIGHT-ROOT|YIN-PARTY|BIJIE-PARTY|ROOT-GAN-PRIORITY|SHI-GUI-LU|ZHONGGUA-2SIDE|RI-BEI-HE|JIRUO-WUGEN|GE-QING|GE-QUALITY|SHI-ZHU-JI|YONGSHEN-STRUCTURE|YONGSHEN-FINAL|ZHONG-HE,一丙合两辛，官星虽不合去，而用神之情不专矣。,[]
子平真诠,子平真诠-0025,己酉丙子戊辰癸亥,戊,HEAVY,REN-CAIGUAN|SHISHI-BURUO|HEAVY-ROOT|BIJIE-PARTY|ROOT-GAN-PRIORITY|ZHONGGUA-2SIDE|RI-BEI-HE|JIRUO-WUGEN|GE-QING|GE-QUALITY|SHI-ZHU-JI|YONGSHEN-STRUCTURE|YONGSHEN-FINAL|ZHONG-HE,"丙火调候为用，无如戊癸相合，日主之情，向财不向印，癸水虽不能越戊克丙，而日主向用之情不专矣。
原文
用神之情，不向日主，或日主之情，不向用神，皆非美朕也。
然又有争合妒合之说，何也？如两辛合丙，两丁合壬之类，一夫不娶二妻，一女不配二夫，所以有争合妒合
之说。然到底终有合意，但情不专耳。若以两合一而隔位，则全无争妒。如",[]
子平真诠,子平真诠-0026,庚午乙酉甲子乙亥,甲,HEAVY,REN-CAIGUAN|SHISHI-BURUO|HEAVY-ROOT|BIJIE-PARTY|ROOT-GAN-PRIORITY|WANGCHONG-SHUAI|HE-HUASHEN-DESHI|SHI-GUI-LU|ZHONGGUA-2SIDE|JIRUO-WUGEN|GE-QUALITY|TIANGAN-XINGQING|YONGSHEN-STRUCTURE|YONGSHEN-FINAL|ZHONG-HE,"，两乙合庚，甲日隔之，此高太尉命，仍作合煞留官，无减福也。
**【徐注】**以两合一，用神之情不专，已见上例，若隔位则无碍。如：",[]
子平真诠,子平真诠-0027,庚申乙酉癸未乙卯,癸,LIGHT,REN-CAIGUAN|SHISHI-BURUO|XIEQI-TAIZHONG|LIGHT-ROOT|YIN-PARTY|ROOT-STRUCK|ROOT-GAN-PRIORITY|WANGCHONG-SHUAI|HE-HUASHEN-DESHI|SHI-GUI-LU|ZHONGGUA-2SIDE|JIRUO-WUGEN|JISHUAI-CONGSHENG|GE-QUALITY|TIANGAN-XINGQING|YONGSHEN-STRUCTURE|YONGSHEN-FINAL|ZHONG-HE,"两乙合庚而隔癸，全无争妒之意，亦无不专之弊。此朱家宝命造也。高太尉造为合煞留官，化气助官，朱造
印格用食，均无减福泽。",[]
子平真诠,子平真诠-0028,癸酉癸亥戊子丁巳,戊,HEAVY,REN-CAIGUAN|SHISHI-BURUO|HEAVY-ROOT|YIN-PARTY|ROOT-STRUCK|ROOT-GAN-PRIORITY|WANGCHONG-SHUAI|SHI-GUI-LU|ZHONGGUA-2SIDE|RI-BEI-HE|JIRUO-WUGEN|GE-QUALITY|YONGSHEN-STRUCTURE|YONGSHEN-FINAL|ZHONG-HE,"两癸合戊，虽不以合论，而终有合意。为财格用禄比，财向日主，故为富格，亦无争妒与不专之弊也。为钜
商王某造。
然则如何方为争合妒合乎？此须察其地位也。如：",[]
子平真诠,子平真诠-0029,丙戌壬辰丁未壬寅,丁,LIGHT,REN-CAIGUAN|SHISHI-BURUO|LIGHT-ROOT|BIJIE-PARTY|ROOT-STRUCK|ROOT-GAN-PRIORITY|ZHONGGUA-2SIDE|RI-BEI-HE|JIRUO-WUGEN|SHIYONG-YUELING-XIANGFU|GE-QUALITY|TIANGAN-XINGQING|YONGSHEN-STRUCTURE|YONGSHEN-FINAL|ZHONG-HE,两壬夹丁，为争合妒合。乃顾竹轩造是也。,[]
子平真诠,子平真诠-0030,丙午丙申辛卯丙申,辛,HEAVY,REN-CAIGUAN|DESHI-BUWANG|HEAVY-ROOT|ROOT-GAN-PRIORITY|SHI-GUI-LU|ZHONGGUA-2SIDE|RI-BEI-HE|JIRUO-WUGEN|JIWANG-HUAIJI|SHIYONG-YUELING-XIANGFU|GE-QING|GE-QUALITY|YONGSHEN-STRUCTURE|YONGSHEN-FINAL|ZHONG-HE,"三丙争合一辛，又不能化。多夫之象，女命最忌。
原文
今人不知命理，动以本身之合，妄论得失；更有可笑者，书云“合官非为贵取”，本是至论，而或以本身之合
为合，甚或以他支之合为合，如辰与酉合、卯与戌合之类，皆作合官。一谬至此子平之传扫地矣！
**【徐注】**合官非为贵取，《三命通会》论之至详。所谓闲神相合，则合官忘贵，合煞忘贱；日主相合，
则合官为贵，合煞为贱(日主无合煞)其理至明。今人不仔细研究，妄",[]
子平真诠,子平真诠-0031,庚申乙酉丁丑庚戌,丁,LIGHT,REN-CAIGUAN|LIGHT-ROOT|ROOT-STRUCK|ROOT-GAN-PRIORITY|HE-HUASHEN-DESHI|SHI-GUI-LU|ZHONGGUA-2SIDE|JIRUO-WUGEN|SHIYONG-YUELING-XIANGFU|GE-QUALITY|SHI-ZHU-JI|TIANGAN-XINGQING|YONGSHEN-STRUCTURE|YONGSHEN-FINAL|ZHONG-HE,，亦为化金，因合化而印被财破也(见上性情章),[]
子平真诠,子平真诠-0032,丁亥壬寅丙子丁酉,丙,HEAVY,REN-CAIGUAN|SHISHI-BURUO|BIJIE-PARTY|ROOT-STRUCK|ROOT-GAN-PRIORITY|HE-HUASHEN-DESHI|ZHONGGUA-2SIDE|JIRUO-WUGEN|JIWANG-HUAIJI|GE-QING|GE-QUALITY|SHI-ZHU-JI|YONGSHEN-STRUCTURE|YONGSHEN-FINAL|ZHONG-HE,丁壬相合，支临寅亥，必然化木，作为印论。,[]
子平真诠,子平真诠-0033,癸巳戊午丙午庚寅,丙,HEAVY,REN-CAIGUAN|DESHI-BUWANG|XIEQI-TAIZHONG|HEAVY-ROOT|ROOT-STRUCK|ROOT-GAN-PRIORITY|HE-HUASHEN-DESHI|SHI-GUI-LU|ZHONGGUA-2SIDE|JIRUO-WUGEN|JIWANG-HUAIJI|GE-QUALITY|WANGJI-SIWO-SHENG|YONGSHEN-STRUCTURE|YONGSHEN-FINAL|ZHONG-HE,"戊癸相合，支临巳午，必然化火，作为劫论。
右两造摘录《滴天髓征义》兄弟节。
日干相合而化，即为化气格局。举例如下。",[]
子平真诠,子平真诠-0034,己卯丁卯壬午甲辰,壬,LIGHT,REN-CAIGUAN|XIEQI-TAIZHONG|LIGHT-ROOT|ROOT-STRUCK|ROOT-GAN-PRIORITY|HE-HUASHEN-DESHI|SHI-GUI-LU|ZHONGGUA-2SIDE|RI-BEI-HE|JIRUO-WUGEN|JISHUAI-CONGSHENG|SHIYONG-YUELING-XIANGFU|GE-QUALITY|SHI-ZHU-JI|YONGSHEN-STRUCTURE|YONGSHEN-FINAL|ZHONG-HE,丁壬相合，生于卯月，木旺秉令，时逢辰，木之原神透出，为丁壬化木格。,[]
子平真诠,子平真诠-0035,戊辰壬戌甲辰己巳,甲,LIGHT,REN-CAIGUAN|SHISHI-BURUO|LIGHT-ROOT|YIN-PARTY|ROOT-STRUCK|ROOT-GAN-PRIORITY|HE-HUASHEN-DESHI|ZHONGGUA-2SIDE|RI-BEI-HE|JIRUO-WUGEN|SHIYONG-YUELING-XIANGFU|GE-QUALITY|SHI-ZHU-JI|TIANGAN-XINGQING|YONGSHEN-STRUCTURE|YONGSHEN-FINAL|ZHONG-HE,"甲己相合，生于戌月，土旺乘权，化气有余；年得戊辰，原神透出，为甲己化土格。录自《滴天髓征义》。
化气有真有假。上两造为化气之真者，亦有化气有余，而日带根苗劫印者；有日主无根，而化神不足者；更
有合化虽真，而闲神来伤化气者，皆为假化。",[]
子平真诠,子平真诠-0036,己卯甲戌甲子己巳,甲,HEAVY,REN-CAIGUAN|SHISHI-BURUO|HEAVY-ROOT|BIJIE-PARTY|ROOT-STRUCK|ROOT-GAN-PRIORITY|HE-HUASHEN-DESHI|ZHONGGUA-2SIDE|RI-BEI-HE|JIRUO-WUGEN|SHIYONG-YUELING-XIANGFU|GE-QUALITY|SHI-ZHU-JI|TIANGAN-XINGQING|YONGSHEN-STRUCTURE|YONGSHEN-FINAL|ZHONG-HE,两甲两己，各自配合，卯木有戌土之合，亦尚无碍，嫌其甲木坐印，故为假化。,[]
子平真诠,子平真诠-0037,甲辰丁卯壬辰辛亥,壬,HEAVY,REN-CAIGUAN|XIEQI-TAIZHONG|HEAVY-ROOT|ROOT-STRUCK|ROOT-GAN-PRIORITY|HE-HUASHEN-DESHI|SHI-GUI-LU|ZHONGGUA-2SIDE|RI-BEI-HE|JIRUO-WUGEN|JIWANG-HUAIJI|JISHUAI-CONGSHENG|GE-QUALITY|CAI-RUO-SHEN-QIANG|YONGSHEN-STRUCTURE|YONGSHEN-FINAL|ZHONG-HE,"丁壬相合，通月令之气，化神极真，嫌其时透辛金，来伤化气，幸辛金无根，故为假化。右录《滴天髓征
义》。
化真化假，均须运助，假化之格，能行运去其病点，固无异于真；真化不得旺运相助，亦无可发展也。此为
进一步之研究，详《订正滴天髓征义》。
又化气格局仅以化合之两干作化气论，其余干支，并不化也。近人不察，拘于化气十段锦之说，而将四柱干
支以及行运干支，均作化论，误会殊深。特化神喜行旺地，印比为美，克泄俱",[]
子平真诠,子平真诠-0038,己未丁丑戊子己未,戊,HEAVY,REN-CAIGUAN|HEAVY-ROOT|YIN-PARTY|BIJIE-PARTY|ROOT-STRUCK|ROOT-GAN-PRIORITY|SHI-GUI-LU|ZHONGGUA-2SIDE|JIRUO-WUGEN|JIWANG-HUAIJI|SHIYONG-YUELING-XIANGFU|GE-QUALITY|SHI-ZHU-JI|YONGSHEN-STRUCTURE|YONGSHEN-FINAL|ZHONG-HE,子丑相合，干透戊己丁火，子丑之化土方真。格成稼穑。,[]
子平真诠,子平真诠-0039,壬子癸丑丙午壬辰,丙,HEAVY,REN-CAIGUAN|HEAVY-ROOT|ROOT-STRUCK|ROOT-GAN-PRIORITY|ZHONGGUA-2SIDE|JIRUO-WUGEN|JIWANG-HUAIJI|SHIYONG-YUELING-XIANGFU|GE-QUALITY|SHI-ZHU-JI|YONGSHEN-STRUCTURE|YONGSHEN-FINAL|ZHONG-HE,"子丑相合，干透壬癸，不人化土论。煞旺身衰之象也。
干支会合化表(录《子平四言集腋》)
正月节(寅月)
丁壬化木(正化)
戊癸化火(次化)
乙庚化金(一云乙归甲不化)
丙辛不化(柱有申子辰可化)
甲己不化(木盛故不化)
寅午戌化火
亥卯未化木
申子辰不化
巳酉丑破象
辰戌丑未失地
二月节(卯月)
丁壬化木
戊癸化火
乙庚化金(不化以乙归甲家也)
丙辛水气不化
甲己不化
寅午戌化火
亥卯未化木
申子辰",['身衰']
子平真诠,子平真诠-0040,壬午壬子庚辰甲申,庚,HEAVY,REN-CAIGUAN|XIEQI-TAIZHONG|HEAVY-ROOT|ROOT-GAN-PRIORITY|WANGCHONG-SHUAI|SHI-GUI-LU|ZHONGGUA-2SIDE|JIWANG-HUAIJI|JISHUAI-CONGSHENG|GE-QUALITY|YONGSHEN-STRUCTURE|YONGSHEN-FINAL|ZHONG-HE,"此陕西主席邵力子之造。因申子辰之会,而解子午之冲也。",[]
子平真诠,子平真诠-0041,丁巳己酉癸卯丁巳,癸,LIGHT,REN-CAIGUAN|LIGHT-ROOT|ROOT-STRUCK|ROOT-GAN-PRIORITY|WANGCHONG-SHUAI|ZHONGGUA-2SIDE|JIRUO-WUGEN|GE-QUALITY|SHI-ZHU-JI|TIANGAN-XINGQING|YONGSHEN-STRUCTURE|YONGSHEN-FINAL|ZHONG-HE,"此浙江督军杨善德之造。因卯酉之冲,而解巳酉之会也。",[]
子平真诠,子平真诠-0042,戊午辛酉乙卯丙戌,乙,HEAVY,REN-CAIGUAN|XIEQI-TAIZHONG|HEAVY-ROOT|ROOT-STRUCK|ROOT-GAN-PRIORITY|WANGCHONG-SHUAI|ZHONGGUA-2SIDE|JIRUO-WUGEN|JISHUAI-CONGSHENG|SHIYONG-YUELING-XIANGFU|GE-QUALITY|SHI-ZHU-JI|TIANGAN-XINGQING|YONGSHEN-STRUCTURE|YONGSHEN-FINAL|ZHONG-HE,"此陆荣廷之造。因卯戌之合,而解卯酉之冲也。",[]
子平真诠,子平真诠-0043,甲子丙子丙寅丙申,丙,HEAVY,REN-CAIGUAN|SHISHI-BURUO|HEAVY-ROOT|YIN-PARTY|BIJIE-PARTY|ROOT-STRUCK|ROOT-GAN-PRIORITY|ZHONGGUA-2SIDE|JIRUO-WUGEN|GE-QUALITY|SHI-ZHU-JI|YONGSHEN-STRUCTURE|YONGSHEN-FINAL|ZHONG-HE,"此浙江盐商周湘舲造。因寅申之冲,而解子申之会也。
原文
又有因解而反得刑冲者,何也？假如甲生子月,支逢二卯相并,二卯不刑一子,而支又逢戌,戌与卯合,本为解刑,而
合去其一,则一合而一刑,是因解而反得刑冲也。
**【徐注】**因解反得刑冲者,四柱本可不冲,因会合而反引起刑冲也。不一其例:",[]
子平真诠,子平真诠-0044,丙子甲午丙午庚寅,丙,HEAVY,REN-CAIGUAN|HEAVY-ROOT|YIN-PARTY|BIJIE-PARTY|ROOT-STRUCK|ROOT-GAN-PRIORITY|WANGCHONG-SHUAI|SHI-GUI-LU|ZHONGGUA-2SIDE|JIRUO-WUGEN|JIWANG-HUAIJI|GE-QUALITY|CAI-RUO-SHEN-QIANG|YONGSHEN-STRUCTURE|YONGSHEN-FINAL|ZHONG-HE,"此张国淦之造。一子不冲二午,因寅午之会,复引起子午之冲也。",[]
子平真诠,子平真诠-0045,壬午戊申壬寅壬寅,壬,HEAVY,REN-CAIGUAN|SHISHI-BURUO|HEAVY-ROOT|BIJIE-PARTY|ROOT-STRUCK|ROOT-GAN-PRIORITY|WANGCHONG-SHUAI|ZHONGGUA-2SIDE|JIRUO-WUGEN|JIWANG-HUAIJI|SHIYONG-YUELING-XIANGFU|GE-QUALITY|SHI-ZHU-JI|YONGSHEN-STRUCTURE|YONGSHEN-FINAL|ZHONG-HE,"此张继命造。因年时寅午之会,而引起月日寅申之冲也。寅午遥隔,本无会合之理,而引起冲则可能也。",[]
子平真诠,子平真诠-0046,癸未壬戌庚戌庚辰,庚,LIGHT,REN-CAIGUAN|SHISHI-BURUO|XIEQI-TAIZHONG|LIGHT-ROOT|BIJIE-PARTY|ROOT-STRUCK|ROOT-GAN-PRIORITY|ZHONGGUA-2SIDE|JIRUO-WUGEN|JISHUAI-CONGSHENG|SHIYONG-YUELING-XIANGFU|GE-QUALITY|SHI-ZHU-JI|YONGSHEN-STRUCTURE|YONGSHEN-FINAL|ZHONG-HE,"此茅祖权之造。一未不刑两戌,本可不以刑论,乃因辰戌之冲,复引起戌未之刑。",[]
子平真诠,子平真诠-0047,壬辰癸卯丁酉己酉,丁,LIGHT,REN-CAIGUAN|XIEQI-TAIZHONG|LIGHT-ROOT|ROOT-STRUCK|ROOT-GAN-PRIORITY|WANGCHONG-SHUAI|HE-HUASHEN-DESHI|SHI-GUI-LU|ZHONGGUA-2SIDE|RI-BEI-HE|JIRUO-WUGEN|JISHUAI-CONGSHENG|GE-QUALITY|SHI-ZHU-JI|TIANGAN-XINGQING|YONGSHEN-STRUCTURE|YONGSHEN-FINAL|ZHONG-HE,"此赵观涛之造。一卯不冲二酉,乃以辰酉之合,引起卯酉之冲,与上张继造相同。
原文
又有刑冲而会合不能解者,何也？假如子年午月,日坐丑位,丑与子合,可以解冲,而时逢巳酉,则丑与巳酉会,而子
复冲午；子年卯月,日坐戌位,戌与卯合,可以解刑,而或时逢寅午,则戌与寅午会,而卯复刑子。是会合而不能解
刑冲也。
**【徐注】**刑冲而会合不能解者,本有会合,可解刑冲矣,乃因另一会合,复引起刑冲,或因第二刑冲引起",[]
子平真诠,子平真诠-0048,丁亥乙巳丁酉甲辰,丁,HEAVY,REN-CAIGUAN|HEAVY-ROOT|YIN-PARTY|BIJIE-PARTY|ROOT-STRUCK|ROOT-GAN-PRIORITY|WANGCHONG-SHUAI|ZHONGGUA-2SIDE|JIRUO-WUGEN|JIWANG-HUAIJI|SHIYONG-YUELING-XIANGFU|GE-QUALITY|SHI-ZHU-JI|TIANGAN-XINGQING|YONGSHEN-STRUCTURE|YONGSHEN-FINAL|ZHONG-HE,"此招商督办赵铁桥造。辰酉之合,复引起巳亥之冲也。",[]
子平真诠,子平真诠-0049,丙子甲午甲戌戊辰,甲,LIGHT,REN-CAIGUAN|SHISHI-BURUO|XIEQI-TAIZHONG|LIGHT-ROOT|BIJIE-PARTY|ROOT-STRUCK|ROOT-GAN-PRIORITY|WANGCHONG-SHUAI|SHI-GUI-LU|ZHONGGUA-2SIDE|JIRUO-WUGEN|JISHUAI-CONGSHENG|GE-QUALITY|SHI-ZHU-JI|TIANGAN-XINGQING|YONGSHEN-STRUCTURE|YONGSHEN-FINAL|ZHONG-HE,"此陆宗舆之造。午戌会可解子午之冲矣,乃因辰戌之冲,复引起子午之冲也。",[]
子平真诠,子平真诠-0050,乙丑癸未甲午甲子,甲,LIGHT,REN-CAIGUAN|SHISHI-BURUO|LIGHT-ROOT|YIN-PARTY|BIJIE-PARTY|ROOT-STRUCK|ROOT-GAN-PRIORITY|ZHONGGUA-2SIDE|JIRUO-WUGEN|GE-QUALITY|TIANGAN-XINGQING|YONGSHEN-STRUCTURE|YONGSHEN-FINAL|ZHONG-HE,"此齐耀琳之造。午未合本可解丑未之冲,乃因子午之冲,复引起丑未之冲也。
原文
更有刑冲而可以解刑者,何也？盖四柱之中,刑冲俱不为美,而刑冲用神,尤为破格,不如以另位之刑冲,解月令之
刑冲矣。假如丙生子月,卯以刑子,而支又逢酉,则又与酉冲不刑月令之官。甲生酉月,卯日冲之,而时逢子立,则
卯与子刑,而月令官星,冲之无力,虽于别宫刑冲,六亲不无刑克,而月官犹在,其格不破。是所谓以刑冲而解刑冲
也。
**【",[]
子平真诠,子平真诠-0051,丁亥丙午丁卯庚子,丁,HEAVY,REN-CAIGUAN|HEAVY-ROOT|BIJIE-PARTY|ROOT-STRUCK|ROOT-GAN-PRIORITY|WANGCHONG-SHUAI|ZHONGGUA-2SIDE|JIRUO-WUGEN|JIWANG-HUAIJI|GE-QUALITY|CAI-RUO-SHEN-QIANG|SHI-ZHU-JI|TIANGAN-XINGQING|YONGSHEN-STRUCTURE|YONGSHEN-FINAL|ZHONG-HE,"此因子卯之刑,而解子午之冲也。为敝友陈君造。",[]
子平真诠,子平真诠-0052,甲戌丙子癸卯壬戌,癸,HEAVY,REN-CAIGUAN|DESHI-BUWANG|XIEQI-TAIZHONG|HEAVY-ROOT|BIJIE-PARTY|ROOT-STRUCK|ROOT-GAN-PRIORITY|ZHONGGUA-2SIDE|JIRUO-WUGEN|JIWANG-HUAIJI|GE-QUALITY|WANGJI-SIWO-SHENG|SHI-ZHU-JI|TIANGAN-XINGQING|YONGSHEN-STRUCTURE|YONGSHEN-FINAL|ZHONG-HE,"此因卯戌之合,而解子卯之刑也。为海军总长杜锡珪造。
原文
如此之类,在人之变化而己。
**【徐注】**命理变化,不外乎干支会合刑冲,学者于此辨别明晰,八字入手,自无能逃形。上述变化,尚有未尽,
兹再举数例于下:",[]
子平真诠,子平真诠-0053,庚辰乙酉癸卯庚申,癸,LIGHT,REN-CAIGUAN|SHISHI-BURUO|XIEQI-TAIZHONG|LIGHT-ROOT|YIN-PARTY|ROOT-STRUCK|ROOT-GAN-PRIORITY|WANGCHONG-SHUAI|HE-HUASHEN-DESHI|ZHONGGUA-2SIDE|JIRUO-WUGEN|JISHUAI-CONGSHENG|GE-QUALITY|SHI-ZHU-JI|TIANGAN-XINGQING|YONGSHEN-STRUCTURE|YONGSHEN-FINAL|ZHONG-HE,"此行政院副院长孔祥熙之造也。卯酉之冲,似解辰酉之合,不知申中之庚,与卯中之乙暗合,因暗合而解冲,遂成
贵格。
有所处之地位同,因支之性质,而有解不能解之别。如:",[]
子平真诠,子平真诠-0054,丁酉壬寅辛巳丙申,辛,HEAVY,REN-CAIGUAN|XIEQI-TAIZHONG|HEAVY-ROOT|ROOT-STRUCK|ROOT-GAN-PRIORITY|WANGCHONG-SHUAI|HE-HUASHEN-DESHI|SHI-GUI-LU|ZHONGGUA-2SIDE|RI-BEI-HE|JIRUO-WUGEN|JISHUAI-CONGSHENG|SHIYONG-YUELING-XIANGFU|GE-QUALITY|YONGSHEN-STRUCTURE|YONGSHEN-FINAL|ZHONG-HE,"酉巳之会,因隔寅木而不成局；寅申之冲,亦因隔巳火而不成冲；且巳申刑而带合,去申中庚金,使其不伤寅木,
财官之用无损,便成贵格。此造摘自《神峰通考》。",[]
子平真诠,子平真诠-0055,辛未丙申丁亥壬寅,丁,LIGHT,REN-CAIGUAN|SHISHI-BURUO|LIGHT-ROOT|BIJIE-PARTY|ROOT-GAN-PRIORITY|WANGCHONG-SHUAI|ZHONGGUA-2SIDE|RI-BEI-HE|JIRUO-WUGEN|SHIYONG-YUELING-XIANGFU|GE-QUALITY|TIANGAN-XINGQING|YONGSHEN-STRUCTURE|YONGSHEN-FINAL|ZHONG-HE,"亥未隔申,不能成局；寅亥之合,似可解寅申之冲, 无如申金秉令,亥中壬甲休囚,不能解金木之争；且丁壬寅亥,
天地合而假化,旺金伤木,化气破格。此逊清光绪皇帝造也。
又四柱之中,刑冲俱非美事,此言亦未尽然。喜用被冲,则非美事,忌神被冲,则以成格,非可一例言也。举例如下:",[]
子平真诠,子平真诠-0056,辛卯丁酉庚午丙子,庚,HEAVY,REN-CAIGUAN|DESHI-BUWANG|HEAVY-ROOT|BIJIE-PARTY|ROOT-STRUCK|ROOT-GAN-PRIORITY|WANGCHONG-SHUAI|ZHONGGUA-2SIDE|JIRUO-WUGEN|JIWANG-HUAIJI|GE-QUALITY|YONGSHEN-STRUCTURE|YONGSHEN-FINAL|ZHONG-HE,"煞刃格。天干丁火制辛,煞旺劫轻,喜子冲午,使火不伤金,酉冲卯,使木不助煞,此两冲大得其用。此清乾隆皇帝
之造也。",[]
子平真诠,子平真诠-0057,戊辰甲寅丁卯己酉,丁,LIGHT,REN-CAIGUAN|SHISHI-BURUO|XIEQI-TAIZHONG|LIGHT-ROOT|YIN-PARTY|ROOT-STRUCK|ROOT-GAN-PRIORITY|WANGCHONG-SHUAI|SHI-GUI-LU|ZHONGGUA-2SIDE|JIRUO-WUGEN|JISHUAI-CONGSHENG|GE-QUALITY|SHI-ZHU-JI|TIANGAN-XINGQING|YONGSHEN-STRUCTURE|YONGSHEN-FINAL|ZHONG-HE,"寅卯辰气聚东方而透甲,印星太旺,时上酉冲卯,损其有余,去其太过,却到好处。此国府主席林森之造。或云戊
申时,然不论其为申为酉,用神同为取财损印,特借以阐明刑冲会合之理而已。
白话译文
三刑（子卯、寅巳申、丑戌未、辰午酉亥四组相互克制）、六冲（地支正对的六组冲克，如子午、卯
酉）、三合（三支地支聚成同一五行局，如申子辰合水局）、六合（两支相邻成对，如子丑相合），是地
支关系的四大基本类型，构成八字变",[]
子平真诠,子平真诠-0058,丁亥丙午壬寅己酉,壬,HEAVY,REN-CAIGUAN|HEAVY-ROOT|ROOT-STRUCK|ROOT-GAN-PRIORITY|ZHONGGUA-2SIDE|RI-BEI-HE|JIRUO-WUGEN|GE-QING|GE-QUALITY|YONGSHEN-STRUCTURE|YONGSHEN-FINAL|ZHONG-HE,"乙巳 甲辰 癸卯 壬寅 辛丑 庚子
财旺身弱，月令己土官星透出，财官两旺而身弱，故用印而不用官，以印扶助日元为用神。为前外交部长伍
朝枢命造。",['身弱']
子平真诠,子平真诠-0059,乙巳甲辰癸卯壬寅,癸,LIGHT,REN-CAIGUAN|SHISHI-BURUO|XIEQI-TAIZHONG|LIGHT-ROOT|BIJIE-PARTY|ROOT-STRUCK|ROOT-GAN-PRIORITY|ZHONGGUA-2SIDE|JIRUO-WUGEN|JISHUAI-CONGSHENG|SHIYONG-YUELING-XIANGFU|GE-QUALITY|SHI-ZHU-JI|TIANGAN-XINGQING|YONGSHEN-STRUCTURE|YONGSHEN-FINAL|ZHONG-HE,"辛丑 庚子
财旺身弱，月令己土官星透出，财官两旺而身弱，故用印而不用官，以印扶助日元为用神。为前外交部长伍
朝枢命造。",['身弱']
子平真诠,子平真诠-0060,丁卯癸丑丙申戊子,丙,NONE,SHAZHONG-SHENQING|XIEQI-TAIZHONG|ZHONGGUA-2SIDE|WUGEN-YOUFU|JISHUAI-CONGSHENG|SHIYONG-YUELING-XIANGFU|GE-QUALITY|YUN-SHENG-ROOT|SHI-ZHU-JI|YONGSHEN-STRUCTURE|YONGSHEN-FINAL,"壬子 辛亥 庚戌 己酉 戊申 丁未
丑中癸水官星透出，子申会局助之，水旺火弱，用劫帮身为用神。此为蔡孑民先生命造。",[]
子平真诠,子平真诠-0061,壬子辛亥庚戌己酉,庚,HEAVY,REN-CAIGUAN|SHISHI-BURUO|XIEQI-TAIZHONG|HEAVY-ROOT|YIN-PARTY|BIJIE-PARTY|ROOT-STRUCK|ROOT-GAN-PRIORITY|SHI-GUI-LU|ZHONGGUA-2SIDE|JIRUO-WUGEN|JIWANG-HUAIJI|JISHUAI-CONGSHENG|GE-QUALITY|YONGSHEN-STRUCTURE|YONGSHEN-FINAL|ZHONG-HE,"戊申 丁未
丑中癸水官星透出，子申会局助之，水旺火弱，用劫帮身为用神。此为蔡孑民先生命造。",[]
子平真诠,子平真诠-0062,癸巳丁巳丁卯丙午,丁,HEAVY,REN-CAIGUAN|HEAVY-ROOT|BIJIE-PARTY|ROOT-STRUCK|ROOT-GAN-PRIORITY|SHI-GUI-LU|ZHONGGUA-2SIDE|JIRUO-WUGEN|JIWANG-HUAIJI|GE-QING|GE-QUALITY|TIANGAN-XINGQING|YONGSHEN-STRUCTURE|YONGSHEN-FINAL|ZHONG-HE,"丙辰 乙卯 甲寅 癸丑 壬子 辛亥 庚戌
日元太旺，取年上癸水抑制日元为用，行官煞运大发。为交通部长朱家骅命造。
(林注：此造火成气势，必然从火。行官煞运大发，乃是“制忌神时得忌喜”的原理，即以水之官煞为忌神，
行忌神运，忌神有制化，反得官禄。丙辰、乙卯、甲寅三旬为木火喜用大运；癸丑运，虽然水有微根，但原
局有卯木制土，依然是水弱火强，可能是一生中最差的大运；壬子运，天干壬水被丁火合，地支子午逢冲",[]
子平真诠,子平真诠-0063,丙辰乙卯甲寅癸丑,甲,HEAVY,REN-CAIGUAN|DESHI-BUWANG|XIEQI-TAIZHONG|HEAVY-ROOT|YIN-PARTY|BIJIE-PARTY|ROOT-STRUCK|ROOT-GAN-PRIORITY|ZHONGGUA-2SIDE|JIRUO-WUGEN|JIWANG-HUAIJI|GE-QUALITY|WANGJI-SIWO-SHENG|SHI-ZHU-JI|TIANGAN-XINGQING|YONGSHEN-STRUCTURE|YONGSHEN-FINAL|ZHONG-HE,"壬子 辛亥 庚戌
日元太旺，取年上癸水抑制日元为用，行官煞运大发。为交通部长朱家骅命造。
(林注：此造火成气势，必然从火。行官煞运大发，乃是“制忌神时得忌喜”的原理，即以水之官煞为忌神，
行忌神运，忌神有制化，反得官禄。丙辰、乙卯、甲寅三旬为木火喜用大运；癸丑运，虽然水有微根，但原
局有卯木制土，依然是水弱火强，可能是一生中最差的大运；壬子运，天干壬水被丁火合，地支子午逢冲、
午胜子败，为“有药得",[]
子平真诠,子平真诠-0064,丙子壬辰壬申乙巳,壬,HEAVY,REN-CAIGUAN|SHISHI-BURUO|XIEQI-TAIZHONG|HEAVY-ROOT|BIJIE-PARTY|ROOT-STRUCK|ROOT-GAN-PRIORITY|ZHONGGUA-2SIDE|JIRUO-WUGEN|JIWANG-HUAIJI|JISHUAI-CONGSHENG|SHIYONG-YUELING-XIANGFU|GE-QING|GE-QUALITY|SHI-ZHU-JI|YONGSHEN-STRUCTURE|YONGSHEN-FINAL|ZHONG-HE,"癸巳 甲午 乙未 丙申 丁酉 戊戌
亦日元太旺，辰中乙木余气透干，用以泄日元之秀，亦抑之之意。为前财政部长王克敏命造。
扶抑月令之神为用",[]
子平真诠,子平真诠-0065,癸巳甲午乙未丙申,乙,LIGHT,REN-CAIGUAN|SHISHI-BURUO|XIEQI-TAIZHONG|LIGHT-ROOT|TENGLUO-XIJIA|YIN-PARTY|BIJIE-PARTY|ROOT-GAN-PRIORITY|ZHONGGUA-2SIDE|JIRUO-WUGEN|JISHUAI-CONGSHENG|GE-QING|GE-QUALITY|SHI-ZHU-JI|TIANGAN-XINGQING|YONGSHEN-STRUCTURE|YONGSHEN-FINAL|ZHONG-HE,"丁酉 戊戌
亦日元太旺，辰中乙木余气透干，用以泄日元之秀，亦抑之之意。为前财政部长王克敏命造。
扶抑月令之神为用",[]
子平真诠,子平真诠-0066,戊辰甲寅丁卯戊申,丁,NONE,SHISHI-BURUO|XIEQI-TAIZHONG|YIN-PARTY|WANGCHONG-SHUAI|ZHONGGUA-2SIDE|WUGEN-YOUFU|JISHUAI-CONGSHENG|SHIYONG-YUELING-XIANGFU|GE-QUALITY|YUN-SHENG-ROOT|SHI-ZHU-JI|TIANGAN-XINGQING|YONGSHEN-STRUCTURE|YONGSHEN-FINAL|ZHONG-HE,"乙卯 丙辰 丁巳 戊午 己未 庚申 辛酉 壬戌
寅卯辰气全东方而透甲，用神太强，取财损印为用此国民政府林主席森之造也。",[]
子平真诠,子平真诠-0067,乙卯丙辰丁巳戊午,丁,HEAVY,REN-CAIGUAN|SHISHI-BURUO|XIEQI-TAIZHONG|HEAVY-ROOT|YIN-PARTY|BIJIE-PARTY|ROOT-STRUCK|ROOT-GAN-PRIORITY|SHI-GUI-LU|ZHONGGUA-2SIDE|JIRUO-WUGEN|JIWANG-HUAIJI|JISHUAI-CONGSHENG|GE-QUALITY|TIANGAN-XINGQING|YONGSHEN-STRUCTURE|YONGSHEN-FINAL|ZHONG-HE,"己未 庚申 辛酉 壬戌
寅卯辰气全东方而透甲，用神太强，取财损印为用此国民政府林主席森之造也。",[]
子平真诠,子平真诠-0068,己未庚申辛酉壬戌,辛,HEAVY,REN-CAIGUAN|DESHI-BUWANG|XIEQI-TAIZHONG|HEAVY-ROOT|YIN-PARTY|BIJIE-PARTY|ROOT-STRUCK|ROOT-GAN-PRIORITY|SHI-GUI-LU|ZHONGGUA-2SIDE|JIRUO-WUGEN|JIWANG-HUAIJI|SHIYONG-YUELING-XIANGFU|GE-QUALITY|WANGJI-SIWO-SHENG|SHI-ZHU-JI|YONGSHEN-STRUCTURE|YONGSHEN-FINAL|ZHONG-HE,寅卯辰气全东方而透甲，用神太强，取财损印为用此国民政府林主席森之造也。,[]
子平真诠,子平真诠-0069,己卯丁丑癸丑乙卯,癸,LIGHT,REN-CAIGUAN|XIEQI-TAIZHONG|LIGHT-ROOT|ROOT-GAN-PRIORITY|SHI-GUI-LU|ZHONGGUA-2SIDE|JIRUO-WUGEN|JISHUAI-CONGSHENG|GE-QING|GE-QUALITY|TIANGAN-XINGQING|YONGSHEN-STRUCTURE|YONGSHEN-FINAL|ZHONG-HE,"丙子 乙亥 甲戌 癸酉 壬申 辛未
月令七煞透干，取食神制煞为用，亦用神太强而抑之也。为前行政院长谭延闿命造。",[]
子平真诠,子平真诠-0070,丙子乙亥甲戌癸酉,甲,HEAVY,REN-CAIGUAN|SHISHI-BURUO|XIEQI-TAIZHONG|HEAVY-ROOT|YIN-PARTY|BIJIE-PARTY|ROOT-GAN-PRIORITY|ZHONGGUA-2SIDE|JIWANG-HUAIJI|JISHUAI-CONGSHENG|GE-QUALITY|SHI-ZHU-JI|TIANGAN-XINGQING|YONGSHEN-STRUCTURE|YONGSHEN-FINAL|ZHONG-HE,"壬申 辛未
月令七煞透干，取食神制煞为用，亦用神太强而抑之也。为前行政院长谭延闿命造。",[]
子平真诠,子平真诠-0071,戊戌己未丙子庚寅,丙,HEAVY,REN-CAIGUAN|XIEQI-TAIZHONG|HEAVY-ROOT|ROOT-STRUCK|ROOT-GAN-PRIORITY|SHI-GUI-LU|ZHONGGUA-2SIDE|JIRUO-WUGEN|JIWANG-HUAIJI|JISHUAI-CONGSHENG|GE-QUALITY|YONGSHEN-STRUCTURE|YONGSHEN-FINAL|ZHONG-HE,"庚申 辛酉 壬戌 癸亥 甲子 乙丑
丙火生于六月，余焰犹存，时逢寅木，子水官星生印，日元弱而不弱。月令己土伤官透出，八字四重土，泄
气太重，用财泄伤为用，亦太强而抑之也。此合肥李君命造。",[]
子平真诠,子平真诠-0072,庚申辛酉壬戌癸亥,壬,HEAVY,REN-CAIGUAN|SHISHI-BURUO|HEAVY-ROOT|YIN-PARTY|BIJIE-PARTY|ROOT-STRUCK|ROOT-GAN-PRIORITY|SHI-GUI-LU|ZHONGGUA-2SIDE|JIRUO-WUGEN|JIWANG-HUAIJI|GE-QUALITY|YONGSHEN-STRUCTURE|YONGSHEN-FINAL|ZHONG-HE,"甲子 乙丑
丙火生于六月，余焰犹存，时逢寅木，子水官星生印，日元弱而不弱。月令己土伤官透出，八字四重土，泄
气太重，用财泄伤为用，亦太强而抑之也。此合肥李君命造。",[]
子平真诠,子平真诠-0073,乙亥癸未己亥辛未,己,HEAVY,REN-CAIGUAN|DESHI-BUWANG|HEAVY-ROOT|ROOT-GAN-PRIORITY|SHI-GUI-LU|ZHONGGUA-2SIDE|JIWANG-HUAIJI|SHIYONG-YUELING-XIANGFU|GE-QUALITY|WANGJI-SIWO-SHENG|SHI-ZHU-JI|TIANGAN-XINGQING|YONGSHEN-STRUCTURE|YONGSHEN-FINAL|ZHONG-HE,"壬午 辛巳 庚辰 己卯 戊寅 丁丑
己土日元，通根月令，年上乙木微弱，乃用神太弱而扶之也。此前交通总长曾毓隽造。
(林注：此造无火，土无原神，地支两亥拱合两未，木有余气暗禄印绶，天干土金水木顺生，应作日元微
弱、弃命从杀论，所以同样取乙木为用。而非用神太弱扶之也。)",[]
子平真诠,子平真诠-0074,壬午辛巳庚辰己卯,庚,HEAVY,REN-CAIGUAN|SHISHI-BURUO|XIEQI-TAIZHONG|HEAVY-ROOT|YIN-PARTY|BIJIE-PARTY|ROOT-GAN-PRIORITY|ZHONGGUA-2SIDE|JISHUAI-CONGSHENG|GE-QUALITY|SHI-ZHU-JI|YONGSHEN-STRUCTURE|YONGSHEN-FINAL|ZHONG-HE,"戊寅 丁丑
己土日元，通根月令，年上乙木微弱，乃用神太弱而扶之也。此前交通总长曾毓隽造。
(林注：此造无火，土无原神，地支两亥拱合两未，木有余气暗禄印绶，天干土金水木顺生，应作日元微
弱、弃命从杀论，所以同样取乙木为用。而非用神太弱扶之也。)",[]
子平真诠,子平真诠-0075,己巳乙亥壬子乙巳,壬,HEAVY,REN-CAIGUAN|DESHI-BUWANG|XIEQI-TAIZHONG|HEAVY-ROOT|ROOT-STRUCK|ROOT-GAN-PRIORITY|WANGCHONG-SHUAI|ZHONGGUA-2SIDE|JIRUO-WUGEN|JIWANG-HUAIJI|GE-QUALITY|WANGJI-SIWO-SHENG|SHI-ZHU-JI|YONGSHEN-STRUCTURE|YONGSHEN-FINAL|ZHONG-HE,"甲戌 癸酉 壬申 辛未 庚午 己巳
年上己被乙克，巳遭亥冲，置之不用，身旺气寒，时之巳火微弱，取伤官生财为用，亦用神弱者扶之也。乃
前内阁总理周自齐造。
(二)病药",['身旺']
子平真诠,子平真诠-0076,甲戌癸酉壬申辛未,壬,HEAVY,REN-CAIGUAN|SHISHI-BURUO|XIEQI-TAIZHONG|HEAVY-ROOT|YIN-PARTY|BIJIE-PARTY|ROOT-GAN-PRIORITY|ZHONGGUA-2SIDE|JIWANG-HUAIJI|JISHUAI-CONGSHENG|GE-QUALITY|SHI-ZHU-JI|YONGSHEN-STRUCTURE|YONGSHEN-FINAL|ZHONG-HE,"庚午 己巳
年上己被乙克，巳遭亥冲，置之不用，身旺气寒，时之巳火微弱，取伤官生财为用，亦用神弱者扶之也。乃
前内阁总理周自齐造。
(二)病药",['身旺']
子平真诠,子平真诠-0077,戊戌甲子己巳戊辰,己,HEAVY,REN-CAIGUAN|SHISHI-BURUO|HEAVY-ROOT|BIJIE-PARTY|ROOT-STRUCK|ROOT-GAN-PRIORITY|SHI-GUI-LU|ZHONGGUA-2SIDE|RI-BEI-HE|JIRUO-WUGEN|SHIYONG-YUELING-XIANGFU|GE-QUALITY|SHI-ZHU-JI|TIANGAN-XINGQING|YONGSHEN-STRUCTURE|YONGSHEN-FINAL|ZHONG-HE,"乙丑 丙寅 丁卯 戊辰 己巳 庚午 辛未
月令偏财当令，比劫争财为病，取甲木官星制劫为用，盖制劫所以护财也。此为合肥李君命造(按此造须兼
取巳中丙火。十一月气寒，得火暖之，方得发荣，即调候之意也)。",[]
子平真诠,子平真诠-0078,乙丑丙寅丁卯戊辰,丁,NONE,SHISHI-BURUO|XIEQI-TAIZHONG|YIN-PARTY|BIJIE-PARTY|ZHONGGUA-2SIDE|WUGEN-YOUFU|JISHUAI-CONGSHENG|SHIYONG-YUELING-XIANGFU|GE-QUALITY|YUN-SHENG-ROOT|SHI-ZHU-JI|TIANGAN-XINGQING|YONGSHEN-STRUCTURE|YONGSHEN-FINAL|ZHONG-HE,"己巳 庚午 辛未
月令偏财当令，比劫争财为病，取甲木官星制劫为用，盖制劫所以护财也。此为合肥李君命造(按此造须兼
取巳中丙火。十一月气寒，得火暖之，方得发荣，即调候之意也)。",[]
子平真诠,子平真诠-0079,壬戌己酉丁丑甲辰,丁,LIGHT,REN-CAIGUAN|SHISHI-BURUO|XIEQI-TAIZHONG|LIGHT-ROOT|YIN-PARTY|ROOT-STRUCK|ROOT-GAN-PRIORITY|ZHONGGUA-2SIDE|RI-BEI-HE|JIRUO-WUGEN|JISHUAI-CONGSHENG|GE-QUALITY|SHI-ZHU-JI|TIANGAN-XINGQING|YONGSHEN-STRUCTURE|YONGSHEN-FINAL|ZHONG-HE,"月令财旺生官，己土食神损官为病，以甲木去己土为用，此为南浔刘澄如命造。
(三)调候",[]
子平真诠,子平真诠-0080,壬辰癸丑辛丑甲午,辛,LIGHT,REN-CAIGUAN|XIEQI-TAIZHONG|LIGHT-ROOT|ROOT-STRUCK|ROOT-GAN-PRIORITY|ZHONGGUA-2SIDE|JIRUO-WUGEN|JISHUAI-CONGSHENG|SHIYONG-YUELING-XIANGFU|GE-QUALITY|SHI-ZHU-JI|YONGSHEN-STRUCTURE|YONGSHEN-FINAL|ZHONG-HE,"甲寅 乙卯 丙辰 丁巳 戊午 己未
金寒水冷，土结为冰，取时上午火为用，乃调和气候之意。此逊清王湘绮命造。",[]
子平真诠,子平真诠-0081,甲寅乙卯丙辰丁巳,丙,HEAVY,REN-CAIGUAN|SHISHI-BURUO|HEAVY-ROOT|YIN-PARTY|BIJIE-PARTY|ROOT-STRUCK|ROOT-GAN-PRIORITY|SHI-GUI-LU|ZHONGGUA-2SIDE|JIRUO-WUGEN|JIWANG-HUAIJI|GE-QUALITY|SHI-ZHU-JI|YONGSHEN-STRUCTURE|YONGSHEN-FINAL|ZHONG-HE,"戊午 己未
金寒水冷，土结为冰，取时上午火为用，乃调和气候之意。此逊清王湘绮命造。",[]
子平真诠,子平真诠-0082,辛亥己亥壬午辛亥,壬,HEAVY,REN-CAIGUAN|DESHI-BUWANG|HEAVY-ROOT|ROOT-STRUCK|ROOT-GAN-PRIORITY|SHI-GUI-LU|ZHONGGUA-2SIDE|JIRUO-WUGEN|JIWANG-HUAIJI|SHIYONG-YUELING-XIANGFU|GE-QUALITY|YONGSHEN-STRUCTURE|YONGSHEN-FINAL|ZHONG-HE,"戊戌 丁酉 丙申 乙未 甲午 癸巳
虽己土官星透干，无午支丁火，则官星无用，亦调候之意。乃南通张退厂命造。
病药为用，如原局无去病之神，必须运程弥欺缺，方得发展，调候亦然。倘格局转变则不在此例。
(四)专旺",[]
子平真诠,子平真诠-0083,戊戌丁酉丙申乙未,丙,LIGHT,REN-CAIGUAN|SHISHI-BURUO|XIEQI-TAIZHONG|LIGHT-ROOT|YIN-PARTY|BIJIE-PARTY|ROOT-STRUCK|ROOT-GAN-PRIORITY|SHI-GUI-LU|ZHONGGUA-2SIDE|JIRUO-WUGEN|JISHUAI-CONGSHENG|GE-QUALITY|YONGSHEN-STRUCTURE|YONGSHEN-FINAL|ZHONG-HE,"甲午 癸巳
虽己土官星透干，无午支丁火，则官星无用，亦调候之意。乃南通张退厂命造。
病药为用，如原局无去病之神，必须运程弥欺缺，方得发展，调候亦然。倘格局转变则不在此例。
(四)专旺",[]
子平真诠,子平真诠-0084,壬寅丁未己卯乙亥,己,HEAVY,REN-CAIGUAN|DESHI-BUWANG|HEAVY-ROOT|YIN-PARTY|ROOT-GAN-PRIORITY|ZHONGGUA-2SIDE|JIRUO-WUGEN|JIWANG-HUAIJI|GE-QING|GE-QUALITY|SHI-ZHU-JI|TIANGAN-XINGQING|YONGSHEN-STRUCTURE|YONGSHEN-FINAL|ZHONG-HE,"戊申 己酉 庚戌 辛亥 壬子 癸丑
丁壬寅亥卯未，气偏于木，从其旺势为用。此前外交总长伍廷芳命造，为从煞格也。",[]
子平真诠,子平真诠-0085,戊申己酉庚戌辛亥,庚,HEAVY,REN-CAIGUAN|HEAVY-ROOT|YIN-PARTY|BIJIE-PARTY|ROOT-STRUCK|ROOT-GAN-PRIORITY|ZHONGGUA-2SIDE|JIRUO-WUGEN|JIWANG-HUAIJI|GE-QUALITY|SHI-ZHU-JI|YONGSHEN-STRUCTURE|YONGSHEN-FINAL|ZHONG-HE,"壬子 癸丑
丁壬寅亥卯未，气偏于木，从其旺势为用。此前外交总长伍廷芳命造，为从煞格也。",[]
子平真诠,子平真诠-0086,丁巳丁未丁卯癸卯,丁,HEAVY,REN-CAIGUAN|SHISHI-BURUO|HEAVY-ROOT|BIJIE-PARTY|ROOT-GAN-PRIORITY|ZHONGGUA-2SIDE|JIWANG-HUAIJI|SHIYONG-YUELING-XIANGFU|GE-QING|GE-QUALITY|TIANGAN-XINGQING|YONGSHEN-STRUCTURE|YONGSHEN-FINAL|ZHONG-HE,"丙午 乙巳 甲辰 癸卯 壬寅 辛丑
虽有癸水七煞透出，而有卯木化之，亦宜顺其旺势。此前清戚杨知府命造。",[]
子平真诠,子平真诠-0087,丙午乙巳甲辰癸卯,甲,HEAVY,REN-CAIGUAN|SHISHI-BURUO|XIEQI-TAIZHONG|HEAVY-ROOT|YIN-PARTY|BIJIE-PARTY|ROOT-STRUCK|ROOT-GAN-PRIORITY|SHI-GUI-LU|ZHONGGUA-2SIDE|JIRUO-WUGEN|JIWANG-HUAIJI|JISHUAI-CONGSHENG|GE-QUALITY|TIANGAN-XINGQING|YONGSHEN-STRUCTURE|YONGSHEN-FINAL|ZHONG-HE,"壬寅 辛丑
虽有癸水七煞透出，而有卯木化之，亦宜顺其旺势。此前清戚杨知府命造。",[]
子平真诠,子平真诠-0088,乙丑己卯乙亥癸未,乙,HEAVY,REN-CAIGUAN|DESHI-BUWANG|HEAVY-ROOT|YIN-PARTY|BIJIE-PARTY|ROOT-STRUCK|ROOT-GAN-PRIORITY|SHI-GUI-LU|ZHONGGUA-2SIDE|JIRUO-WUGEN|JIWANG-HUAIJI|SHIYONG-YUELING-XIANGFU|GE-QUALITY|SHI-ZHU-JI|TIANGAN-XINGQING|YONGSHEN-STRUCTURE|YONGSHEN-FINAL|ZHONG-HE,"戊寅 丁丑 丙子 乙亥 甲戌 癸酉
春木成局，四柱无金，为曲直仁寿格，乃段执政祺瑞命造也。",[]
子平真诠,子平真诠-0089,戊寅丁丑丙子乙亥,丙,HEAVY,REN-CAIGUAN|SHISHI-BURUO|XIEQI-TAIZHONG|HEAVY-ROOT|YIN-PARTY|BIJIE-PARTY|ROOT-STRUCK|ROOT-GAN-PRIORITY|ZHONGGUA-2SIDE|JIRUO-WUGEN|JIWANG-HUAIJI|JISHUAI-CONGSHENG|GE-QING|GE-QUALITY|SHI-ZHU-JI|YONGSHEN-STRUCTURE|YONGSHEN-FINAL|ZHONG-HE,"甲戌 癸酉
春木成局，四柱无金，为曲直仁寿格，乃段执政祺瑞命造也。",[]
子平真诠,子平真诠-0090,戊寅乙卯丁未壬寅,丁,LIGHT,REN-CAIGUAN|SHISHI-BURUO|XIEQI-TAIZHONG|LIGHT-ROOT|YIN-PARTY|ROOT-GAN-PRIORITY|HE-HUASHEN-DESHI|ZHONGGUA-2SIDE|RI-BEI-HE|JIRUO-WUGEN|JISHUAI-CONGSHENG|GE-QING|GE-QUALITY|TIANGAN-XINGQING|YONGSHEN-STRUCTURE|YONGSHEN-FINAL|ZHONG-HE,"丙辰 丁巳 戊午 己未 庚申 辛酉
丁壬相合，月时卯寅，化气格真，化神喜行旺地，旺之极者，亦喜其泄。此丁壬化木格，孙岳之命造也。
(五)通关",[]
子平真诠,子平真诠-0091,丙辰丁巳戊午己未,戊,HEAVY,REN-CAIGUAN|SHISHI-BURUO|HEAVY-ROOT|YIN-PARTY|BIJIE-PARTY|ROOT-GAN-PRIORITY|SHI-GUI-LU|ZHONGGUA-2SIDE|JIWANG-HUAIJI|GE-QING|GE-QUALITY|SHI-ZHU-JI|YONGSHEN-STRUCTURE|YONGSHEN-FINAL|ZHONG-HE,"庚申 辛酉
丁壬相合，月时卯寅，化气格真，化神喜行旺地，旺之极者，亦喜其泄。此丁壬化木格，孙岳之命造也。
(五)通关",[]
子平真诠,子平真诠-0092,丁酉丙午丁酉己酉,丁,HEAVY,REN-CAIGUAN|DESHI-BUWANG|XIEQI-TAIZHONG|HEAVY-ROOT|BIJIE-PARTY|ROOT-STRUCK|ROOT-GAN-PRIORITY|SHI-GUI-LU|ZHONGGUA-2SIDE|JIRUO-WUGEN|JIWANG-HUAIJI|GE-QUALITY|WANGJI-SIWO-SHENG|SHI-ZHU-JI|TIANGAN-XINGQING|YONGSHEN-STRUCTURE|YONGSHEN-FINAL|ZHONG-HE,"乙巳 甲辰 癸卯 壬寅 辛丑 庚子
火金相战，取土通关为富格，盖无土则金不能用也。此名会计师江万平君造。",[]
子平真诠,子平真诠-0093,乙巳甲辰癸卯壬寅,癸,LIGHT,REN-CAIGUAN|SHISHI-BURUO|XIEQI-TAIZHONG|LIGHT-ROOT|BIJIE-PARTY|ROOT-STRUCK|ROOT-GAN-PRIORITY|ZHONGGUA-2SIDE|JIRUO-WUGEN|JISHUAI-CONGSHENG|SHIYONG-YUELING-XIANGFU|GE-QUALITY|SHI-ZHU-JI|TIANGAN-XINGQING|YONGSHEN-STRUCTURE|YONGSHEN-FINAL|ZHONG-HE,"辛丑 庚子
火金相战，取土通关为富格，盖无土则金不能用也。此名会计师江万平君造。",[]
子平真诠,子平真诠-0094,癸亥庚申甲寅乙亥,甲,HEAVY,REN-CAIGUAN|SHISHI-BURUO|HEAVY-ROOT|JUECHU-FENGSHENG|YIN-PARTY|BIJIE-PARTY|ROOT-STRUCK|ROOT-GAN-PRIORITY|WANGCHONG-SHUAI|HE-HUASHEN-DESHI|SHI-GUI-LU|ZHONGGUA-2SIDE|JIRUO-WUGEN|SHIYONG-YUELING-XIANGFU|GE-QUALITY|TIANGAN-XINGQING|YONGSHEN-STRUCTURE|YONGSHEN-FINAL|ZHONG-HE,"己未 戊午 丁巳 丙辰 乙卯 甲寅
金木相战，取水通关，以煞印相生为用。乃陆建章命造。
通关之法，极为重要，如原局无通关之神，亦必运程弥其缺憾，方有发展。用神如是，而喜神与忌神之间，
亦以运行通关之地，调和其气为美。如财印双清者，以官煞运为美；月劫用财格，以食伤运为美。即通关之
意也。
原文
是以善而顺用之，则财喜食神以相生，生官以护财；官喜透财以相生，生印以护官；印喜官煞以相生，劫财
以护印；食",['身旺']
子平真诠,子平真诠-0095,己未戊午丁巳丙辰,丁,HEAVY,REN-CAIGUAN|DESHI-BUWANG|XIEQI-TAIZHONG|HEAVY-ROOT|BIJIE-PARTY|ROOT-GAN-PRIORITY|ZHONGGUA-2SIDE|JIWANG-HUAIJI|GE-QING|GE-QUALITY|WANGJI-SIWO-SHENG|SHI-ZHU-JI|TIANGAN-XINGQING|YONGSHEN-STRUCTURE|YONGSHEN-FINAL|ZHONG-HE,"乙卯 甲寅
金木相战，取水通关，以煞印相生为用。乃陆建章命造。
通关之法，极为重要，如原局无通关之神，亦必运程弥其缺憾，方有发展。用神如是，而喜神与忌神之间，
亦以运行通关之地，调和其气为美。如财印双清者，以官煞运为美；月劫用财格，以食伤运为美。即通关之
意也。
原文
是以善而顺用之，则财喜食神以相生，生官以护财；官喜透财以相生，生印以护官；印喜官煞以相生，劫财
以护印；食喜身旺以相生，生财以护食",['身旺']
子平真诠,子平真诠-0096,壬戌己酉丁丑甲辰,丁,LIGHT,REN-CAIGUAN|SHISHI-BURUO|XIEQI-TAIZHONG|LIGHT-ROOT|YIN-PARTY|ROOT-STRUCK|ROOT-GAN-PRIORITY|ZHONGGUA-2SIDE|RI-BEI-HE|JIRUO-WUGEN|JISHUAI-CONGSHENG|GE-QUALITY|SHI-ZHU-JI|TIANGAN-XINGQING|YONGSHEN-STRUCTURE|YONGSHEN-FINAL|ZHONG-HE,"庚戌 辛亥 壬子 癸丑 甲寅 乙卯
此南浔刘澄如造。月令财星生官，格之成也，而干透己土，官星被伤，成中有败。时干透甲印，而财印不相
碍，印绶制食，格局以成。年上官星破，故不贵；丁己同宫，财星有情，故为浙西首富。行官煞运有印化，
为败中有成也。",[]
子平真诠,子平真诠-0097,庚戌辛亥壬子癸丑,壬,HEAVY,REN-CAIGUAN|HEAVY-ROOT|YIN-PARTY|BIJIE-PARTY|ROOT-GAN-PRIORITY|SHI-GUI-LU|ZHONGGUA-2SIDE|JIWANG-HUAIJI|GE-QING|GE-QUALITY|SHI-ZHU-JI|YONGSHEN-STRUCTURE|YONGSHEN-FINAL|ZHONG-HE,"甲寅 乙卯
此南浔刘澄如造。月令财星生官，格之成也，而干透己土，官星被伤，成中有败。时干透甲印，而财印不相
碍，印绶制食，格局以成。年上官星破，故不贵；丁己同宫，财星有情，故为浙西首富。行官煞运有印化，
为败中有成也。",[]
子平真诠,子平真诠-0098,己卯丙子庚寅辛巳,庚,HEAVY,REN-CAIGUAN|SHISHI-BURUO|HEAVY-ROOT|YIN-PARTY|BIJIE-PARTY|ROOT-STRUCK|ROOT-GAN-PRIORITY|HE-HUASHEN-DESHI|SHI-GUI-LU|ZHONGGUA-2SIDE|JIRUO-WUGEN|JIWANG-HUAIJI|GE-QUALITY|SHI-ZHU-JI|YONGSHEN-STRUCTURE|YONGSHEN-FINAL|ZHONG-HE,"乙亥 甲戌 癸酉 壬申 辛未
此申报馆主人史量才造。伤官带煞而透印，格之成也。印坐财地，不能制伤化煞，成中有败。所以仅为无冕
帝王也。煞通根寅巳而旺，只能用伤官制煞。财为忌神，居于年支，早年必困苦。至未运，会卯化财，泄伤
党煞，被刺。",[]
子平真诠,子平真诠-0099,乙亥甲戌癸酉壬申,癸,HEAVY,REN-CAIGUAN|SHISHI-BURUO|XIEQI-TAIZHONG|HEAVY-ROOT|BIJIE-PARTY|ROOT-STRUCK|ROOT-GAN-PRIORITY|ZHONGGUA-2SIDE|JIRUO-WUGEN|JISHUAI-CONGSHENG|SHIYONG-YUELING-XIANGFU|GE-QUALITY|SHI-ZHU-JI|TIANGAN-XINGQING|YONGSHEN-STRUCTURE|YONGSHEN-FINAL|ZHONG-HE,"辛未
此申报馆主人史量才造。伤官带煞而透印，格之成也。印坐财地，不能制伤化煞，成中有败。所以仅为无冕
帝王也。煞通根寅巳而旺，只能用伤官制煞。财为忌神，居于年支，早年必困苦。至未运，会卯化财，泄伤
党煞，被刺。",[]
子平真诠,子平真诠-0100,己卯丙子丙子丁酉,丙,NONE,ZHONGGUA-2SIDE|WUGEN-YOUFU|GE-QUALITY|YUN-SHENG-ROOT|SHI-ZHU-JI|YONGSHEN-STRUCTURE|YONGSHEN-FINAL,"乙亥 甲戌 癸酉 壬申 辛未 庚午 己巳
此党国元老胡汉民造。月令官星，年印时财，两不相碍，格成三奇。惟官重宜行印劫，惜运不肋耳。此造为
生于光绪五年十一月初七日酉时，或有传其为十月廿六日申时者，则成中有败矣。列式如下：",[]
子平真诠,子平真诠-0101,乙亥甲戌癸酉壬申,癸,HEAVY,REN-CAIGUAN|SHISHI-BURUO|XIEQI-TAIZHONG|HEAVY-ROOT|BIJIE-PARTY|ROOT-STRUCK|ROOT-GAN-PRIORITY|ZHONGGUA-2SIDE|JIRUO-WUGEN|JISHUAI-CONGSHENG|SHIYONG-YUELING-XIANGFU|GE-QUALITY|SHI-ZHU-JI|TIANGAN-XINGQING|YONGSHEN-STRUCTURE|YONGSHEN-FINAL|ZHONG-HE,"辛未 庚午 己巳
此党国元老胡汉民造。月令官星，年印时财，两不相碍，格成三奇。惟官重宜行印劫，惜运不肋耳。此造为
生于光绪五年十一月初七日酉时，或有传其为十月廿六日申时者，则成中有败矣。列式如下：",[]
子平真诠,子平真诠-0102,己卯丙子丙寅丙申,丙,HEAVY,REN-CAIGUAN|SHISHI-BURUO|XIEQI-TAIZHONG|HEAVY-ROOT|BIJIE-PARTY|ROOT-STRUCK|ROOT-GAN-PRIORITY|WANGCHONG-SHUAI|ZHONGGUA-2SIDE|JIRUO-WUGEN|JISHUAI-CONGSHENG|GE-QUALITY|SHI-ZHU-JI|YONGSHEN-STRUCTURE|YONGSHEN-FINAL|ZHONG-HE,"乙亥 甲戌 癸酉 壬申 辛未 庚午 己巳
月令官星，财印为辅，格之成也。惜寅申相冲，财印两伤，主虽正，奈辅佐冲突，不得力何？为成中有败
也。又浙西盐商周湘舲造，为",[]
子平真诠,子平真诠-0103,乙亥甲戌癸酉壬申,癸,HEAVY,REN-CAIGUAN|SHISHI-BURUO|XIEQI-TAIZHONG|HEAVY-ROOT|BIJIE-PARTY|ROOT-STRUCK|ROOT-GAN-PRIORITY|ZHONGGUA-2SIDE|JIRUO-WUGEN|JISHUAI-CONGSHENG|SHIYONG-YUELING-XIANGFU|GE-QUALITY|SHI-ZHU-JI|TIANGAN-XINGQING|YONGSHEN-STRUCTURE|YONGSHEN-FINAL|ZHONG-HE,"辛未 庚午 己巳
月令官星，财印为辅，格之成也。惜寅申相冲，财印两伤，主虽正，奈辅佐冲突，不得力何？为成中有败
也。又浙西盐商周湘舲造，为",[]
子平真诠,子平真诠-0104,甲子丙子丙寅丙申,丙,HEAVY,REN-CAIGUAN|SHISHI-BURUO|HEAVY-ROOT|YIN-PARTY|BIJIE-PARTY|ROOT-STRUCK|ROOT-GAN-PRIORITY|ZHONGGUA-2SIDE|JIRUO-WUGEN|GE-QUALITY|SHI-ZHU-JI|YONGSHEN-STRUCTURE|YONGSHEN-FINAL|ZHONG-HE,，两造相似，均主辅佐倾轧，晚年寥落不得意也。,[]
子平真诠,子平真诠-0105,癸巳丙辰壬申癸卯,壬,HEAVY,REN-CAIGUAN|SHISHI-BURUO|HEAVY-ROOT|BIJIE-PARTY|ROOT-STRUCK|ROOT-GAN-PRIORITY|ZHONGGUA-2SIDE|JIRUO-WUGEN|JIWANG-HUAIJI|SHIYONG-YUELING-XIANGFU|GE-QUALITY|YONGSHEN-STRUCTURE|YONGSHEN-FINAL|ZHONG-HE,"乙卯 甲寅 癸丑 壬子 辛亥
此杨杏佛命造。时逢癸卯，身旺泄秀，干透丙火，通根于巳，为伤官生财，格之成也。年时两癸，群劫争
财，成中有败也。行运到子，申子辰比劫会局，流年癸酉，冲去卯木，被刺。",['身旺']
子平真诠,子平真诠-0106,乙卯甲寅癸丑壬子,癸,HEAVY,REN-CAIGUAN|SHISHI-BURUO|XIEQI-TAIZHONG|HEAVY-ROOT|BIJIE-PARTY|ROOT-STRUCK|ROOT-GAN-PRIORITY|SHI-GUI-LU|ZHONGGUA-2SIDE|JIRUO-WUGEN|JIWANG-HUAIJI|JISHUAI-CONGSHENG|GE-QUALITY|TIANGAN-XINGQING|YONGSHEN-STRUCTURE|YONGSHEN-FINAL|ZHONG-HE,"辛亥
此杨杏佛命造。时逢癸卯，身旺泄秀，干透丙火，通根于巳，为伤官生财，格之成也。年时两癸，群劫争
财，成中有败也。行运到子，申子辰比劫会局，流年癸酉，冲去卯木，被刺。",['身旺']
子平真诠,子平真诠-0107,己卯丁丑癸丑乙卯,癸,LIGHT,REN-CAIGUAN|XIEQI-TAIZHONG|LIGHT-ROOT|ROOT-GAN-PRIORITY|SHI-GUI-LU|ZHONGGUA-2SIDE|JIRUO-WUGEN|JISHUAI-CONGSHENG|GE-QING|GE-QUALITY|TIANGAN-XINGQING|YONGSHEN-STRUCTURE|YONGSHEN-FINAL|ZHONG-HE,"丙子 乙亥 甲戌 癸酉 壬申 辛未
此前行政院长谭延闿命造也。食神制煞，而中隔以财，格之败也。喜乙丁隔癸，木不生火，煞坐食地，为败
中有成。将煞安置一旁，不引生则无碍。丁火藉以调候，不可为用，盖丁火动则生煞也。用神专取食神，非
但泄秀，兼以制煞。下救应节云，财逢煞而食神制煞以生，有救应，即是败中有成，为贵也。申运庚午年，
乙卯两官均伤，又午年丁己得禄，煞旺攻身，突然脑冲血逝世。",[]
子平真诠,子平真诠-0108,丙子乙亥甲戌癸酉,甲,HEAVY,REN-CAIGUAN|SHISHI-BURUO|XIEQI-TAIZHONG|HEAVY-ROOT|YIN-PARTY|BIJIE-PARTY|ROOT-GAN-PRIORITY|ZHONGGUA-2SIDE|JIWANG-HUAIJI|JISHUAI-CONGSHENG|GE-QUALITY|SHI-ZHU-JI|TIANGAN-XINGQING|YONGSHEN-STRUCTURE|YONGSHEN-FINAL|ZHONG-HE,"壬申 辛未
此前行政院长谭延闿命造也。食神制煞，而中隔以财，格之败也。喜乙丁隔癸，木不生火，煞坐食地，为败
中有成。将煞安置一旁，不引生则无碍。丁火藉以调候，不可为用，盖丁火动则生煞也。用神专取食神，非
但泄秀，兼以制煞。下救应节云，财逢煞而食神制煞以生，有救应，即是败中有成，为贵也。申运庚午年，
乙卯两官均伤，又午年丁己得禄，煞旺攻身，突然脑冲血逝世。",[]
子平真诠,子平真诠-0109,丁亥丙午壬寅己酉,壬,HEAVY,REN-CAIGUAN|HEAVY-ROOT|ROOT-STRUCK|ROOT-GAN-PRIORITY|ZHONGGUA-2SIDE|RI-BEI-HE|JIRUO-WUGEN|GE-QING|GE-QUALITY|YONGSHEN-STRUCTURE|YONGSHEN-FINAL|ZHONG-HE,"乙巳 甲辰 癸卯 壬寅 辛丑 庚子 己亥
此前外交部长伍朝枢命造。寅午会局，财官并透，但五月壬水休囚，财官太旺，身弱不能任用财官；喜年逢
亥禄，时逢酉印，印禄帮身为用，乃败中成也。",['身弱']
子平真诠,子平真诠-0110,乙巳甲辰癸卯壬寅,癸,LIGHT,REN-CAIGUAN|SHISHI-BURUO|XIEQI-TAIZHONG|LIGHT-ROOT|BIJIE-PARTY|ROOT-STRUCK|ROOT-GAN-PRIORITY|ZHONGGUA-2SIDE|JIRUO-WUGEN|JISHUAI-CONGSHENG|SHIYONG-YUELING-XIANGFU|GE-QUALITY|SHI-ZHU-JI|TIANGAN-XINGQING|YONGSHEN-STRUCTURE|YONGSHEN-FINAL|ZHONG-HE,"辛丑 庚子 己亥
此前外交部长伍朝枢命造。寅午会局，财官并透，但五月壬水休囚，财官太旺，身弱不能任用财官；喜年逢
亥禄，时逢酉印，印禄帮身为用，乃败中成也。",['身弱']
子平真诠,子平真诠-0111,癸巳辛酉庚申丙戌,庚,HEAVY,REN-CAIGUAN|DESHI-BUWANG|XIEQI-TAIZHONG|HEAVY-ROOT|BIJIE-PARTY|ROOT-STRUCK|ROOT-GAN-PRIORITY|SHI-GUI-LU|ZHONGGUA-2SIDE|JIRUO-WUGEN|JIWANG-HUAIJI|SHIYONG-YUELING-XIANGFU|GE-QUALITY|CAI-RUO-SHEN-QIANG|WANGJI-SIWO-SHENG|SHI-ZHU-JI|YONGSHEN-STRUCTURE|YONGSHEN-FINAL|ZHONG-HE,"庚申 己未 戊午 丁巳 丙辰 乙卯 甲寅
此石友三命造，阳刃格。时透七煞，制刃为用，格之成也。无如月干辛金合丙，年上癸水制煞，为成中有败
也。又如郭松龄造，",[]
子平真诠,子平真诠-0112,庚申己未戊午丁巳,戊,HEAVY,REN-CAIGUAN|DESHI-BUWANG|XIEQI-TAIZHONG|HEAVY-ROOT|YIN-PARTY|BIJIE-PARTY|ROOT-STRUCK|ROOT-GAN-PRIORITY|SHI-GUI-LU|ZHONGGUA-2SIDE|JIRUO-WUGEN|JIWANG-HUAIJI|GE-QING|GE-QUALITY|WANGJI-SIWO-SHENG|YONGSHEN-STRUCTURE|YONGSHEN-FINAL|ZHONG-HE,"丙辰 乙卯 甲寅
此石友三命造，阳刃格。时透七煞，制刃为用，格之成也。无如月干辛金合丙，年上癸水制煞，为成中有败
也。又如郭松龄造，",[]
子平真诠,子平真诠-0113,癸未丙辰丙午戊子,丙,HEAVY,REN-CAIGUAN|SHISHI-BURUO|XIEQI-TAIZHONG|BIJIE-PARTY|ROOT-STRUCK|ROOT-GAN-PRIORITY|ZHONGGUA-2SIDE|JIRUO-WUGEN|JIWANG-HUAIJI|JISHUAI-CONGSHENG|SHIYONG-YUELING-XIANGFU|GE-QUALITY|CAI-RUO-SHEN-QIANG|SHI-ZHU-JI|YONGSHEN-STRUCTURE|YONGSHEN-FINAL|ZHONG-HE,，亦成中有败也。格之成者，如龙济光造，,[]
子平真诠,子平真诠-0114,丁卯丙午丙子壬辰,丙,HEAVY,REN-CAIGUAN|DESHI-BUWANG|HEAVY-ROOT|BIJIE-PARTY|ROOT-STRUCK|ROOT-GAN-PRIORITY|WANGCHONG-SHUAI|ZHONGGUA-2SIDE|JIRUO-WUGEN|JIWANG-HUAIJI|GE-QUALITY|CAI-RUO-SHEN-QIANG|SHI-ZHU-JI|YONGSHEN-STRUCTURE|YONGSHEN-FINAL|ZHONG-HE,"，煞刃格成也；建禄如江万平造，
丁酉 丙午 丁酉 己酉，用食神生财，亦格之成也。
原文
何谓救应？如官逢伤而透印以解之，杂煞而合煞以清之，刑冲而会合以解之；财逢劫而透食以化之，生官以
制之，逢煞而食神制煞以生财，或存财而合煞；印逢财而劫财以解之，或合财而存印；食逢枭而就煞以成
格，或生财以护食；煞逢食制，印来护煞，而逢财以去印存食；伤官生财透煞而煞逢合；阳刃用官煞带伤
食，而重印以护之；建禄月劫用",[]
子平真诠,子平真诠-0115,丁酉丙午丁酉己酉,丁,HEAVY,REN-CAIGUAN|DESHI-BUWANG|XIEQI-TAIZHONG|HEAVY-ROOT|BIJIE-PARTY|ROOT-STRUCK|ROOT-GAN-PRIORITY|SHI-GUI-LU|ZHONGGUA-2SIDE|JIRUO-WUGEN|JIWANG-HUAIJI|GE-QUALITY|WANGJI-SIWO-SHENG|SHI-ZHU-JI|TIANGAN-XINGQING|YONGSHEN-STRUCTURE|YONGSHEN-FINAL|ZHONG-HE,"，用食神生财，亦格之成也。
原文
何谓救应？如官逢伤而透印以解之，杂煞而合煞以清之，刑冲而会合以解之；财逢劫而透食以化之，生官以
制之，逢煞而食神制煞以生财，或存财而合煞；印逢财而劫财以解之，或合财而存印；食逢枭而就煞以成
格，或生财以护食；煞逢食制，印来护煞，而逢财以去印存食；伤官生财透煞而煞逢合；阳刃用官煞带伤
食，而重印以护之；建禄月劫用官，遇伤而伤被合，用财带煞而煞被合，是谓之救应也。
*",[]
子平真诠,子平真诠-0116,丁巳己酉庚子丁亥,庚,HEAVY,REN-CAIGUAN|DESHI-BUWANG|HEAVY-ROOT|YIN-PARTY|ROOT-STRUCK|ROOT-GAN-PRIORITY|WANGCHONG-SHUAI|ZHONGGUA-2SIDE|JIRUO-WUGEN|JIWANG-HUAIJI|GE-QUALITY|SHI-ZHU-JI|YONGSHEN-STRUCTURE|YONGSHEN-FINAL|ZHONG-HE,"戊申 丁未 丙午 乙巳 甲辰 癸卯 壬寅
朱古薇命造。月令阳刃用官，然重官不贵，妙在年上官星隔以己印，官生印，印生身，专用时上官星，运行
助官，回翔台阁，则因己土为救应之神也。",[]
子平真诠,子平真诠-0117,戊申丁未丙午乙巳,丙,HEAVY,REN-CAIGUAN|SHISHI-BURUO|XIEQI-TAIZHONG|YIN-PARTY|BIJIE-PARTY|ROOT-STRUCK|ROOT-GAN-PRIORITY|SHI-GUI-LU|ZHONGGUA-2SIDE|JIRUO-WUGEN|JIWANG-HUAIJI|JISHUAI-CONGSHENG|GE-QING|GE-QUALITY|SHI-ZHU-JI|YONGSHEN-STRUCTURE|YONGSHEN-FINAL|ZHONG-HE,"甲辰 癸卯 壬寅
朱古薇命造。月令阳刃用官，然重官不贵，妙在年上官星隔以己印，官生印，印生身，专用时上官星，运行
助官，回翔台阁，则因己土为救应之神也。",[]
子平真诠,子平真诠-0118,癸酉乙丑庚寅丙子,庚,HEAVY,REN-CAIGUAN|XIEQI-TAIZHONG|ROOT-STRUCK|ROOT-GAN-PRIORITY|ZHONGGUA-2SIDE|RI-BEI-HE|JIRUO-WUGEN|JIWANG-HUAIJI|JISHUAI-CONGSHENG|SHIYONG-YUELING-XIANGFU|GE-QING|GE-QUALITY|YONGSHEN-STRUCTURE|YONGSHEN-FINAL|ZHONG-HE,"甲子 癸亥 壬戌 辛酉 庚申 己未 戊午
此浙江省长张载阳造。时上七煞透出，用年上癸水伤官制煞，中隔乙木，则伤官生财，财生煞，为格之败。
妙在乙从庚合，则癸水不生乙木而制煞，以本身之合为救应也。",[]
子平真诠,子平真诠-0119,甲子癸亥壬戌辛酉,壬,HEAVY,REN-CAIGUAN|DESHI-BUWANG|XIEQI-TAIZHONG|HEAVY-ROOT|YIN-PARTY|BIJIE-PARTY|ROOT-STRUCK|ROOT-GAN-PRIORITY|ZHONGGUA-2SIDE|JIRUO-WUGEN|JIWANG-HUAIJI|GE-QUALITY|WANGJI-SIWO-SHENG|YONGSHEN-STRUCTURE|YONGSHEN-FINAL|ZHONG-HE,"庚申 己未 戊午
此浙江省长张载阳造。时上七煞透出，用年上癸水伤官制煞，中隔乙木，则伤官生财，财生煞，为格之败。
妙在乙从庚合，则癸水不生乙木而制煞，以本身之合为救应也。",[]
子平真诠,子平真诠-0120,癸酉丁巳己卯甲戌,己,HEAVY,REN-CAIGUAN|SHISHI-BURUO|YIN-PARTY|ROOT-STRUCK|ROOT-GAN-PRIORITY|SHI-GUI-LU|ZHONGGUA-2SIDE|RI-BEI-HE|JIRUO-WUGEN|JIWANG-HUAIJI|SHIYONG-YUELING-XIANGFU|GE-QUALITY|CAI-RUO-SHEN-QIANG|TIANGAN-XINGQING|YONGSHEN-STRUCTURE|YONGSHEN-FINAL|ZHONG-HE,"丙辰 乙卯 甲寅 癸丑 壬子 辛亥 庚戌
民初浙江省长褚辅成造。己土生于四月，丁火透出，火炎土燥，得年上癸水破印生官，以癸水为救应之神
也。巳酉会局，食伤碍官，妙在癸水透，则食伤之气生财，故动亦仅癸运为美也。此造粗相之，财印相碍，
官伤相碍，官伤相碍，不知贵在何处，细按方知，《滴天髓》云，“澄浊求清清得净，时来寒谷也回春”，正
谓此也。",[]
子平真诠,子平真诠-0121,丙辰乙卯甲寅癸丑,甲,HEAVY,REN-CAIGUAN|DESHI-BUWANG|XIEQI-TAIZHONG|HEAVY-ROOT|YIN-PARTY|BIJIE-PARTY|ROOT-STRUCK|ROOT-GAN-PRIORITY|ZHONGGUA-2SIDE|JIRUO-WUGEN|JIWANG-HUAIJI|GE-QUALITY|WANGJI-SIWO-SHENG|SHI-ZHU-JI|TIANGAN-XINGQING|YONGSHEN-STRUCTURE|YONGSHEN-FINAL|ZHONG-HE,"壬子 辛亥 庚戌
民初浙江省长褚辅成造。己土生于四月，丁火透出，火炎土燥，得年上癸水破印生官，以癸水为救应之神
也。巳酉会局，食伤碍官，妙在癸水透，则食伤之气生财，故动亦仅癸运为美也。此造粗相之，财印相碍，
官伤相碍，官伤相碍，不知贵在何处，细按方知，《滴天髓》云，“澄浊求清清得净，时来寒谷也回春”，正
谓此也。",[]
子平真诠,子平真诠-0122,辛巳壬辰乙亥壬午,乙,LIGHT,REN-CAIGUAN|SHISHI-BURUO|LIGHT-ROOT|YIN-PARTY|ROOT-GAN-PRIORITY|WANGCHONG-SHUAI|SHI-GUI-LU|ZHONGGUA-2SIDE|JIRUO-WUGEN|GE-QUALITY|SHI-ZHU-JI|TIANGAN-XINGQING|YONGSHEN-STRUCTURE|YONGSHEN-FINAL|ZHONG-HE,"辛卯 庚寅 己丑 戊子 丁亥 丙戌 乙酉
此江苏省长陈陶遗造。乙生辰月，日坐长生，用午中丁巳，食神生财格也。年透辛金七煞为破格，喜得辰中
透壬水，化煞生身，以壬为救应之神也。虽用食神生财而运喜食忌财，则以食能泄秀而财破印也。凡八字多
风浪起伏者，大多如此。
原文
八字妙用，全在成败救应，其中权轻权重，甚是活泼。学者从此留心，能于万变中融以一理，则于命之一
道，其庶几乎！
**【徐注】**八字中之成",[]
子平真诠,子平真诠-0123,辛卯庚寅己丑戊子,己,LIGHT,REN-CAIGUAN|SHISHI-BURUO|XIEQI-TAIZHONG|LIGHT-ROOT|BIJIE-PARTY|ROOT-GAN-PRIORITY|ZHONGGUA-2SIDE|JIRUO-WUGEN|JISHUAI-CONGSHENG|GE-QUALITY|SHI-ZHU-JI|TIANGAN-XINGQING|YONGSHEN-STRUCTURE|YONGSHEN-FINAL|ZHONG-HE,"丁亥 丙戌 乙酉
此江苏省长陈陶遗造。乙生辰月，日坐长生，用午中丁巳，食神生财格也。年透辛金七煞为破格，喜得辰中
透壬水，化煞生身，以壬为救应之神也。虽用食神生财而运喜食忌财，则以食能泄秀而财破印也。凡八字多
风浪起伏者，大多如此。
原文
八字妙用，全在成败救应，其中权轻权重，甚是活泼。学者从此留心，能于万变中融以一理，则于命之一
道，其庶几乎！
**【徐注】**八字中之成败救应，千变万化，非言说",[]
子平真诠,子平真诠-0124,壬寅丁未己卯乙亥,己,HEAVY,REN-CAIGUAN|DESHI-BUWANG|HEAVY-ROOT|YIN-PARTY|ROOT-GAN-PRIORITY|ZHONGGUA-2SIDE|JIRUO-WUGEN|JIWANG-HUAIJI|GE-QING|GE-QUALITY|SHI-ZHU-JI|TIANGAN-XINGQING|YONGSHEN-STRUCTURE|YONGSHEN-FINAL|ZHONG-HE,"戊申 己酉 庚戌 辛亥 壬子 癸丑
此伍廷芳之造也。己生未月，干透丁火，正火土当旺之时，然支会亥卯未木局，干透壬水，丁合壬化木，年
支寅，时透乙以助之，丁未两字，皆化为木，己土不得不从煞矣。四柱无金，会局纯粹，从煞格成也。",[]
子平真诠,子平真诠-0125,戊申己酉庚戌辛亥,庚,HEAVY,REN-CAIGUAN|HEAVY-ROOT|YIN-PARTY|BIJIE-PARTY|ROOT-STRUCK|ROOT-GAN-PRIORITY|ZHONGGUA-2SIDE|JIRUO-WUGEN|JIWANG-HUAIJI|GE-QUALITY|SHI-ZHU-JI|YONGSHEN-STRUCTURE|YONGSHEN-FINAL|ZHONG-HE,"壬子 癸丑
此伍廷芳之造也。己生未月，干透丁火，正火土当旺之时，然支会亥卯未木局，干透壬水，丁合壬化木，年
支寅，时透乙以助之，丁未两字，皆化为木，己土不得不从煞矣。四柱无金，会局纯粹，从煞格成也。",[]
子平真诠,子平真诠-0126,丙子壬辰壬申乙巳,壬,HEAVY,REN-CAIGUAN|SHISHI-BURUO|XIEQI-TAIZHONG|HEAVY-ROOT|BIJIE-PARTY|ROOT-STRUCK|ROOT-GAN-PRIORITY|ZHONGGUA-2SIDE|JIRUO-WUGEN|JIWANG-HUAIJI|JISHUAI-CONGSHENG|SHIYONG-YUELING-XIANGFU|GE-QING|GE-QUALITY|SHI-ZHU-JI|YONGSHEN-STRUCTURE|YONGSHEN-FINAL|ZHONG-HE,"癸巳 甲午 乙未 丙申 丁酉 戊戌
此王克敏造也。壬生三月，本为墓地，戊土七煞秉令，然辰中不透戊而透壬乙，申子辰三合水局，则土旺变
为水旺，春木余气，泄水之旺气，丙火又得禄于巳，变为伤官生财格。",[]
子平真诠,子平真诠-0127,癸巳甲午乙未丙申,乙,LIGHT,REN-CAIGUAN|SHISHI-BURUO|XIEQI-TAIZHONG|LIGHT-ROOT|TENGLUO-XIJIA|YIN-PARTY|BIJIE-PARTY|ROOT-GAN-PRIORITY|ZHONGGUA-2SIDE|JIRUO-WUGEN|JISHUAI-CONGSHENG|GE-QING|GE-QUALITY|SHI-ZHU-JI|TIANGAN-XINGQING|YONGSHEN-STRUCTURE|YONGSHEN-FINAL|ZHONG-HE,"丁酉 戊戌
此王克敏造也。壬生三月，本为墓地，戊土七煞秉令，然辰中不透戊而透壬乙，申子辰三合水局，则土旺变
为水旺，春木余气，泄水之旺气，丙火又得禄于巳，变为伤官生财格。",[]
子平真诠,子平真诠-0128,乙亥己卯甲申乙亥,甲,HEAVY,REN-CAIGUAN|DESHI-BUWANG|HEAVY-ROOT|BIJIE-PARTY|ROOT-STRUCK|ROOT-GAN-PRIORITY|SHI-GUI-LU|ZHONGGUA-2SIDE|RI-BEI-HE|JIRUO-WUGEN|JIWANG-HUAIJI|GE-QUALITY|TIANGAN-XINGQING|YONGSHEN-STRUCTURE|YONGSHEN-FINAL|ZHONG-HE,"戊寅 丁丑 丙子 乙亥 甲戌 癸酉
此湖北都督萧耀南之造。月令阳刃，申金制之，煞刃格成也。申中庚金，见卯中乙木暗合，气协情和，正所
谓“甲以乙妹妻庚，凶为吉兆”是也。阳刃合煞，煞不克身，至甲运而开府两湖；戌运生金合卯，格局尽破，
不禄。",[]
子平真诠,子平真诠-0129,戊寅丁丑丙子乙亥,丙,HEAVY,REN-CAIGUAN|SHISHI-BURUO|XIEQI-TAIZHONG|HEAVY-ROOT|YIN-PARTY|BIJIE-PARTY|ROOT-STRUCK|ROOT-GAN-PRIORITY|ZHONGGUA-2SIDE|JIRUO-WUGEN|JIWANG-HUAIJI|JISHUAI-CONGSHENG|GE-QING|GE-QUALITY|SHI-ZHU-JI|YONGSHEN-STRUCTURE|YONGSHEN-FINAL|ZHONG-HE,"甲戌 癸酉
此湖北都督萧耀南之造。月令阳刃，申金制之，煞刃格成也。申中庚金，见卯中乙木暗合，气协情和，正所
谓“甲以乙妹妻庚，凶为吉兆”是也。阳刃合煞，煞不克身，至甲运而开府两湖；戌运生金合卯，格局尽破，
不禄。",[]
子平真诠,子平真诠-0130,癸酉丁巳壬午丙午,壬,NONE,CAIDUO-SHENRUAN|JUECHU-FENGSHENG|ZHONGGUA-2SIDE|RI-BEI-HE|JIRUO-WUGEN|WUGEN-YOUFU|GE-QUALITY|YUN-SHENG-ROOT|SHI-ZHU-JI|YONGSHEN-STRUCTURE|YONGSHEN-FINAL,"丙辰 乙卯 甲寅 癸丑 壬子 辛亥
此淞沪护军使何丰从造也。月令才煞，日元弱极，妙在巳酉一合，财化为印，癸克去丁，使丁不合于壬，亦
不伤印，所谓用劫护印也。时上丙火透出，财旺生官，而财印不相碍，遂成贵格。设有癸水之救应，而无巳
酉之变化，亦不成也。
原文
又有变之而不失本格者。如辛生寅月，透丙化官，而又透甲，格成正财，正官乃其兼格也。乙生申月，透壬
化印，而又透戊，则财能生官，印逢财而退位，虽通月",['弱极']
子平真诠,子平真诠-0131,丙辰乙卯甲寅癸丑,甲,HEAVY,REN-CAIGUAN|DESHI-BUWANG|XIEQI-TAIZHONG|HEAVY-ROOT|YIN-PARTY|BIJIE-PARTY|ROOT-STRUCK|ROOT-GAN-PRIORITY|ZHONGGUA-2SIDE|JIRUO-WUGEN|JIWANG-HUAIJI|GE-QUALITY|WANGJI-SIWO-SHENG|SHI-ZHU-JI|TIANGAN-XINGQING|YONGSHEN-STRUCTURE|YONGSHEN-FINAL|ZHONG-HE,"壬子 辛亥
此淞沪护军使何丰从造也。月令才煞，日元弱极，妙在巳酉一合，财化为印，癸克去丁，使丁不合于壬，亦
不伤印，所谓用劫护印也。时上丙火透出，财旺生官，而财印不相碍，遂成贵格。设有癸水之救应，而无巳
酉之变化，亦不成也。
原文
又有变之而不失本格者。如辛生寅月，透丙化官，而又透甲，格成正财，正官乃其兼格也。乙生申月，透壬
化印，而又透戊，则财能生官，印逢财而退位，虽通月令，格成伤官，戊官忌见。",['弱极']
子平真诠,子平真诠-0132,甲子丁卯己亥戊辰,己,HEAVY,REN-CAIGUAN|SHISHI-BURUO|HEAVY-ROOT|BIJIE-PARTY|ROOT-STRUCK|ROOT-GAN-PRIORITY|SHI-GUI-LU|ZHONGGUA-2SIDE|RI-BEI-HE|JIRUO-WUGEN|SHIYONG-YUELING-XIANGFU|GE-QUALITY|SHI-ZHU-JI|TIANGAN-XINGQING|YONGSHEN-STRUCTURE|YONGSHEN-FINAL|ZHONG-HE,"戊戌 丁酉 丙申 乙未 甲午 癸巳
此杨增新之造也。亥卯会合，年透官星，好在子水财星生官，官生印，而印生身，财官印得纯而不杂也。可
惜时上少一点金，及身而止，不免后嗣艰耳。",[]
子平真诠,子平真诠-0133,戊戌丁酉丙申乙未,丙,LIGHT,REN-CAIGUAN|SHISHI-BURUO|XIEQI-TAIZHONG|LIGHT-ROOT|YIN-PARTY|BIJIE-PARTY|ROOT-STRUCK|ROOT-GAN-PRIORITY|SHI-GUI-LU|ZHONGGUA-2SIDE|JIRUO-WUGEN|JISHUAI-CONGSHENG|GE-QUALITY|YONGSHEN-STRUCTURE|YONGSHEN-FINAL|ZHONG-HE,"甲午 癸巳
此杨增新之造也。亥卯会合，年透官星，好在子水财星生官，官生印，而印生身，财官印得纯而不杂也。可
惜时上少一点金，及身而止，不免后嗣艰耳。",[]
子平真诠,子平真诠-0134,癸未甲子丙戌辛卯,丙,LIGHT,REN-CAIGUAN|SHISHI-BURUO|LIGHT-ROOT|YIN-PARTY|ROOT-STRUCK|ROOT-GAN-PRIORITY|HE-HUASHEN-DESHI|ZHONGGUA-2SIDE|RI-BEI-HE|JIRUO-WUGEN|GE-QUALITY|YONGSHEN-STRUCTURE|YONGSHEN-FINAL|ZHONG-HE,"癸亥 壬戌 辛酉 庚申 己未 戊午
此梁鸿志之造也。月令官星透出，然月令子水，为戌未所包围，而癸未又官坐伤地，丙辛相合，日元之情向
财而不向官，各不相谋，似乎夹杂。但细按之，丙火合辛，使财不伤印，印制伤以存官，浊中有清，所以贵
也。转辗救应，非细辨不知耳。
原文
纯杂之理，不出变化，分而疏之，其理愈明，学命者不可不知也。
**【徐注】**变化之法，不外五合、三合、六合及生克制化。凡八字佳者，用神未",[]
子平真诠,子平真诠-0135,癸亥壬戌辛酉庚申,辛,HEAVY,REN-CAIGUAN|SHISHI-BURUO|XIEQI-TAIZHONG|HEAVY-ROOT|BIJIE-PARTY|ROOT-STRUCK|ROOT-GAN-PRIORITY|SHI-GUI-LU|ZHONGGUA-2SIDE|JIRUO-WUGEN|JIWANG-HUAIJI|JISHUAI-CONGSHENG|SHIYONG-YUELING-XIANGFU|GE-QUALITY|YONGSHEN-STRUCTURE|YONGSHEN-FINAL|ZHONG-HE,"己未 戊午
此梁鸿志之造也。月令官星透出，然月令子水，为戌未所包围，而癸未又官坐伤地，丙辛相合，日元之情向
财而不向官，各不相谋，似乎夹杂。但细按之，丙火合辛，使财不伤印，印制伤以存官，浊中有清，所以贵
也。转辗救应，非细辨不知耳。
原文
纯杂之理，不出变化，分而疏之，其理愈明，学命者不可不知也。
**【徐注】**变化之法，不外五合、三合、六合及生克制化。凡八字佳者，用神未有不纯者也，稍次则稍
杂",[]
子平真诠,子平真诠-0136,戊子甲寅戊午甲寅,戊,HEAVY,REN-CAIGUAN|SHISHI-BURUO|HEAVY-ROOT|BIJIE-PARTY|ROOT-STRUCK|ROOT-GAN-PRIORITY|SHI-GUI-LU|ZHONGGUA-2SIDE|JIRUO-WUGEN|SHIYONG-YUELING-XIANGFU|GE-QUALITY|SHI-ZHU-JI|YONGSHEN-STRUCTURE|YONGSHEN-FINAL|ZHONG-HE,"己亥 丙寅 戊子 甲寅
此两造同为煞重用印。上造日元坐午，两寅夹拱，财在年支，肋煞生印，印在坐下，贴近有力，两煞拱护，
相生有情。下造同一用印，印复透干，但日元坐财，忌神贴近。两造同为贵格，同为财煞印相生，而下造不
及上造，所谓同一格局而分高低也。
原文
如正官佩印，不如透财，而四柱带伤，反推佩印。故甲透酉官，透丁合壬，是谓合伤存官，遂成贵格，以其
有情也。财忌比劫，而与煞作合，劫反为用。故甲生辰","['身弱', '身强']"
子平真诠,子平真诠-0137,己亥丙寅戊子甲寅,戊,HEAVY,REN-CAIGUAN|SHISHI-BURUO|YIN-PARTY|BIJIE-PARTY|ROOT-STRUCK|ROOT-GAN-PRIORITY|SHI-GUI-LU|ZHONGGUA-2SIDE|JIRUO-WUGEN|SHIYONG-YUELING-XIANGFU|GE-QING|GE-QUALITY|SHI-ZHU-JI|YONGSHEN-STRUCTURE|YONGSHEN-FINAL|ZHONG-HE,"此两造同为煞重用印。上造日元坐午，两寅夹拱，财在年支，肋煞生印，印在坐下，贴近有力，两煞拱护，
相生有情。下造同一用印，印复透干，但日元坐财，忌神贴近。两造同为贵格，同为财煞印相生，而下造不
及上造，所谓同一格局而分高低也。
原文
如正官佩印，不如透财，而四柱带伤，反推佩印。故甲透酉官，透丁合壬，是谓合伤存官，遂成贵格，以其
有情也。财忌比劫，而与煞作合，劫反为用。故甲生辰月，透戊成格，遇乙为劫，","['身弱', '身强']"
子平真诠,子平真诠-0138,癸未辛酉乙酉丁亥,乙,LIGHT,REN-CAIGUAN|SHISHI-BURUO|XIEQI-TAIZHONG|LIGHT-ROOT|YIN-PARTY|ROOT-GAN-PRIORITY|ZHONGGUA-2SIDE|JIRUO-WUGEN|JISHUAI-CONGSHENG|GE-QUALITY|TIANGAN-XINGQING|YONGSHEN-STRUCTURE|YONGSHEN-FINAL|ZHONG-HE,"，此阎锡山造
戊子 辛酉 乙未 丙子，此商震造",[]
子平真诠,子平真诠-0139,戊子辛酉乙未丙子,乙,LIGHT,REN-CAIGUAN|XIEQI-TAIZHONG|LIGHT-ROOT|ROOT-STRUCK|ROOT-GAN-PRIORITY|ZHONGGUA-2SIDE|JIRUO-WUGEN|JISHUAI-CONGSHENG|GE-QUALITY|TIANGAN-XINGQING|YONGSHEN-STRUCTURE|YONGSHEN-FINAL|ZHONG-HE,"，此商震造
戊午 辛酉 乙卯 丙戌，此陆荣廷造
此三造皆所谓辛金透，丁火刚，秋木盛也。然须注意者，辛金必须透出，方为有力而成贵格。乙为柔木，不
怕煞旺也，不透则不贵，丙丁亦以透出为美。如许世英造：",[]
子平真诠,子平真诠-0140,戊午辛酉乙卯丙戌,乙,HEAVY,REN-CAIGUAN|XIEQI-TAIZHONG|HEAVY-ROOT|ROOT-STRUCK|ROOT-GAN-PRIORITY|WANGCHONG-SHUAI|ZHONGGUA-2SIDE|JIRUO-WUGEN|JISHUAI-CONGSHENG|SHIYONG-YUELING-XIANGFU|GE-QUALITY|SHI-ZHU-JI|TIANGAN-XINGQING|YONGSHEN-STRUCTURE|YONGSHEN-FINAL|ZHONG-HE,"，此陆荣廷造
此三造皆所谓辛金透，丁火刚，秋木盛也。然须注意者，辛金必须透出，方为有力而成贵格。乙为柔木，不
怕煞旺也，不透则不贵，丙丁亦以透出为美。如许世英造：",[]
子平真诠,子平真诠-0141,癸酉辛酉乙丑辛巳,乙,NONE,SHISHI-BURUO|SHAZHONG-SHENQING|YIN-PARTY|ZHONGGUA-2SIDE|WUGEN-YOUFU|JISHUAI-CONGSHENG|GE-QUALITY|YUN-SHENG-ROOT|SHI-ZHU-JI|TIANGAN-XINGQING|YONGSHEN-STRUCTURE|YONGSHEN-FINAL|ZHONG-HE,"庚申 己未 戊午 丁巳 丙辰 乙卯 甲寅
乙木太弱，虽印透通根，不作从论，究嫌秋木不盛，丙火藏巳，三合牵绊，制煞无力。虽同为贵格，而较上
三造，有高低之分。如若丁火透出，而辛金不透，则制过七煞，庸碌之人耳。非秋木不作此论。",[]
子平真诠,子平真诠-0142,庚申己未戊午丁巳,戊,HEAVY,REN-CAIGUAN|DESHI-BUWANG|XIEQI-TAIZHONG|HEAVY-ROOT|YIN-PARTY|BIJIE-PARTY|ROOT-STRUCK|ROOT-GAN-PRIORITY|SHI-GUI-LU|ZHONGGUA-2SIDE|JIRUO-WUGEN|JIWANG-HUAIJI|GE-QING|GE-QUALITY|WANGJI-SIWO-SHENG|YONGSHEN-STRUCTURE|YONGSHEN-FINAL|ZHONG-HE,"丙辰 乙卯 甲寅
乙木太弱，虽印透通根，不作从论，究嫌秋木不盛，丙火藏巳，三合牵绊，制煞无力。虽同为贵格，而较上
三造，有高低之分。如若丁火透出，而辛金不透，则制过七煞，庸碌之人耳。非秋木不作此论。",[]
子平真诠,子平真诠-0143,丁未己酉乙亥癸未,乙,LIGHT,REN-CAIGUAN|SHISHI-BURUO|XIEQI-TAIZHONG|LIGHT-ROOT|YIN-PARTY|ROOT-GAN-PRIORITY|SHI-GUI-LU|ZHONGGUA-2SIDE|JIRUO-WUGEN|JISHUAI-CONGSHENG|GE-QING|GE-QUALITY|SHI-ZHU-JI|TIANGAN-XINGQING|YONGSHEN-STRUCTURE|YONGSHEN-FINAL|ZHONG-HE,此造丁火透，秋木盛，而辛金不透也。不成格。,[]
子平真诠,子平真诠-0144,丙子辛丑乙巳乙酉,乙,NONE,SHAZHONG-SHENQING|XIEQI-TAIZHONG|ZHONGGUA-2SIDE|WUGEN-YOUFU|JISHUAI-CONGSHENG|SHIYONG-YUELING-XIANGFU|GE-QING|GE-QUALITY|YUN-SHENG-ROOT|SHI-ZHU-JI|TIANGAN-XINGQING|YONGSHEN-STRUCTURE|YONGSHEN-FINAL,"此造辛金丙火均透，特为冬木而非秋木，不作此论。
丙生子月而癸水透，正官格也。支坐寅午禄刃之地，丙火身旺也。庚金露则官有财之生，财为官之引，官以
财为根。运行财乡，必然大贵，以日元与财官皆有力也。举例如下：",['身旺']
子平真诠,子平真诠-0145,辛酉庚子丙寅癸巳,丙,HEAVY,REN-CAIGUAN|HEAVY-ROOT|ROOT-STRUCK|ROOT-GAN-PRIORITY|HE-HUASHEN-DESHI|SHI-GUI-LU|ZHONGGUA-2SIDE|RI-BEI-HE|JIRUO-WUGEN|GE-QUALITY|SHI-ZHU-JI|YONGSHEN-STRUCTURE|YONGSHEN-FINAL|ZHONG-HE,"己亥 戊戌 丁酉 丙申 乙未 甲午
此造癸水透庚金露也。妙在日坐长生，时逢归禄，身旺能任财官，而财生官旺也。此造录自《滴天髓征
义》。",['身旺']
子平真诠,子平真诠-0146,己亥戊戌丁酉丙申,丁,LIGHT,REN-CAIGUAN|SHISHI-BURUO|XIEQI-TAIZHONG|LIGHT-ROOT|BIJIE-PARTY|ROOT-STRUCK|ROOT-GAN-PRIORITY|ZHONGGUA-2SIDE|JIRUO-WUGEN|JISHUAI-CONGSHENG|SHIYONG-YUELING-XIANGFU|GE-QUALITY|SHI-ZHU-JI|TIANGAN-XINGQING|YONGSHEN-STRUCTURE|YONGSHEN-FINAL|ZHONG-HE,"乙未 甲午
此造癸水透庚金露也。妙在日坐长生，时逢归禄，身旺能任财官，而财生官旺也。此造录自《滴天髓征
义》。",['身旺']
子平真诠,子平真诠-0147,己卯丙子丙寅丙申,丙,HEAVY,REN-CAIGUAN|SHISHI-BURUO|XIEQI-TAIZHONG|HEAVY-ROOT|BIJIE-PARTY|ROOT-STRUCK|ROOT-GAN-PRIORITY|WANGCHONG-SHUAI|ZHONGGUA-2SIDE|JIRUO-WUGEN|JISHUAI-CONGSHENG|GE-QUALITY|SHI-ZHU-JI|YONGSHEN-STRUCTURE|YONGSHEN-FINAL|ZHONG-HE,"乙亥 甲戌 癸酉 壬申 辛未 庚午 己巳
此胡汉民造。惜癸水不透，庚金不露，而申冲寅，伤丙火之根，虽怀宝迷邦，名高天下，而用神不显，辅助
无力，主持中枢，霖雨苍生，尚有待于岁运之扶助也。盖官逢财印，无刑冲，为官格之成，冲官则破格。此
造财印相冲，虽不破格，而究嫌辅佐受损也。
原文
又有有情而兼有力，有力而兼有情者。如甲用酉官，壬合丁以清官，而壬水根深，是有情而兼有力者也。乙
用酉煞，辛逢丁制，而辛",[]
子平真诠,子平真诠-0148,乙亥甲戌癸酉壬申,癸,HEAVY,REN-CAIGUAN|SHISHI-BURUO|XIEQI-TAIZHONG|HEAVY-ROOT|BIJIE-PARTY|ROOT-STRUCK|ROOT-GAN-PRIORITY|ZHONGGUA-2SIDE|JIRUO-WUGEN|JISHUAI-CONGSHENG|SHIYONG-YUELING-XIANGFU|GE-QUALITY|SHI-ZHU-JI|TIANGAN-XINGQING|YONGSHEN-STRUCTURE|YONGSHEN-FINAL|ZHONG-HE,"辛未 庚午 己巳
此胡汉民造。惜癸水不透，庚金不露，而申冲寅，伤丙火之根，虽怀宝迷邦，名高天下，而用神不显，辅助
无力，主持中枢，霖雨苍生，尚有待于岁运之扶助也。盖官逢财印，无刑冲，为官格之成，冲官则破格。此
造财印相冲，虽不破格，而究嫌辅佐受损也。
原文
又有有情而兼有力，有力而兼有情者。如甲用酉官，壬合丁以清官，而壬水根深，是有情而兼有力者也。乙
用酉煞，辛逢丁制，而辛之禄即丁之长生，同根月令",[]
子平真诠,子平真诠-0149,戊戌辛酉戊戌丙辰,戊,HEAVY,REN-CAIGUAN|SHISHI-BURUO|XIEQI-TAIZHONG|YIN-PARTY|BIJIE-PARTY|ROOT-STRUCK|ROOT-GAN-PRIORITY|SHI-GUI-LU|ZHONGGUA-2SIDE|JIRUO-WUGEN|JIWANG-HUAIJI|JISHUAI-CONGSHENG|GE-QUALITY|SHI-ZHU-JI|YONGSHEN-STRUCTURE|YONGSHEN-FINAL|ZHONG-HE,"壬戌 癸亥 甲子 乙丑 丙寅 丁卯
辛金伤官为用，丙合辛金牵绊为病。",[]
子平真诠,子平真诠-0150,壬戌癸亥甲子乙丑,甲,HEAVY,REN-CAIGUAN|SHISHI-BURUO|HEAVY-ROOT|YIN-PARTY|BIJIE-PARTY|ROOT-GAN-PRIORITY|ZHONGGUA-2SIDE|JIWANG-HUAIJI|GE-QING|GE-QUALITY|SHI-ZHU-JI|TIANGAN-XINGQING|YONGSHEN-STRUCTURE|YONGSHEN-FINAL|ZHONG-HE,"丙寅 丁卯
辛金伤官为用，丙合辛金牵绊为病。",[]
子平真诠,子平真诠-0151,丙午辛卯戊寅甲寅,戊,HEAVY,REN-CAIGUAN|SHISHI-BURUO|HEAVY-ROOT|YIN-PARTY|ROOT-STRUCK|ROOT-GAN-PRIORITY|SHI-GUI-LU|ZHONGGUA-2SIDE|JIRUO-WUGEN|GE-QING|GE-QUALITY|CAI-RUO-SHEN-QIANG|SHI-ZHU-JI|YONGSHEN-STRUCTURE|YONGSHEN-FINAL|ZHONG-HE,"壬辰 癸巳 甲午 乙未 丙申 丁酉
丙火化煞为用，辛金合丙牵绊为病。
两造同以合为病。上造丙辛遥合，牵制之力薄弱，下造丙辛贴近而辛在月干，牵制之力强大；上造丙火生戊
而戊泄秀，下造丙火须克去辛金，方能化煞生身。格局高低，因以悬殊，其中变化，微之又微，在学者神而
明之而已。
白话译文
八字既然有用神（命局中最关键的核心要素），就必然形成格局，格局又必然有高下之分。财、官、印、
食、煞、伤、劫、刃，哪",[]
子平真诠,子平真诠-0152,壬辰癸巳甲午乙未,甲,LIGHT,REN-CAIGUAN|SHISHI-BURUO|LIGHT-ROOT|YIN-PARTY|BIJIE-PARTY|ROOT-GAN-PRIORITY|SHI-GUI-LU|ZHONGGUA-2SIDE|JIRUO-WUGEN|GE-QING|GE-QUALITY|SHI-ZHU-JI|TIANGAN-XINGQING|YONGSHEN-STRUCTURE|YONGSHEN-FINAL|ZHONG-HE,"丙申 丁酉
丙火化煞为用，辛金合丙牵绊为病。
两造同以合为病。上造丙辛遥合，牵制之力薄弱，下造丙辛贴近而辛在月干，牵制之力强大；上造丙火生戊
而戊泄秀，下造丙火须克去辛金，方能化煞生身。格局高低，因以悬殊，其中变化，微之又微，在学者神而
明之而已。
白话译文
八字既然有用神（命局中最关键的核心要素），就必然形成格局，格局又必然有高下之分。财、官、印、
食、煞、伤、劫、刃，哪种格局没有富贵之人？哪种",[]
子平真诠,子平真诠-0153,癸丑戊午己巳丁卯,己,HEAVY,REN-CAIGUAN|SHISHI-BURUO|HEAVY-ROOT|YIN-PARTY|BIJIE-PARTY|ROOT-STRUCK|ROOT-GAN-PRIORITY|HE-HUASHEN-DESHI|ZHONGGUA-2SIDE|JIRUO-WUGEN|JIWANG-HUAIJI|GE-QUALITY|SHI-ZHU-JI|TIANGAN-XINGQING|YONGSHEN-STRUCTURE|YONGSHEN-FINAL|ZHONG-HE,"丁巳 丙辰 乙卯 甲寅 癸丑 壬子
此南通张季直造。火炎土燥，赖癸水滋润，戊癸一合，去财为败；然因戊癸合化，格成专旺，此因败得成
也。",[]
子平真诠,子平真诠-0154,丁巳丙辰乙卯甲寅,乙,HEAVY,REN-CAIGUAN|SHISHI-BURUO|XIEQI-TAIZHONG|HEAVY-ROOT|TENGLUO-XIJIA|BIJIE-PARTY|ROOT-STRUCK|ROOT-GAN-PRIORITY|SHI-GUI-LU|ZHONGGUA-2SIDE|JIRUO-WUGEN|JIWANG-HUAIJI|JISHUAI-CONGSHENG|SHIYONG-YUELING-XIANGFU|GE-QUALITY|SHI-ZHU-JI|TIANGAN-XINGQING|YONGSHEN-STRUCTURE|YONGSHEN-FINAL|ZHONG-HE,"癸丑 壬子
此南通张季直造。火炎土燥，赖癸水滋润，戊癸一合，去财为败；然因戊癸合化，格成专旺，此因败得成
也。",[]
子平真诠,子平真诠-0155,丙子戊戌壬子庚子,壬,HEAVY,REN-CAIGUAN|SHISHI-BURUO|HEAVY-ROOT|YIN-PARTY|ROOT-GAN-PRIORITY|SHI-GUI-LU|ZHONGGUA-2SIDE|GE-QING|GE-QUALITY|YONGSHEN-STRUCTURE|YONGSHEN-FINAL|ZHONG-HE,"己亥 庚子 辛丑 壬寅 癸卯 甲辰
月令七煞，地支阳刃，煞刃格成也。是干透庚，偏印化煞，化煞本为美事，而在煞刃格，需要七煞抑刃，则
偏印为破格，因成得败矣。",[]
子平真诠,子平真诠-0156,己亥庚子辛丑壬寅,辛,LIGHT,REN-CAIGUAN|SHISHI-BURUO|XIEQI-TAIZHONG|LIGHT-ROOT|YIN-PARTY|BIJIE-PARTY|ROOT-GAN-PRIORITY|ZHONGGUA-2SIDE|JIRUO-WUGEN|JISHUAI-CONGSHENG|GE-QING|GE-QUALITY|SHI-ZHU-JI|YONGSHEN-STRUCTURE|YONGSHEN-FINAL|ZHONG-HE,"癸卯 甲辰
月令七煞，地支阳刃，煞刃格成也。是干透庚，偏印化煞，化煞本为美事，而在煞刃格，需要七煞抑刃，则
偏印为破格，因成得败矣。",[]
子平真诠,子平真诠-0157,庚寅戊子甲寅丙寅,甲,HEAVY,REN-CAIGUAN|XIEQI-TAIZHONG|HEAVY-ROOT|ROOT-GAN-PRIORITY|SHI-GUI-LU|ZHONGGUA-2SIDE|JIWANG-HUAIJI|JISHUAI-CONGSHENG|GE-QING|GE-QUALITY|SHI-ZHU-JI|TIANGAN-XINGQING|YONGSHEN-STRUCTURE|YONGSHEN-FINAL|ZHONG-HE,"，财官皆闲神，无所用之，其时上丙火清纯，以泄身调候为用，所谓用之冬木，尤为秀
气。此前清某尚书之造也。然不仅冬木为然，冬土亦须调候，盖土金伤官生于冬令，必须佩印也。如前清彭
刚直公玉麟之造，",[]
子平真诠,子平真诠-0158,丙子辛丑戊子癸丑,戊,HEAVY,REN-CAIGUAN|DESHI-BUWANG|XIEQI-TAIZHONG|HEAVY-ROOT|ROOT-GAN-PRIORITY|SHI-GUI-LU|ZHONGGUA-2SIDE|RI-BEI-HE|JIRUO-WUGEN|JIWANG-HUAIJI|SHIYONG-YUELING-XIANGFU|GE-QING|GE-QUALITY|WANGJI-SIWO-SHENG|SHI-ZHU-JI|YONGSHEN-STRUCTURE|YONGSHEN-FINAL|ZHONG-HE,"，丑中癸辛透出为贵征，然冬土寒沍，非丙火照暖，则用不显。喜其年上丙火，合而不
化，运行南方，丙火得地，而戊土辛癸，皆得显其用，亦调和气候为急也(此造《命鉴》所批，误以为倒
冲，近方悟得；因悟古来奇异格局，大多类此耳。附识于此，以志我过)。
原文
伤官见官，为祸百端，而金水见之，反为秀气。非官之不畏夫伤，而调候为急，权而用之也。伤官带煞，随
时可用，而用之冬金，其秀百倍。
**【徐注】**此言金水伤",[]
子平真诠,子平真诠-0159,甲申丙子庚辰甲申,庚,HEAVY,REN-CAIGUAN|HEAVY-ROOT|ROOT-GAN-PRIORITY|SHI-GUI-LU|ZHONGGUA-2SIDE|JIWANG-HUAIJI|GE-QING|GE-QUALITY|YONGSHEN-STRUCTURE|YONGSHEN-FINAL|ZHONG-HE,"，木火无根，虽小富而不贵，且不能用财官，身旺以伤官泄秀为用，特丙火调候，为配
合所不可缺，否则，清寒之造也。更有调候虽得其宜而身弱者，如","['身旺', '身弱']"
子平真诠,子平真诠-0160,丁巳壬子辛巳丁酉,辛,HEAVY,REN-CAIGUAN|XIEQI-TAIZHONG|HEAVY-ROOT|ROOT-STRUCK|ROOT-GAN-PRIORITY|SHI-GUI-LU|ZHONGGUA-2SIDE|JIRUO-WUGEN|JIWANG-HUAIJI|JISHUAI-CONGSHENG|GE-QING|GE-QUALITY|CAI-RUO-SHEN-QIANG|YONGSHEN-STRUCTURE|YONGSHEN-FINAL|ZHONG-HE,"，丁火虽通根，而日元泄气重，须以酉金扶身为用，亦为贵格。随宜配置，并无一定，
特冬令金水，不可缺火，非定以为用也。
原文
伤官佩印，随时可用，而用之夏木，其秀百倍，火济水，水济火也。
**【徐注】**此亦调候之意也。凡佩印必缘身弱，而木火伤官，生于夏令之佩印，润土生木，得其中和为
美。如","['身弱', '中和']"
子平真诠,子平真诠-0161,庚辰壬午甲辰丁卯,甲,HEAVY,REN-CAIGUAN|SHISHI-BURUO|XIEQI-TAIZHONG|HEAVY-ROOT|YIN-PARTY|ROOT-STRUCK|ROOT-GAN-PRIORITY|SHI-GUI-LU|ZHONGGUA-2SIDE|JIRUO-WUGEN|JIWANG-HUAIJI|JISHUAI-CONGSHENG|GE-QUALITY|TIANGAN-XINGQING|YONGSHEN-STRUCTURE|YONGSHEN-FINAL|ZHONG-HE,"，夏木丁火吐秀，日辰时卯，身不为弱，然喜壬水润泽，更得庚金生印，两辰泄火之
燥，生金蓄水，配置中和，为清某观察造也。然甲寅坐禄，时逢卯木，日元已旺，不藉佩印，但贵小，不及
佩印之秀耳，非如金水之必须见火也。
原文
伤官用财，本为贵格，而用之冬水，即使小富，亦多不贵，冻水不能生木也。
**【徐注】**承上文金水伤官而言。金水伤官，以木为财，伤官生财，本为美格，而冬令无火，见财无用，
因冻水不能生木也",['中和']
子平真诠,子平真诠-0162,甲子丙子癸亥乙卯,癸,HEAVY,REN-CAIGUAN|DESHI-BUWANG|XIEQI-TAIZHONG|HEAVY-ROOT|ROOT-STRUCK|ROOT-GAN-PRIORITY|SHI-GUI-LU|ZHONGGUA-2SIDE|JIRUO-WUGEN|JIWANG-HUAIJI|GE-QUALITY|CAI-RUO-SHEN-QIANG|WANGJI-SIWO-SHENG|TIANGAN-XINGQING|YONGSHEN-STRUCTURE|YONGSHEN-FINAL|ZHONG-HE,"，水木假伤官用财，名利两全；又
己未 乙亥 癸亥 丙辰，汪大发之造也，用丙火之财，亦调候之意也。书云，“惟有水木伤官格，财官两见始
为欢”，其实水木喜财，金水喜官也。当分别观之。
原文
伤官用财，即为秀气，而用之夏木，贵而不甚秀，燥土不甚灵秀也。
**【徐注】**承上木火伤官而言。夏木用财，如",[]
子平真诠,子平真诠-0163,己未乙亥癸亥丙辰,癸,HEAVY,REN-CAIGUAN|DESHI-BUWANG|XIEQI-TAIZHONG|HEAVY-ROOT|ROOT-STRUCK|ROOT-GAN-PRIORITY|SHI-GUI-LU|ZHONGGUA-2SIDE|JIRUO-WUGEN|JIWANG-HUAIJI|GE-QUALITY|WANGJI-SIWO-SHENG|SHI-ZHU-JI|TIANGAN-XINGQING|YONGSHEN-STRUCTURE|YONGSHEN-FINAL|ZHONG-HE,"，汪大发之造也，用丙火之财，亦调候之意也。书云，“惟有水木伤官格，财官两见始
为欢”，其实水木喜财，金水喜官也。当分别观之。
原文
伤官用财，即为秀气，而用之夏木，贵而不甚秀，燥土不甚灵秀也。
**【徐注】**承上木火伤官而言。夏木用财，如",[]
子平真诠,子平真诠-0164,戊戌丁巳甲寅己巳,甲,HEAVY,REN-CAIGUAN|XIEQI-TAIZHONG|HEAVY-ROOT|ROOT-STRUCK|ROOT-GAN-PRIORITY|ZHONGGUA-2SIDE|RI-BEI-HE|JIRUO-WUGEN|JIWANG-HUAIJI|JISHUAI-CONGSHENG|SHIYONG-YUELING-XIANGFU|GE-QUALITY|SHI-ZHU-JI|TIANGAN-XINGQING|YONGSHEN-STRUCTURE|YONGSHEN-FINAL|ZHONG-HE,"，火旺木焚，而四柱无印，不得已取土泄火之气，行印运被土回克，非特不贵，富亦难
期。
原文
春木逢火，则为木为通明，而夏木不作此论；秋金遇水，则为金水相涵，而冬金不作此论。气有衰旺，取用
不同也。春木逢火，木火通明，不利见官；而秋金遇水，金水相涵，见官无碍。假如庚生申月，而支中或子
或辰，会成水局，天干透丁，以为官星，只要壬癸不透露干头，便为贵格，与食神伤官喜见官之说同论，亦
调候之道也。
**【徐",[]
子平真诠,子平真诠-0165,甲申丙寅甲申庚午,甲,HEAVY,REN-CAIGUAN|DESHI-BUWANG|XIEQI-TAIZHONG|HEAVY-ROOT|BIJIE-PARTY|ROOT-STRUCK|ROOT-GAN-PRIORITY|WANGCHONG-SHUAI|ZHONGGUA-2SIDE|JIRUO-WUGEN|JIWANG-HUAIJI|GE-QUALITY|WANGJI-SIWO-SHENG|SHI-ZHU-JI|TIANGAN-XINGQING|YONGSHEN-STRUCTURE|YONGSHEN-FINAL|ZHONG-HE,"，木嫩金坚，庚金通根于申，必须取丙火制庚为用，为儿能救母。若庚金轻而无根，则
置之不用，如",[]
子平真诠,子平真诠-0166,戊寅甲寅甲寅庚午,甲,HEAVY,REN-CAIGUAN|DESHI-BUWANG|HEAVY-ROOT|BIJIE-PARTY|ROOT-GAN-PRIORITY|ZHONGGUA-2SIDE|JIWANG-HUAIJI|GE-QING|GE-QUALITY|SHI-ZHU-JI|TIANGAN-XINGQING|YONGSHEN-STRUCTURE|YONGSHEN-FINAL|ZHONG-HE,"，反可取贵也。庚生申月而合水局，为金水假伤官，喜见官星，与冬金真伤官相同。壬
癸透露则伤害官星，不论秋冬，为忌亦同。
原文
食神虽逢正印，亦谓夺食，而夏木火盛，轻用之亦秀而贵，与木火伤官喜见水同论，亦调候之谓也。
**【徐注】**食神伤官同类，正印固可夺食，偏印可制伤。只要干头支下不相冲突，则各得其用，此八字所
以贵于配置适宜也。如一造",[]
子平真诠,子平真诠-0167,甲寅庚午乙卯丙子,乙,HEAVY,REN-CAIGUAN|SHISHI-BURUO|XIEQI-TAIZHONG|HEAVY-ROOT|TENGLUO-XIJIA|BIJIE-PARTY|ROOT-STRUCK|ROOT-GAN-PRIORITY|WANGCHONG-SHUAI|ZHONGGUA-2SIDE|RI-BEI-HE|JIRUO-WUGEN|JIWANG-HUAIJI|JISHUAI-CONGSHENG|GE-QUALITY|TIANGAN-XINGQING|YONGSHEN-STRUCTURE|YONGSHEN-FINAL|ZHONG-HE,"，食轻为印所冲，官轻无财，为丙所克，乃乞丐之命也。
原文
此类甚多，不能悉述，在学者引伸触类，神而明之而已。
**【徐注】**观上述变化之法，可知用神以及辅佐，最要者在合于日主之需要。倘能合于需要，伤官不妨
见；不合需要，财官同为害物。更有两神成象，如水火对峙，非木调和不可，即使四柱无木，亦必待木运，
弥其缺憾，方能发迹。以其需要为木，所谓通关是也。取用于四柱之外，更为奇者矣。
凡八字必以中和为贵",['中和']
子平真诠,子平真诠-0168,戊戌己未戊戌丙辰,戊,HEAVY,REN-CAIGUAN|HEAVY-ROOT|YIN-PARTY|BIJIE-PARTY|ROOT-STRUCK|ROOT-GAN-PRIORITY|SHI-GUI-LU|ZHONGGUA-2SIDE|JIRUO-WUGEN|JIWANG-HUAIJI|SHIYONG-YUELING-XIANGFU|GE-QUALITY|SHI-ZHU-JI|YONGSHEN-STRUCTURE|YONGSHEN-FINAL|ZHONG-HE,"，稼穑格也，但辰被戌冲，火土偏燥，气不中和，戌中辛金不能引出，子嗣亦艰，不但
不能富贵也。运以金地为美，运至财地，以原局无食伤之化，群劫争财，不禄。此为舍侄某之造，可见调候
之重要也。
白话译文
论命以月令所定用神为核心，但须结合节气气候综合判断。如英雄顺势而为则事半功倍，遇时不顺则才高
难展。
五行格局能否发挥，取决于命局寒热是否适宜，此即""调候""（调节命局寒热平衡）之法。官印双全本为贵
格，但",['中和']
子平真诠,子平真诠-0169,戊戌甲子己巳戊辰,己,HEAVY,REN-CAIGUAN|SHISHI-BURUO|HEAVY-ROOT|BIJIE-PARTY|ROOT-STRUCK|ROOT-GAN-PRIORITY|SHI-GUI-LU|ZHONGGUA-2SIDE|RI-BEI-HE|JIRUO-WUGEN|SHIYONG-YUELING-XIANGFU|GE-QUALITY|SHI-ZHU-JI|TIANGAN-XINGQING|YONGSHEN-STRUCTURE|YONGSHEN-FINAL|ZHONG-HE,"乙丑 丙寅 丁卯 戊辰 己巳 庚午 辛未
月令偏财，为我之财，本当以财为用，但以生于十一月，水寒土冻，调候为急，故以巳中丙火为用神也。但
比劫重重，争财为病，甲木官星制住比劫，使群劫不能争财，兼以生丙火是以甲木为相神也。运行木火之
地，富贵兼全，详见星辰篇。
白话译文
月令（出生月份所主之气）确立用神（命局核心要素）后，其他位置必须有相神来辅佐，如同君主需要丞
相。官星逢财星生扶，官为用、财为相；",[]
子平真诠,子平真诠-0170,乙丑丙寅丁卯戊辰,丁,NONE,SHISHI-BURUO|XIEQI-TAIZHONG|YIN-PARTY|BIJIE-PARTY|ZHONGGUA-2SIDE|WUGEN-YOUFU|JISHUAI-CONGSHENG|SHIYONG-YUELING-XIANGFU|GE-QUALITY|YUN-SHENG-ROOT|SHI-ZHU-JI|TIANGAN-XINGQING|YONGSHEN-STRUCTURE|YONGSHEN-FINAL|ZHONG-HE,"己巳 庚午 辛未
月令偏财，为我之财，本当以财为用，但以生于十一月，水寒土冻，调候为急，故以巳中丙火为用神也。但
比劫重重，争财为病，甲木官星制住比劫，使群劫不能争财，兼以生丙火是以甲木为相神也。运行木火之
地，富贵兼全，详见星辰篇。
白话译文
月令（出生月份所主之气）确立用神（命局核心要素）后，其他位置必须有相神来辅佐，如同君主需要丞
相。官星逢财星生扶，官为用、财为相；财星旺而生官，财为用、官",[]
子平真诠,子平真诠-0171,丙戌壬辰丙申丙申,丙,LIGHT,REN-CAIGUAN|SHISHI-BURUO|LIGHT-ROOT|BIJIE-PARTY|ROOT-STRUCK|ROOT-GAN-PRIORITY|ZHONGGUA-2SIDE|JIRUO-WUGEN|SHIYONG-YUELING-XIANGFU|GE-QUALITY|SHI-ZHU-JI|YONGSHEN-STRUCTURE|YONGSHEN-FINAL|ZHONG-HE,"，辰中壬水透出，以辰中乙木化煞为用是也(生于清明后一日乙木司令，故可用)。
如此之类，不可胜数，即此为例，旁悟而已。
白话译文
辰、戌、丑、未四个月支，古人称之为""杂气""。为何称""杂""？因为这四支各自藏有多个天干（即地支中隐藏
的气），用神（八字中发挥主导作用的要素）不唯一，故名杂气。以辰为例，辰本身藏有戊土（本气）、
乙木（余气）、癸水（水库之气），三者并存，该如何确定取用？方法其实并不复杂：凡",[]
子平真诠,子平真诠-0172,丙戌壬辰丙申丙申,丙,LIGHT,REN-CAIGUAN|SHISHI-BURUO|LIGHT-ROOT|BIJIE-PARTY|ROOT-STRUCK|ROOT-GAN-PRIORITY|ZHONGGUA-2SIDE|JIRUO-WUGEN|SHIYONG-YUELING-XIANGFU|GE-QUALITY|SHI-ZHU-JI|YONGSHEN-STRUCTURE|YONGSHEN-FINAL|ZHONG-HE,"，生于清明后一日，乙木余气可用，以印化煞(见《命鉴》)，今年届知命，若生在清明
十二日后，土旺用即非此论。舍亲某甲，为",[]
子平真诠,子平真诠-0173,丙戌丙申丙申壬辰,丙,LIGHT,REN-CAIGUAN|SHISHI-BURUO|LIGHT-ROOT|BIJIE-PARTY|ROOT-STRUCK|ROOT-GAN-PRIORITY|ZHONGGUA-2SIDE|JIRUO-WUGEN|SHIYONG-YUELING-XIANGFU|GE-QUALITY|SHI-ZHU-JI|YONGSHEN-STRUCTURE|YONGSHEN-FINAL|ZHONG-HE,"，八个字完全相同，而生于七月，乙木休囚，不能为用，财当煞以攻身，青年夭折。此
其一例耳。
原文
如正官同是财伤并透，而先后有殊。假如甲用酉官，丁先戊后，则以财为解伤，即不能贵，后运必有结局。
若戊先而丁后时，则为官遇财生，而后因伤破，即使上运稍顺，终无结局，子嗣亦难矣。
【徐注】正官格逢伤，透财可解。然有可解有不可解者，即先后程序之别也。兹以原文所述之例，列式以明
之：
丁年 己酉 甲日 戊辰
是",[]
子平真诠,子平真诠-0174,庚申戊寅丙申乙未,丙,HEAVY,REN-CAIGUAN|SHISHI-BURUO|XIEQI-TAIZHONG|HEAVY-ROOT|YIN-PARTY|ROOT-STRUCK|ROOT-GAN-PRIORITY|WANGCHONG-SHUAI|SHI-GUI-LU|ZHONGGUA-2SIDE|JIRUO-WUGEN|JIWANG-HUAIJI|JISHUAI-CONGSHENG|GE-QUALITY|YONGSHEN-STRUCTURE|YONGSHEN-FINAL|ZHONG-HE,"，财星
坏印，虽乙印在时，财先印后，而乙庚化合，得气于申，有救应而不解，如中年后运佳，尚有结局，再行财
运，必无善果也。
原文
食神同是财枭并透，而先后有殊。如壬用甲食，庚先丙后，晚运必亨，格亦富而望贵。若丙先而庚在时，晚
运必淡，富贵两空矣。
**【徐注】**食伤生财，以枭印夺食制伤为病，若印在前，而食伤生财在后，则印滋生日元，日元旺而泄
秀，与印旺用食伤相同(参阅论印用食伤节)，格取富贵。盖食",[]
子平真诠,子平真诠-0175,庚申戊寅壬子甲辰,壬,HEAVY,REN-CAIGUAN|SHISHI-BURUO|XIEQI-TAIZHONG|HEAVY-ROOT|YIN-PARTY|ROOT-STRUCK|ROOT-GAN-PRIORITY|WANGCHONG-SHUAI|SHI-GUI-LU|ZHONGGUA-2SIDE|JIRUO-WUGEN|JIWANG-HUAIJI|JISHUAI-CONGSHENG|SHIYONG-YUELING-XIANGFU|GE-QUALITY|SHI-ZHU-JI|YONGSHEN-STRUCTURE|YONGSHEN-FINAL|ZHONG-HE,"、庚枭夺食而无财为救应，运行财地，虽可补救一二，终嫌原局无财生至申运，庚金得
地，即难挽救(参阅《滴天髓》卷四真假节)，斯乃无财之病也。若丙先而庚在时，则始而秀发，终被裁夺，
富贵两空，势所必至也。如一女造：",[]
子平真诠,子平真诠-0176,丁未壬寅乙卯己卯,乙,HEAVY,REN-CAIGUAN|DESHI-BUWANG|XIEQI-TAIZHONG|HEAVY-ROOT|ROOT-GAN-PRIORITY|HE-HUASHEN-DESHI|SHI-GUI-LU|ZHONGGUA-2SIDE|JIRUO-WUGEN|JIWANG-HUAIJI|GE-QING|GE-QUALITY|WANGJI-SIWO-SHENG|TIANGAN-XINGQING|YONGSHEN-STRUCTURE|YONGSHEN-FINAL|ZHONG-HE,"癸卯 甲辰 乙巳 丙午 丁未 戊申
乙木身旺，丁火泄秀，以丁为用神，壬水为病，己土制壬水为药。惜丁壬合而化木，去水虽美，去火则不相
宜。用神在年被损，故出身寒微。己土在时为救，故帮夫与家，子嗣继美。运行南方得地，福泽悠长。男女
一例也(参阅《滴天髓征义》卷六女命章)。
原文
七煞同是财食并透，而先后大殊。如己生卯月，癸先辛后，则为财以助用，而后煞用食制，不失大贵。若辛
先而癸在时，则煞逢食制，而财",['身旺']
子平真诠,子平真诠-0177,癸卯甲辰乙巳丙午,乙,HEAVY,REN-CAIGUAN|SHISHI-BURUO|XIEQI-TAIZHONG|HEAVY-ROOT|TENGLUO-XIJIA|YIN-PARTY|BIJIE-PARTY|ROOT-STRUCK|ROOT-GAN-PRIORITY|SHI-GUI-LU|ZHONGGUA-2SIDE|JIRUO-WUGEN|JIWANG-HUAIJI|JISHUAI-CONGSHENG|GE-QUALITY|SHI-ZHU-JI|TIANGAN-XINGQING|YONGSHEN-STRUCTURE|YONGSHEN-FINAL|ZHONG-HE,"丁未 戊申
乙木身旺，丁火泄秀，以丁为用神，壬水为病，己土制壬水为药。惜丁壬合而化木，去水虽美，去火则不相
宜。用神在年被损，故出身寒微。己土在时为救，故帮夫与家，子嗣继美。运行南方得地，福泽悠长。男女
一例也(参阅《滴天髓征义》卷六女命章)。
原文
七煞同是财食并透，而先后大殊。如己生卯月，癸先辛后，则为财以助用，而后煞用食制，不失大贵。若辛
先而癸在时，则煞逢食制，而财转食党煞，非特不贵，后运",['身旺']
子平真诠,子平真诠-0178,丙午辛卯己亥癸酉,己,HEAVY,REN-CAIGUAN|SHISHI-BURUO|XIEQI-TAIZHONG|HEAVY-ROOT|YIN-PARTY|ROOT-STRUCK|ROOT-GAN-PRIORITY|WANGCHONG-SHUAI|SHI-GUI-LU|ZHONGGUA-2SIDE|JIRUO-WUGEN|JISHUAI-CONGSHENG|GE-QUALITY|TIANGAN-XINGQING|YONGSHEN-STRUCTURE|YONGSHEN-FINAL|ZHONG-HE,"丙火合去食神，酉金生财党煞，无救应之神矣。以食制煞如此，以印化煞亦同。如癸年乙卯月己日丁卯时，
财不破印，煞虽重印可化也。若丁年癸卯月，或甲己年丁卯月，而癸酉时，均为财破印以党煞也。
他如此类，可以例推。然犹吉凶易者也，至丙生甲寅月，年癸时戊，官能生印，而不怕戊合；戊能泄身为
秀，而不得越甲以合癸，大贵之格也。假使年月戊癸而时甲，或年甲而月癸时戊，则戊无所隔而合全癸，格
大破矣。
此亦地位之殊也，",[]
子平真诠,子平真诠-0179,癸酉甲子丁卯丙午,丁,HEAVY,REN-CAIGUAN|SHISHI-BURUO|HEAVY-ROOT|YIN-PARTY|BIJIE-PARTY|ROOT-STRUCK|ROOT-GAN-PRIORITY|WANGCHONG-SHUAI|SHI-GUI-LU|ZHONGGUA-2SIDE|JIRUO-WUGEN|GE-QUALITY|TIANGAN-XINGQING|YONGSHEN-STRUCTURE|YONGSHEN-FINAL|ZHONG-HE,"癸亥 壬戌 辛酉 庚申 己未 戊午
子午卯酉，四冲也，而此造则非但不冲，反为四助。卯酉之间，隔以子水，子午之间隔以卯木，金水木火，
以次相生，以印化煞为用。遇水得木引化，遇金得水引化，不伤印绶用神，虽冲而不冲也。",[]
子平真诠,子平真诠-0180,癸亥壬戌辛酉庚申,辛,HEAVY,REN-CAIGUAN|SHISHI-BURUO|XIEQI-TAIZHONG|HEAVY-ROOT|BIJIE-PARTY|ROOT-STRUCK|ROOT-GAN-PRIORITY|SHI-GUI-LU|ZHONGGUA-2SIDE|JIRUO-WUGEN|JIWANG-HUAIJI|JISHUAI-CONGSHENG|SHIYONG-YUELING-XIANGFU|GE-QUALITY|YONGSHEN-STRUCTURE|YONGSHEN-FINAL|ZHONG-HE,"己未 戊午
子午卯酉，四冲也，而此造则非但不冲，反为四助。卯酉之间，隔以子水，子午之间隔以卯木，金水木火，
以次相生，以印化煞为用。遇水得木引化，遇金得水引化，不伤印绶用神，虽冲而不冲也。",[]
子平真诠,子平真诠-0181,辛卯丁酉戊子戊午,戊,HEAVY,REN-CAIGUAN|SHISHI-BURUO|XIEQI-TAIZHONG|HEAVY-ROOT|YIN-PARTY|BIJIE-PARTY|ROOT-STRUCK|ROOT-GAN-PRIORITY|WANGCHONG-SHUAI|SHI-GUI-LU|ZHONGGUA-2SIDE|JIRUO-WUGEN|JIWANG-HUAIJI|JISHUAI-CONGSHENG|GE-QUALITY|YONGSHEN-STRUCTURE|YONGSHEN-FINAL|ZHONG-HE,"丙申 乙未 甲午 癸巳 壬辰 辛卯
此造土金伤官用印，然卯酉冲，官星不能生印；子午冲，印之根为财所破；地支木火被冲，天干火土亦成虚
脱。不免一生落拓，有志难伸矣。
更有喜其冲克者，如逊清乾隆皇帝造：",[]
子平真诠,子平真诠-0182,丙申乙未甲午癸巳,甲,LIGHT,REN-CAIGUAN|SHISHI-BURUO|XIEQI-TAIZHONG|LIGHT-ROOT|YIN-PARTY|BIJIE-PARTY|ROOT-GAN-PRIORITY|ZHONGGUA-2SIDE|JIRUO-WUGEN|JISHUAI-CONGSHENG|GE-QING|GE-QUALITY|SHI-ZHU-JI|TIANGAN-XINGQING|YONGSHEN-STRUCTURE|YONGSHEN-FINAL|ZHONG-HE,"壬辰 辛卯
此造土金伤官用印，然卯酉冲，官星不能生印；子午冲，印之根为财所破；地支木火被冲，天干火土亦成虚
脱。不免一生落拓，有志难伸矣。
更有喜其冲克者，如逊清乾隆皇帝造：",[]
子平真诠,子平真诠-0183,辛卯丁酉庚午丙子,庚,HEAVY,REN-CAIGUAN|DESHI-BUWANG|HEAVY-ROOT|BIJIE-PARTY|ROOT-STRUCK|ROOT-GAN-PRIORITY|WANGCHONG-SHUAI|ZHONGGUA-2SIDE|JIRUO-WUGEN|JIWANG-HUAIJI|GE-QUALITY|YONGSHEN-STRUCTURE|YONGSHEN-FINAL|ZHONG-HE,"丙申 乙未 甲午 癸巳 壬辰 辛卯 庚寅 己丑
阳刃格局，以煞制刃为用。但秋金无印，不作旺论，而官煞通根卯午，制刃太过。妙在卯酉冲，使卯木不能
生火，子午冲，使午火不破酉金，而丙丁官煞仍得通根。抑其太过，入于中和，是则玄之又玄，更难猝喻者
矣。
以上举子午卯酉为例，更有会合因先后而变其性质者，亦有非冲非合，而先后生克之间，吉凶迴殊者。非可
备举，学者熟习之后，自能领悟耳。
白话译文
命盘中的用神（",['中和']
子平真诠,子平真诠-0184,丙申乙未甲午癸巳,甲,LIGHT,REN-CAIGUAN|SHISHI-BURUO|XIEQI-TAIZHONG|LIGHT-ROOT|YIN-PARTY|BIJIE-PARTY|ROOT-GAN-PRIORITY|ZHONGGUA-2SIDE|JIRUO-WUGEN|JISHUAI-CONGSHENG|GE-QING|GE-QUALITY|SHI-ZHU-JI|TIANGAN-XINGQING|YONGSHEN-STRUCTURE|YONGSHEN-FINAL|ZHONG-HE,"壬辰 辛卯 庚寅 己丑
阳刃格局，以煞制刃为用。但秋金无印，不作旺论，而官煞通根卯午，制刃太过。妙在卯酉冲，使卯木不能
生火，子午冲，使午火不破酉金，而丙丁官煞仍得通根。抑其太过，入于中和，是则玄之又玄，更难猝喻者
矣。
以上举子午卯酉为例，更有会合因先后而变其性质者，亦有非冲非合，而先后生克之间，吉凶迴殊者。非可
备举，学者熟习之后，自能领悟耳。
白话译文
命盘中的用神（核心有用之神）确定后，还",['中和']
子平真诠,子平真诠-0185,壬辰辛卯庚寅己丑,庚,LIGHT,REN-CAIGUAN|SHISHI-BURUO|XIEQI-TAIZHONG|LIGHT-ROOT|YIN-PARTY|BIJIE-PARTY|ROOT-STRUCK|ROOT-GAN-PRIORITY|SHI-GUI-LU|ZHONGGUA-2SIDE|JIRUO-WUGEN|JISHUAI-CONGSHENG|GE-QUALITY|YONGSHEN-STRUCTURE|YONGSHEN-FINAL|ZHONG-HE,"阳刃格局，以煞制刃为用。但秋金无印，不作旺论，而官煞通根卯午，制刃太过。妙在卯酉冲，使卯木不能
生火，子午冲，使午火不破酉金，而丙丁官煞仍得通根。抑其太过，入于中和，是则玄之又玄，更难猝喻者
矣。
以上举子午卯酉为例，更有会合因先后而变其性质者，亦有非冲非合，而先后生克之间，吉凶迴殊者。非可
备举，学者熟习之后，自能领悟耳。
白话译文
命盘中的用神（核心有用之神）确定后，还需结合四柱其他各字的生克",['中和']
子平真诠,子平真诠-0186,己未癸酉丁巳丁未,丁,HEAVY,REN-CAIGUAN|SHISHI-BURUO|XIEQI-TAIZHONG|HEAVY-ROOT|BIJIE-PARTY|ROOT-GAN-PRIORITY|SHI-GUI-LU|ZHONGGUA-2SIDE|JISHUAI-CONGSHENG|GE-QING|GE-QUALITY|TIANGAN-XINGQING|YONGSHEN-STRUCTURE|YONGSHEN-FINAL|ZHONG-HE,"壬申 辛未 庚午 己巳 戊辰 丁卯
此袁项城命造也。初视之，身强食神制煞而已，细辨之，以年为主，己未年命，未酉夹申，为贵；以日为
主，丁贵在酉，以煞为用，煞贵在巳，身煞互换得贵。七煞者敌对之神，为受清廷知遇，而清廷亦受覆育之
兆。地支巳未酉夹禄夹贵，全盘禄贵拥护，宜为元首。至卯运，敌对之煞，临贵得势，而冲本身之贵，众叛
亲离，至为显然也。",['身强']
子平真诠,子平真诠-0187,壬申辛未庚午己巳,庚,HEAVY,REN-CAIGUAN|SHISHI-BURUO|XIEQI-TAIZHONG|HEAVY-ROOT|YIN-PARTY|BIJIE-PARTY|ROOT-STRUCK|ROOT-GAN-PRIORITY|SHI-GUI-LU|ZHONGGUA-2SIDE|JIRUO-WUGEN|JIWANG-HUAIJI|JISHUAI-CONGSHENG|GE-QING|GE-QUALITY|SHI-ZHU-JI|YONGSHEN-STRUCTURE|YONGSHEN-FINAL|ZHONG-HE,"戊辰 丁卯
此袁项城命造也。初视之，身强食神制煞而已，细辨之，以年为主，己未年命，未酉夹申，为贵；以日为
主，丁贵在酉，以煞为用，煞贵在巳，身煞互换得贵。七煞者敌对之神，为受清廷知遇，而清廷亦受覆育之
兆。地支巳未酉夹禄夹贵，全盘禄贵拥护，宜为元首。至卯运，敌对之煞，临贵得势，而冲本身之贵，众叛
亲离，至为显然也。",['身强']
子平真诠,子平真诠-0188,乙卯丙戌癸酉丙辰,癸,LIGHT,REN-CAIGUAN|XIEQI-TAIZHONG|LIGHT-ROOT|ROOT-STRUCK|ROOT-GAN-PRIORITY|SHI-GUI-LU|ZHONGGUA-2SIDE|JIRUO-WUGEN|JISHUAI-CONGSHENG|SHIYONG-YUELING-XIANGFU|GE-QUALITY|SHI-ZHU-JI|TIANGAN-XINGQING|YONGSHEN-STRUCTURE|YONGSHEN-FINAL|ZHONG-HE,"乙酉 甲申 癸未 壬午 辛巳 庚辰
此徐东海命造也。初视之，财得食生而已，然癸贵在卯，丙贵在酉，辰卯酉戌，东西对峙，两合解冲，水火
相争，而得乙卯贵人，调和其间，宜其终身善为和事老也。又袁为武人，用煞为权；徐为文臣，用食生财，
是岂偶然哉？",[]
子平真诠,子平真诠-0189,乙酉甲申癸未壬午,癸,NONE,SHISHI-BURUO|XIEQI-TAIZHONG|BIJIE-PARTY|ZHONGGUA-2SIDE|WUGEN-YOUFU|JISHUAI-CONGSHENG|GE-QING|GE-QUALITY|YUN-SHENG-ROOT|SHI-ZHU-JI|TIANGAN-XINGQING|YONGSHEN-STRUCTURE|YONGSHEN-FINAL|ZHONG-HE,"辛巳 庚辰
此徐东海命造也。初视之，财得食生而已，然癸贵在卯，丙贵在酉，辰卯酉戌，东西对峙，两合解冲，水火
相争，而得乙卯贵人，调和其间，宜其终身善为和事老也。又袁为武人，用煞为权；徐为文臣，用食生财，
是岂偶然哉？",[]
子平真诠,子平真诠-0190,戊寅己未甲寅乙亥,甲,HEAVY,REN-CAIGUAN|SHISHI-BURUO|HEAVY-ROOT|BIJIE-PARTY|ROOT-STRUCK|ROOT-GAN-PRIORITY|HE-HUASHEN-DESHI|SHI-GUI-LU|ZHONGGUA-2SIDE|RI-BEI-HE|JIRUO-WUGEN|JIWANG-HUAIJI|GE-QING|GE-QUALITY|TIANGAN-XINGQING|YONGSHEN-STRUCTURE|YONGSHEN-FINAL|ZHONG-HE,"庚申 辛酉 壬戌 癸亥 甲子 乙丑
年戊日甲，同以未为贵人；甲本身旺任财，月令己土真贵透出为用神；更喜四柱无金，寅未藏火，食伤生
才，清纯之极。年月为祖基，其贵出于遗荫，未贵直接为用，本身受贵人之提携。此为合肥李国筠造，受项
城总统之知遇，民国初年曾任广东巡按使者也(袁项城造为己未命尤奇)。",['身旺']
子平真诠,子平真诠-0191,庚申辛酉壬戌癸亥,壬,HEAVY,REN-CAIGUAN|SHISHI-BURUO|HEAVY-ROOT|YIN-PARTY|BIJIE-PARTY|ROOT-STRUCK|ROOT-GAN-PRIORITY|SHI-GUI-LU|ZHONGGUA-2SIDE|JIRUO-WUGEN|JIWANG-HUAIJI|GE-QUALITY|YONGSHEN-STRUCTURE|YONGSHEN-FINAL|ZHONG-HE,"甲子 乙丑
年戊日甲，同以未为贵人；甲本身旺任财，月令己土真贵透出为用神；更喜四柱无金，寅未藏火，食伤生
才，清纯之极。年月为祖基，其贵出于遗荫，未贵直接为用，本身受贵人之提携。此为合肥李国筠造，受项
城总统之知遇，民国初年曾任广东巡按使者也(袁项城造为己未命尤奇)。",['身旺']
子平真诠,子平真诠-0192,戊戌甲子己巳戊辰,己,HEAVY,REN-CAIGUAN|SHISHI-BURUO|HEAVY-ROOT|BIJIE-PARTY|ROOT-STRUCK|ROOT-GAN-PRIORITY|SHI-GUI-LU|ZHONGGUA-2SIDE|RI-BEI-HE|JIRUO-WUGEN|SHIYONG-YUELING-XIANGFU|GE-QUALITY|SHI-ZHU-JI|TIANGAN-XINGQING|YONGSHEN-STRUCTURE|YONGSHEN-FINAL|ZHONG-HE,"乙丑 丙寅 丁卯 戊辰 己巳 庚午 辛未
财生官旺，丙火调候为用。月令天乙，贵由祖荫。贵人为财以生官，其贵为间接，更以腊月财官，须火调
候，用神在巳，而非子，贵为间接之用。此亦为合肥李某某君之造。运至丙寅丁卯继承大宗，而本身之贵，
则较上造稍次。更以己甲合官以护财，戊不能争，所以独得继统，拥产甚巨也。
(林注：此造水无金生，群土包围，财不以旺论。五土一火，当成从旺格，火土为喜用兼作调候，子水为
病",[]
子平真诠,子平真诠-0193,乙丑丙寅丁卯戊辰,丁,NONE,SHISHI-BURUO|XIEQI-TAIZHONG|YIN-PARTY|BIJIE-PARTY|ZHONGGUA-2SIDE|WUGEN-YOUFU|JISHUAI-CONGSHENG|SHIYONG-YUELING-XIANGFU|GE-QUALITY|YUN-SHENG-ROOT|SHI-ZHU-JI|TIANGAN-XINGQING|YONGSHEN-STRUCTURE|YONGSHEN-FINAL|ZHONG-HE,"己巳 庚午 辛未
财生官旺，丙火调候为用。月令天乙，贵由祖荫。贵人为财以生官，其贵为间接，更以腊月财官，须火调
候，用神在巳，而非子，贵为间接之用。此亦为合肥李某某君之造。运至丙寅丁卯继承大宗，而本身之贵，
则较上造稍次。更以己甲合官以护财，戊不能争，所以独得继统，拥产甚巨也。
(林注：此造水无金生，群土包围，财不以旺论。五土一火，当成从旺格，火土为喜用兼作调候，子水为
病。七十年大运除辰字半合子",[]
子平真诠,子平真诠-0194,辛巳辛丑庚申辛巳,庚,HEAVY,REN-CAIGUAN|SHISHI-BURUO|HEAVY-ROOT|BIJIE-PARTY|ROOT-STRUCK|ROOT-GAN-PRIORITY|SHI-GUI-LU|ZHONGGUA-2SIDE|JIRUO-WUGEN|JIWANG-HUAIJI|GE-QING|GE-QUALITY|CAI-RUO-SHEN-QIANG|SHI-ZHU-JI|YONGSHEN-STRUCTURE|YONGSHEN-FINAL|ZHONG-HE,"庚子 己亥 戊戌 丁酉 丙申 乙未 甲午
寒月土金，宜用火调候。而巳丑会合，巳申刑合，格局转换。气全金水，反宜顺其旺气，以行土金水运为
美。此为合肥李国杰命造。辛金杂出而庚金独得贵，所以昆仲甚众，而彼独得袭爵，贵由遗荫，故年月合
贵。幼行未运，两贵相冲，加以甲戌流年，三刑会合，刑伤两贵，而受牢狱之灾。此造如时透一水，晚运即
不致颠沛。可见星辰不尽无稽也。又李氏之贵，始于文忠公，文忠造",[]
子平真诠,子平真诠-0195,庚子己亥戊戌丁酉,戊,LIGHT,REN-CAIGUAN|SHISHI-BURUO|XIEQI-TAIZHONG|LIGHT-ROOT|YIN-PARTY|BIJIE-PARTY|ROOT-STRUCK|ROOT-GAN-PRIORITY|ZHONGGUA-2SIDE|JIRUO-WUGEN|JISHUAI-CONGSHENG|GE-QUALITY|YONGSHEN-STRUCTURE|YONGSHEN-FINAL|ZHONG-HE,"丙申 乙未 甲午
寒月土金，宜用火调候。而巳丑会合，巳申刑合，格局转换。气全金水，反宜顺其旺气，以行土金水运为
美。此为合肥李国杰命造。辛金杂出而庚金独得贵，所以昆仲甚众，而彼独得袭爵，贵由遗荫，故年月合
贵。幼行未运，两贵相冲，加以甲戌流年，三刑会合，刑伤两贵，而受牢狱之灾。此造如时透一水，晚运即
不致颠沛。可见星辰不尽无稽也。又李氏之贵，始于文忠公，文忠造",[]
子平真诠,子平真诠-0196,癸未甲寅乙亥己卯,乙,HEAVY,REN-CAIGUAN|DESHI-BUWANG|HEAVY-ROOT|TENGLUO-XIJIA|YIN-PARTY|BIJIE-PARTY|ROOT-STRUCK|ROOT-GAN-PRIORITY|SHI-GUI-LU|ZHONGGUA-2SIDE|JIRUO-WUGEN|JIWANG-HUAIJI|GE-QING|GE-QUALITY|TIANGAN-XINGQING|YONGSHEN-STRUCTURE|YONGSHEN-FINAL|ZHONG-HE,"，曲直仁寿格，至李国杰金局而贵绝，袭爵至此而终，亦一奇也。此为贞元之运，八字
研究不尽，附志于此。
白话译文
八字命理的核心，在于月令与四柱之间的生克制化关系，这才是判断格局成败的根本。那些所谓的吉星凶
煞，既无法直接参与五行生克，便也无法左右命运的高低。道理很简单：格局已成，满盘孤辰、亡神也无
损其贵；格局已破，天德、贵人堆满四柱也无济于事。当今许多人见到吉星便欣喜，见到凶煞便惊慌，完
全抛开用",[]
子平真诠,子平真诠-0197,丙戌辛丑壬午戊申,壬,HEAVY,REN-CAIGUAN|SHISHI-BURUO|HEAVY-ROOT|YIN-PARTY|ROOT-STRUCK|ROOT-GAN-PRIORITY|SHI-GUI-LU|ZHONGGUA-2SIDE|JIRUO-WUGEN|JIWANG-HUAIJI|GE-QUALITY|SHI-ZHU-JI|YONGSHEN-STRUCTURE|YONGSHEN-FINAL|ZHONG-HE,"壬寅 癸卯 甲辰 乙巳 丙午 丁未 戊申 己酉
戊土七煞，透于时干，土居中央，寄生于寅申，是申亦土之生地也。以长生歌诀论，当有四子。丙辛相合，
壬水通源，身旺敌煞，而壬日坐午，禄马同乡，取财生煞为用神。时干有用，可为多子之征；财为喜神，亦
内助得力之征。然倍之亦仅得八。今王君子女多至三十余人，更从何处看之乎？
白话译文
命理吉凶，越是亲近之人越灵验。父母利害与己相连，八字可推；祖宗兄弟利害渐远，应",['身旺']
子平真诠,子平真诠-0198,壬寅癸卯甲辰乙巳,甲,HEAVY,REN-CAIGUAN|HEAVY-ROOT|YIN-PARTY|BIJIE-PARTY|ROOT-STRUCK|ROOT-GAN-PRIORITY|ZHONGGUA-2SIDE|JIRUO-WUGEN|JIWANG-HUAIJI|GE-QUALITY|SHI-ZHU-JI|TIANGAN-XINGQING|YONGSHEN-STRUCTURE|YONGSHEN-FINAL|ZHONG-HE,"丙午 丁未 戊申 己酉
戊土七煞，透于时干，土居中央，寄生于寅申，是申亦土之生地也。以长生歌诀论，当有四子。丙辛相合，
壬水通源，身旺敌煞，而壬日坐午，禄马同乡，取财生煞为用神。时干有用，可为多子之征；财为喜神，亦
内助得力之征。然倍之亦仅得八。今王君子女多至三十余人，更从何处看之乎？
白话译文
命理吉凶，越是亲近之人越灵验。父母利害与己相连，八字可推；祖宗兄弟利害渐远，应验则弱。妻子子
女切身相",['身旺']
子平真诠,子平真诠-0199,丙午丁未戊申己酉,戊,HEAVY,REN-CAIGUAN|HEAVY-ROOT|YIN-PARTY|BIJIE-PARTY|ROOT-GAN-PRIORITY|ZHONGGUA-2SIDE|JIWANG-HUAIJI|GE-QING|GE-QUALITY|YONGSHEN-STRUCTURE|YONGSHEN-FINAL|ZHONG-HE,"戊土七煞，透于时干，土居中央，寄生于寅申，是申亦土之生地也。以长生歌诀论，当有四子。丙辛相合，
壬水通源，身旺敌煞，而壬日坐午，禄马同乡，取财生煞为用神。时干有用，可为多子之征；财为喜神，亦
内助得力之征。然倍之亦仅得八。今王君子女多至三十余人，更从何处看之乎？
白话译文
命理吉凶，越是亲近之人越灵验。父母利害与己相连，八字可推；祖宗兄弟利害渐远，应验则弱。妻子子
女切身相关，亦可推算。
看妻，须",['身旺']
子平真诠,子平真诠-0200,庚申辛酉甲寅乙卯,甲,HEAVY,REN-CAIGUAN|SHISHI-BURUO|HEAVY-ROOT|BIJIE-PARTY|ROOT-STRUCK|ROOT-GAN-PRIORITY|WANGCHONG-SHUAI|HE-HUASHEN-DESHI|SHI-GUI-LU|ZHONGGUA-2SIDE|JIRUO-WUGEN|GE-QUALITY|TIANGAN-XINGQING|YONGSHEN-STRUCTURE|YONGSHEN-FINAL|ZHONG-HE,"，干支相同，无论矣。
甲午 乙未 丙寅 丁卯，木火同气，",[]
子平真诠,子平真诠-0201,甲午乙未丙寅丁卯,丙,HEAVY,REN-CAIGUAN|SHISHI-BURUO|YIN-PARTY|BIJIE-PARTY|ROOT-STRUCK|ROOT-GAN-PRIORITY|ZHONGGUA-2SIDE|JIWANG-HUAIJI|SHIYONG-YUELING-XIANGFU|GE-QING|GE-QUALITY|CAI-RUO-SHEN-QIANG|YONGSHEN-STRUCTURE|YONGSHEN-FINAL|ZHONG-HE,"，木火同气，
庚子 辛丑 壬申 癸酉，金水同气，为喜为忌，大致相同。如丙子丙申，火不通根，庚寅辛卯，金不通根，则
干之力微，而方之力重。干为喜则为福不足，为忌则为祸亦不足。故看运须十年并论，不能以一字之喜忌，
断章取义也。
原文
何为喜？命中所喜之神，我得而助之者是也。如官用印以制伤，而运助印；财生官而身轻，而运助身；印带
财以为忌，而运劫财；食带煞以成格，身轻而运逢印，煞重而运助食；伤官佩印，而","['身弱', '身强']"
子平真诠,子平真诠-0202,庚子辛丑壬申癸酉,壬,HEAVY,REN-CAIGUAN|SHISHI-BURUO|YIN-PARTY|BIJIE-PARTY|ROOT-STRUCK|ROOT-GAN-PRIORITY|ZHONGGUA-2SIDE|JIWANG-HUAIJI|SHIYONG-YUELING-XIANGFU|GE-QING|GE-QUALITY|CAI-RUO-SHEN-QIANG|YONGSHEN-STRUCTURE|YONGSHEN-FINAL|ZHONG-HE,"，金水同气，为喜为忌，大致相同。如丙子丙申，火不通根，庚寅辛卯，金不通根，则
干之力微，而方之力重。干为喜则为福不足，为忌则为祸亦不足。故看运须十年并论，不能以一字之喜忌，
断章取义也。
原文
何为喜？命中所喜之神，我得而助之者是也。如官用印以制伤，而运助印；财生官而身轻，而运助身；印带
财以为忌，而运劫财；食带煞以成格，身轻而运逢印，煞重而运助食；伤官佩印，而运行官煞；阳刃用官，
而运助财乡；月","['身弱', '身强']"
子平真诠,子平真诠-0203,辛未甲午丙申戊戌,丙,HEAVY,REN-CAIGUAN|DESHI-BUWANG|XIEQI-TAIZHONG|HEAVY-ROOT|YIN-PARTY|ROOT-STRUCK|ROOT-GAN-PRIORITY|SHI-GUI-LU|ZHONGGUA-2SIDE|RI-BEI-HE|JIRUO-WUGEN|JIWANG-HUAIJI|SHIYONG-YUELING-XIANGFU|GE-QING|GE-QUALITY|WANGJI-SIWO-SHENG|SHI-ZHU-JI|YONGSHEN-STRUCTURE|YONGSHEN-FINAL|ZHONG-HE,"癸巳 壬辰 辛卯 庚寅 己丑 戊子
月令阳刃，而丙临申位，旺而不旺，虽以食神为用，究嫌气势不足。至寅运，格局突然变换，寅午戌三合，
身旺泄秀，为阳刃用食，气势回殊，格局顿清。因原局午戌半会而隔申，逢寅冲而会齐火局，否则，不能去
申而代之也。
姚君在此运中，一跃而为两淮盐运使。特此类命造，须原局本美，成而未全，逢运成之也。既可以变格为
贵，亦可以变格为贱，其为福为祸，自较常理为尤重。若原局不佳，则暴","['身旺', '身强']"
子平真诠,子平真诠-0204,癸巳壬辰辛卯庚寅,辛,NONE,SHISHI-BURUO|XIEQI-TAIZHONG|BIJIE-PARTY|ZHONGGUA-2SIDE|WUGEN-YOUFU|JISHUAI-CONGSHENG|SHIYONG-YUELING-XIANGFU|GE-QUALITY|YUN-SHENG-ROOT|SHI-ZHU-JI|YONGSHEN-STRUCTURE|YONGSHEN-FINAL|ZHONG-HE,"己丑 戊子
月令阳刃，而丙临申位，旺而不旺，虽以食神为用，究嫌气势不足。至寅运，格局突然变换，寅午戌三合，
身旺泄秀，为阳刃用食，气势回殊，格局顿清。因原局午戌半会而隔申，逢寅冲而会齐火局，否则，不能去
申而代之也。
姚君在此运中，一跃而为两淮盐运使。特此类命造，须原局本美，成而未全，逢运成之也。既可以变格为
贵，亦可以变格为贱，其为福为祸，自较常理为尤重。若原局不佳，则暴兴暴落，殊不足取耳。
(","['身旺', '身强']"
子平真诠,子平真诠-0205,丁亥乙巳丁酉甲辰,丁,HEAVY,REN-CAIGUAN|HEAVY-ROOT|YIN-PARTY|BIJIE-PARTY|ROOT-STRUCK|ROOT-GAN-PRIORITY|WANGCHONG-SHUAI|ZHONGGUA-2SIDE|JIRUO-WUGEN|JIWANG-HUAIJI|SHIYONG-YUELING-XIANGFU|GE-QUALITY|SHI-ZHU-JI|TIANGAN-XINGQING|YONGSHEN-STRUCTURE|YONGSHEN-FINAL|ZHONG-HE,"甲辰 癸卯 壬寅 辛丑 庚子 己亥
清光绪十三年闰四月初十日辰时，为招商局督办赵铁桥之造。财格佩印，巳酉合而化财，甲乙透干，财不碍
印也。行运辛金从酉中透清，辛为柔金，不伤甲木；丑巳酉，三合金局，贵为招商督办。此所谓因会而动，
能作祸福也。至庚，合乙伤甲，而印均破，被刺遇害。",[]
子平真诠,子平真诠-0206,甲辰癸卯壬寅辛丑,壬,LIGHT,REN-CAIGUAN|SHISHI-BURUO|XIEQI-TAIZHONG|LIGHT-ROOT|YIN-PARTY|BIJIE-PARTY|ROOT-STRUCK|ROOT-GAN-PRIORITY|SHI-GUI-LU|ZHONGGUA-2SIDE|JIRUO-WUGEN|JISHUAI-CONGSHENG|GE-QUALITY|SHI-ZHU-JI|YONGSHEN-STRUCTURE|YONGSHEN-FINAL|ZHONG-HE,"庚子 己亥
清光绪十三年闰四月初十日辰时，为招商局督办赵铁桥之造。财格佩印，巳酉合而化财，甲乙透干，财不碍
印也。行运辛金从酉中透清，辛为柔金，不伤甲木；丑巳酉，三合金局，贵为招商督办。此所谓因会而动，
能作祸福也。至庚，合乙伤甲，而印均破，被刺遇害。",[]
子平真诠,子平真诠-0207,戊午乙卯壬子庚子,壬,HEAVY,REN-CAIGUAN|XIEQI-TAIZHONG|HEAVY-ROOT|ROOT-STRUCK|ROOT-GAN-PRIORITY|WANGCHONG-SHUAI|SHI-GUI-LU|ZHONGGUA-2SIDE|JIRUO-WUGEN|JIWANG-HUAIJI|JISHUAI-CONGSHENG|GE-QUALITY|YONGSHEN-STRUCTURE|YONGSHEN-FINAL|ZHONG-HE,"丙辰 丁巳 戊午 己未 庚申 辛酉 壬戌
生于清咸丰八年二月初六日子时，为康有为造。水木伤官，而水旺木浮，戊土制水，所以生木，故取煞制刃
为用神。午运冲子，以一冲而引起两冲，喜神冲忌，声名扬溢。己未干支均土，然己有助煞制刃之功，未运
会卯化木，喜化为忌，伤官动而制煞。戊戌政变，年四十一，正入未运，犹幸戊戌流年为美，得死里逃生
也。",[]
子平真诠,子平真诠-0208,丙辰丁巳戊午己未,戊,HEAVY,REN-CAIGUAN|SHISHI-BURUO|HEAVY-ROOT|YIN-PARTY|BIJIE-PARTY|ROOT-GAN-PRIORITY|SHI-GUI-LU|ZHONGGUA-2SIDE|JIWANG-HUAIJI|GE-QING|GE-QUALITY|SHI-ZHU-JI|YONGSHEN-STRUCTURE|YONGSHEN-FINAL|ZHONG-HE,"庚申 辛酉 壬戌
生于清咸丰八年二月初六日子时，为康有为造。水木伤官，而水旺木浮，戊土制水，所以生木，故取煞制刃
为用神。午运冲子，以一冲而引起两冲，喜神冲忌，声名扬溢。己未干支均土，然己有助煞制刃之功，未运
会卯化木，喜化为忌，伤官动而制煞。戊戌政变，年四十一，正入未运，犹幸戊戌流年为美，得死里逃生
也。",[]
子平真诠,子平真诠-0209,丁未甲辰己酉戊辰,己,HEAVY,REN-CAIGUAN|DESHI-BUWANG|HEAVY-ROOT|YIN-PARTY|BIJIE-PARTY|ROOT-STRUCK|ROOT-GAN-PRIORITY|HE-HUASHEN-DESHI|SHI-GUI-LU|ZHONGGUA-2SIDE|RI-BEI-HE|JIRUO-WUGEN|JIWANG-HUAIJI|SHIYONG-YUELING-XIANGFU|GE-QUALITY|SHI-ZHU-JI|TIANGAN-XINGQING|YONGSHEN-STRUCTURE|YONGSHEN-FINAL|ZHONG-HE,"癸卯 壬寅 辛丑 庚子 己亥 戊戌
此舍侄某造，甲己化土格也。戊土元神透出，年上丁火助化，格局极真，以丁火偏印为用神。初运寅卯，化
神还原，壬癸伤用，皆非美运。然壬癸有戊土回克，卯运有酉金回冲，原局有救应，逢凶化吉。至寅运，甲
木得禄，化神还原，四柱无救，一败涂地。可见行运救应之一斑。
白话译文
命局中的喜用与忌神，天干和地支都可能含有，但两者性质不同：天干属天，主动、显露、直接发力；地
支属地，",[]
子平真诠,子平真诠-0210,癸卯壬寅辛丑庚子,辛,LIGHT,REN-CAIGUAN|SHISHI-BURUO|XIEQI-TAIZHONG|LIGHT-ROOT|BIJIE-PARTY|ROOT-STRUCK|ROOT-GAN-PRIORITY|SHI-GUI-LU|ZHONGGUA-2SIDE|JIRUO-WUGEN|JISHUAI-CONGSHENG|GE-QUALITY|YONGSHEN-STRUCTURE|YONGSHEN-FINAL|ZHONG-HE,"己亥 戊戌
此舍侄某造，甲己化土格也。戊土元神透出，年上丁火助化，格局极真，以丁火偏印为用神。初运寅卯，化
神还原，壬癸伤用，皆非美运。然壬癸有戊土回克，卯运有酉金回冲，原局有救应，逢凶化吉。至寅运，甲
木得禄，化神还原，四柱无救，一败涂地。可见行运救应之一斑。
白话译文
命局中的喜用与忌神，天干和地支都可能含有，但两者性质不同：天干属天，主动、显露、直接发力；地
支属地，主静、潜伏、待机而动。且",[]
子平真诠,子平真诠-0211,丁丑丁未丁酉丁未,丁,LIGHT,REN-CAIGUAN|SHISHI-BURUO|LIGHT-ROOT|BIJIE-PARTY|ROOT-STRUCK|ROOT-GAN-PRIORITY|SHI-GUI-LU|ZHONGGUA-2SIDE|JIRUO-WUGEN|SHIYONG-YUELING-XIANGFU|GE-QUALITY|TIANGAN-XINGQING|YONGSHEN-STRUCTURE|YONGSHEN-FINAL|ZHONG-HE,"丙午 乙巳 甲辰 癸卯 壬寅
此为敝戚姚君造。火旺遇金而有食神生之，富格也。火旺金衰，至巳运，巳酉丑三合会齐，最为活动得意，
余均困守。卯运会未，忌神透清发动，不禄。
运中透清或会合，与原有者不甚相远，特仅此五年耳，过此则依然如故。至于在年或在日时，未可拘执。总
之，喜忌清则吉凶之验显，若为闲杂之神，则关系亦轻耳。
原文
故凡一八字到手，必须逐干逐支，上下统看。支为干之生地，干为支之发用。如命中有",[]
子平真诠,子平真诠-0212,丙午乙巳甲辰癸卯,甲,HEAVY,REN-CAIGUAN|SHISHI-BURUO|XIEQI-TAIZHONG|HEAVY-ROOT|YIN-PARTY|BIJIE-PARTY|ROOT-STRUCK|ROOT-GAN-PRIORITY|SHI-GUI-LU|ZHONGGUA-2SIDE|JIRUO-WUGEN|JIWANG-HUAIJI|JISHUAI-CONGSHENG|GE-QUALITY|TIANGAN-XINGQING|YONGSHEN-STRUCTURE|YONGSHEN-FINAL|ZHONG-HE,"壬寅
此为敝戚姚君造。火旺遇金而有食神生之，富格也。火旺金衰，至巳运，巳酉丑三合会齐，最为活动得意，
余均困守。卯运会未，忌神透清发动，不禄。
运中透清或会合，与原有者不甚相远，特仅此五年耳，过此则依然如故。至于在年或在日时，未可拘执。总
之，喜忌清则吉凶之验显，若为闲杂之神，则关系亦轻耳。
原文
故凡一八字到手，必须逐干逐支，上下统看。支为干之生地，干为支之发用。如命中有一甲字，则统观四
支，有",[]
子平真诠,子平真诠-0213,甲寅丙寅庚寅戊寅,庚,NONE,SHISHI-BURUO|CAIDUO-SHENRUAN|SHAZHONG-SHENQING|JUECHU-FENGSHENG|YIN-PARTY|ZHONGGUA-2SIDE|JIRUO-WUGEN|WUGEN-YOUFU|JISHUAI-CONGSHENG|SHIYONG-YUELING-XIANGFU|GE-QING|GE-QUALITY|YUN-SHENG-ROOT|SHI-ZHU-JI|YONGSHEN-STRUCTURE|YONGSHEN-FINAL|ZHONG-HE,"辛卯 壬辰 癸巳 甲午 乙未
寅中甲丙戊并透，然地支全寅，甲木当旺，当以从财为用。若地支寅午会局，则以丙火为用矣。",[]
子平真诠,子平真诠-0214,辛卯壬辰癸巳甲午,癸,LIGHT,REN-CAIGUAN|SHISHI-BURUO|XIEQI-TAIZHONG|LIGHT-ROOT|YIN-PARTY|BIJIE-PARTY|ROOT-STRUCK|ROOT-GAN-PRIORITY|ZHONGGUA-2SIDE|JIRUO-WUGEN|JISHUAI-CONGSHENG|GE-QUALITY|SHI-ZHU-JI|TIANGAN-XINGQING|YONGSHEN-STRUCTURE|YONGSHEN-FINAL|ZHONG-HE,"乙未
寅中甲丙戊并透，然地支全寅，甲木当旺，当以从财为用。若地支寅午会局，则以丙火为用矣。",[]
子平真诠,子平真诠-0215,戊辰甲寅壬戌丙午,壬,LIGHT,REN-CAIGUAN|XIEQI-TAIZHONG|LIGHT-ROOT|ROOT-STRUCK|ROOT-GAN-PRIORITY|ZHONGGUA-2SIDE|JIRUO-WUGEN|JISHUAI-CONGSHENG|GE-QUALITY|SHI-ZHU-JI|YONGSHEN-STRUCTURE|YONGSHEN-FINAL|ZHONG-HE,"乙卯 丙辰 丁巳 戊午 己未 庚申
此浙东施再邨命造。寅中甲丙戊齐透，而支逢寅午戌三合会局，以丙火从财为用。
所谓并用，乃一为用，一为相耳，未可误会。亦有虽透而不用者，如彭玉麟造，戊生丑月，辛癸并透，而用
丙火；伍朝枢造，壬生午月，丁己并透，而用酉印(详见成中有败篇及配气候得失篇)。可知取用之法，必须
体察全局，配合日元之需要，未可呆执也。
白话译文
地支藏神对命局的喜忌影响，与天干有所不同。藏于",[]
子平真诠,子平真诠-0216,乙卯丙辰丁巳戊午,丁,HEAVY,REN-CAIGUAN|SHISHI-BURUO|XIEQI-TAIZHONG|HEAVY-ROOT|YIN-PARTY|BIJIE-PARTY|ROOT-STRUCK|ROOT-GAN-PRIORITY|SHI-GUI-LU|ZHONGGUA-2SIDE|JIRUO-WUGEN|JIWANG-HUAIJI|JISHUAI-CONGSHENG|GE-QUALITY|TIANGAN-XINGQING|YONGSHEN-STRUCTURE|YONGSHEN-FINAL|ZHONG-HE,"己未 庚申
此浙东施再邨命造。寅中甲丙戊齐透，而支逢寅午戌三合会局，以丙火从财为用。
所谓并用，乃一为用，一为相耳，未可误会。亦有虽透而不用者，如彭玉麟造，戊生丑月，辛癸并透，而用
丙火；伍朝枢造，壬生午月，丁己并透，而用酉印(详见成中有败篇及配气候得失篇)。可知取用之法，必须
体察全局，配合日元之需要，未可呆执也。
白话译文
地支藏神对命局的喜忌影响，与天干有所不同。藏于支中的神煞，平时静伏待用",[]
子平真诠,子平真诠-0217,癸酉癸亥戊子丁巳,戊,HEAVY,REN-CAIGUAN|SHISHI-BURUO|HEAVY-ROOT|YIN-PARTY|ROOT-STRUCK|ROOT-GAN-PRIORITY|WANGCHONG-SHUAI|SHI-GUI-LU|ZHONGGUA-2SIDE|RI-BEI-HE|JIRUO-WUGEN|GE-QUALITY|YONGSHEN-STRUCTURE|YONGSHEN-FINAL|ZHONG-HE,"壬戌 辛酉 庚申 己未 戊午 丁巳
盐业总商王绶珊君命造。",[]
子平真诠,子平真诠-0218,壬戌辛酉庚申己未,庚,HEAVY,REN-CAIGUAN|DESHI-BUWANG|XIEQI-TAIZHONG|HEAVY-ROOT|YIN-PARTY|BIJIE-PARTY|ROOT-STRUCK|ROOT-GAN-PRIORITY|ZHONGGUA-2SIDE|JIRUO-WUGEN|JIWANG-HUAIJI|GE-QUALITY|WANGJI-SIWO-SHENG|SHI-ZHU-JI|YONGSHEN-STRUCTURE|YONGSHEN-FINAL|ZHONG-HE,"戊午 丁巳
盐业总商王绶珊君命造。
壬辰",[]
子平真诠,子平真诠-0219,壬辰壬子丙申癸巳,丙,HEAVY,REN-CAIGUAN|ROOT-STRUCK|ROOT-GAN-PRIORITY|SHI-GUI-LU|ZHONGGUA-2SIDE|JIRUO-WUGEN|GE-QING|GE-QUALITY|SHI-ZHU-JI|YONGSHEN-STRUCTURE|YONGSHEN-FINAL|ZHONG-HE,"癸丑 甲寅 乙卯 丙辰 丁巳 戊午
小日报主人黄光益君命造。
此两造皆日禄归时也。王君月令正财太旺，归禄帮身，运至比劫而致富，所谓“四柱没官星，青云得路”也。
黄君官煞太旺，恃巳禄为日元之根，尚须通关用印，运至印地最美。比劫帮身敌煞虽为美运，巳落二乘归
禄，以见官为破格者，正以身煞相敌，故以不见为美也。如：",[]
子平真诠,子平真诠-0220,癸丑甲寅乙卯丙辰,乙,HEAVY,REN-CAIGUAN|DESHI-BUWANG|XIEQI-TAIZHONG|HEAVY-ROOT|TENGLUO-XIJIA|YIN-PARTY|BIJIE-PARTY|ROOT-STRUCK|ROOT-GAN-PRIORITY|SHI-GUI-LU|ZHONGGUA-2SIDE|JIRUO-WUGEN|JIWANG-HUAIJI|SHIYONG-YUELING-XIANGFU|GE-QUALITY|WANGJI-SIWO-SHENG|SHI-ZHU-JI|TIANGAN-XINGQING|YONGSHEN-STRUCTURE|YONGSHEN-FINAL|ZHONG-HE,"丁巳 戊午
小日报主人黄光益君命造。
此两造皆日禄归时也。王君月令正财太旺，归禄帮身，运至比劫而致富，所谓“四柱没官星，青云得路”也。
黄君官煞太旺，恃巳禄为日元之根，尚须通关用印，运至印地最美。比劫帮身敌煞虽为美运，巳落二乘归
禄，以见官为破格者，正以身煞相敌，故以不见为美也。如：",[]
子平真诠,子平真诠-0221,己巳丙寅乙未己卯,乙,HEAVY,REN-CAIGUAN|DESHI-BUWANG|XIEQI-TAIZHONG|HEAVY-ROOT|ROOT-STRUCK|ROOT-GAN-PRIORITY|SHI-GUI-LU|ZHONGGUA-2SIDE|JIRUO-WUGEN|JIWANG-HUAIJI|GE-QUALITY|WANGJI-SIWO-SHENG|TIANGAN-XINGQING|YONGSHEN-STRUCTURE|YONGSHEN-FINAL|ZHONG-HE,"乙丑 甲子 癸亥 壬戌 辛酉 庚申
为先叔某命造。伤官生财为用，虽受遗荫，富而不贵，且无子。",[]
子平真诠,子平真诠-0222,乙丑甲子癸亥壬戌,癸,HEAVY,REN-CAIGUAN|DESHI-BUWANG|XIEQI-TAIZHONG|HEAVY-ROOT|BIJIE-PARTY|ROOT-GAN-PRIORITY|ZHONGGUA-2SIDE|JIWANG-HUAIJI|GE-QING|GE-QUALITY|WANGJI-SIWO-SHENG|SHI-ZHU-JI|TIANGAN-XINGQING|YONGSHEN-STRUCTURE|YONGSHEN-FINAL|ZHONG-HE,"辛酉 庚申
为先叔某命造。伤官生财为用，虽受遗荫，富而不贵，且无子。",[]
子平真诠,子平真诠-0223,壬辰壬子丙申癸巳,丙,HEAVY,REN-CAIGUAN|ROOT-STRUCK|ROOT-GAN-PRIORITY|SHI-GUI-LU|ZHONGGUA-2SIDE|JIRUO-WUGEN|GE-QING|GE-QUALITY|SHI-ZHU-JI|YONGSHEN-STRUCTURE|YONGSHEN-FINAL|ZHONG-HE,"癸丑 甲寅 乙卯 丙辰 丁巳 戊午
此则月令官星被伤，子丑合住官星，为族弟某之造。
可见日禄归时，不过帮身，不可以没官星，便作贵论。若月令官星清，身旺用财生官，何尝非贵格乎？
原文
辛日透丙，时遇戊子，不以为辛日得官逢印，而以为朝阳之格，因丙无成。
【徐注】《喜忌篇》云：“六辛日时逢戊子，嫌午位运喜酉方。”以戊丙同禄于巳，戊为辛印，牵动丙来辛之
官星也。如：",['身旺']
子平真诠,子平真诠-0224,癸丑甲寅乙卯丙辰,乙,HEAVY,REN-CAIGUAN|DESHI-BUWANG|XIEQI-TAIZHONG|HEAVY-ROOT|TENGLUO-XIJIA|YIN-PARTY|BIJIE-PARTY|ROOT-STRUCK|ROOT-GAN-PRIORITY|SHI-GUI-LU|ZHONGGUA-2SIDE|JIRUO-WUGEN|JIWANG-HUAIJI|SHIYONG-YUELING-XIANGFU|GE-QUALITY|WANGJI-SIWO-SHENG|SHI-ZHU-JI|TIANGAN-XINGQING|YONGSHEN-STRUCTURE|YONGSHEN-FINAL|ZHONG-HE,"丁巳 戊午
此则月令官星被伤，子丑合住官星，为族弟某之造。
可见日禄归时，不过帮身，不可以没官星，便作贵论。若月令官星清，身旺用财生官，何尝非贵格乎？
原文
辛日透丙，时遇戊子，不以为辛日得官逢印，而以为朝阳之格，因丙无成。
【徐注】《喜忌篇》云：“六辛日时逢戊子，嫌午位运喜酉方。”以戊丙同禄于巳，戊为辛印，牵动丙来辛之
官星也。如：",['身旺']
子平真诠,子平真诠-0225,戊申乙卯辛亥戊子,辛,HEAVY,REN-CAIGUAN|SHISHI-BURUO|HEAVY-ROOT|YIN-PARTY|ROOT-STRUCK|ROOT-GAN-PRIORITY|SHI-GUI-LU|ZHONGGUA-2SIDE|JIRUO-WUGEN|GE-QUALITY|YONGSHEN-STRUCTURE|YONGSHEN-FINAL|ZHONG-HE,"丙辰 丁巳 戊午 己未 庚申 辛酉
此沪上名人朱葆三命造，相传为朝阳格也。其说支离，姑置勿论，即以朝阳格言，《三命通会》明言生甲寅
乙卯月，只以财论，是以财为用也。又云生四季月以印论，丙午丙寅丙戌月以财官论，是仍以月令为重，四
柱扶抑为也。
原文
财逢时煞，不以为生煞攻身，而以为时上偏官。
**【徐注】**财逢时煞者，月令财而时逢煞也。《喜忌篇》云：“若乃时逢七煞，见之未必为凶，月制干
强，其煞反",['身强']
子平真诠,子平真诠-0226,丙辰丁巳戊午己未,戊,HEAVY,REN-CAIGUAN|SHISHI-BURUO|HEAVY-ROOT|YIN-PARTY|BIJIE-PARTY|ROOT-GAN-PRIORITY|SHI-GUI-LU|ZHONGGUA-2SIDE|JIWANG-HUAIJI|GE-QING|GE-QUALITY|SHI-ZHU-JI|YONGSHEN-STRUCTURE|YONGSHEN-FINAL|ZHONG-HE,"庚申 辛酉
此沪上名人朱葆三命造，相传为朝阳格也。其说支离，姑置勿论，即以朝阳格言，《三命通会》明言生甲寅
乙卯月，只以财论，是以财为用也。又云生四季月以印论，丙午丙寅丙戌月以财官论，是仍以月令为重，四
柱扶抑为也。
原文
财逢时煞，不以为生煞攻身，而以为时上偏官。
**【徐注】**财逢时煞者，月令财而时逢煞也。《喜忌篇》云：“若乃时逢七煞，见之未必为凶，月制干
强，其煞反为权印。”原文甚明，干强",['身强']
子平真诠,子平真诠-0227,壬申癸丑己丑甲戌,己,HEAVY,REN-CAIGUAN|DESHI-BUWANG|HEAVY-ROOT|ROOT-GAN-PRIORITY|HE-HUASHEN-DESHI|SHI-GUI-LU|ZHONGGUA-2SIDE|RI-BEI-HE|JIRUO-WUGEN|JIWANG-HUAIJI|SHIYONG-YUELING-XIANGFU|GE-QING|GE-QUALITY|TIANGAN-XINGQING|YONGSHEN-STRUCTURE|YONGSHEN-FINAL|ZHONG-HE,"，本杂气财旺生官也，而以为乙亥时，作时上偏官论，岂知旺财生煞，将救死之不暇，
于何取贵？此类甚多，皆误收格局也。如",[]
子平真诠,子平真诠-0228,己未壬申戊子庚申,戊,HEAVY,REN-CAIGUAN|SHISHI-BURUO|XIEQI-TAIZHONG|HEAVY-ROOT|BIJIE-PARTY|ROOT-STRUCK|ROOT-GAN-PRIORITY|SHI-GUI-LU|ZHONGGUA-2SIDE|JIRUO-WUGEN|JIWANG-HUAIJI|JISHUAI-CONGSHENG|SHIYONG-YUELING-XIANGFU|GE-QUALITY|SHI-ZHU-JI|YONGSHEN-STRUCTURE|YONGSHEN-FINAL|ZHONG-HE,"，本食神生财也，而欲弃月令，以为戊日庚申合禄之格，岂知本身自有财食，岂不甚
美？又何劳以庚合乙，求局外之官乎，此类甚多，皆硬入外格也。
**【徐注】**常见妄人自作聪明，八字入手而不能解，即谓时辰错误，擅为改易，不知一时之差，喜用运
途，截然不同，反使他人无从索解。今阅此节，始知该类妄人，自古之矣。如壬申一造，甲戌藏火调候，至
为明显。若易为乙亥时，旺财生煞，而煞无制，水寒土冻，木不发荣，以为合于",[]
子平真诠,子平真诠-0229,甲申壬申乙巳戊寅,乙,HEAVY,REN-CAIGUAN|SHISHI-BURUO|HEAVY-ROOT|TENGLUO-XIJIA|YIN-PARTY|BIJIE-PARTY|ROOT-STRUCK|ROOT-GAN-PRIORITY|WANGCHONG-SHUAI|SHI-GUI-LU|ZHONGGUA-2SIDE|JIRUO-WUGEN|SHIYONG-YUELING-XIANGFU|GE-QUALITY|SHI-ZHU-JI|TIANGAN-XINGQING|YONGSHEN-STRUCTURE|YONGSHEN-FINAL|ZHONG-HE,，壬印戊财，以乙隔之，水与土不相碍，故为大贵。若,[]
子平真诠,子平真诠-0230,壬戌丁未戊申乙卯,戊,HEAVY,REN-CAIGUAN|DESHI-BUWANG|HEAVY-ROOT|YIN-PARTY|ROOT-STRUCK|ROOT-GAN-PRIORITY|ZHONGGUA-2SIDE|JIRUO-WUGEN|JIWANG-HUAIJI|SHIYONG-YUELING-XIANGFU|GE-QING|GE-QUALITY|SHI-ZHU-JI|YONGSHEN-STRUCTURE|YONGSHEN-FINAL|ZHONG-HE,"，杂气正官，透干会支，最为贵格，而壬财丁印，二者相合，仍以孤官无辅论，所以不
上七品。
**【徐注】**存喜去忌，即《神峰》病药之说，诚不易之论也。贵之高低，全在八字配合之清浊纯杂。如薛
造官印相生，财旺而不破印，官星秉令，真神得用，宜其贵也。然亦有小病，寅申巳三刑，不免刑伤贵气，
运至乙亥四冲，未必无风浪。其八字之清纯，更运行西北官印之地，宜为大贵之征。杂气正官一造，未为木
库，官星不秉令，丁壬",[]
子平真诠,子平真诠-0231,乙卯丁亥丁未庚戌,丁,LIGHT,REN-CAIGUAN|SHISHI-BURUO|LIGHT-ROOT|YIN-PARTY|BIJIE-PARTY|ROOT-STRUCK|ROOT-GAN-PRIORITY|SHI-GUI-LU|ZHONGGUA-2SIDE|JIRUO-WUGEN|GE-QING|GE-QUALITY|SHI-ZHU-JI|TIANGAN-XINGQING|YONGSHEN-STRUCTURE|YONGSHEN-FINAL|ZHONG-HE,"，此并用财印，无伤官而不杂煞，所谓去其忌而存其喜者也。
**【徐注】**印为生我，受人之庇；财为我克，管辖他人。用印者必身弱，用财者必身旺。身旺任事，自较
受庇于人为显赫，若身弱，则转不如受庇之为安逸矣。金造亥卯未三合，官化为印，木盛火塞，用财损印，
用《滴天髓》君赖臣生之理也。似非并用财印，亦非官用财生，列入正官，似非其类。
原文
然而遇伤在于佩印，混煞贵乎取清。如宣参国命，","['身旺', '身弱']"
子平真诠,子平真诠-0232,己卯辛未壬寅辛亥,壬,HEAVY,REN-CAIGUAN|HEAVY-ROOT|ROOT-STRUCK|ROOT-GAN-PRIORITY|SHI-GUI-LU|ZHONGGUA-2SIDE|JIRUO-WUGEN|GE-QING|GE-QUALITY|YONGSHEN-STRUCTURE|YONGSHEN-FINAL|ZHONG-HE,，未中己官透干用清，支会木局，两辛解之，是遇伤而佩印也。李参政命，,[]
子平真诠,子平真诠-0233,庚寅乙酉甲子戊辰,甲,HEAVY,REN-CAIGUAN|SHISHI-BURUO|BIJIE-PARTY|ROOT-GAN-PRIORITY|HE-HUASHEN-DESHI|SHI-GUI-LU|ZHONGGUA-2SIDE|JIRUO-WUGEN|GE-QING|GE-QUALITY|SHI-ZHU-JI|TIANGAN-XINGQING|YONGSHEN-STRUCTURE|YONGSHEN-FINAL|ZHONG-HE,"，甲用酉官，庚金混杂，乙以合之，合煞留官，是杂煞而取清也。
**【徐注】**遇伤佩印，混煞取清，自是不易之论。但如宣造，支全木局，官化为伤，伤旺泄气，用印制伤
为用；己官之气，尽泄于金，岂能以其为官星而另眼相看？即全局关键，亦在印而不在官也，李造酉为庚金
旺地，乙庚之合，缓其相克之势，所谓“甲以乙妹妻庚，凶为吉兆”是也。甲木通根，子辰相合，财化为印，
以印化煞，用亦在印，特官有财之生、印之化，气势",[]
子平真诠,子平真诠-0234,丁丑壬寅己巳丙寅,己,HEAVY,REN-CAIGUAN|SHISHI-BURUO|HEAVY-ROOT|YIN-PARTY|ROOT-STRUCK|ROOT-GAN-PRIORITY|HE-HUASHEN-DESHI|ZHONGGUA-2SIDE|JIRUO-WUGEN|SHIYONG-YUELING-XIANGFU|GE-QUALITY|SHI-ZHU-JI|TIANGAN-XINGQING|YONGSHEN-STRUCTURE|YONGSHEN-FINAL|ZHONG-HE,"，支具巳丑，会金伤官，丙丁解之，透壬岂非破格？却不知丙丁并透，用一而足，以丁
合壬而财去，以丙制伤而官清，无情而愈有情。此正造化之妙，变幻无穷，焉得不贵？
**【徐注】**此节所论甚妙。范造丁壬之合，逢寅月寅时，才印化为官星，格因合而转清；丙火自寅透出，
得禄得生，初春木旺土虚，真神得用。官清印正，而又同宫并旺，大贵奚疑？巳丑之合非真，三合会局，以
四正(子午卯酉)为重心，无酉而隔寅，寅又为金之绝","['身弱', '身强']"
子平真诠,子平真诠-0235,甲申壬申乙巳戊寅,乙,HEAVY,REN-CAIGUAN|SHISHI-BURUO|HEAVY-ROOT|TENGLUO-XIJIA|YIN-PARTY|BIJIE-PARTY|ROOT-STRUCK|ROOT-GAN-PRIORITY|WANGCHONG-SHUAI|SHI-GUI-LU|ZHONGGUA-2SIDE|JIRUO-WUGEN|SHIYONG-YUELING-XIANGFU|GE-QUALITY|SHI-ZHU-JI|TIANGAN-XINGQING|YONGSHEN-STRUCTURE|YONGSHEN-FINAL|ZHONG-HE,"癸酉 甲戌 乙亥 丙子 丁丑 戊寅 己卯
此为论正官篇薛相公命，月令正官，兼用财印，喜其财印之间，中隔乙木，两不相碍，故可兼用也。然秋木
凋零，官逢生逢禄，财亦逢生逢禄，财官太旺，所谓身稍轻，宜取助身者也。酉运七煞，泄财生印最美，甲
运帮身亦吉。若甲申年易以己酉年，行甲运合劫破印，即不美矣。所谓因闲神之配合而喜忌不同也。戌运财
旺；然喜其不伤印，故无碍也。乙亥之后，运行北方印地，但亥运逢四冲，未必",[]
子平真诠,子平真诠-0236,癸酉甲戌乙亥丙子,乙,NONE,SHISHI-BURUO|XIEQI-TAIZHONG|TENGLUO-XIJIA|YIN-PARTY|BIJIE-PARTY|ZHONGGUA-2SIDE|WUGEN-YOUFU|JISHUAI-CONGSHENG|GE-QUALITY|YUN-SHENG-ROOT|TIANGAN-XINGQING|YONGSHEN-STRUCTURE|YONGSHEN-FINAL|ZHONG-HE,"丁丑 戊寅 己卯
此为论正官篇薛相公命，月令正官，兼用财印，喜其财印之间，中隔乙木，两不相碍，故可兼用也。然秋木
凋零，官逢生逢禄，财亦逢生逢禄，财官太旺，所谓身稍轻，宜取助身者也。酉运七煞，泄财生印最美，甲
运帮身亦吉。若甲申年易以己酉年，行甲运合劫破印，即不美矣。所谓因闲神之配合而喜忌不同也。戌运财
旺；然喜其不伤印，故无碍也。乙亥之后，运行北方印地，但亥运逢四冲，未必无风浪，所谓因地支配合而",[]
子平真诠,子平真诠-0237,壬戌丁未戊申乙卯,戊,HEAVY,REN-CAIGUAN|DESHI-BUWANG|HEAVY-ROOT|YIN-PARTY|ROOT-STRUCK|ROOT-GAN-PRIORITY|ZHONGGUA-2SIDE|JIRUO-WUGEN|JIWANG-HUAIJI|SHIYONG-YUELING-XIANGFU|GE-QING|GE-QUALITY|SHI-ZHU-JI|YONGSHEN-STRUCTURE|YONGSHEN-FINAL|ZHONG-HE,"戊申 己酉 庚戌 辛亥 壬子 癸丑
此为论正官篇中杂气正官造，虽财印并透，而丁壬一合，财印两失其用(参阅十干配合性情节)，故以孤官无
辅论。加以卯申相合(乙庚暗合)，戌未相刑，官星之根被损，此为八字根本之弱点。论运则日元当旺，官星
稍轻，宜取助官。庚戌之前无佳运，辛亥、癸子二十年财地，生助官星，为一生得意时也。
原文
正官用财，运喜印绶身旺之地，切忌食伤。若身旺而财轻官弱，即仍取财官运可也。
**","['身旺', '身弱']"
子平真诠,子平真诠-0238,戊申己酉庚戌辛亥,庚,HEAVY,REN-CAIGUAN|HEAVY-ROOT|YIN-PARTY|BIJIE-PARTY|ROOT-STRUCK|ROOT-GAN-PRIORITY|ZHONGGUA-2SIDE|JIRUO-WUGEN|JIWANG-HUAIJI|GE-QUALITY|SHI-ZHU-JI|YONGSHEN-STRUCTURE|YONGSHEN-FINAL|ZHONG-HE,"壬子 癸丑
此为论正官篇中杂气正官造，虽财印并透，而丁壬一合，财印两失其用(参阅十干配合性情节)，故以孤官无
辅论。加以卯申相合(乙庚暗合)，戌未相刑，官星之根被损，此为八字根本之弱点。论运则日元当旺，官星
稍轻，宜取助官。庚戌之前无佳运，辛亥、癸子二十年财地，生助官星，为一生得意时也。
原文
正官用财，运喜印绶身旺之地，切忌食伤。若身旺而财轻官弱，即仍取财官运可也。
**【徐注】**正官用财，须","['身旺', '身弱']"
子平真诠,子平真诠-0239,乙卯丁亥丁未庚戌,丁,LIGHT,REN-CAIGUAN|SHISHI-BURUO|LIGHT-ROOT|YIN-PARTY|BIJIE-PARTY|ROOT-STRUCK|ROOT-GAN-PRIORITY|SHI-GUI-LU|ZHONGGUA-2SIDE|JIRUO-WUGEN|GE-QING|GE-QUALITY|SHI-ZHU-JI|TIANGAN-XINGQING|YONGSHEN-STRUCTURE|YONGSHEN-FINAL|ZHONG-HE,"丙戌 乙酉 甲申 癸未 壬午 辛巳
化官为印而透财，正官章金状元命也。亥卯未三合，官为印，乙木透出，身旺印重。用财损印，时逢庚戌，
财星有根。初行申酉西方财地，甲不通根，乙从庚化，自为美运。癸未之后，运转南方，日元太旺，壬癸官
煞泄财生印，亦不为美。此所谓身旺佩印，喜食伤财乡也。
原文
正官带伤食而用印制，运喜官旺印旺之乡，财运切忌。若印绶叠出，财运亦无害矣。
**【徐注】**正官带伤食而用印，须",['身旺']
子平真诠,子平真诠-0240,丙戌乙酉甲申癸未,甲,LIGHT,REN-CAIGUAN|SHISHI-BURUO|XIEQI-TAIZHONG|LIGHT-ROOT|YIN-PARTY|BIJIE-PARTY|ROOT-STRUCK|ROOT-GAN-PRIORITY|SHI-GUI-LU|ZHONGGUA-2SIDE|JIRUO-WUGEN|JISHUAI-CONGSHENG|GE-QUALITY|SHI-ZHU-JI|TIANGAN-XINGQING|YONGSHEN-STRUCTURE|YONGSHEN-FINAL|ZHONG-HE,"壬午 辛巳
化官为印而透财，正官章金状元命也。亥卯未三合，官为印，乙木透出，身旺印重。用财损印，时逢庚戌，
财星有根。初行申酉西方财地，甲不通根，乙从庚化，自为美运。癸未之后，运转南方，日元太旺，壬癸官
煞泄财生印，亦不为美。此所谓身旺佩印，喜食伤财乡也。
原文
正官带伤食而用印制，运喜官旺印旺之乡，财运切忌。若印绶叠出，财运亦无害矣。
**【徐注】**正官带伤食而用印，须分印重印轻两节。若伤官重",['身旺']
子平真诠,子平真诠-0241,己卯辛未壬寅辛亥,壬,HEAVY,REN-CAIGUAN|HEAVY-ROOT|ROOT-STRUCK|ROOT-GAN-PRIORITY|SHI-GUI-LU|ZHONGGUA-2SIDE|JIRUO-WUGEN|GE-QING|GE-QUALITY|YONGSHEN-STRUCTURE|YONGSHEN-FINAL|ZHONG-HE,"庚午 己巳 戊辰 丁卯 丙寅 乙丑
此正官篇宣参国命。亥卯未三合木局，官化为伤，日元又坐寅木，寅亥又合而化木，伤官重重。日元泄气太
甚，以辛印制伤滋身为用。己巳戊辰二十年，官煞旺地，滋生辛印，自是美运；交入丁字之后，财星破印，
不能行矣。
原文
正官而带煞，伤食反为不碍。其命中用劫合煞，则财运可行，伤食可行，身旺，印绶亦可行，只不过复露七
煞。若命用伤官合煞，则伤食与财俱可行，而不宜逢印矣。
**",['身旺']
子平真诠,子平真诠-0242,庚午己巳戊辰丁卯,戊,HEAVY,REN-CAIGUAN|SHISHI-BURUO|XIEQI-TAIZHONG|HEAVY-ROOT|YIN-PARTY|BIJIE-PARTY|ROOT-STRUCK|ROOT-GAN-PRIORITY|ZHONGGUA-2SIDE|JIRUO-WUGEN|JIWANG-HUAIJI|JISHUAI-CONGSHENG|GE-QUALITY|SHI-ZHU-JI|YONGSHEN-STRUCTURE|YONGSHEN-FINAL|ZHONG-HE,"丙寅 乙丑
此正官篇宣参国命。亥卯未三合木局，官化为伤，日元又坐寅木，寅亥又合而化木，伤官重重。日元泄气太
甚，以辛印制伤滋身为用。己巳戊辰二十年，官煞旺地，滋生辛印，自是美运；交入丁字之后，财星破印，
不能行矣。
原文
正官而带煞，伤食反为不碍。其命中用劫合煞，则财运可行，伤食可行，身旺，印绶亦可行，只不过复露七
煞。若命用伤官合煞，则伤食与财俱可行，而不宜逢印矣。
**【徐注】**此节文义，宜",['身旺']
子平真诠,子平真诠-0243,庚寅乙酉甲子戊辰,甲,HEAVY,REN-CAIGUAN|SHISHI-BURUO|BIJIE-PARTY|ROOT-GAN-PRIORITY|HE-HUASHEN-DESHI|SHI-GUI-LU|ZHONGGUA-2SIDE|JIRUO-WUGEN|GE-QING|GE-QUALITY|SHI-ZHU-JI|TIANGAN-XINGQING|YONGSHEN-STRUCTURE|YONGSHEN-FINAL|ZHONG-HE,"丙戌 丁亥 戊子 己丑 庚寅 辛卯
为论正官篇李参政命。乙庚合煞留官，丙戊丁食伤运，亥子丑印运，戊己财运，均可行得，特庚运重见七煞
混局，决不相宜也。",[]
子平真诠,子平真诠-0244,丙戌丁亥戊子己丑,戊,HEAVY,REN-CAIGUAN|SHISHI-BURUO|HEAVY-ROOT|YIN-PARTY|BIJIE-PARTY|ROOT-GAN-PRIORITY|SHI-GUI-LU|ZHONGGUA-2SIDE|GE-QING|GE-QUALITY|SHI-ZHU-JI|YONGSHEN-STRUCTURE|YONGSHEN-FINAL|ZHONG-HE,"庚寅 辛卯
为论正官篇李参政命。乙庚合煞留官，丙戊丁食伤运，亥子丑印运，戊己财运，均可行得，特庚运重见七煞
混局，决不相宜也。",[]
子平真诠,子平真诠-0245,丁丑壬寅己巳丙寅,己,HEAVY,REN-CAIGUAN|SHISHI-BURUO|HEAVY-ROOT|YIN-PARTY|ROOT-STRUCK|ROOT-GAN-PRIORITY|HE-HUASHEN-DESHI|ZHONGGUA-2SIDE|JIRUO-WUGEN|SHIYONG-YUELING-XIANGFU|GE-QUALITY|SHI-ZHU-JI|TIANGAN-XINGQING|YONGSHEN-STRUCTURE|YONGSHEN-FINAL|ZHONG-HE,"辛丑 庚子 己亥 戊戌 丁酉 丙申
官格用印，本忌见财，此造丁壬相合，财化为官，忌神变为喜神，格局亦因合而清，宜为大贵之格。己丑中
之金，藏而不露，气又休囚，本可不论，唯值庚辛运，将金引出为不宜，喜得原局有丙火回克，印可护官
也。用印不宜见财，子亥运亦不利，喜其在支，不伤丙火而生官星，则为吉矣。己戊丁帮身助印，皆为吉
运，至酉三合会齐，伤克官星，为不利也。丙运最吉。此正官篇范太傅命也。
原文
此皆",[]
子平真诠,子平真诠-0246,辛丑庚子己亥戊戌,己,HEAVY,REN-CAIGUAN|SHISHI-BURUO|XIEQI-TAIZHONG|HEAVY-ROOT|BIJIE-PARTY|ROOT-GAN-PRIORITY|SHI-GUI-LU|ZHONGGUA-2SIDE|JISHUAI-CONGSHENG|GE-QING|GE-QUALITY|TIANGAN-XINGQING|YONGSHEN-STRUCTURE|YONGSHEN-FINAL|ZHONG-HE,"丁酉 丙申
官格用印，本忌见财，此造丁壬相合，财化为官，忌神变为喜神，格局亦因合而清，宜为大贵之格。己丑中
之金，藏而不露，气又休囚，本可不论，唯值庚辛运，将金引出为不宜，喜得原局有丙火回克，印可护官
也。用印不宜见财，子亥运亦不利，喜其在支，不伤丙火而生官星，则为吉矣。己戊丁帮身助印，皆为吉
运，至酉三合会齐，伤克官星，为不利也。丙运最吉。此正官篇范太傅命也。
原文
此皆大略言之，其八字各有议论",[]
子平真诠,子平真诠-0247,壬申壬子戊午乙卯,戊,HEAVY,REN-CAIGUAN|HEAVY-ROOT|ROOT-STRUCK|ROOT-GAN-PRIORITY|WANGCHONG-SHUAI|ZHONGGUA-2SIDE|JIRUO-WUGEN|GE-QUALITY|SHI-ZHU-JI|YONGSHEN-STRUCTURE|YONGSHEN-FINAL|ZHONG-HE,"，岂非财露？唯其生官，所以不忌也。
**【徐注】**根深，谓藏于支中也。若天干之财，地支无根，是为浮财，不足为用。用之为财不可劫，若单
以财为用，不可见比劫。葛造子申会局，壬水通根得气，时透乙卯官星，身旺坐印，以财生官为用，有官护
财，自不忌比劫。子平之术，以提纲为重，月垣财星秉令，故归入财类，实非以财为用也，特财为喜神耳。
用食伤生财者，亦不忌比劫，盖有食伤化劫也。
原文
财格之贵局不一，有财旺","['身旺', '身强']"
子平真诠,子平真诠-0248,己巳癸酉丙寅庚寅,丙,HEAVY,REN-CAIGUAN|XIEQI-TAIZHONG|HEAVY-ROOT|ROOT-STRUCK|ROOT-GAN-PRIORITY|SHI-GUI-LU|ZHONGGUA-2SIDE|JIRUO-WUGEN|JISHUAI-CONGSHENG|GE-QUALITY|YONGSHEN-STRUCTURE|YONGSHEN-FINAL|ZHONG-HE,"，财旺生官，用神在财，虽透己土伤官，而巳酉拱合，己土之气泄于金，伤官生财，财
生官，更喜官临财也，不忌己土之伤，为名利两全也。
原文
有财用食生者，身强而不露官，略带一位比劫，益觉有情，如",['身强']
子平真诠,子平真诠-0249,壬寅壬寅庚辰辛巳,庚,HEAVY,REN-CAIGUAN|SHISHI-BURUO|XIEQI-TAIZHONG|HEAVY-ROOT|JUECHU-FENGSHENG|BIJIE-PARTY|ROOT-STRUCK|ROOT-GAN-PRIORITY|SHI-GUI-LU|ZHONGGUA-2SIDE|JIRUO-WUGEN|JISHUAI-CONGSHENG|SHIYONG-YUELING-XIANGFU|GE-QUALITY|SHI-ZHU-JI|YONGSHEN-STRUCTURE|YONGSHEN-FINAL|ZHONG-HE,"，杨待郎之命是也。透官身弱，则格坏矣。
**【徐注】**食神生财者，用在食神，故不以露官星为贵。比劫生起食伤，益觉有情。若用财岂宜比劫哉？
杨造庚金坐印，泄秀于壬；春木初萌，赖水培养，秀气流通；寅巳藏火，气象和煦，木得滋养。若丙火透则
当用官，不能以食神生财为用矣。
原文
有财格佩印者，盖孤财不贵，佩印帮身，即印取贵。如",['身弱']
子平真诠,子平真诠-0250,乙未甲申丙申庚寅,丙,HEAVY,REN-CAIGUAN|SHISHI-BURUO|HEAVY-ROOT|YIN-PARTY|ROOT-STRUCK|ROOT-GAN-PRIORITY|WANGCHONG-SHUAI|HE-HUASHEN-DESHI|SHI-GUI-LU|ZHONGGUA-2SIDE|JIRUO-WUGEN|SHIYONG-YUELING-XIANGFU|GE-QUALITY|YONGSHEN-STRUCTURE|YONGSHEN-FINAL|ZHONG-HE,"，曾参政之命是也，然财印宜相并，如
乙未 己卯 庚寅 辛巳，乙与己两不相能，即有好处，小富而已。
**【徐注】**财印并用，最不易取，不比正官格之财印并用，并用神在官也，盖需要佩印，必是身弱，而四
柱又别无可取，财印相战，不得已而用之。然财印双清，隔离不相碍，往往富贵，非谓佩印即为贵征，盖无
印则财多身弱，再露官煞，则弃命相从耳。身弱得印，用神即在于印，以行官煞运为佳，既可泄财之气，又
可生印，亦",['身弱']
子平真诠,子平真诠-0251,乙未己卯庚寅辛巳,庚,HEAVY,REN-CAIGUAN|SHISHI-BURUO|HEAVY-ROOT|YIN-PARTY|BIJIE-PARTY|ROOT-STRUCK|ROOT-GAN-PRIORITY|SHI-GUI-LU|ZHONGGUA-2SIDE|RI-BEI-HE|JIRUO-WUGEN|GE-QUALITY|SHI-ZHU-JI|YONGSHEN-STRUCTURE|YONGSHEN-FINAL|ZHONG-HE,"，乙与己两不相能，即有好处，小富而已。
**【徐注】**财印并用，最不易取，不比正官格之财印并用，并用神在官也，盖需要佩印，必是身弱，而四
柱又别无可取，财印相战，不得已而用之。然财印双清，隔离不相碍，往往富贵，非谓佩印即为贵征，盖无
印则财多身弱，再露官煞，则弃命相从耳。身弱得印，用神即在于印，以行官煞运为佳，既可泄财之气，又
可生印，亦和解之法也。曾造甲乙通根于寅，财印双清，期为佳耳。近见一造",['身弱']
子平真诠,子平真诠-0252,癸巳壬戌乙巳戊寅,乙,HEAVY,REN-CAIGUAN|HEAVY-ROOT|ROOT-STRUCK|ROOT-GAN-PRIORITY|SHI-GUI-LU|ZHONGGUA-2SIDE|JIRUO-WUGEN|SHIYONG-YUELING-XIANGFU|GE-QUALITY|SHI-ZHU-JI|TIANGAN-XINGQING|YONGSHEN-STRUCTURE|YONGSHEN-FINAL|ZHONG-HE,"、亦财印双清，中隔乙木，两不相碍。壬癸虽不通根而进气，伤官暗藏而旺，土燥木
枯，非用印不可。为人绝顶聪明，早年享荫兹，出仕为全省公路局长；逝于戊运亥年亥月申日申时，财破
印，又值四冲也。又一造，",[]
子平真诠,子平真诠-0253,癸酉癸亥戊子丁巳,戊,HEAVY,REN-CAIGUAN|SHISHI-BURUO|HEAVY-ROOT|YIN-PARTY|ROOT-STRUCK|ROOT-GAN-PRIORITY|WANGCHONG-SHUAI|SHI-GUI-LU|ZHONGGUA-2SIDE|RI-BEI-HE|JIRUO-WUGEN|GE-QUALITY|YONGSHEN-STRUCTURE|YONGSHEN-FINAL|ZHONG-HE,"、财印双清，两不相碍，时逢归禄。行比劫运发财数百万，为江浙之巨商，盖以劫护印
分为财用也。
原文
有用食而兼用印者，食与印两不相碍，或有暗官而去食护官，皆贵格也。如吴榜眼命，",[]
子平真诠,子平真诠-0254,庚戌戊子戊子丙辰,戊,HEAVY,REN-CAIGUAN|SHISHI-BURUO|XIEQI-TAIZHONG|HEAVY-ROOT|YIN-PARTY|BIJIE-PARTY|ROOT-STRUCK|ROOT-GAN-PRIORITY|SHI-GUI-LU|ZHONGGUA-2SIDE|JIRUO-WUGEN|JISHUAI-CONGSHENG|SHIYONG-YUELING-XIANGFU|GE-QUALITY|SHI-ZHU-JI|YONGSHEN-STRUCTURE|YONGSHEN-FINAL|ZHONG-HE,，庚与丙隔两戊而不相克，是食与印不相碍也。如平江伯命，,[]
子平真诠,子平真诠-0255,壬辰乙巳癸巳辛酉,癸,LIGHT,REN-CAIGUAN|SHISHI-BURUO|XIEQI-TAIZHONG|LIGHT-ROOT|YIN-PARTY|BIJIE-PARTY|ROOT-GAN-PRIORITY|ZHONGGUA-2SIDE|JIRUO-WUGEN|JISHUAI-CONGSHENG|GE-QING|GE-QUALITY|TIANGAN-XINGQING|YONGSHEN-STRUCTURE|YONGSHEN-FINAL|ZHONG-HE,"，虽食印相克，而欲存巳戊官，是去食护官也。反是则减福矣。
**【徐注】**此节殊足以淆乱阅者耳目，以吴造论，子月正财秉令，辰中乙木余气，财旺自生官，所谓暗官
也。年以庚金闲神，财已旺不须食生，食亦不能伤暗官，得时上丙火去之，乃附带耳之作用耳。仲冬水寒土
冻，焉能生木？得丙火照暖，水得活动，木有生机，是以调侯为急，而用丙火，即无食神，亦当用印，岂以
不相碍而用印哉？平江伯造，癸水日元，年有壬辰，时逢",['身强']
子平真诠,子平真诠-0256,甲子辛未辛酉壬辰,辛,HEAVY,REN-CAIGUAN|SHISHI-BURUO|XIEQI-TAIZHONG|HEAVY-ROOT|BIJIE-PARTY|ROOT-STRUCK|ROOT-GAN-PRIORITY|ZHONGGUA-2SIDE|JIRUO-WUGEN|JIWANG-HUAIJI|JISHUAI-CONGSHENG|SHIYONG-YUELING-XIANGFU|GE-QUALITY|SHI-ZHU-JI|YONGSHEN-STRUCTURE|YONGSHEN-FINAL|ZHONG-HE,"，甲透未库，逢辛为劫，壬以化劫生财，汪学士命是也，财旺无劫而透伤，反为不利，
盖伤官本非美物，财轻透劫，不得已而用之。旺而露伤，何苦用彼？徒使财遇伤而死生官之具，安望富贵
乎？
**【徐注】**此节议论亦有未当。比劫旺而财轻，自当以食伤生财为美，盖财官印食，不过五行生克之代名
词，克官者名为伤官耳。用伤官者，不乏富贵之造，岂以名词之恶而憎之？汪造比劫诚旺，生于六月，土燥
金脆，需要水以润之，亦调侯",['身弱']
子平真诠,子平真诠-0257,乙酉庚辰甲午戊辰,甲,LIGHT,REN-CAIGUAN|SHISHI-BURUO|LIGHT-ROOT|BIJIE-PARTY|ROOT-STRUCK|ROOT-GAN-PRIORITY|SHI-GUI-LU|ZHONGGUA-2SIDE|JIRUO-WUGEN|SHIYONG-YUELING-XIANGFU|GE-QUALITY|SHI-ZHU-JI|TIANGAN-XINGQING|YONGSHEN-STRUCTURE|YONGSHEN-FINAL|ZHONG-HE,"，合煞存财也；李御史命，
庚辰 戊子 戊寅 甲寅，制煞生财也。
**【徐注】**毛状元造，乙庚合而煞仍留，辰酉合而财化煞，所谓合煞存财，义殊未当。甲木生三月，木余
气，火进气，而金休囚时也。丁火扬威，制煞为用，而行运",[]
子平真诠,子平真诠-0258,庚辰戊子戊寅甲寅,戊,HEAVY,REN-CAIGUAN|SHISHI-BURUO|HEAVY-ROOT|BIJIE-PARTY|ROOT-GAN-PRIORITY|SHI-GUI-LU|ZHONGGUA-2SIDE|GE-QING|GE-QUALITY|SHI-ZHU-JI|YONGSHEN-STRUCTURE|YONGSHEN-FINAL|ZHONG-HE,"，制煞生财也。
**【徐注】**毛状元造，乙庚合而煞仍留，辰酉合而财化煞，所谓合煞存财，义殊未当。甲木生三月，木余
气，火进气，而金休囚时也。丁火扬威，制煞为用，而行运",[]
子平真诠,子平真诠-0259,己卯戊寅丁丑丙子,丁,NONE,SHISHI-BURUO|XIEQI-TAIZHONG|BIJIE-PARTY|ZHONGGUA-2SIDE|WUGEN-YOUFU|JISHUAI-CONGSHENG|GE-QUALITY|YUN-SHENG-ROOT|SHI-ZHU-JI|TIANGAN-XINGQING|YONGSHEN-STRUCTURE|YONGSHEN-FINAL|ZHONG-HE,"，制煞帮身，所以贵也，岂合煞存财之意乎？李御史造，身煞两旺，食神制煞为用，更
喜土金水木相生相制，一气流通，制煞生财，确为贵征，特非财为用耳。
原文
有财用煞印者，党煞为忌，印以化之，格成富局，若冬土逢之亦贵格。如赵侍郎命，乙丑、丁亥、乙亥，化
煞而即以解冻，又不露财以杂其印，所以贵也。若财用煞印而印独，财煞并透，非特不贵，亦不富也。
**【徐注】**赵侍郎造，财藏而不破印，丁火化煞解冻，诚当富贵",[]
子平真诠,子平真诠-0260,丙寅癸巳癸未壬戌,癸,NONE,CAIDUO-SHENRUAN|ZHONGGUA-2SIDE|JIRUO-WUGEN|WUGEN-YOUFU|SHIYONG-YUELING-XIANGFU|GE-QUALITY|YUN-SHENG-ROOT|SHI-ZHU-JI|TIANGAN-XINGQING|YONGSHEN-STRUCTURE|YONGSHEN-FINAL,"，林尚书命是也。又壬生巳月，单透财而亦贵，以其透丙藏戊，弃煞就财，美者存在赠
者弃也。如",[]
子平真诠,子平真诠-0261,丙辰癸巳壬戌壬寅,壬,LIGHT,REN-CAIGUAN|SHISHI-BURUO|LIGHT-ROOT|JUECHU-FENGSHENG|BIJIE-PARTY|ROOT-STRUCK|ROOT-GAN-PRIORITY|ZHONGGUA-2SIDE|JIRUO-WUGEN|SHIYONG-YUELING-XIANGFU|GE-QUALITY|SHI-ZHU-JI|YONGSHEN-STRUCTURE|YONGSHEN-FINAL|ZHONG-HE,"，王太仆命是也。
**【徐注】**林王两造，诚单用财者矣。巳月透丙火，真神得用，宜其贵也。但壬癸根轻，运喜帮身，中年
之后，运程西北(",[]
子平真诠,子平真诠-0262,丙申丁酉戊戌己亥,戊,LIGHT,REN-CAIGUAN|SHISHI-BURUO|LIGHT-ROOT|YIN-PARTY|BIJIE-PARTY|ROOT-STRUCK|ROOT-GAN-PRIORITY|ZHONGGUA-2SIDE|JIRUO-WUGEN|GE-QUALITY|SHI-ZHU-JI|YONGSHEN-STRUCTURE|YONGSHEN-FINAL|ZHONG-HE,"、庚子、辛丑)，体用合宜。早年甲午乙未俱不美，两人所同。若
谓因暗官而贵，则运宜财官；谓弃煞而贵，则煞固未当弃。理论似欠圆满也。
原文
至于劫刃太重，弃财就煞，如一尚书命，",[]
子平真诠,子平真诠-0263,丙辰丙申丙午壬辰,丙,HEAVY,REN-CAIGUAN|SHISHI-BURUO|HEAVY-ROOT|BIJIE-PARTY|ROOT-GAN-PRIORITY|ZHONGGUA-2SIDE|SHIYONG-YUELING-XIANGFU|GE-QUALITY|SHI-ZHU-JI|YONGSHEN-STRUCTURE|YONGSHEN-FINAL|ZHONG-HE,"，此变之又变者也。
**【徐注】**此造日元坐刃，煞露刃藏，身强敌煞，虽秋水通源，而身更旺，若非劫刃重叠帮扶，固不能用
煞也；加以中年运程西北，化煞为权，财从煞化，当归入偏官格中。今于财格中论之，诚变之变者矣。
白话译文
财星，是日主（命主本人）所克制、所支配的五行，代表可以调用的资源与物质。因财能生官，所以被视
为吉美之物。在命理象征中，财对应财帛钱粮、妻妾情缘、个人才干，乃至行旅驿动之象。
财","['身弱', '身强']"
子平真诠,子平真诠-0264,壬申壬子戊午乙卯,戊,HEAVY,REN-CAIGUAN|HEAVY-ROOT|ROOT-STRUCK|ROOT-GAN-PRIORITY|WANGCHONG-SHUAI|ZHONGGUA-2SIDE|JIRUO-WUGEN|GE-QUALITY|SHI-ZHU-JI|YONGSHEN-STRUCTURE|YONGSHEN-FINAL|ZHONG-HE,"癸丑 甲寅 乙卯 丙辰 丁巳 戊午 己未
论财篇葛参政造，用在乙木官星，月令财旺生官也。甲运七煞混，不利；寅运则会午成火局，解子午冲，亦
帮身美运也；乙卯十年，官星清，虽旺无碍；",[]
子平真诠,子平真诠-0265,癸丑甲寅乙卯丙辰,乙,HEAVY,REN-CAIGUAN|DESHI-BUWANG|XIEQI-TAIZHONG|HEAVY-ROOT|TENGLUO-XIJIA|YIN-PARTY|BIJIE-PARTY|ROOT-STRUCK|ROOT-GAN-PRIORITY|SHI-GUI-LU|ZHONGGUA-2SIDE|JIRUO-WUGEN|JIWANG-HUAIJI|SHIYONG-YUELING-XIANGFU|GE-QUALITY|WANGJI-SIWO-SHENG|SHI-ZHU-JI|TIANGAN-XINGQING|YONGSHEN-STRUCTURE|YONGSHEN-FINAL|ZHONG-HE,"丁巳 戊午 己未
论财篇葛参政造，用在乙木官星，月令财旺生官也。甲运七煞混，不利；寅运则会午成火局，解子午冲，亦
帮身美运也；乙卯十年，官星清，虽旺无碍；",[]
子平真诠,子平真诠-0266,丙辰丁巳戊午己未,戊,HEAVY,REN-CAIGUAN|SHISHI-BURUO|HEAVY-ROOT|YIN-PARTY|BIJIE-PARTY|ROOT-GAN-PRIORITY|SHI-GUI-LU|ZHONGGUA-2SIDE|JIWANG-HUAIJI|GE-QING|GE-QUALITY|SHI-ZHU-JI|YONGSHEN-STRUCTURE|YONGSHEN-FINAL|ZHONG-HE,"，皆美运，唯忌金水之地耳。
(林注：此造用神当取日主坐下午火，正官佩印兼作调候暖局，所以一路行木火土身旺暖运俱美。)
若局中透印，行食伤而无碍，盖有印回克护官也(参见上范太傅造，官格用印节)。若局中带食伤，则为官星
有病，行印运克制食伤，为去病之药，最为佳运。煞运反吉者，以有食伤回克，不为害耳，非可认为吉运
也。
原文
财用食生，财食重而身轻，则喜助身；财食轻而身重，则仍行财食。煞运不忌，官印反晦",['身旺']
子平真诠,子平真诠-0267,壬寅壬寅庚辰辛巳,庚,HEAVY,REN-CAIGUAN|SHISHI-BURUO|XIEQI-TAIZHONG|HEAVY-ROOT|JUECHU-FENGSHENG|BIJIE-PARTY|ROOT-STRUCK|ROOT-GAN-PRIORITY|SHI-GUI-LU|ZHONGGUA-2SIDE|JIRUO-WUGEN|JISHUAI-CONGSHENG|SHIYONG-YUELING-XIANGFU|GE-QUALITY|SHI-ZHU-JI|YONGSHEN-STRUCTURE|YONGSHEN-FINAL|ZHONG-HE,"癸卯 甲辰 乙巳 丙午 丁未 戊申
此论财篇杨待郎命，食神生财格也。日元财食相均，行食伤财运为美，如癸卯、甲辰、乙巳是也。丙火煞运
不忌，以有食伤回克，又得暖局。春初水木得火而发荣也。何以官印反晦？盖丁火官星，合壬用神。戊土印
绶，克制壬水，则用神被伤，故反以为晦也。
原文
财格佩印，运喜官乡，身弱逢之，最喜印旺。
**【徐注】**财格佩印，其最要之条件，即为财印两不相碍。如论财篇曾参政命：",['身弱']
子平真诠,子平真诠-0268,癸卯甲辰乙巳丙午,乙,HEAVY,REN-CAIGUAN|SHISHI-BURUO|XIEQI-TAIZHONG|HEAVY-ROOT|TENGLUO-XIJIA|YIN-PARTY|BIJIE-PARTY|ROOT-STRUCK|ROOT-GAN-PRIORITY|SHI-GUI-LU|ZHONGGUA-2SIDE|JIRUO-WUGEN|JIWANG-HUAIJI|JISHUAI-CONGSHENG|GE-QUALITY|SHI-ZHU-JI|TIANGAN-XINGQING|YONGSHEN-STRUCTURE|YONGSHEN-FINAL|ZHONG-HE,"丁未 戊申
此论财篇杨待郎命，食神生财格也。日元财食相均，行食伤财运为美，如癸卯、甲辰、乙巳是也。丙火煞运
不忌，以有食伤回克，又得暖局。春初水木得火而发荣也。何以官印反晦？盖丁火官星，合壬用神。戊土印
绶，克制壬水，则用神被伤，故反以为晦也。
原文
财格佩印，运喜官乡，身弱逢之，最喜印旺。
**【徐注】**财格佩印，其最要之条件，即为财印两不相碍。如论财篇曾参政命：",['身弱']
子平真诠,子平真诠-0269,乙未甲申丙申庚寅,丙,HEAVY,REN-CAIGUAN|SHISHI-BURUO|HEAVY-ROOT|YIN-PARTY|ROOT-STRUCK|ROOT-GAN-PRIORITY|WANGCHONG-SHUAI|HE-HUASHEN-DESHI|SHI-GUI-LU|ZHONGGUA-2SIDE|JIRUO-WUGEN|SHIYONG-YUELING-XIANGFU|GE-QUALITY|YONGSHEN-STRUCTURE|YONGSHEN-FINAL|ZHONG-HE,"癸未 壬午 辛巳 庚辰 己卯 戊寅
寅中丙火长生，甲木得禄，而庚金禄于申，甲庚并透而隔丙火，此为财印不相碍，然究嫌身轻印弱。庚金秉
令而旺，故运帮身为美，所以最喜印旺也。然何以又喜官煞耶？盖财生官而官生印，亦通关之意也。
财印并透，以不碍为条件。如下造为财印相碍。",[]
子平真诠,子平真诠-0270,癸未壬午辛巳庚辰,辛,NONE,SHISHI-BURUO|XIEQI-TAIZHONG|BIJIE-PARTY|ZHONGGUA-2SIDE|WUGEN-YOUFU|JISHUAI-CONGSHENG|GE-QING|GE-QUALITY|YUN-SHENG-ROOT|SHI-ZHU-JI|YONGSHEN-STRUCTURE|YONGSHEN-FINAL|ZHONG-HE,"己卯 戊寅
寅中丙火长生，甲木得禄，而庚金禄于申，甲庚并透而隔丙火，此为财印不相碍，然究嫌身轻印弱。庚金秉
令而旺，故运帮身为美，所以最喜印旺也。然何以又喜官煞耶？盖财生官而官生印，亦通关之意也。
财印并透，以不碍为条件。如下造为财印相碍。",[]
子平真诠,子平真诠-0271,乙未己卯庚寅辛巳,庚,HEAVY,REN-CAIGUAN|SHISHI-BURUO|HEAVY-ROOT|YIN-PARTY|BIJIE-PARTY|ROOT-STRUCK|ROOT-GAN-PRIORITY|SHI-GUI-LU|ZHONGGUA-2SIDE|RI-BEI-HE|JIRUO-WUGEN|GE-QUALITY|SHI-ZHU-JI|YONGSHEN-STRUCTURE|YONGSHEN-FINAL|ZHONG-HE,"戊寅 丁丑 丙子 乙亥 甲戌 癸酉
乙己财印并透而相并，则财破印，日元庚金又弱，当以劫为用。运以劫财扶身为美，印运亦佳。官煞可行，
食伤财运则不相宜。虽四柱格局清，而有相当之成就，不过小富而已，不能贵也(见论财篇)。
原文
财用食印，财轻则喜财食，身轻则喜比印，官运有碍，煞反不忌也。
**【徐注】**财用食印者，月令财星而干透食印也。然亦须看四柱之配合，如论财篇吴榜眼命：",[]
子平真诠,子平真诠-0272,戊寅丁丑丙子乙亥,丙,HEAVY,REN-CAIGUAN|SHISHI-BURUO|XIEQI-TAIZHONG|HEAVY-ROOT|YIN-PARTY|BIJIE-PARTY|ROOT-STRUCK|ROOT-GAN-PRIORITY|ZHONGGUA-2SIDE|JIRUO-WUGEN|JIWANG-HUAIJI|JISHUAI-CONGSHENG|GE-QING|GE-QUALITY|SHI-ZHU-JI|YONGSHEN-STRUCTURE|YONGSHEN-FINAL|ZHONG-HE,"甲戌 癸酉
乙己财印并透而相并，则财破印，日元庚金又弱，当以劫为用。运以劫财扶身为美，印运亦佳。官煞可行，
食伤财运则不相宜。虽四柱格局清，而有相当之成就，不过小富而已，不能贵也(见论财篇)。
原文
财用食印，财轻则喜财食，身轻则喜比印，官运有碍，煞反不忌也。
**【徐注】**财用食印者，月令财星而干透食印也。然亦须看四柱之配合，如论财篇吴榜眼命：",[]
子平真诠,子平真诠-0273,庚戌戊子戊子丙辰,戊,HEAVY,REN-CAIGUAN|SHISHI-BURUO|XIEQI-TAIZHONG|HEAVY-ROOT|YIN-PARTY|BIJIE-PARTY|ROOT-STRUCK|ROOT-GAN-PRIORITY|SHI-GUI-LU|ZHONGGUA-2SIDE|JIRUO-WUGEN|JISHUAI-CONGSHENG|SHIYONG-YUELING-XIANGFU|GE-QUALITY|SHI-ZHU-JI|YONGSHEN-STRUCTURE|YONGSHEN-FINAL|ZHONG-HE,"己丑 庚寅 辛卯 壬辰 癸巳 甲午
月令财旺，年庚时丙，食印遥隔而不相碍，其枢纽在于丙火。财藏支而印透。财印不相碍为贵，年上庚金，
无足轻重也。戊土身轻，运喜比印，何以官运碍而煞不忌？官运为乙木，乙庚化合为食神，增财之势，煞为
甲运，生助丙火也。然庚寅辛卯，金不通根，木助火势，宜为美运；壬辰丙火受伤，子辰合同，恐贵而不寿
也。",[]
子平真诠,子平真诠-0274,己丑庚寅辛卯壬辰,辛,LIGHT,REN-CAIGUAN|SHISHI-BURUO|XIEQI-TAIZHONG|LIGHT-ROOT|YIN-PARTY|BIJIE-PARTY|ROOT-STRUCK|ROOT-GAN-PRIORITY|ZHONGGUA-2SIDE|JIRUO-WUGEN|JISHUAI-CONGSHENG|SHIYONG-YUELING-XIANGFU|GE-QUALITY|SHI-ZHU-JI|YONGSHEN-STRUCTURE|YONGSHEN-FINAL|ZHONG-HE,"癸巳 甲午
月令财旺，年庚时丙，食印遥隔而不相碍，其枢纽在于丙火。财藏支而印透。财印不相碍为贵，年上庚金，
无足轻重也。戊土身轻，运喜比印，何以官运碍而煞不忌？官运为乙木，乙庚化合为食神，增财之势，煞为
甲运，生助丙火也。然庚寅辛卯，金不通根，木助火势，宜为美运；壬辰丙火受伤，子辰合同，恐贵而不寿
也。",[]
子平真诠,子平真诠-0275,壬辰乙巳癸巳辛酉,癸,LIGHT,REN-CAIGUAN|SHISHI-BURUO|XIEQI-TAIZHONG|LIGHT-ROOT|YIN-PARTY|BIJIE-PARTY|ROOT-GAN-PRIORITY|ZHONGGUA-2SIDE|JIRUO-WUGEN|JISHUAI-CONGSHENG|GE-QING|GE-QUALITY|TIANGAN-XINGQING|YONGSHEN-STRUCTURE|YONGSHEN-FINAL|ZHONG-HE,"丙午 丁未 戊申 己酉 庚戌 辛亥
论财篇平江伯命。虽食印并透，而食无根，癸水日元，虽休囚而印旺，盖巳酉、辰酉皆合金也。巳中丙戊得
禄，官得财生，天乙相助，虽印克食，并不损其贵气，所谓财轻喜行财运也。食神生财亦美，而官运尤佳。
申酉庚辛印助身旺，不免反晦矣。此为暗财官格，印去食，乃附带之作用耳。
原文
财带伤官，财运则亨，煞运不利，运行官印，未见其美矣。
**【徐注】**财带伤官，有佩印，有化劫，","['身旺', '身弱']"
子平真诠,子平真诠-0276,丙午丁未戊申己酉,戊,HEAVY,REN-CAIGUAN|HEAVY-ROOT|YIN-PARTY|BIJIE-PARTY|ROOT-GAN-PRIORITY|ZHONGGUA-2SIDE|JIWANG-HUAIJI|GE-QING|GE-QUALITY|YONGSHEN-STRUCTURE|YONGSHEN-FINAL|ZHONG-HE,"庚戌 辛亥
论财篇平江伯命。虽食印并透，而食无根，癸水日元，虽休囚而印旺，盖巳酉、辰酉皆合金也。巳中丙戊得
禄，官得财生，天乙相助，虽印克食，并不损其贵气，所谓财轻喜行财运也。食神生财亦美，而官运尤佳。
申酉庚辛印助身旺，不免反晦矣。此为暗财官格，印去食，乃附带之作用耳。
原文
财带伤官，财运则亨，煞运不利，运行官印，未见其美矣。
**【徐注】**财带伤官，有佩印，有化劫，身重以伤官生财为用，身弱","['身旺', '身弱']"
子平真诠,子平真诠-0277,甲子辛未辛酉壬辰,辛,HEAVY,REN-CAIGUAN|SHISHI-BURUO|XIEQI-TAIZHONG|HEAVY-ROOT|BIJIE-PARTY|ROOT-STRUCK|ROOT-GAN-PRIORITY|ZHONGGUA-2SIDE|JIRUO-WUGEN|JIWANG-HUAIJI|JISHUAI-CONGSHENG|SHIYONG-YUELING-XIANGFU|GE-QUALITY|SHI-ZHU-JI|YONGSHEN-STRUCTURE|YONGSHEN-FINAL|ZHONG-HE,"壬申 癸酉 甲戌 乙亥 丙子 丁丑
论财篇汪学士命，用伤化劫为用者也。盖辰酉合金，生于六月，土燥金脆。子未虽相害，而润土生金，未为
不美，兼以生财，故此造之用伤官，实兼调候通关之意也。财运最美，食伤亦佳，比劫亦可行。丁火七煞，
合去壬伤，为最不宜。官星丙火合辛，印运制伤，皆为破用，非所宜也。
原文
财带七煞。不论合煞制煞，运喜食伤身旺之方。
**【徐注】**财带七煞，如煞不合去，或不制去，则应以煞",['身旺']
子平真诠,子平真诠-0278,壬申癸酉甲戌乙亥,甲,HEAVY,REN-CAIGUAN|SHISHI-BURUO|HEAVY-ROOT|YIN-PARTY|BIJIE-PARTY|ROOT-STRUCK|ROOT-GAN-PRIORITY|SHI-GUI-LU|ZHONGGUA-2SIDE|JIRUO-WUGEN|GE-QUALITY|TIANGAN-XINGQING|YONGSHEN-STRUCTURE|YONGSHEN-FINAL|ZHONG-HE,"丙子 丁丑
论财篇汪学士命，用伤化劫为用者也。盖辰酉合金，生于六月，土燥金脆。子未虽相害，而润土生金，未为
不美，兼以生财，故此造之用伤官，实兼调候通关之意也。财运最美，食伤亦佳，比劫亦可行。丁火七煞，
合去壬伤，为最不宜。官星丙火合辛，印运制伤，皆为破用，非所宜也。
原文
财带七煞。不论合煞制煞，运喜食伤身旺之方。
**【徐注】**财带七煞，如煞不合去，或不制去，则应以煞为重，不当再论财也。如论",['身旺']
子平真诠,子平真诠-0279,乙酉庚辰甲午戊辰,甲,LIGHT,REN-CAIGUAN|SHISHI-BURUO|LIGHT-ROOT|BIJIE-PARTY|ROOT-STRUCK|ROOT-GAN-PRIORITY|SHI-GUI-LU|ZHONGGUA-2SIDE|JIRUO-WUGEN|SHIYONG-YUELING-XIANGFU|GE-QUALITY|SHI-ZHU-JI|TIANGAN-XINGQING|YONGSHEN-STRUCTURE|YONGSHEN-FINAL|ZHONG-HE,"己卯 戊寅 丁丑 丙子 乙亥 甲戌
天干乙从庚化，地支辰合酉来，财生煞旺，当以午中丁火制煞为用，财党煞攻身，岂可为用乎？喜得生于辰
月，又得辰时，甲木余气犹存，然究嫌身弱。运行寅卯身旺之地，丙丁制煞之方，宜其贵也。乙亥甲三运，
亦帮身助旺，唯子运冲午，恐有出死入生之难，虽子辰相会，恐未易解。身弱宜印，而制煞之格不宜印地
者，恐其制伤夺食也。
又论财篇李御史命，所谓制煞存财也：","['身旺', '身弱']"
子平真诠,子平真诠-0280,己卯戊寅丁丑丙子,丁,NONE,SHISHI-BURUO|XIEQI-TAIZHONG|BIJIE-PARTY|ZHONGGUA-2SIDE|WUGEN-YOUFU|JISHUAI-CONGSHENG|GE-QUALITY|YUN-SHENG-ROOT|SHI-ZHU-JI|TIANGAN-XINGQING|YONGSHEN-STRUCTURE|YONGSHEN-FINAL|ZHONG-HE,"乙亥 甲戌
天干乙从庚化，地支辰合酉来，财生煞旺，当以午中丁火制煞为用，财党煞攻身，岂可为用乎？喜得生于辰
月，又得辰时，甲木余气犹存，然究嫌身弱。运行寅卯身旺之地，丙丁制煞之方，宜其贵也。乙亥甲三运，
亦帮身助旺，唯子运冲午，恐有出死入生之难，虽子辰相会，恐未易解。身弱宜印，而制煞之格不宜印地
者，恐其制伤夺食也。
又论财篇李御史命，所谓制煞存财也：","['身旺', '身弱']"
子平真诠,子平真诠-0281,庚辰戊子戊寅甲寅,戊,HEAVY,REN-CAIGUAN|SHISHI-BURUO|HEAVY-ROOT|BIJIE-PARTY|ROOT-GAN-PRIORITY|SHI-GUI-LU|ZHONGGUA-2SIDE|GE-QING|GE-QUALITY|SHI-ZHU-JI|YONGSHEN-STRUCTURE|YONGSHEN-FINAL|ZHONG-HE,"己丑 庚寅 辛卯 壬辰 癸巳 甲午
戊寅日坐长生，干得此助，身旺以食神制煞为用，财泄食神而生煞，非可为用也。子辰相会，土金水木，一
气流通，确为贵征。行运食伤身旺之地固美，印地亦吉，但行支而不行干，见丙火，不免克去庚金，为伤用
也。
原文
财用煞印，印旺最宜，逢财必忌。伤食之方，亦任意矣。
**【徐注】**月令财星而透煞印，以印化煞为用；财生煞旺，只论煞不论财也。印为用，故逢印旺最宜，见
财破印必",['身旺']
子平真诠,子平真诠-0282,己丑庚寅辛卯壬辰,辛,LIGHT,REN-CAIGUAN|SHISHI-BURUO|XIEQI-TAIZHONG|LIGHT-ROOT|YIN-PARTY|BIJIE-PARTY|ROOT-STRUCK|ROOT-GAN-PRIORITY|ZHONGGUA-2SIDE|JIRUO-WUGEN|JISHUAI-CONGSHENG|SHIYONG-YUELING-XIANGFU|GE-QUALITY|SHI-ZHU-JI|YONGSHEN-STRUCTURE|YONGSHEN-FINAL|ZHONG-HE,"癸巳 甲午
戊寅日坐长生，干得此助，身旺以食神制煞为用，财泄食神而生煞，非可为用也。子辰相会，土金水木，一
气流通，确为贵征。行运食伤身旺之地固美，印地亦吉，但行支而不行干，见丙火，不免克去庚金，为伤用
也。
原文
财用煞印，印旺最宜，逢财必忌。伤食之方，亦任意矣。
**【徐注】**月令财星而透煞印，以印化煞为用；财生煞旺，只论煞不论财也。印为用，故逢印旺最宜，见
财破印必忌。而食神伤官之宜忌，则",['身旺']
子平真诠,子平真诠-0283,乙丑丁亥己亥乙亥,己,LIGHT,REN-CAIGUAN|LIGHT-ROOT|ROOT-GAN-PRIORITY|ZHONGGUA-2SIDE|JIRUO-WUGEN|SHIYONG-YUELING-XIANGFU|GE-QUALITY|SHI-ZHU-JI|TIANGAN-XINGQING|YONGSHEN-STRUCTURE|YONGSHEN-FINAL|ZHONG-HE,"丙戌 乙酉 甲申 癸未 壬午 辛巳
论财篇赵侍郎造。喜财藏支而不透，天干煞印相生，以印化煞为用。甲乙运官煞生印甚美，申酉运虽食伤生
财党煞，而原局煞有印化，虽非吉运，亦无碍也。癸未运吉，壬运合丁，化煞破用，所谓逢财必忌也。",[]
子平真诠,子平真诠-0284,丙戌乙酉甲申癸未,甲,LIGHT,REN-CAIGUAN|SHISHI-BURUO|XIEQI-TAIZHONG|LIGHT-ROOT|YIN-PARTY|BIJIE-PARTY|ROOT-STRUCK|ROOT-GAN-PRIORITY|SHI-GUI-LU|ZHONGGUA-2SIDE|JIRUO-WUGEN|JISHUAI-CONGSHENG|GE-QUALITY|SHI-ZHU-JI|TIANGAN-XINGQING|YONGSHEN-STRUCTURE|YONGSHEN-FINAL|ZHONG-HE,"壬午 辛巳
论财篇赵侍郎造。喜财藏支而不透，天干煞印相生，以印化煞为用。甲乙运官煞生印甚美，申酉运虽食伤生
财党煞，而原局煞有印化，虽非吉运，亦无碍也。癸未运吉，壬运合丁，化煞破用，所谓逢财必忌也。",[]
子平真诠,子平真诠-0285,丙寅癸巳癸未壬戌,癸,NONE,CAIDUO-SHENRUAN|ZHONGGUA-2SIDE|JIRUO-WUGEN|WUGEN-YOUFU|SHIYONG-YUELING-XIANGFU|GE-QUALITY|YUN-SHENG-ROOT|SHI-ZHU-JI|TIANGAN-XINGQING|YONGSHEN-STRUCTURE|YONGSHEN-FINAL,"甲午 乙未 丙申 丁酉 戊戌 己亥
论财篇林尚书造。寅午戌为火局，午易为巳，虽不成局，而有会合之意，未又暗合午火，地支财旺而透丙，
固当以财为用也。但财旺身轻，运宜劫印扶身之地。早年甲午乙未，必然困苦；丙申之后，气转西北，火不
通根，印绶得地，其贵宜矣。",[]
子平真诠,子平真诠-0286,甲午乙未丙申丁酉,丙,HEAVY,REN-CAIGUAN|SHISHI-BURUO|YIN-PARTY|BIJIE-PARTY|ROOT-GAN-PRIORITY|ZHONGGUA-2SIDE|JIWANG-HUAIJI|GE-QING|GE-QUALITY|SHI-ZHU-JI|YONGSHEN-STRUCTURE|YONGSHEN-FINAL|ZHONG-HE,"戊戌 己亥
论财篇林尚书造。寅午戌为火局，午易为巳，虽不成局，而有会合之意，未又暗合午火，地支财旺而透丙，
固当以财为用也。但财旺身轻，运宜劫印扶身之地。早年甲午乙未，必然困苦；丙申之后，气转西北，火不
通根，印绶得地，其贵宜矣。",[]
子平真诠,子平真诠-0287,丙辰癸巳壬戌壬寅,壬,LIGHT,REN-CAIGUAN|SHISHI-BURUO|LIGHT-ROOT|JUECHU-FENGSHENG|BIJIE-PARTY|ROOT-STRUCK|ROOT-GAN-PRIORITY|ZHONGGUA-2SIDE|JIRUO-WUGEN|SHIYONG-YUELING-XIANGFU|GE-QUALITY|SHI-ZHU-JI|YONGSHEN-STRUCTURE|YONGSHEN-FINAL|ZHONG-HE,"甲午 乙未 丙申 丁酉 戊戌 己亥
论财篇王太仆造。与林造相似，虽辰为水库，究嫌根轻身弱。运至申酉而发迹，两人所同也。",['身弱']
子平真诠,子平真诠-0288,甲午乙未丙申丁酉,丙,HEAVY,REN-CAIGUAN|SHISHI-BURUO|YIN-PARTY|BIJIE-PARTY|ROOT-GAN-PRIORITY|ZHONGGUA-2SIDE|JIWANG-HUAIJI|GE-QING|GE-QUALITY|SHI-ZHU-JI|YONGSHEN-STRUCTURE|YONGSHEN-FINAL|ZHONG-HE,"戊戌 己亥
论财篇王太仆造。与林造相似，虽辰为水库，究嫌根轻身弱。运至申酉而发迹，两人所同也。",['身弱']
子平真诠,子平真诠-0289,丙辰丙申丙午壬辰,丙,HEAVY,REN-CAIGUAN|SHISHI-BURUO|HEAVY-ROOT|BIJIE-PARTY|ROOT-GAN-PRIORITY|ZHONGGUA-2SIDE|SHIYONG-YUELING-XIANGFU|GE-QUALITY|SHI-ZHU-JI|YONGSHEN-STRUCTURE|YONGSHEN-FINAL|ZHONG-HE,"丁酉 戊戌 己亥 庚子 辛丑 壬寅
丙坐午刃，申辰拱合，而透壬，固弃财而用煞矣。然其佳处，全在午刃，身强方能敌煞也。壬水生申，为秋
水通源，用神进气，运行",['身强']
子平真诠,子平真诠-0290,丁酉戊戌己亥庚子,己,HEAVY,REN-CAIGUAN|DESHI-BUWANG|XIEQI-TAIZHONG|HEAVY-ROOT|YIN-PARTY|BIJIE-PARTY|ROOT-STRUCK|ROOT-GAN-PRIORITY|ZHONGGUA-2SIDE|JIRUO-WUGEN|JIWANG-HUAIJI|GE-QUALITY|WANGJI-SIWO-SHENG|SHI-ZHU-JI|TIANGAN-XINGQING|YONGSHEN-STRUCTURE|YONGSHEN-FINAL|ZHONG-HE,"辛丑 壬寅
丙坐午刃，申辰拱合，而透壬，固弃财而用煞矣。然其佳处，全在午刃，身强方能敌煞也。壬水生申，为秋
水通源，用神进气，运行",['身强']
子平真诠,子平真诠-0291,己亥庚子辛丑壬寅,辛,LIGHT,REN-CAIGUAN|SHISHI-BURUO|XIEQI-TAIZHONG|LIGHT-ROOT|YIN-PARTY|BIJIE-PARTY|ROOT-GAN-PRIORITY|ZHONGGUA-2SIDE|JIRUO-WUGEN|JISHUAI-CONGSHENG|GE-QING|GE-QUALITY|SHI-ZHU-JI|YONGSHEN-STRUCTURE|YONGSHEN-FINAL|ZHONG-HE,"金水之地，煞所以贵也。为论财篇一尚书命。此造宜归之偏官
格或煞刃格中，因月令申金为财，故列于论财篇。
白话译文
财格（月令透出财星的命局）取运，要根据格局已成的结构来配合行运方向。
财旺生官（财星旺盛、进而生助官星）的格局，喜行日主旺地或印绶（资源星，生助日主）之运，不利七
煞（与日主阴阳相异的克星）或伤官（克制官星之星）之运；但若格局中财生官又带印，则行伤官运危害
不大。若格局中财生官却带食神破","['日主旺', '日主弱']"
子平真诠,子平真诠-0292,丙寅戊戌辛酉戊子,辛,HEAVY,REN-CAIGUAN|SHISHI-BURUO|HEAVY-ROOT|YIN-PARTY|ROOT-STRUCK|ROOT-GAN-PRIORITY|SHI-GUI-LU|ZHONGGUA-2SIDE|RI-BEI-HE|JIRUO-WUGEN|JIWANG-HUAIJI|GE-QUALITY|YONGSHEN-STRUCTURE|YONGSHEN-FINAL|ZHONG-HE,"，张参政之命是也。
**【徐注】**官与印，或财与官，或财与食神，皆互相为用，单用一神者甚少见，特行运喜忌有不同耳。有
印透官者，身强用官，喜财生官，身旺印强，不愁官星太过，盖喜其旺也。只要官星清纯，即是好八字矣。
所引证之张参政造，似非其伦，丙寅、戊戌、辛酉，火旺土燥金脆，所喜者时逢戊子，润土生金，且以泄金
之秀，故运行东北金水土地而发。非但不用官星，且不用印，所重在食神，乃儿能救母也。以月令印","['身旺', '身强']"
子平真诠,子平真诠-0293,丙戌戊戌辛未壬辰,辛,LIGHT,REN-CAIGUAN|SHISHI-BURUO|XIEQI-TAIZHONG|LIGHT-ROOT|YIN-PARTY|ROOT-STRUCK|ROOT-GAN-PRIORITY|ZHONGGUA-2SIDE|RI-BEI-HE|JIRUO-WUGEN|JISHUAI-CONGSHENG|SHIYONG-YUELING-XIANGFU|GE-QUALITY|SHI-ZHU-JI|YONGSHEN-STRUCTURE|YONGSHEN-FINAL|ZHONG-HE,"，壬为戊制，不伤官也。又如临淮侯命，
乙亥 己卯 丁酉 壬寅，己为乙制，己不碍官也。
**【徐注】**朱尚书造，壬为戊制，诚哉不伤官星，但四柱五重土，支又藏火而干透丙，若再行火土运，宁
有幸乎？此造妙在天干火土金水顺序而生，故土不埋金，辰土收其燥气，壬水泄金之秀，辰未中皆藏乙木财
星，暗损印绶，病重而得药。运程",[]
子平真诠,子平真诠-0294,乙亥己卯丁酉壬寅,丁,LIGHT,REN-CAIGUAN|SHISHI-BURUO|XIEQI-TAIZHONG|LIGHT-ROOT|YIN-PARTY|ROOT-STRUCK|ROOT-GAN-PRIORITY|WANGCHONG-SHUAI|HE-HUASHEN-DESHI|ZHONGGUA-2SIDE|RI-BEI-HE|JIRUO-WUGEN|JISHUAI-CONGSHENG|GE-QUALITY|TIANGAN-XINGQING|YONGSHEN-STRUCTURE|YONGSHEN-FINAL|ZHONG-HE,"，己为乙制，己不碍官也。
**【徐注】**朱尚书造，壬为戊制，诚哉不伤官星，但四柱五重土，支又藏火而干透丙，若再行火土运，宁
有幸乎？此造妙在天干火土金水顺序而生，故土不埋金，辰土收其燥气，壬水泄金之秀，辰未中皆藏乙木财
星，暗损印绶，病重而得药。运程",[]
子平真诠,子平真诠-0295,庚子辛丑壬寅癸卯,壬,HEAVY,REN-CAIGUAN|SHISHI-BURUO|YIN-PARTY|BIJIE-PARTY|ROOT-STRUCK|ROOT-GAN-PRIORITY|ZHONGGUA-2SIDE|JIRUO-WUGEN|JIWANG-HUAIJI|GE-QUALITY|YONGSHEN-STRUCTURE|YONGSHEN-FINAL|ZHONG-HE,"、甲辰金水木地，体用得宜，所以贵也。临淮侯
造，寅亥卯印旺，秉令而透乙木，用神全在酉金，损印而生官，己土被制，不碍官星，为去病取清，非以枭
印夺食为用也。
原文
有印而用伤食者，身强印旺，恐其太过，泄身以为秀气。如",['身强']
子平真诠,子平真诠-0296,戊戌乙卯丙午乙亥,丙,HEAVY,REN-CAIGUAN|SHISHI-BURUO|XIEQI-TAIZHONG|HEAVY-ROOT|YIN-PARTY|ROOT-STRUCK|ROOT-GAN-PRIORITY|ZHONGGUA-2SIDE|JIRUO-WUGEN|JIWANG-HUAIJI|JISHUAI-CONGSHENG|GE-QING|GE-QUALITY|SHI-ZHU-JI|YONGSHEN-STRUCTURE|YONGSHEN-FINAL|ZHONG-HE,"，李状元命也，若印浅身轻，而用层层伤食，则寒贫之局矣。
**【徐注】**身强印旺。用己土泄其秀气，与前节张参政一造相似(",['身强']
子平真诠,子平真诠-0297,丙寅戊戌辛酉戊子,辛,HEAVY,REN-CAIGUAN|SHISHI-BURUO|HEAVY-ROOT|YIN-PARTY|ROOT-STRUCK|ROOT-GAN-PRIORITY|SHI-GUI-LU|ZHONGGUA-2SIDE|RI-BEI-HE|JIRUO-WUGEN|JIWANG-HUAIJI|GE-QUALITY|YONGSHEN-STRUCTURE|YONGSHEN-FINAL|ZHONG-HE,")，而己土透出，官星不见，用神较为明显也。若印浅身轻而伤食重，则当以印为用，
运行印比之地，亦可补救，特非贵显之局耳。
原文
有用偏官者，偏官本非美物，藉其生印，不得已而用之。故必身重印轻，或身轻印重，有所不足，始为有
性。如茅状元命，",[]
子平真诠,子平真诠-0298,己巳癸酉癸未庚申,癸,NONE,SHISHI-BURUO|SHAZHONG-SHENQING|YIN-PARTY|BIJIE-PARTY|ZHONGGUA-2SIDE|WUGEN-YOUFU|JISHUAI-CONGSHENG|GE-QING|GE-QUALITY|YUN-SHENG-ROOT|SHI-ZHU-JI|TIANGAN-XINGQING|YONGSHEN-STRUCTURE|YONGSHEN-FINAL|ZHONG-HE,"，此身轻印重也。马参政命，
壬寅 戊申 壬辰 壬寅，此身重印轻也。若身印并重而用七煞，非孤则贫矣。
**【徐注】**茅状元造，己土七煞，气泄于金，印绶太旺，而四柱无财以破印，即《滴天髓》母慈灭子之反
局也。只能顺母之性，反以金水为吉，与上节临淮侯造适相反，盖一有财一无财也。马参政造，壬水虽通
源，而两寅泄气，以煞生印为用神，重在于印，不可见财，见财则破格矣。若身印并重而见七煞，则又非财
不可。用财","['身旺', '身强']"
子平真诠,子平真诠-0299,壬寅戊申壬辰壬寅,壬,HEAVY,REN-CAIGUAN|SHISHI-BURUO|HEAVY-ROOT|BIJIE-PARTY|ROOT-STRUCK|ROOT-GAN-PRIORITY|WANGCHONG-SHUAI|ZHONGGUA-2SIDE|JIRUO-WUGEN|JIWANG-HUAIJI|SHIYONG-YUELING-XIANGFU|GE-QUALITY|SHI-ZHU-JI|YONGSHEN-STRUCTURE|YONGSHEN-FINAL|ZHONG-HE,"，此身重印轻也。若身印并重而用七煞，非孤则贫矣。
**【徐注】**茅状元造，己土七煞，气泄于金，印绶太旺，而四柱无财以破印，即《滴天髓》母慈灭子之反
局也。只能顺母之性，反以金水为吉，与上节临淮侯造适相反，盖一有财一无财也。马参政造，壬水虽通
源，而两寅泄气，以煞生印为用神，重在于印，不可见财，见财则破格矣。若身印并重而见七煞，则又非财
不可。用财破印生煞，与用煞生印，截然不同。盖财为官煞之根，官","['身旺', '身强']"
子平真诠,子平真诠-0300,辛酉丙申壬申辛亥,壬,HEAVY,REN-CAIGUAN|SHISHI-BURUO|HEAVY-ROOT|YIN-PARTY|ROOT-STRUCK|ROOT-GAN-PRIORITY|SHI-GUI-LU|ZHONGGUA-2SIDE|JIRUO-WUGEN|JIWANG-HUAIJI|SHIYONG-YUELING-XIANGFU|GE-QUALITY|CAI-RUO-SHEN-QIANG|YONGSHEN-STRUCTURE|YONGSHEN-FINAL|ZHONG-HE,"，汪侍郎命是也。若印轻财重，又无劫财以救，则为贪财破印，贫贱之局也。
**【徐注】**身强印旺，用财损印，根深谓印之根深，财破谓抑其太过也。印为生我之母，然木赖水生，水
旺木浮；火赖木生，木盛火塞；土赖火生，火旺土焦；金赖土生，土重金埋；水赖金生，金多水涩。去其太
过，则得中和之道，即《滴天髓》君赖臣生是也，然汪侍郎造，丙辛一合，则有微病，幸运程东南木火之
地，使其合而不化，方能收损印之效也。若印","['身弱', '身强', '中和']"
子平真诠,子平真诠-0301,庚申戊寅丙申乙未,丙,HEAVY,REN-CAIGUAN|SHISHI-BURUO|XIEQI-TAIZHONG|HEAVY-ROOT|YIN-PARTY|ROOT-STRUCK|ROOT-GAN-PRIORITY|WANGCHONG-SHUAI|SHI-GUI-LU|ZHONGGUA-2SIDE|JIRUO-WUGEN|JIWANG-HUAIJI|JISHUAI-CONGSHENG|GE-QUALITY|YONGSHEN-STRUCTURE|YONGSHEN-FINAL|ZHONG-HE,"，乙庚遥合，化印为财，会禄于申，两申冲寅，丙火身弱，赖印滋助，而印被财破，又
无比劫以支财，是为贪财坏印也。
原文
即或印重财轻而兼露伤食，财与食相生，轻而不轻，即可就富，亦不贵矣。然亦有带食而贵者，何也？如",['身弱']
子平真诠,子平真诠-0302,庚寅乙酉癸亥丙辰,癸,HEAVY,REN-CAIGUAN|SHISHI-BURUO|XIEQI-TAIZHONG|YIN-PARTY|ROOT-STRUCK|ROOT-GAN-PRIORITY|HE-HUASHEN-DESHI|SHI-GUI-LU|ZHONGGUA-2SIDE|JIRUO-WUGEN|JIWANG-HUAIJI|JISHUAI-CONGSHENG|GE-QING|GE-QUALITY|SHI-ZHU-JI|TIANGAN-XINGQING|YONGSHEN-STRUCTURE|YONGSHEN-FINAL|ZHONG-HE,，此牛监薄命，乙合庚而不生癸，所以为贵，若合财存食，又可类推矣。如,[]
子平真诠,子平真诠-0303,己未甲戌辛未癸巳,辛,LIGHT,REN-CAIGUAN|SHISHI-BURUO|LIGHT-ROOT|YIN-PARTY|ROOT-STRUCK|ROOT-GAN-PRIORITY|HE-HUASHEN-DESHI|ZHONGGUA-2SIDE|JIRUO-WUGEN|SHIYONG-YUELING-XIANGFU|GE-QING|GE-QUALITY|SHI-ZHU-JI|YONGSHEN-STRUCTURE|YONGSHEN-FINAL|ZHONG-HE,"，此合财存食之贵也。
**【徐注】**大抵富贵两字，辨别甚难。古之人有贵而不富者，有富而不贵者，若今人则富者无不贵，贵者
无不富矣。何从而别之？辨别富贵，当以《滴天髓》“何知其人富，财气通门户；何知其人贵，官星有理会”
数语，最为精审。财与食相生，轻而不轻者，即财气通门户之谓也。然牛监薄命，仍当以食神生财取用，以
乙庚合不生癸为贵征，似未尽然，盖印未曾合去也。丙火通根于寅，身旺财印皆有根，宜乎富与",['身旺']
子平真诠,子平真诠-0304,辛亥庚子甲辰乙亥,甲,HEAVY,REN-CAIGUAN|SHISHI-BURUO|HEAVY-ROOT|BIJIE-PARTY|ROOT-STRUCK|ROOT-GAN-PRIORITY|SHI-GUI-LU|ZHONGGUA-2SIDE|JIRUO-WUGEN|JIWANG-HUAIJI|GE-QUALITY|TIANGAN-XINGQING|YONGSHEN-STRUCTURE|YONGSHEN-FINAL|ZHONG-HE,"，此合煞留官也；
壬子 癸卯 丙子 己亥、此官煞有制也。
**【徐注】**合煞留官，或制官存煞，格局以清。然此两造，殊未见佳妙。辛亥一造，煞印并旺而无食伤；
壬子一造，湿木无焰，己土之力，亦嫌薄弱。谓为贵格，殊有未解。
原文
至于化印为劫；弃之以就财官，如赵知府命，",[]
子平真诠,子平真诠-0305,壬子癸卯丙子己亥,丙,NONE,SHAZHONG-SHENQING|ZHONGGUA-2SIDE|WUGEN-YOUFU|JISHUAI-CONGSHENG|GE-QUALITY|YUN-SHENG-ROOT|SHI-ZHU-JI|YONGSHEN-STRUCTURE|YONGSHEN-FINAL,"、此官煞有制也。
**【徐注】**合煞留官，或制官存煞，格局以清。然此两造，殊未见佳妙。辛亥一造，煞印并旺而无食伤；
壬子一造，湿木无焰，己土之力，亦嫌薄弱。谓为贵格，殊有未解。
原文
至于化印为劫；弃之以就财官，如赵知府命，",[]
子平真诠,子平真诠-0306,丙午庚寅丙午癸巳,丙,HEAVY,REN-CAIGUAN|SHISHI-BURUO|HEAVY-ROOT|BIJIE-PARTY|ROOT-STRUCK|ROOT-GAN-PRIORITY|SHI-GUI-LU|ZHONGGUA-2SIDE|JIRUO-WUGEN|JIWANG-HUAIJI|SHIYONG-YUELING-XIANGFU|GE-QUALITY|SHI-ZHU-JI|YONGSHEN-STRUCTURE|YONGSHEN-FINAL|ZHONG-HE,"，则变之又变者矣。
**【徐注】**寅午化印为劫，庚癸财官可用，所惜者财官无根耳。若癸巳易以癸酉或癸亥，运行财官之乡，
前程更远大矣。(林注：此造财官无根，财又被劫，当以从旺格论，以癸水为病，大运辛卯、壬辰、癸巳、",[]
子平真诠,子平真诠-0307,甲午乙未丙申丁酉,丙,HEAVY,REN-CAIGUAN|SHISHI-BURUO|YIN-PARTY|BIJIE-PARTY|ROOT-GAN-PRIORITY|ZHONGGUA-2SIDE|JIWANG-HUAIJI|GE-QING|GE-QUALITY|SHI-ZHU-JI|YONGSHEN-STRUCTURE|YONGSHEN-FINAL|ZHONG-HE,"，一路配合相宜，所以贵至知府。若用财官，所配木火运程，必贫贱无疑。)
原文
更有印透七煞，而劫财以存煞印，亦有贵格，如",[]
子平真诠,子平真诠-0308,庚戌戊子甲戌乙亥,甲,HEAVY,REN-CAIGUAN|SHISHI-BURUO|HEAVY-ROOT|BIJIE-PARTY|ROOT-GAN-PRIORITY|SHI-GUI-LU|ZHONGGUA-2SIDE|JIRUO-WUGEN|JIWANG-HUAIJI|GE-QING|GE-QUALITY|TIANGAN-XINGQING|YONGSHEN-STRUCTURE|YONGSHEN-FINAL|ZHONG-HE,"是也。然此格毕竟难看，宜细详之。
**【徐注】**此造戊戌之土，包围子印，取乙木克制戊土，以存煞印，而戌中更藏丁火食神，非子印所能
夺。乙木更有生火之美，吉神暗藏，有病而有救应，此其所以为贵欤？
白话译文
印绶，即生助日主（自身）的五行，正印与偏印同等重要，因此不必区分偏正，统一归为印绶格来讨论。
印绶格有多种变化形式。其一，印绶格兼透官星——官星不仅生助印绶，本身也可作用神，与用七煞不
同。此时","['身旺', '身强']"
子平真诠,子平真诠-0309,丙寅戊戌辛酉戊子,辛,HEAVY,REN-CAIGUAN|SHISHI-BURUO|HEAVY-ROOT|YIN-PARTY|ROOT-STRUCK|ROOT-GAN-PRIORITY|SHI-GUI-LU|ZHONGGUA-2SIDE|RI-BEI-HE|JIRUO-WUGEN|JIWANG-HUAIJI|GE-QUALITY|YONGSHEN-STRUCTURE|YONGSHEN-FINAL|ZHONG-HE,"己亥 庚子 辛丑 壬寅 癸卯 甲辰
官露印重，官之气尽泄于印，身旺印强，其佳处全在时上子水，泄金之秀，昌当以金水伤官取用也。且其金
水伤官，并不喜见官星，盖生于九月，未届金寒水冷之时，而原局已有丙火暖局，不必再行火运矣。既以金
水伤官为用，自以财及食伤运最利，比劫运亦可行。此造从亥至辰五十五年，一路金水木运，诚不易得也。
原文
若用官而带伤食，运喜官旺印绶之乡，伤食为害，逢煞不忌矣。
**【徐注】",['身旺']
子平真诠,子平真诠-0310,己亥庚子辛丑壬寅,辛,LIGHT,REN-CAIGUAN|SHISHI-BURUO|XIEQI-TAIZHONG|LIGHT-ROOT|YIN-PARTY|BIJIE-PARTY|ROOT-GAN-PRIORITY|ZHONGGUA-2SIDE|JIRUO-WUGEN|JISHUAI-CONGSHENG|GE-QING|GE-QUALITY|SHI-ZHU-JI|YONGSHEN-STRUCTURE|YONGSHEN-FINAL|ZHONG-HE,"癸卯 甲辰
官露印重，官之气尽泄于印，身旺印强，其佳处全在时上子水，泄金之秀，昌当以金水伤官取用也。且其金
水伤官，并不喜见官星，盖生于九月，未届金寒水冷之时，而原局已有丙火暖局，不必再行火运矣。既以金
水伤官为用，自以财及食伤运最利，比劫运亦可行。此造从亥至辰五十五年，一路金水木运，诚不易得也。
原文
若用官而带伤食，运喜官旺印绶之乡，伤食为害，逢煞不忌矣。
**【徐注】**月令印绶，干透官印，",['身旺']
子平真诠,子平真诠-0311,丙戌戊戌辛未壬辰,辛,LIGHT,REN-CAIGUAN|SHISHI-BURUO|XIEQI-TAIZHONG|LIGHT-ROOT|YIN-PARTY|ROOT-STRUCK|ROOT-GAN-PRIORITY|ZHONGGUA-2SIDE|RI-BEI-HE|JIRUO-WUGEN|JISHUAI-CONGSHENG|SHIYONG-YUELING-XIANGFU|GE-QUALITY|SHI-ZHU-JI|YONGSHEN-STRUCTURE|YONGSHEN-FINAL|ZHONG-HE,"己亥 庚子 辛丑 壬寅 癸卯 甲辰
此造与上张造不同之点，张造子水在支，酉金下生，戊不能克，此造伤官透干，为印所制，故不能以泄秀为
用也。官伤并透，以印制伤，兼以护官。用神虽在印，而有土重埋金之惧，故以寅卯甲财运，制印泄伤生官
为美。若印轻则忌财运破印矣。",[]
子平真诠,子平真诠-0312,己亥庚子辛丑壬寅,辛,LIGHT,REN-CAIGUAN|SHISHI-BURUO|XIEQI-TAIZHONG|LIGHT-ROOT|YIN-PARTY|BIJIE-PARTY|ROOT-GAN-PRIORITY|ZHONGGUA-2SIDE|JIRUO-WUGEN|JISHUAI-CONGSHENG|GE-QING|GE-QUALITY|SHI-ZHU-JI|YONGSHEN-STRUCTURE|YONGSHEN-FINAL|ZHONG-HE,"癸卯 甲辰
此造与上张造不同之点，张造子水在支，酉金下生，戊不能克，此造伤官透干，为印所制，故不能以泄秀为
用也。官伤并透，以印制伤，兼以护官。用神虽在印，而有土重埋金之惧，故以寅卯甲财运，制印泄伤生官
为美。若印轻则忌财运破印矣。",[]
子平真诠,子平真诠-0313,乙亥己卯丁酉壬寅,丁,LIGHT,REN-CAIGUAN|SHISHI-BURUO|XIEQI-TAIZHONG|LIGHT-ROOT|YIN-PARTY|ROOT-STRUCK|ROOT-GAN-PRIORITY|WANGCHONG-SHUAI|HE-HUASHEN-DESHI|ZHONGGUA-2SIDE|RI-BEI-HE|JIRUO-WUGEN|JISHUAI-CONGSHENG|GE-QUALITY|TIANGAN-XINGQING|YONGSHEN-STRUCTURE|YONGSHEN-FINAL|ZHONG-HE,"戊寅 丁丑 丙子 乙亥 甲戌 癸酉
此本篇临淮侯命也，亦是用印制食护官，与上制伤相同。所异者食伤运为忌。朱造行食伤运，有印回克，此
造则乙印在年，救护有所不及也。丑运虽会酉化金，而无防碍，盖官星不旺，且与印相隔，财虽旺而不破
印，并解酉之冲为美也。子亥官乡，甲乙印地，均为美运。
原文
印绶而用伤食，财运反吉，伤食亦利，若行官运，反见其灾，煞运则反能为福矣。
**【徐注】**印绶用伤食者，月令印绶，",['身强']
子平真诠,子平真诠-0314,戊寅丁丑丙子乙亥,丙,HEAVY,REN-CAIGUAN|SHISHI-BURUO|XIEQI-TAIZHONG|HEAVY-ROOT|YIN-PARTY|BIJIE-PARTY|ROOT-STRUCK|ROOT-GAN-PRIORITY|ZHONGGUA-2SIDE|JIRUO-WUGEN|JIWANG-HUAIJI|JISHUAI-CONGSHENG|GE-QING|GE-QUALITY|SHI-ZHU-JI|YONGSHEN-STRUCTURE|YONGSHEN-FINAL|ZHONG-HE,"甲戌 癸酉
此本篇临淮侯命也，亦是用印制食护官，与上制伤相同。所异者食伤运为忌。朱造行食伤运，有印回克，此
造则乙印在年，救护有所不及也。丑运虽会酉化金，而无防碍，盖官星不旺，且与印相隔，财虽旺而不破
印，并解酉之冲为美也。子亥官乡，甲乙印地，均为美运。
原文
印绶而用伤食，财运反吉，伤食亦利，若行官运，反见其灾，煞运则反能为福矣。
**【徐注】**印绶用伤食者，月令印绶，而干头伤官神并透也。身强",['身强']
子平真诠,子平真诠-0315,戊戌乙卯丙午己亥,丙,HEAVY,REN-CAIGUAN|SHISHI-BURUO|XIEQI-TAIZHONG|HEAVY-ROOT|YIN-PARTY|ROOT-STRUCK|ROOT-GAN-PRIORITY|ZHONGGUA-2SIDE|JIRUO-WUGEN|JIWANG-HUAIJI|JISHUAI-CONGSHENG|GE-QING|GE-QUALITY|SHI-ZHU-JI|YONGSHEN-STRUCTURE|YONGSHEN-FINAL|ZHONG-HE,"丙辰 丁巳 戊午 己未 庚申 辛酉
丙火坐刃，乙卯印星专旺，戊己食伤并透，是以食伤为 用也，故食伤财运均吉。官运反见其灾者，以癸能
合戊化劫也。煞运反能为福者，火木印绶，火旺木焦，与木火伤官喜印相似，喜壬水滋润也。用食伤者，不
忌比劫，而此造则忌比劫，盖火太旺，则土焦木焚耳。此八字取运所以各个不同也。
原文
印用七煞，运喜伤食，身旺之方，亦为美地，一见财乡，其凶立至。
**【徐注】**以印化煞，与",['身旺']
子平真诠,子平真诠-0316,丙辰丁巳戊午己未,戊,HEAVY,REN-CAIGUAN|SHISHI-BURUO|HEAVY-ROOT|YIN-PARTY|BIJIE-PARTY|ROOT-GAN-PRIORITY|SHI-GUI-LU|ZHONGGUA-2SIDE|JIWANG-HUAIJI|GE-QING|GE-QUALITY|SHI-ZHU-JI|YONGSHEN-STRUCTURE|YONGSHEN-FINAL|ZHONG-HE,"庚申 辛酉
丙火坐刃，乙卯印星专旺，戊己食伤并透，是以食伤为 用也，故食伤财运均吉。官运反见其灾者，以癸能
合戊化劫也。煞运反能为福者，火木印绶，火旺木焦，与木火伤官喜印相似，喜壬水滋润也。用食伤者，不
忌比劫，而此造则忌比劫，盖火太旺，则土焦木焚耳。此八字取运所以各个不同也。
原文
印用七煞，运喜伤食，身旺之方，亦为美地，一见财乡，其凶立至。
**【徐注】**以印化煞，与上张参政造以印代官，微有",['身旺']
子平真诠,子平真诠-0317,己巳癸酉癸未庚申,癸,NONE,SHISHI-BURUO|SHAZHONG-SHENQING|YIN-PARTY|BIJIE-PARTY|ZHONGGUA-2SIDE|WUGEN-YOUFU|JISHUAI-CONGSHENG|GE-QING|GE-QUALITY|YUN-SHENG-ROOT|SHI-ZHU-JI|TIANGAN-XINGQING|YONGSHEN-STRUCTURE|YONGSHEN-FINAL|ZHONG-HE,"壬申 辛未 庚午 己巳 戊辰 丁卯
原局印重，己土七煞透出，乃以印化煞为用也。身弱见煞，最惧克泄交加。然如此造，庚印透干，见水有土
回克，不泄日元而有制煞之效，故为最宜。若见财则党煞破印，全局尽破矣。官煞运有印引化，反不为忌，
而独忌财也。若原局有财，又当别论。参观论印篇。
上造为身弱印旺化煞也。(林注：此造秋水通源，印比贴身，何以为身弱？当以身强可任财官论。用土喜
火，辛未运后一路火土，故贵。徐","['身弱', '身强']"
子平真诠,子平真诠-0318,壬申辛未庚午己巳,庚,HEAVY,REN-CAIGUAN|SHISHI-BURUO|XIEQI-TAIZHONG|HEAVY-ROOT|YIN-PARTY|BIJIE-PARTY|ROOT-STRUCK|ROOT-GAN-PRIORITY|SHI-GUI-LU|ZHONGGUA-2SIDE|JIRUO-WUGEN|JIWANG-HUAIJI|JISHUAI-CONGSHENG|GE-QING|GE-QUALITY|SHI-ZHU-JI|YONGSHEN-STRUCTURE|YONGSHEN-FINAL|ZHONG-HE,"戊辰 丁卯
原局印重，己土七煞透出，乃以印化煞为用也。身弱见煞，最惧克泄交加。然如此造，庚印透干，见水有土
回克，不泄日元而有制煞之效，故为最宜。若见财则党煞破印，全局尽破矣。官煞运有印引化，反不为忌，
而独忌财也。若原局有财，又当别论。参观论印篇。
上造为身弱印旺化煞也。(林注：此造秋水通源，印比贴身，何以为身弱？当以身强可任财官论。用土喜
火，辛未运后一路火土，故贵。徐氏只为充实著作，妄取例证","['身弱', '身强']"
子平真诠,子平真诠-0319,壬寅戊申壬辰壬寅,壬,HEAVY,REN-CAIGUAN|SHISHI-BURUO|HEAVY-ROOT|BIJIE-PARTY|ROOT-STRUCK|ROOT-GAN-PRIORITY|WANGCHONG-SHUAI|ZHONGGUA-2SIDE|JIRUO-WUGEN|JIWANG-HUAIJI|SHIYONG-YUELING-XIANGFU|GE-QUALITY|SHI-ZHU-JI|YONGSHEN-STRUCTURE|YONGSHEN-FINAL|ZHONG-HE,"己酉 庚戌 辛亥 壬子 癸丑 甲寅
壬水通源，申辰拱合，水土相战，以申金通关为用，其枢纽全在于印。日元本旺，行伤食运泄其秀气，自为
所喜。如原局有食伤，运行比劫身旺之方，亦无所碍，独财破印，不但生煞为忌，而断其枢纽，伤克用神为
最忌。反之如子运，申子辰会齐水局，化印为劫，以印不破，反无关系也。
原文
若用煞而兼带伤食，运喜身旺印绶之方，伤食亦美，逢官遇财，皆不吉也。
**【徐注】**用煞兼带伤食，",['身旺']
子平真诠,子平真诠-0320,己酉庚戌辛亥壬子,辛,HEAVY,REN-CAIGUAN|SHISHI-BURUO|XIEQI-TAIZHONG|HEAVY-ROOT|YIN-PARTY|BIJIE-PARTY|ROOT-STRUCK|ROOT-GAN-PRIORITY|SHI-GUI-LU|ZHONGGUA-2SIDE|JIRUO-WUGEN|JIWANG-HUAIJI|JISHUAI-CONGSHENG|GE-QUALITY|YONGSHEN-STRUCTURE|YONGSHEN-FINAL|ZHONG-HE,"癸丑 甲寅
壬水通源，申辰拱合，水土相战，以申金通关为用，其枢纽全在于印。日元本旺，行伤食运泄其秀气，自为
所喜。如原局有食伤，运行比劫身旺之方，亦无所碍，独财破印，不但生煞为忌，而断其枢纽，伤克用神为
最忌。反之如子运，申子辰会齐水局，化印为劫，以印不破，反无关系也。
原文
若用煞而兼带伤食，运喜身旺印绶之方，伤食亦美，逢官遇财，皆不吉也。
**【徐注】**用煞兼带伤食，与上用官不同。用官者以印",['身旺']
子平真诠,子平真诠-0321,乙丑辛巳己巳庚午,己,HEAVY,REN-CAIGUAN|XIEQI-TAIZHONG|HEAVY-ROOT|ROOT-STRUCK|ROOT-GAN-PRIORITY|SHI-GUI-LU|ZHONGGUA-2SIDE|JIRUO-WUGEN|JIWANG-HUAIJI|JISHUAI-CONGSHENG|GE-QUALITY|TIANGAN-XINGQING|YONGSHEN-STRUCTURE|YONGSHEN-FINAL|ZHONG-HE,"庚辰 己卯 戊寅 丁丑 丙子 乙亥
乙木无根，己丑相会，庚辛并见，七煞孤单无助，不能为用；克泄并见，藉印通关，是以印为用也，故以身
旺印绶为喜。庚金泄秀，食伤自为美运；逢甲为官，合己混煞为嫌，故非吉运。原局火土亢燥，遇水则逆其
性，故亦不吉。此乃偏枯之造，不可以为例，所喜者乙丑、己巳、庚午同出一旬耳。
原文
印绶遇财，运喜劫地，官印亦亨，财乡则忌。
**【徐注】**月令印绶而遇财，其中宜忌大有分别",[]
子平真诠,子平真诠-0322,庚辰己卯戊寅丁丑,戊,HEAVY,REN-CAIGUAN|SHISHI-BURUO|XIEQI-TAIZHONG|HEAVY-ROOT|YIN-PARTY|BIJIE-PARTY|ROOT-STRUCK|ROOT-GAN-PRIORITY|SHI-GUI-LU|ZHONGGUA-2SIDE|JIRUO-WUGEN|JISHUAI-CONGSHENG|GE-QUALITY|SHI-ZHU-JI|YONGSHEN-STRUCTURE|YONGSHEN-FINAL|ZHONG-HE,"丙子 乙亥
乙木无根，己丑相会，庚辛并见，七煞孤单无助，不能为用；克泄并见，藉印通关，是以印为用也，故以身
旺印绶为喜。庚金泄秀，食伤自为美运；逢甲为官，合己混煞为嫌，故非吉运。原局火土亢燥，遇水则逆其
性，故亦不吉。此乃偏枯之造，不可以为例，所喜者乙丑、己巳、庚午同出一旬耳。
原文
印绶遇财，运喜劫地，官印亦亨，财乡则忌。
**【徐注】**月令印绶而遇财，其中宜忌大有分别。如印轻财重，则为贪财坏",[]
子平真诠,子平真诠-0323,辛酉丙申壬申辛亥,壬,HEAVY,REN-CAIGUAN|SHISHI-BURUO|HEAVY-ROOT|YIN-PARTY|ROOT-STRUCK|ROOT-GAN-PRIORITY|SHI-GUI-LU|ZHONGGUA-2SIDE|JIRUO-WUGEN|JIWANG-HUAIJI|SHIYONG-YUELING-XIANGFU|GE-QUALITY|CAI-RUO-SHEN-QIANG|YONGSHEN-STRUCTURE|YONGSHEN-FINAL|ZHONG-HE,"乙未 甲午 癸巳 壬辰 辛卯 庚寅
财轻印重，必须行财地，及食伤生财之地，方为美耳。初运乙未甲午，木火相连癸巳水不通根，丙火得禄，
均为美运。壬辰十年，即不死必有大起倒，过此之后辛卯庚寅，东方木地，金不通根，又可重起矣。运喜劫
地忌财者，如下列某富翁子命造：",[]
子平真诠,子平真诠-0324,乙未甲午癸巳壬辰,癸,LIGHT,REN-CAIGUAN|SHISHI-BURUO|XIEQI-TAIZHONG|LIGHT-ROOT|BIJIE-PARTY|ROOT-GAN-PRIORITY|SHI-GUI-LU|ZHONGGUA-2SIDE|JIRUO-WUGEN|JISHUAI-CONGSHENG|GE-QING|GE-QUALITY|SHI-ZHU-JI|TIANGAN-XINGQING|YONGSHEN-STRUCTURE|YONGSHEN-FINAL|ZHONG-HE,"辛卯 庚寅
财轻印重，必须行财地，及食伤生财之地，方为美耳。初运乙未甲午，木火相连癸巳水不通根，丙火得禄，
均为美运。壬辰十年，即不死必有大起倒，过此之后辛卯庚寅，东方木地，金不通根，又可重起矣。运喜劫
地忌财者，如下列某富翁子命造：",[]
子平真诠,子平真诠-0325,庚申丙寅丙申乙未,丙,HEAVY,REN-CAIGUAN|SHISHI-BURUO|HEAVY-ROOT|YIN-PARTY|BIJIE-PARTY|ROOT-STRUCK|ROOT-GAN-PRIORITY|WANGCHONG-SHUAI|SHI-GUI-LU|ZHONGGUA-2SIDE|JIRUO-WUGEN|JIWANG-HUAIJI|GE-QUALITY|YONGSHEN-STRUCTURE|YONGSHEN-FINAL|ZHONG-HE,"丁卯 戊辰 己巳 庚午 辛未 壬申
用印而财食并透，财重印轻，乙庚一合，贪财坏印。运仅己卯印十年为美，一至庚辰辛巳，恐不易度也。身
弱用印而喜官运者，以财印相战，喜官煞通其气也。见论财篇财佩印节。
(林注：不知所云。)
原文
印格而官煞竞透，运喜食神伤官，印旺身旺，行之亦利。若再透官煞，行财运，立见其灾矣。
**【徐注】**印格而官煞竞出者，以印化官煞也。然须察其地位次序，是否能化，如能化，则与用",['身旺']
子平真诠,子平真诠-0326,丁卯戊辰己巳庚午,己,HEAVY,REN-CAIGUAN|DESHI-BUWANG|XIEQI-TAIZHONG|HEAVY-ROOT|YIN-PARTY|BIJIE-PARTY|ROOT-STRUCK|ROOT-GAN-PRIORITY|SHI-GUI-LU|ZHONGGUA-2SIDE|JIRUO-WUGEN|JIWANG-HUAIJI|GE-QUALITY|WANGJI-SIWO-SHENG|TIANGAN-XINGQING|YONGSHEN-STRUCTURE|YONGSHEN-FINAL|ZHONG-HE,"辛未 壬申
用印而财食并透，财重印轻，乙庚一合，贪财坏印。运仅己卯印十年为美，一至庚辰辛巳，恐不易度也。身
弱用印而喜官运者，以财印相战，喜官煞通其气也。见论财篇财佩印节。
(林注：不知所云。)
原文
印格而官煞竞透，运喜食神伤官，印旺身旺，行之亦利。若再透官煞，行财运，立见其灾矣。
**【徐注】**印格而官煞竞出者，以印化官煞也。然须察其地位次序，是否能化，如能化，则与用煞兼带伤
食相同。以印通",['身旺']
子平真诠,子平真诠-0327,辛亥庚子甲辰乙亥,甲,HEAVY,REN-CAIGUAN|SHISHI-BURUO|HEAVY-ROOT|BIJIE-PARTY|ROOT-STRUCK|ROOT-GAN-PRIORITY|SHI-GUI-LU|ZHONGGUA-2SIDE|JIRUO-WUGEN|JIWANG-HUAIJI|GE-QUALITY|TIANGAN-XINGQING|YONGSHEN-STRUCTURE|YONGSHEN-FINAL|ZHONG-HE,"己亥 戊戌 丁酉 丙申 乙未 甲午
虽云乙庚合煞留官，然无关系，完全以印为用也。官煞之气，已泄于印，食伤运泄日元之秀，气势流通不
滞，自为美运，非取其制官煞也。身印旺地均利，印如透干，再见官煞运，亦无大碍，唯断不能行财运耳。
如此造戊戌十年，必有风波也。
(林注：此造冬水得金生而旺极，应作水泛木浮论，用神取土制水、木泄水、火调候。局内喜用全无，只是
偏枯贫贱之人而已。取印为用，可笑之至。)",['旺极']
子平真诠,子平真诠-0328,己亥戊戌丁酉丙申,丁,LIGHT,REN-CAIGUAN|SHISHI-BURUO|XIEQI-TAIZHONG|LIGHT-ROOT|BIJIE-PARTY|ROOT-STRUCK|ROOT-GAN-PRIORITY|ZHONGGUA-2SIDE|JIRUO-WUGEN|JISHUAI-CONGSHENG|SHIYONG-YUELING-XIANGFU|GE-QUALITY|SHI-ZHU-JI|TIANGAN-XINGQING|YONGSHEN-STRUCTURE|YONGSHEN-FINAL|ZHONG-HE,"乙未 甲午
虽云乙庚合煞留官，然无关系，完全以印为用也。官煞之气，已泄于印，食伤运泄日元之秀，气势流通不
滞，自为美运，非取其制官煞也。身印旺地均利，印如透干，再见官煞运，亦无大碍，唯断不能行财运耳。
如此造戊戌十年，必有风波也。
(林注：此造冬水得金生而旺极，应作水泛木浮论，用神取土制水、木泄水、火调候。局内喜用全无，只是
偏枯贫贱之人而已。取印为用，可笑之至。)",['旺极']
子平真诠,子平真诠-0329,壬子癸卯丙子己亥,丙,NONE,SHAZHONG-SHENQING|ZHONGGUA-2SIDE|WUGEN-YOUFU|JISHUAI-CONGSHENG|GE-QUALITY|YUN-SHENG-ROOT|SHI-ZHU-JI|YONGSHEN-STRUCTURE|YONGSHEN-FINAL,"甲辰 乙巳 丙午 丁未 戊申 己酉
丙火无根，湿木无焰，己土微弱，岂能制冲奔之水？所谓土能制水，水多土荡也(见论五行生克节)。但丙火
阳刚之性，有印为根，即不能从，仍当以印为用。所喜者丙午丁未二十年火运耳。戊己制煞之运，但土不通
根而水得地，不美。若再见官煞财运，立见其灾矣。
原文
印用食伤，印轻者亦不利见财也。
**【徐注】**印轻不利见财，则印重不忌见财可知。如本篇牛监薄命：",[]
子平真诠,子平真诠-0330,甲辰乙巳丙午丁未,丙,HEAVY,REN-CAIGUAN|HEAVY-ROOT|YIN-PARTY|BIJIE-PARTY|ROOT-GAN-PRIORITY|SHI-GUI-LU|ZHONGGUA-2SIDE|JIWANG-HUAIJI|GE-QING|GE-QUALITY|YONGSHEN-STRUCTURE|YONGSHEN-FINAL|ZHONG-HE,"戊申 己酉
丙火无根，湿木无焰，己土微弱，岂能制冲奔之水？所谓土能制水，水多土荡也(见论五行生克节)。但丙火
阳刚之性，有印为根，即不能从，仍当以印为用。所喜者丙午丁未二十年火运耳。戊己制煞之运，但土不通
根而水得地，不美。若再见官煞财运，立见其灾矣。
原文
印用食伤，印轻者亦不利见财也。
**【徐注】**印轻不利见财，则印重不忌见财可知。如本篇牛监薄命：",[]
子平真诠,子平真诠-0331,庚寅乙酉癸亥丙辰,癸,HEAVY,REN-CAIGUAN|SHISHI-BURUO|XIEQI-TAIZHONG|YIN-PARTY|ROOT-STRUCK|ROOT-GAN-PRIORITY|HE-HUASHEN-DESHI|SHI-GUI-LU|ZHONGGUA-2SIDE|JIRUO-WUGEN|JIWANG-HUAIJI|JISHUAI-CONGSHENG|GE-QING|GE-QUALITY|SHI-ZHU-JI|TIANGAN-XINGQING|YONGSHEN-STRUCTURE|YONGSHEN-FINAL|ZHONG-HE,"丙戌 丁亥 戊子 己丑 庚寅 辛卯
乙庚合而不化(参观十干配合性情节)，身强印旺，当以食神生财为用。盖以财为用者，除财损印外，必当以
食伤为引也。如此造以食为引，故亥子丑身旺之地可行，庚辛印、寅卯食伤均吉。戊己官煞，未见其美矣。","['身旺', '身强']"
子平真诠,子平真诠-0332,丙戌丁亥戊子己丑,戊,HEAVY,REN-CAIGUAN|SHISHI-BURUO|HEAVY-ROOT|YIN-PARTY|BIJIE-PARTY|ROOT-GAN-PRIORITY|SHI-GUI-LU|ZHONGGUA-2SIDE|GE-QING|GE-QUALITY|SHI-ZHU-JI|YONGSHEN-STRUCTURE|YONGSHEN-FINAL|ZHONG-HE,"庚寅 辛卯
乙庚合而不化(参观十干配合性情节)，身强印旺，当以食神生财为用。盖以财为用者，除财损印外，必当以
食伤为引也。如此造以食为引，故亥子丑身旺之地可行，庚辛印、寅卯食伤均吉。戊己官煞，未见其美矣。","['身旺', '身强']"
子平真诠,子平真诠-0333,己未甲戌辛未癸巳,辛,LIGHT,REN-CAIGUAN|SHISHI-BURUO|LIGHT-ROOT|YIN-PARTY|ROOT-STRUCK|ROOT-GAN-PRIORITY|HE-HUASHEN-DESHI|ZHONGGUA-2SIDE|JIRUO-WUGEN|SHIYONG-YUELING-XIANGFU|GE-QING|GE-QUALITY|SHI-ZHU-JI|YONGSHEN-STRUCTURE|YONGSHEN-FINAL|ZHONG-HE,"癸酉 壬申 辛未 庚午 己巳 戊辰
引本篇所谓合财存食为贵者，然细按之，殊未尽然。盖印太旺，土重埋金，甲己一合，制印以存食，使癸水
用神不伤，所以为贵也。癸酉壬申二十年，金水相生，最为美利，辛未庚午亦尚可行。午运之后，官印旺
地，土重埋金，用神伤尽，难以继矣。",[]
子平真诠,子平真诠-0334,癸酉壬申辛未庚午,辛,HEAVY,REN-CAIGUAN|DESHI-BUWANG|XIEQI-TAIZHONG|HEAVY-ROOT|BIJIE-PARTY|ROOT-GAN-PRIORITY|ZHONGGUA-2SIDE|JIWANG-HUAIJI|GE-QING|GE-QUALITY|WANGJI-SIWO-SHENG|SHI-ZHU-JI|YONGSHEN-STRUCTURE|YONGSHEN-FINAL|ZHONG-HE,"己巳 戊辰
引本篇所谓合财存食为贵者，然细按之，殊未尽然。盖印太旺，土重埋金，甲己一合，制印以存食，使癸水
用神不伤，所以为贵也。癸酉壬申二十年，金水相生，最为美利，辛未庚午亦尚可行。午运之后，官印旺
地，土重埋金，用神伤尽，难以继矣。",[]
子平真诠,子平真诠-0335,庚戌戊子甲戌乙亥,甲,HEAVY,REN-CAIGUAN|SHISHI-BURUO|HEAVY-ROOT|BIJIE-PARTY|ROOT-GAN-PRIORITY|SHI-GUI-LU|ZHONGGUA-2SIDE|JIRUO-WUGEN|JIWANG-HUAIJI|GE-QING|GE-QUALITY|TIANGAN-XINGQING|YONGSHEN-STRUCTURE|YONGSHEN-FINAL|ZHONG-HE,"己丑 庚寅 辛卯 壬辰 癸巳 甲午
此造财旺，煞印均弱，取乙木制戊土，以存煞印，盖财为病，劫为药也。仍以印化煞取用，唯忌财地，余均
可行，所谓印轻不宜见财也，更喜丁火藏库，气势不寒，有病有药，中和之造也。",['中和']
子平真诠,子平真诠-0336,己丑庚寅辛卯壬辰,辛,LIGHT,REN-CAIGUAN|SHISHI-BURUO|XIEQI-TAIZHONG|LIGHT-ROOT|YIN-PARTY|BIJIE-PARTY|ROOT-STRUCK|ROOT-GAN-PRIORITY|ZHONGGUA-2SIDE|JIRUO-WUGEN|JISHUAI-CONGSHENG|SHIYONG-YUELING-XIANGFU|GE-QUALITY|SHI-ZHU-JI|YONGSHEN-STRUCTURE|YONGSHEN-FINAL|ZHONG-HE,"癸巳 甲午
此造财旺，煞印均弱，取乙木制戊土，以存煞印，盖财为病，劫为药也。仍以印化煞取用，唯忌财地，余均
可行，所谓印轻不宜见财也，更喜丁火藏库，气势不寒，有病有药，中和之造也。",['中和']
子平真诠,子平真诠-0337,丙午庚寅丙午癸巳,丙,HEAVY,REN-CAIGUAN|SHISHI-BURUO|HEAVY-ROOT|BIJIE-PARTY|ROOT-STRUCK|ROOT-GAN-PRIORITY|SHI-GUI-LU|ZHONGGUA-2SIDE|JIRUO-WUGEN|JIWANG-HUAIJI|SHIYONG-YUELING-XIANGFU|GE-QUALITY|SHI-ZHU-JI|YONGSHEN-STRUCTURE|YONGSHEN-FINAL|ZHONG-HE,"辛卯 壬辰 癸巳 甲午 乙未 丙申
此本篇赵知府造。寅午一合，印化为劫，不以印论，用庚金之财，生癸水之官，不易之法。唯财官太轻，喜
行金水旺地。壬辰癸十五年最美，丙午日元坐刃，壬运七煞助制刃，不以为忌也。巳运之后，一路木火之
地，恐难行矣。
(林注：此造财官无根，财又被劫，当以从旺格论，以癸水为病，大运",[]
子平真诠,子平真诠-0338,辛卯壬辰癸巳甲午,癸,LIGHT,REN-CAIGUAN|SHISHI-BURUO|XIEQI-TAIZHONG|LIGHT-ROOT|YIN-PARTY|BIJIE-PARTY|ROOT-STRUCK|ROOT-GAN-PRIORITY|ZHONGGUA-2SIDE|JIRUO-WUGEN|JISHUAI-CONGSHENG|GE-QUALITY|SHI-ZHU-JI|TIANGAN-XINGQING|YONGSHEN-STRUCTURE|YONGSHEN-FINAL|ZHONG-HE,"乙未 丙申
此本篇赵知府造。寅午一合，印化为劫，不以印论，用庚金之财，生癸水之官，不易之法。唯财官太轻，喜
行金水旺地。壬辰癸十五年最美，丙午日元坐刃，壬运七煞助制刃，不以为忌也。巳运之后，一路木火之
地，恐难行矣。
(林注：此造财官无根，财又被劫，当以从旺格论，以癸水为病，大运",[]
子平真诠,子平真诠-0339,辛卯壬辰癸巳甲午,癸,LIGHT,REN-CAIGUAN|SHISHI-BURUO|XIEQI-TAIZHONG|LIGHT-ROOT|YIN-PARTY|BIJIE-PARTY|ROOT-STRUCK|ROOT-GAN-PRIORITY|ZHONGGUA-2SIDE|JIRUO-WUGEN|JISHUAI-CONGSHENG|GE-QUALITY|SHI-ZHU-JI|TIANGAN-XINGQING|YONGSHEN-STRUCTURE|YONGSHEN-FINAL|ZHONG-HE,"、乙未、丙
申、丁酉，一路配合相宜，所以贵至知府。若用财官，所配木火运程，必贫贱无疑。
白话译文
印绶格的取运原则，须先看格局如何成局，再据此配运。
若官星透出而印星过重，官气全被印星泄尽，官印皆难为用，须另立用神。张参政命例以金水伤官格取
用，行财运与食伤运最利，比劫运亦可，火运则无须再行。
若官星透出又带食伤，则以印制伤护官为用神，喜行官旺、印旺之地；食伤运为害，但遇七杀不必忧虑
（因杀可合食","['身旺', '身强']"
子平真诠,子平真诠-0340,丁未癸卯癸亥癸丑,癸,HEAVY,REN-CAIGUAN|SHISHI-BURUO|HEAVY-ROOT|BIJIE-PARTY|ROOT-STRUCK|ROOT-GAN-PRIORITY|SHI-GUI-LU|ZHONGGUA-2SIDE|JIRUO-WUGEN|JIWANG-HUAIJI|GE-QUALITY|SHI-ZHU-JI|TIANGAN-XINGQING|YONGSHEN-STRUCTURE|YONGSHEN-FINAL|ZHONG-HE,"，梁丞相之命是也；
己未 壬申 戊子 庚申，谢阁老之命是也。
**【徐注】**食神者，财之根也，日元旺盛者，气势要安顿。菁英喜其流露，若旺而无泄，及身而止，必非
美造。梁丞相造，癸水日元旺，亥卯未食神合局，透起丁火。谢阁老造，庚金食神秉令，子申财星合局。两
造皆清纯之极，宜为大贵之征，福寿兼全之造也。
原文
藏食露伤，主人性刚，如",[]
子平真诠,子平真诠-0341,己未壬申戊子庚申,戊,HEAVY,REN-CAIGUAN|SHISHI-BURUO|XIEQI-TAIZHONG|HEAVY-ROOT|BIJIE-PARTY|ROOT-STRUCK|ROOT-GAN-PRIORITY|SHI-GUI-LU|ZHONGGUA-2SIDE|JIRUO-WUGEN|JIWANG-HUAIJI|JISHUAI-CONGSHENG|SHIYONG-YUELING-XIANGFU|GE-QUALITY|SHI-ZHU-JI|YONGSHEN-STRUCTURE|YONGSHEN-FINAL|ZHONG-HE,"，谢阁老之命是也。
**【徐注】**食神者，财之根也，日元旺盛者，气势要安顿。菁英喜其流露，若旺而无泄，及身而止，必非
美造。梁丞相造，癸水日元旺，亥卯未食神合局，透起丁火。谢阁老造，庚金食神秉令，子申财星合局。两
造皆清纯之极，宜为大贵之征，福寿兼全之造也。
原文
藏食露伤，主人性刚，如",[]
子平真诠,子平真诠-0342,丁亥癸卯癸卯甲寅,癸,HEAVY,REN-CAIGUAN|SHISHI-BURUO|XIEQI-TAIZHONG|BIJIE-PARTY|ROOT-STRUCK|ROOT-GAN-PRIORITY|ZHONGGUA-2SIDE|JIRUO-WUGEN|JIWANG-HUAIJI|JISHUAI-CONGSHENG|GE-QING|GE-QUALITY|SHI-ZHU-JI|TIANGAN-XINGQING|YONGSHEN-STRUCTURE|YONGSHEN-FINAL|ZHONG-HE,，沈路分命是也。偏正叠出，富贵不巨，如,[]
子平真诠,子平真诠-0343,甲午丁卯癸丑丙辰,癸,LIGHT,REN-CAIGUAN|XIEQI-TAIZHONG|LIGHT-ROOT|ROOT-STRUCK|ROOT-GAN-PRIORITY|SHI-GUI-LU|ZHONGGUA-2SIDE|JIRUO-WUGEN|JISHUAI-CONGSHENG|SHIYONG-YUELING-XIANGFU|GE-QUALITY|SHI-ZHU-JI|TIANGAN-XINGQING|YONGSHEN-STRUCTURE|YONGSHEN-FINAL|ZHONG-HE,"，龚知县命是也。
**【徐注】**五行干支，以阴阳配事为啧，财官印是也。我生则以同类为顺，食神是也。顺则有情，逆则力
猛。至于人性情之刚柔，须视四柱之配合，不必在藏露上分别(详见《滴天髓》论性情节)。如沈路分造，癸
水虽通根，而地支寅亥两合，伤官太旺，发泄似嫌逾量；龚知县造，癸水虽通根辰丑，究嫌不旺，发福亦不
能巨。大抵食伤为用，主人性质聪明，盖菁华发越，秀气流露，自然有此征验。又四柱全阳，主人性",[]
子平真诠,子平真诠-0344,己未己巳甲寅丙寅,甲,HEAVY,REN-CAIGUAN|XIEQI-TAIZHONG|HEAVY-ROOT|ROOT-STRUCK|ROOT-GAN-PRIORITY|SHI-GUI-LU|ZHONGGUA-2SIDE|RI-BEI-HE|JIRUO-WUGEN|JIWANG-HUAIJI|JISHUAI-CONGSHENG|SHIYONG-YUELING-XIANGFU|GE-QUALITY|SHI-ZHU-JI|TIANGAN-XINGQING|YONGSHEN-STRUCTURE|YONGSHEN-FINAL|ZHONG-HE,"，黄都督之命是也。
**【徐注】**夏木用财，火炎土燥，必须带印，虽未必为用，而取以调候，为不可缺少之物。黄都督造，幸
甲寅坐禄通根，参天之势已成，然究嫌偏枯，非中和之道，故贵而就武也。
原文
若不用财而就煞印，最为威权显赫。如",['中和']
子平真诠,子平真诠-0345,辛卯辛卯癸酉己未,癸,LIGHT,REN-CAIGUAN|SHISHI-BURUO|LIGHT-ROOT|YIN-PARTY|ROOT-STRUCK|ROOT-GAN-PRIORITY|WANGCHONG-SHUAI|ZHONGGUA-2SIDE|JIRUO-WUGEN|SHIYONG-YUELING-XIANGFU|GE-QUALITY|SHI-ZHU-JI|TIANGAN-XINGQING|YONGSHEN-STRUCTURE|YONGSHEN-FINAL|ZHONG-HE,，常国公命是也。若无印绶而单露偏官，只要无财，亦为贵格，如,[]
子平真诠,子平真诠-0346,戊戌壬戌丙子戊戌,丙,LIGHT,REN-CAIGUAN|XIEQI-TAIZHONG|LIGHT-ROOT|ROOT-GAN-PRIORITY|SHI-GUI-LU|ZHONGGUA-2SIDE|JIRUO-WUGEN|JISHUAI-CONGSHENG|SHIYONG-YUELING-XIANGFU|GE-QING|GE-QUALITY|SHI-ZHU-JI|YONGSHEN-STRUCTURE|YONGSHEN-FINAL|ZHONG-HE,"，胡会元命是也。
**【徐注】**不用财为不用食之误。常国公造乙木虽为月令，而两卯为两辛所制，食被枭夺，不能用矣。以
印化煞为用，煞主威权，格局清纯，故主显赫。胡会元造，殊未见佳。日元虽通根于戌，不得为旺，戊土重
重，制煞太过。最要之物为印，去戊土之太过，泄壬水而生丙火。四柱缺此紧要之神，岂得为贵？财早能泄
土之气，而日元不旺，嫌财党煞，故决不能见财也。幸所行之运，中年后之运，为丙寅丁卯，木火印比",[]
子平真诠,子平真诠-0347,丁亥壬子辛巳丁酉,辛,HEAVY,REN-CAIGUAN|XIEQI-TAIZHONG|HEAVY-ROOT|ROOT-STRUCK|ROOT-GAN-PRIORITY|WANGCHONG-SHUAI|SHI-GUI-LU|ZHONGGUA-2SIDE|JIRUO-WUGEN|JIWANG-HUAIJI|JISHUAI-CONGSHENG|GE-QUALITY|YONGSHEN-STRUCTURE|YONGSHEN-FINAL|ZHONG-HE,，舒尚书命是也。至于食神忌印，夏火太炎而木焦，透印不碍，如,[]
子平真诠,子平真诠-0348,丙午癸巳甲子丙寅,甲,HEAVY,REN-CAIGUAN|SHISHI-BURUO|XIEQI-TAIZHONG|HEAVY-ROOT|YIN-PARTY|ROOT-STRUCK|ROOT-GAN-PRIORITY|WANGCHONG-SHUAI|SHI-GUI-LU|ZHONGGUA-2SIDE|JIRUO-WUGEN|JIWANG-HUAIJI|JISHUAI-CONGSHENG|SHIYONG-YUELING-XIANGFU|GE-QUALITY|SHI-ZHU-JI|TIANGAN-XINGQING|YONGSHEN-STRUCTURE|YONGSHEN-FINAL|ZHONG-HE,"，钱参政命是也。食神忌官，金水不忌，即金水伤官可见官之谓。
**【徐注】**取用神之法，以扶抑为正轨，所谓弱者扶之，强者抑之是也。除扶抑之外，调和气候，亦为重
要取用之一法(见论用神篇)。盖夏木火炎木焦，冬金水冷金寒，必须有以调和之，即以调和之神为用也。如
舒尚书造，金水伤官，喜见官煞；钱参政造，木火伤官，喜见印绶。皆以调候取用也。
原文
至若单用食神，作食神有气，有财运则富，无财运则贫。
**【",[]
子平真诠,子平真诠-0349,戊戌辛酉戊戌辛酉,戊,LIGHT,REN-CAIGUAN|SHISHI-BURUO|XIEQI-TAIZHONG|LIGHT-ROOT|BIJIE-PARTY|ROOT-STRUCK|ROOT-GAN-PRIORITY|ZHONGGUA-2SIDE|JISHUAI-CONGSHENG|SHIYONG-YUELING-XIANGFU|GE-QUALITY|YONGSHEN-STRUCTURE|YONGSHEN-FINAL|ZHONG-HE,"，两神成象，旺而且清，行财运富贵何碍？
原文
更有印来夺食，透财以解，亦有富贵，须就其全局之势而断之。至于食神而官煞竞出，亦可成局，但不甚贵
耳。
**【徐注】**此以病药取用也。日元旺，喜食伤之泄，印来夺食，是印为病也；财破印以解，以财为药也。
富贵与否，须看财星能否解救。如",[]
子平真诠,子平真诠-0350,己亥丙寅甲寅壬申,甲,HEAVY,REN-CAIGUAN|DESHI-BUWANG|XIEQI-TAIZHONG|HEAVY-ROOT|YIN-PARTY|ROOT-STRUCK|ROOT-GAN-PRIORITY|WANGCHONG-SHUAI|ZHONGGUA-2SIDE|RI-BEI-HE|JIRUO-WUGEN|JIWANG-HUAIJI|SHIYONG-YUELING-XIANGFU|GE-QUALITY|WANGJI-SIWO-SHENG|SHI-ZHU-JI|TIANGAN-XINGQING|YONGSHEN-STRUCTURE|YONGSHEN-FINAL|ZHONG-HE,"一造，甲木坐禄，丙水食神透出为喜，壬印夺食为病，惜己土财星无根，破印无力，病
重药轻。运行西北，助起病神，破耗无伤，为不免也。但有印食而两不相碍者，比劫相护，财不破印者，是
须视全局之配合。如",[]
子平真诠,子平真诠-0351,己丑丙寅甲子戊辰,甲,HEAVY,REN-CAIGUAN|DESHI-BUWANG|XIEQI-TAIZHONG|HEAVY-ROOT|ROOT-STRUCK|ROOT-GAN-PRIORITY|SHI-GUI-LU|ZHONGGUA-2SIDE|RI-BEI-HE|JIRUO-WUGEN|JIWANG-HUAIJI|SHIYONG-YUELING-XIANGFU|GE-QING|GE-QUALITY|WANGJI-SIWO-SHENG|SHI-ZHU-JI|TIANGAN-XINGQING|YONGSHEN-STRUCTURE|YONGSHEN-FINAL|ZHONG-HE,"，透食而财印不相碍，即为富贵之造。至于食神而官煞竞出，只须不碍全局，同为富贵
之造。如",[]
子平真诠,子平真诠-0352,辛卯庚寅甲辰丙寅,甲,HEAVY,REN-CAIGUAN|DESHI-BUWANG|XIEQI-TAIZHONG|HEAVY-ROOT|ROOT-STRUCK|ROOT-GAN-PRIORITY|SHI-GUI-LU|ZHONGGUA-2SIDE|JIRUO-WUGEN|JIWANG-HUAIJI|SHIYONG-YUELING-XIANGFU|GE-QUALITY|WANGJI-SIWO-SHENG|SHI-ZHU-JI|TIANGAN-XINGQING|YONGSHEN-STRUCTURE|YONGSHEN-FINAL|ZHONG-HE,"，东方一气，食神吐秀。庚辛官煞竞出为病，喜其无根，不碍格局。行土金之运，不免
破耗，若行木火之运，则名利并全矣。
原文
更有食神合煞存财，最为贵格。
**【徐注】**食神合煞存财，食神当是伤官之误。盖食伤一例，食神合官，伤官合煞也。如乙见丙为伤官，
见辛为七煞，丙辛合则煞不克身，所以为贵。亦有并透而不相碍者，此则在地位配置之合宜耳。如",[]
子平真诠,子平真诠-0353,己亥甲戌癸亥丙辰,癸,HEAVY,REN-CAIGUAN|XIEQI-TAIZHONG|HEAVY-ROOT|ROOT-STRUCK|ROOT-GAN-PRIORITY|HE-HUASHEN-DESHI|SHI-GUI-LU|ZHONGGUA-2SIDE|JIRUO-WUGEN|JISHUAI-CONGSHENG|SHIYONG-YUELING-XIANGFU|GE-QUALITY|SHI-ZHU-JI|TIANGAN-XINGQING|YONGSHEN-STRUCTURE|YONGSHEN-FINAL|ZHONG-HE,"，合煞存财也。又如余寿平中丞命造，
丙辰 庚子 辛卯 乙未，月令食神而用官星，食生财，财生官，地位配置合宜，为贵格也。
原文
至若食神透煞。本忌见财，而财先煞后，食以间之，而财不能党煞，亦可就贵。如刘提台命，",[]
子平真诠,子平真诠-0354,丙辰庚子辛卯乙未,辛,LIGHT,REN-CAIGUAN|LIGHT-ROOT|ROOT-STRUCK|ROOT-GAN-PRIORITY|HE-HUASHEN-DESHI|ZHONGGUA-2SIDE|RI-BEI-HE|JIRUO-WUGEN|GE-QUALITY|SHI-ZHU-JI|YONGSHEN-STRUCTURE|YONGSHEN-FINAL|ZHONG-HE,"，月令食神而用官星，食生财，财生官，地位配置合宜，为贵格也。
原文
至若食神透煞。本忌见财，而财先煞后，食以间之，而财不能党煞，亦可就贵。如刘提台命，",[]
子平真诠,子平真诠-0355,癸酉辛酉己卯乙亥,己,LIGHT,REN-CAIGUAN|XIEQI-TAIZHONG|LIGHT-ROOT|ROOT-STRUCK|ROOT-GAN-PRIORITY|WANGCHONG-SHUAI|ZHONGGUA-2SIDE|JIRUO-WUGEN|JISHUAI-CONGSHENG|GE-QUALITY|SHI-ZHU-JI|TIANGAN-XINGQING|YONGSHEN-STRUCTURE|YONGSHEN-FINAL|ZHONG-HE,"是也。其余变化，不能尽述，类而推之可也。
**【徐注】**食伤透煞，何以忌见财星乎？煞本忌其克身，故须用食神以制之。若见财则食神生财，财生
煞，不但不制，反转而生煞矣，故以为忌，然如刘提台造，日元赢弱，金木相战，虽财不党煞，亦未见佳
妙。殆中年运程丁巳丙十五年，化煞制食为美，故贵为提台耳。初运庚申，幼年必艰苦也。
白话译文
食神本是泄耗日主元气的星神，但因它能生助正财，所以命理上视其为喜用之物。食",['日主旺']
子平真诠,子平真诠-0356,丁未癸卯癸亥癸丑,癸,HEAVY,REN-CAIGUAN|SHISHI-BURUO|HEAVY-ROOT|BIJIE-PARTY|ROOT-STRUCK|ROOT-GAN-PRIORITY|SHI-GUI-LU|ZHONGGUA-2SIDE|JIRUO-WUGEN|JIWANG-HUAIJI|GE-QUALITY|SHI-ZHU-JI|TIANGAN-XINGQING|YONGSHEN-STRUCTURE|YONGSHEN-FINAL|ZHONG-HE,"）：癸水日主旺，亥卯未食神合局，丁火透出；谢阁老命造（己未、壬
申、戊子、庚申）：庚金食神当令，子申财星合局。两造皆清纯，宜主大贵。
食神藏于地支、伤官（与食神同为日主所生，但阴阳相异者）透出天干，主人性格刚硬，如沈路分命造；
偏财正财叠出，富贵不巨，如龚知县命造。
夏季木命以财为用，火旺土燥，富贵多偏武职，如黄都督命造。
若不用食神，改以七杀（偏官，克制日主之星）配印绶（生助日主之星）为格，最能",['日主旺']
子平真诠,子平真诠-0357,丁未癸卯癸亥癸丑,癸,HEAVY,REN-CAIGUAN|SHISHI-BURUO|HEAVY-ROOT|BIJIE-PARTY|ROOT-STRUCK|ROOT-GAN-PRIORITY|SHI-GUI-LU|ZHONGGUA-2SIDE|JIRUO-WUGEN|JIWANG-HUAIJI|GE-QUALITY|SHI-ZHU-JI|TIANGAN-XINGQING|YONGSHEN-STRUCTURE|YONGSHEN-FINAL|ZHONG-HE,"壬寅 辛丑 庚子 己亥 戊戌 丁酉
此造妙在亥卯未三合，透出丁火，身强食旺而财透。木火运固美，金水运亦吉，戊戌十年，必有挫折也。此
造若原局透一壬字合丁，不能照此看法，喜金水木而不宜火土矣(参观十干配合性情节)。",['身强']
子平真诠,子平真诠-0358,壬寅辛丑庚子己亥,庚,LIGHT,REN-CAIGUAN|SHISHI-BURUO|XIEQI-TAIZHONG|LIGHT-ROOT|YIN-PARTY|BIJIE-PARTY|ROOT-GAN-PRIORITY|ZHONGGUA-2SIDE|JIRUO-WUGEN|JISHUAI-CONGSHENG|GE-QING|GE-QUALITY|SHI-ZHU-JI|YONGSHEN-STRUCTURE|YONGSHEN-FINAL|ZHONG-HE,"戊戌 丁酉
此造妙在亥卯未三合，透出丁火，身强食旺而财透。木火运固美，金水运亦吉，戊戌十年，必有挫折也。此
造若原局透一壬字合丁，不能照此看法，喜金水木而不宜火土矣(参观十干配合性情节)。",['身强']
子平真诠,子平真诠-0359,己未壬申戊子庚申,戊,HEAVY,REN-CAIGUAN|SHISHI-BURUO|XIEQI-TAIZHONG|HEAVY-ROOT|BIJIE-PARTY|ROOT-STRUCK|ROOT-GAN-PRIORITY|SHI-GUI-LU|ZHONGGUA-2SIDE|JIRUO-WUGEN|JIWANG-HUAIJI|JISHUAI-CONGSHENG|SHIYONG-YUELING-XIANGFU|GE-QUALITY|SHI-ZHU-JI|YONGSHEN-STRUCTURE|YONGSHEN-FINAL|ZHONG-HE,"辛未 庚午 己巳 戊辰 丁卯 丙寅
土寄四隅，申亦土之长生也(见阴阳生死节)。年逢己未，日元弱而不弱；时上庚申，食神专禄，壬水生于
申，子申合局，身强财食并旺。庚金透露，己巳戊辰帮身运甚美，印运亦吉。此俗所谓专禄格也(见时说拘
泥格局节)。
(林注：此造无火，土无原神，应该是身弱财食并旺，而非身强，倘若是身强，当以金水之财食为喜用，又
怎会以印比为喜用呢？)
《喜忌篇》：“庚申时逢戊日，名食神专旺","['身弱', '身强']"
子平真诠,子平真诠-0360,辛未庚午己巳戊辰,己,HEAVY,REN-CAIGUAN|SHISHI-BURUO|XIEQI-TAIZHONG|HEAVY-ROOT|BIJIE-PARTY|ROOT-GAN-PRIORITY|SHI-GUI-LU|ZHONGGUA-2SIDE|JIWANG-HUAIJI|JISHUAI-CONGSHENG|GE-QING|GE-QUALITY|SHI-ZHU-JI|TIANGAN-XINGQING|YONGSHEN-STRUCTURE|YONGSHEN-FINAL|ZHONG-HE,"丁卯 丙寅
土寄四隅，申亦土之长生也(见阴阳生死节)。年逢己未，日元弱而不弱；时上庚申，食神专禄，壬水生于
申，子申合局，身强财食并旺。庚金透露，己巳戊辰帮身运甚美，印运亦吉。此俗所谓专禄格也(见时说拘
泥格局节)。
(林注：此造无火，土无原神，应该是身弱财食并旺，而非身强，倘若是身强，当以金水之财食为喜用，又
怎会以印比为喜用呢？)
《喜忌篇》：“庚申时逢戊日，名食神专旺之方，岁月犯甲丙卯寅，此","['身弱', '身强']"
子平真诠,子平真诠-0361,丁亥癸卯癸卯甲寅,癸,HEAVY,REN-CAIGUAN|SHISHI-BURUO|XIEQI-TAIZHONG|BIJIE-PARTY|ROOT-STRUCK|ROOT-GAN-PRIORITY|ZHONGGUA-2SIDE|JIRUO-WUGEN|JIWANG-HUAIJI|JISHUAI-CONGSHENG|GE-QING|GE-QUALITY|SHI-ZHU-JI|TIANGAN-XINGQING|YONGSHEN-STRUCTURE|YONGSHEN-FINAL|ZHONG-HE,"壬寅 辛丑 庚子 己亥 戊戌 丁酉
癸水虽通根于亥，而亥卯合局，日时寅卯而透甲，食伤旺而生财，为身轻泄气太重。支行印绶之乡为最美，
比劫帮身亦佳，但宜支而不宜干，见壬则合去丁财，见癸亦不免争财之嫌。亥子丑北方劫地，则甚美也。又
本篇龚知县造如下：",[]
子平真诠,子平真诠-0362,壬寅辛丑庚子己亥,庚,LIGHT,REN-CAIGUAN|SHISHI-BURUO|XIEQI-TAIZHONG|LIGHT-ROOT|YIN-PARTY|BIJIE-PARTY|ROOT-GAN-PRIORITY|ZHONGGUA-2SIDE|JIRUO-WUGEN|JISHUAI-CONGSHENG|GE-QING|GE-QUALITY|SHI-ZHU-JI|YONGSHEN-STRUCTURE|YONGSHEN-FINAL|ZHONG-HE,"戊戌 丁酉
癸水虽通根于亥，而亥卯合局，日时寅卯而透甲，食伤旺而生财，为身轻泄气太重。支行印绶之乡为最美，
比劫帮身亦佳，但宜支而不宜干，见壬则合去丁财，见癸亦不免争财之嫌。亥子丑北方劫地，则甚美也。又
本篇龚知县造如下：",[]
子平真诠,子平真诠-0363,甲午丁卯癸丑丙辰,癸,LIGHT,REN-CAIGUAN|XIEQI-TAIZHONG|LIGHT-ROOT|ROOT-STRUCK|ROOT-GAN-PRIORITY|SHI-GUI-LU|ZHONGGUA-2SIDE|JIRUO-WUGEN|JISHUAI-CONGSHENG|SHIYONG-YUELING-XIANGFU|GE-QUALITY|SHI-ZHU-JI|TIANGAN-XINGQING|YONGSHEN-STRUCTURE|YONGSHEN-FINAL|ZHONG-HE,"戊辰 己巳 庚午 辛未 壬申 癸酉
同一身轻，而上造为食重财轻，此造为食轻财重，而身弱则一也。故皆以帮身运为喜。帮身之中，食重喜
印，财重喜劫。此造得意，必在壬申癸酉运中。又两造比较，沈造格局清，此造格局较杂，贵贱高低之分，
全在清浊纯杂之间。以其格局夹杂，虽在佳运，不过百里之尊而已。
原文
食用煞印，运喜印旺，切忌财乡。身旺，食伤亦为福运，行官行煞，亦为吉也。
**【徐注】**食用煞印者，弃月令","['身旺', '身弱']"
子平真诠,子平真诠-0364,戊辰己巳庚午辛未,庚,HEAVY,REN-CAIGUAN|SHISHI-BURUO|HEAVY-ROOT|YIN-PARTY|BIJIE-PARTY|ROOT-GAN-PRIORITY|ZHONGGUA-2SIDE|GE-QING|GE-QUALITY|SHI-ZHU-JI|YONGSHEN-STRUCTURE|YONGSHEN-FINAL|ZHONG-HE,"壬申 癸酉
同一身轻，而上造为食重财轻，此造为食轻财重，而身弱则一也。故皆以帮身运为喜。帮身之中，食重喜
印，财重喜劫。此造得意，必在壬申癸酉运中。又两造比较，沈造格局清，此造格局较杂，贵贱高低之分，
全在清浊纯杂之间。以其格局夹杂，虽在佳运，不过百里之尊而已。
原文
食用煞印，运喜印旺，切忌财乡。身旺，食伤亦为福运，行官行煞，亦为吉也。
**【徐注】**食用煞印者，弃月令食神而用煞印也。看法同偏","['身旺', '身弱']"
子平真诠,子平真诠-0365,辛卯辛卯癸酉己未,癸,LIGHT,REN-CAIGUAN|SHISHI-BURUO|LIGHT-ROOT|YIN-PARTY|ROOT-STRUCK|ROOT-GAN-PRIORITY|WANGCHONG-SHUAI|ZHONGGUA-2SIDE|JIRUO-WUGEN|SHIYONG-YUELING-XIANGFU|GE-QUALITY|SHI-ZHU-JI|TIANGAN-XINGQING|YONGSHEN-STRUCTURE|YONGSHEN-FINAL|ZHONG-HE,"庚寅 己丑 戊子 丁亥 丙戌 乙酉
弃食用煞印也。印旺而身不强，故财最忌，食伤运亦一尘不染宜也。印劫最为美运，官煞有印化亦无碍，如
己丑、戊子、丁亥，皆佳运也。丙戌运，戌合卯刑未，此十年皆财运，恐难为继。
原文
食伤带煞，喜行印绶，身旺，食伤亦为美运，财则最忌。若食太重而煞轻，印运最利，逢财反吉矣。
**【徐注】**食神带煞，谓原局无印绶也。此段须分三节看；
(一)身弱，煞克身，食神泄气，倚轻倚重","['身旺', '身弱']"
子平真诠,子平真诠-0366,庚寅己丑戊子丁亥,戊,HEAVY,REN-CAIGUAN|DESHI-BUWANG|XIEQI-TAIZHONG|HEAVY-ROOT|YIN-PARTY|BIJIE-PARTY|ROOT-STRUCK|ROOT-GAN-PRIORITY|ZHONGGUA-2SIDE|JIRUO-WUGEN|JIWANG-HUAIJI|GE-QING|GE-QUALITY|WANGJI-SIWO-SHENG|SHI-ZHU-JI|YONGSHEN-STRUCTURE|YONGSHEN-FINAL|ZHONG-HE,"丙戌 乙酉
弃食用煞印也。印旺而身不强，故财最忌，食伤运亦一尘不染宜也。印劫最为美运，官煞有印化亦无碍，如
己丑、戊子、丁亥，皆佳运也。丙戌运，戌合卯刑未，此十年皆财运，恐难为继。
原文
食伤带煞，喜行印绶，身旺，食伤亦为美运，财则最忌。若食太重而煞轻，印运最利，逢财反吉矣。
**【徐注】**食神带煞，谓原局无印绶也。此段须分三节看；
(一)身弱，煞克身，食神泄气，倚轻倚重，均不为美，唯有印运最利","['身旺', '身弱']"
子平真诠,子平真诠-0367,戊戌壬戌丙子戊戌,丙,LIGHT,REN-CAIGUAN|XIEQI-TAIZHONG|LIGHT-ROOT|ROOT-GAN-PRIORITY|SHI-GUI-LU|ZHONGGUA-2SIDE|JIRUO-WUGEN|JISHUAI-CONGSHENG|SHIYONG-YUELING-XIANGFU|GE-QING|GE-QUALITY|SHI-ZHU-JI|YONGSHEN-STRUCTURE|YONGSHEN-FINAL|ZHONG-HE,"癸亥 甲子 乙丑 丙寅 丁卯 戊辰
此食神制煞太过也。甲乙印运为美，癸亥子丑官煞运反吉，丙寅丁卯劫印帮身，最为美运，戊辰最忌。盖丙
为太阳之火，水猖显节，不畏水也；土众成慈，遇土反晦也。见论干支节。",[]
子平真诠,子平真诠-0368,癸亥甲子乙丑丙寅,乙,HEAVY,REN-CAIGUAN|SHISHI-BURUO|XIEQI-TAIZHONG|HEAVY-ROOT|TENGLUO-XIJIA|YIN-PARTY|BIJIE-PARTY|ROOT-STRUCK|ROOT-GAN-PRIORITY|SHI-GUI-LU|ZHONGGUA-2SIDE|JIRUO-WUGEN|JIWANG-HUAIJI|JISHUAI-CONGSHENG|GE-QING|GE-QUALITY|SHI-ZHU-JI|TIANGAN-XINGQING|YONGSHEN-STRUCTURE|YONGSHEN-FINAL|ZHONG-HE,"丁卯 戊辰
此食神制煞太过也。甲乙印运为美，癸亥子丑官煞运反吉，丙寅丁卯劫印帮身，最为美运，戊辰最忌。盖丙
为太阳之火，水猖显节，不畏水也；土众成慈，遇土反晦也。见论干支节。",[]
子平真诠,子平真诠-0369,癸酉辛酉己卯乙亥,己,LIGHT,REN-CAIGUAN|XIEQI-TAIZHONG|LIGHT-ROOT|ROOT-STRUCK|ROOT-GAN-PRIORITY|WANGCHONG-SHUAI|ZHONGGUA-2SIDE|JIRUO-WUGEN|JISHUAI-CONGSHENG|GE-QUALITY|SHI-ZHU-JI|TIANGAN-XINGQING|YONGSHEN-STRUCTURE|YONGSHEN-FINAL|ZHONG-HE,"庚申 己未 戊午 丁巳 丙辰 乙卯
此本篇刘提督造也。虽癸与乙之间，隔以己辛，财不党煞，但身弱克泄两忌。幸所行之运己未、戊午、丁
巳、丙辰，印绶比劫相连，故能贵为提督。否则，格局虽清，无益于事，若非运助，安能望贵乎？
原文
食神太旺而带印，运最利财，食伤亦吉，印则最忌，官煞皆不吉也。
**【徐注】**食神太旺而带印，有种种不同，夏木见火，火旺木焚，运喜印绶，用水润木也。若食神旺，带
印而利财者，本",['身弱']
子平真诠,子平真诠-0370,庚申己未戊午丁巳,戊,HEAVY,REN-CAIGUAN|DESHI-BUWANG|XIEQI-TAIZHONG|HEAVY-ROOT|YIN-PARTY|BIJIE-PARTY|ROOT-STRUCK|ROOT-GAN-PRIORITY|SHI-GUI-LU|ZHONGGUA-2SIDE|JIRUO-WUGEN|JIWANG-HUAIJI|GE-QING|GE-QUALITY|WANGJI-SIWO-SHENG|YONGSHEN-STRUCTURE|YONGSHEN-FINAL|ZHONG-HE,"丙辰 乙卯
此本篇刘提督造也。虽癸与乙之间，隔以己辛，财不党煞，但身弱克泄两忌。幸所行之运己未、戊午、丁
巳、丙辰，印绶比劫相连，故能贵为提督。否则，格局虽清，无益于事，若非运助，安能望贵乎？
原文
食神太旺而带印，运最利财，食伤亦吉，印则最忌，官煞皆不吉也。
**【徐注】**食神太旺而带印，有种种不同，夏木见火，火旺木焚，运喜印绶，用水润木也。若食神旺，带
印而利财者，本篇未有其例。兹另举敝友李",['身弱']
子平真诠,子平真诠-0371,戊戌己未丙子庚寅,丙,HEAVY,REN-CAIGUAN|XIEQI-TAIZHONG|HEAVY-ROOT|ROOT-STRUCK|ROOT-GAN-PRIORITY|SHI-GUI-LU|ZHONGGUA-2SIDE|JIRUO-WUGEN|JIWANG-HUAIJI|JISHUAI-CONGSHENG|GE-QUALITY|YONGSHEN-STRUCTURE|YONGSHEN-FINAL|ZHONG-HE,"庚申 辛酉 壬戌 癸亥 甲子 乙丑
丙火通根戌未而时寅，带印也。戊戌己未，土居其四，食伤太旺，运最利财，盖庚申辛酉，泄土之气也。官
煞不利，火土枯燥，加入滴水，不足以润燥，而反激其焰也。泄气已重，食伤未必为福，印绶未必为祸，唯
非佳运则可知也。八字各个配合不同，为喜为忌，羌无一定，特举其一例耳。
原文
若食神带印，透财以解，运喜财旺，食伤亦吉，印与官煞皆忌也。
**【徐注】**食神带印，透财以解，",[]
子平真诠,子平真诠-0372,庚申辛酉壬戌癸亥,壬,HEAVY,REN-CAIGUAN|SHISHI-BURUO|HEAVY-ROOT|YIN-PARTY|BIJIE-PARTY|ROOT-STRUCK|ROOT-GAN-PRIORITY|SHI-GUI-LU|ZHONGGUA-2SIDE|JIRUO-WUGEN|JIWANG-HUAIJI|GE-QUALITY|YONGSHEN-STRUCTURE|YONGSHEN-FINAL|ZHONG-HE,"甲子 乙丑
丙火通根戌未而时寅，带印也。戊戌己未，土居其四，食伤太旺，运最利财，盖庚申辛酉，泄土之气也。官
煞不利，火土枯燥，加入滴水，不足以润燥，而反激其焰也。泄气已重，食伤未必为福，印绶未必为祸，唯
非佳运则可知也。八字各个配合不同，为喜为忌，羌无一定，特举其一例耳。
原文
若食神带印，透财以解，运喜财旺，食伤亦吉，印与官煞皆忌也。
**【徐注】**食神带印，透财以解，与上节带印有不同。盖上节",[]
子平真诠,子平真诠-0373,己亥丙寅甲寅壬申,甲,HEAVY,REN-CAIGUAN|DESHI-BUWANG|XIEQI-TAIZHONG|HEAVY-ROOT|YIN-PARTY|ROOT-STRUCK|ROOT-GAN-PRIORITY|WANGCHONG-SHUAI|ZHONGGUA-2SIDE|RI-BEI-HE|JIRUO-WUGEN|JIWANG-HUAIJI|SHIYONG-YUELING-XIANGFU|GE-QUALITY|WANGJI-SIWO-SHENG|SHI-ZHU-JI|TIANGAN-XINGQING|YONGSHEN-STRUCTURE|YONGSHEN-FINAL|ZHONG-HE,"乙丑 甲子 癸亥 壬戌 辛酉 庚申
甲木生寅月而透丙，本有木火通明之象。时上枭印夺食，透己土财以解之，惜病重药轻。运喜财旺，食伤亦
吉，印与官煞均忌。此造惜运行西北官煞印绶之乡，否则，前程未可限量也。
以上为照常例扶抑论用取运也，至若以气候之关系而调候取用，则又当别论。如本篇舒尚书造：",[]
子平真诠,子平真诠-0374,乙丑甲子癸亥壬戌,癸,HEAVY,REN-CAIGUAN|DESHI-BUWANG|XIEQI-TAIZHONG|HEAVY-ROOT|BIJIE-PARTY|ROOT-GAN-PRIORITY|ZHONGGUA-2SIDE|JIWANG-HUAIJI|GE-QING|GE-QUALITY|WANGJI-SIWO-SHENG|SHI-ZHU-JI|TIANGAN-XINGQING|YONGSHEN-STRUCTURE|YONGSHEN-FINAL|ZHONG-HE,"辛酉 庚申
甲木生寅月而透丙，本有木火通明之象。时上枭印夺食，透己土财以解之，惜病重药轻。运喜财旺，食伤亦
吉，印与官煞均忌。此造惜运行西北官煞印绶之乡，否则，前程未可限量也。
以上为照常例扶抑论用取运也，至若以气候之关系而调候取用，则又当别论。如本篇舒尚书造：",[]
子平真诠,子平真诠-0375,丁亥壬子辛巳丁酉,辛,HEAVY,REN-CAIGUAN|XIEQI-TAIZHONG|HEAVY-ROOT|ROOT-STRUCK|ROOT-GAN-PRIORITY|WANGCHONG-SHUAI|SHI-GUI-LU|ZHONGGUA-2SIDE|JIRUO-WUGEN|JIWANG-HUAIJI|JISHUAI-CONGSHENG|GE-QUALITY|YONGSHEN-STRUCTURE|YONGSHEN-FINAL|ZHONG-HE,"辛亥 庚戌 己酉 戊申 丁未 丙午 乙巳 甲辰
金水食神用煞，与金水伤官用官相同，皆调候之意也。用神为官星，运亦喜财官。如此造己酉戊申印劫之
地，无荣辱可言，而丁未丙午最美，乙巳甲辰三运亦佳。盖原局金寒水冷，非可以当理取也。又如本篇钱参
政造：",[]
子平真诠,子平真诠-0376,辛亥庚戌己酉戊申,己,HEAVY,REN-CAIGUAN|DESHI-BUWANG|XIEQI-TAIZHONG|HEAVY-ROOT|BIJIE-PARTY|ROOT-STRUCK|ROOT-GAN-PRIORITY|ZHONGGUA-2SIDE|JIRUO-WUGEN|JIWANG-HUAIJI|SHIYONG-YUELING-XIANGFU|GE-QUALITY|WANGJI-SIWO-SHENG|SHI-ZHU-JI|TIANGAN-XINGQING|YONGSHEN-STRUCTURE|YONGSHEN-FINAL|ZHONG-HE,"丁未 丙午 乙巳 甲辰
金水食神用煞，与金水伤官用官相同，皆调候之意也。用神为官星，运亦喜财官。如此造己酉戊申印劫之
地，无荣辱可言，而丁未丙午最美，乙巳甲辰三运亦佳。盖原局金寒水冷，非可以当理取也。又如本篇钱参
政造：",[]
子平真诠,子平真诠-0377,丁未丙午乙巳甲辰,乙,LIGHT,REN-CAIGUAN|SHISHI-BURUO|XIEQI-TAIZHONG|LIGHT-ROOT|TENGLUO-XIJIA|BIJIE-PARTY|ROOT-GAN-PRIORITY|SHI-GUI-LU|ZHONGGUA-2SIDE|JIRUO-WUGEN|JISHUAI-CONGSHENG|GE-QING|GE-QUALITY|SHI-ZHU-JI|TIANGAN-XINGQING|YONGSHEN-STRUCTURE|YONGSHEN-FINAL|ZHONG-HE,"金水食神用煞，与金水伤官用官相同，皆调候之意也。用神为官星，运亦喜财官。如此造己酉戊申印劫之
地，无荣辱可言，而丁未丙午最美，乙巳甲辰三运亦佳。盖原局金寒水冷，非可以当理取也。又如本篇钱参
政造：",[]
子平真诠,子平真诠-0378,丙午癸巳甲子丙寅,甲,HEAVY,REN-CAIGUAN|SHISHI-BURUO|XIEQI-TAIZHONG|HEAVY-ROOT|YIN-PARTY|ROOT-STRUCK|ROOT-GAN-PRIORITY|WANGCHONG-SHUAI|SHI-GUI-LU|ZHONGGUA-2SIDE|JIRUO-WUGEN|JIWANG-HUAIJI|JISHUAI-CONGSHENG|SHIYONG-YUELING-XIANGFU|GE-QUALITY|SHI-ZHU-JI|TIANGAN-XINGQING|YONGSHEN-STRUCTURE|YONGSHEN-FINAL|ZHONG-HE,"甲午 乙未 丙申 丁酉 戊戌 己亥
木火伤官用印，亦调候之意。印轻则专用印劫，如此造癸印得禄，气象中和，故丙申丁酉皆为美运。若戊戌
财运，破印恐不能免也。
金水用官与木火用印，同为调候，然有不同者。金水非见官不可，而木火无印，若身强亦可就贵。如本篇黄
都督造：","['身强', '中和']"
子平真诠,子平真诠-0379,甲午乙未丙申丁酉,丙,HEAVY,REN-CAIGUAN|SHISHI-BURUO|YIN-PARTY|BIJIE-PARTY|ROOT-GAN-PRIORITY|ZHONGGUA-2SIDE|JIWANG-HUAIJI|GE-QING|GE-QUALITY|SHI-ZHU-JI|YONGSHEN-STRUCTURE|YONGSHEN-FINAL|ZHONG-HE,"戊戌 己亥
木火伤官用印，亦调候之意。印轻则专用印劫，如此造癸印得禄，气象中和，故丙申丁酉皆为美运。若戊戌
财运，破印恐不能免也。
金水用官与木火用印，同为调候，然有不同者。金水非见官不可，而木火无印，若身强亦可就贵。如本篇黄
都督造：","['身强', '中和']"
子平真诠,子平真诠-0380,己未己巳甲寅丙寅,甲,HEAVY,REN-CAIGUAN|XIEQI-TAIZHONG|HEAVY-ROOT|ROOT-STRUCK|ROOT-GAN-PRIORITY|SHI-GUI-LU|ZHONGGUA-2SIDE|RI-BEI-HE|JIRUO-WUGEN|JIWANG-HUAIJI|JISHUAI-CONGSHENG|SHIYONG-YUELING-XIANGFU|GE-QUALITY|SHI-ZHU-JI|TIANGAN-XINGQING|YONGSHEN-STRUCTURE|YONGSHEN-FINAL|ZHONG-HE,"戊辰 丁卯 丙寅 乙丑 甲子 癸亥 壬戌
甲木坐寅，时又逢寅，日元甚旺，旺而泄秀，亦可用也，唯火多则木有自焚之患。此造妙在食轻财重，火泄
其气，唯究嫌偏要，贵多就武。行运仍宜印劫之地，",[]
子平真诠,子平真诠-0381,戊辰丁卯丙寅乙丑,丙,HEAVY,REN-CAIGUAN|SHISHI-BURUO|XIEQI-TAIZHONG|HEAVY-ROOT|YIN-PARTY|BIJIE-PARTY|ROOT-GAN-PRIORITY|ZHONGGUA-2SIDE|JIWANG-HUAIJI|JISHUAI-CONGSHENG|GE-QUALITY|SHI-ZHU-JI|YONGSHEN-STRUCTURE|YONGSHEN-FINAL|ZHONG-HE,"甲子 癸亥 壬戌
甲木坐寅，时又逢寅，日元甚旺，旺而泄秀，亦可用也，唯火多则木有自焚之患。此造妙在食轻财重，火泄
其气，唯究嫌偏要，贵多就武。行运仍宜印劫之地，",[]
子平真诠,子平真诠-0382,乙丑甲子癸亥壬戌,癸,HEAVY,REN-CAIGUAN|DESHI-BUWANG|XIEQI-TAIZHONG|HEAVY-ROOT|BIJIE-PARTY|ROOT-GAN-PRIORITY|ZHONGGUA-2SIDE|JIWANG-HUAIJI|GE-QING|GE-QUALITY|WANGJI-SIWO-SHENG|SHI-ZHU-JI|TIANGAN-XINGQING|YONGSHEN-STRUCTURE|YONGSHEN-FINAL|ZHONG-HE,"三十五年，最为美利，虽命造本佳，亦运助之也。
白话译文
食神格取用大运，要根据食神所构成的格局性质来分别判断。
食神生财格：若财星与食神俱轻，日主（命主自身）相对偏强，则宜行财运、食神运以流通发用；若财食
偏重而日主偏弱，则宜行比劫运以扶助身元。官煞之运对此格均不利。
具体而言，身强食旺财透者，木火财食之运固然优美，金水之运亦可兼用；身轻食旺泄气太重者，最喜印
绶（生身）之运，比劫帮身亦可，但需注","['身旺', '身弱', '身强']"
子平真诠,子平真诠-0383,乙亥乙酉乙卯丁丑,乙,HEAVY,REN-CAIGUAN|SHISHI-BURUO|HEAVY-ROOT|BIJIE-PARTY|ROOT-STRUCK|ROOT-GAN-PRIORITY|WANGCHONG-SHUAI|ZHONGGUA-2SIDE|JIRUO-WUGEN|SHIYONG-YUELING-XIANGFU|GE-QUALITY|SHI-ZHU-JI|TIANGAN-XINGQING|YONGSHEN-STRUCTURE|YONGSHEN-FINAL|ZHONG-HE,"，极等之贵也。
**【徐注】**煞旺食强，阳干阴干不同。阴干不畏煞旺，只须食制；阳干必须身健，否则，克泄交加，非用
印不可也。上造亥卯会，酉丑会，确合制煞格局；尤难得者，四柱清纯，无一闲杂之神，宜为极等之贵也。
参阅论用神高低篇陆商阎造。
原文
煞用食制，不要露财透印，以财能转食生煞，而印能去食护煞也。然而财先食后，财生煞而食以制之，或印
先食后，食太旺而印制，则格成大贵。如脱丞相命，",[]
子平真诠,子平真诠-0384,壬辰甲辰丙戌戊戌,丙,LIGHT,REN-CAIGUAN|SHISHI-BURUO|XIEQI-TAIZHONG|LIGHT-ROOT|YIN-PARTY|ROOT-STRUCK|ROOT-GAN-PRIORITY|SHI-GUI-LU|ZHONGGUA-2SIDE|JIRUO-WUGEN|JISHUAI-CONGSHENG|SHIYONG-YUELING-XIANGFU|GE-QUALITY|SHI-ZHU-JI|YONGSHEN-STRUCTURE|YONGSHEN-FINAL|ZHONG-HE,"，辰中暗煞，壬以透之，戊坐四支，食太重而透甲印，以损太过，岂非贵格？若煞强食
泄而印露，则破局矣。
**【徐注】**煞用食制，不宜财印并透，所论甚精，所引脱丞相命，食神泄气太重，以甲印损其太过，兼以
生助日元，所以行丙午丁未而大贵。壬水之气泄于甲，不能再用，而天干壬甲丙戊，一顺相生，尤为贵征
也。至于财先食后，如现代程参谋总长潜之命造，",[]
子平真诠,子平真诠-0385,壬午癸卯己巳辛未,己,HEAVY,REN-CAIGUAN|XIEQI-TAIZHONG|HEAVY-ROOT|ROOT-STRUCK|ROOT-GAN-PRIORITY|SHI-GUI-LU|ZHONGGUA-2SIDE|JIRUO-WUGEN|JISHUAI-CONGSHENG|SHIYONG-YUELING-XIANGFU|GE-QING|GE-QUALITY|CAI-RUO-SHEN-QIANG|SHI-ZHU-JI|TIANGAN-XINGQING|YONGSHEN-STRUCTURE|YONGSHEN-FINAL|ZHONG-HE,"，确合此格，年月财生煞旺，时上食以制之，而己土得禄于午，通根于未，身旺食煞俱
清，洵大贵之征也。如辛在年月，则为食神生财，财生煞之局；午中丁印如透出，则为食浅印露，枭神夺食
护煞，均破格矣。
(林注：参谋总长程潜之造，乃是身弱杀印相生之格，用神取日主坐下巳火，大运甲辰、乙巳、丙午、丁
未、戊申、己酉，一路火土喜用，故大贵。徐氏以其为食神制杀，试问卯木杀星不透，时干之食何以制月支
之杀？贻笑方家。)","['身旺', '身弱']"
子平真诠,子平真诠-0386,丙寅戊戌壬戌辛丑,壬,LIGHT,REN-CAIGUAN|SHISHI-BURUO|LIGHT-ROOT|YIN-PARTY|ROOT-GAN-PRIORITY|SHI-GUI-LU|ZHONGGUA-2SIDE|JIRUO-WUGEN|SHIYONG-YUELING-XIANGFU|GE-QING|GE-QUALITY|SHI-ZHU-JI|YONGSHEN-STRUCTURE|YONGSHEN-FINAL|ZHONG-HE,"，戊与辛同通月令，是煞印有情也。
**【徐注】**官煞俱以财印辅，但财印不并用。何造妙在财在年干，财生煞，煞生印，印以生身。财不破
印，地位配置合宜，便为贵格。若辛丑戊戌易位，便为财破印，煞攻身，贫贱之局矣。
原文
亦有煞重身轻，用食则身不能当，不若转而就印，虽不通根月令，亦为无情而有情。格亦许贵，但不大耳。
**【徐注】**食神制煞，以身强为条件，身弱则克泄交加，身不能当，惟有转而就印。如常国公","['身弱', '身强']"
子平真诠,子平真诠-0387,辛卯辛卯癸酉己未,癸,LIGHT,REN-CAIGUAN|SHISHI-BURUO|LIGHT-ROOT|YIN-PARTY|ROOT-STRUCK|ROOT-GAN-PRIORITY|WANGCHONG-SHUAI|ZHONGGUA-2SIDE|JIRUO-WUGEN|SHIYONG-YUELING-XIANGFU|GE-QUALITY|SHI-ZHU-JI|TIANGAN-XINGQING|YONGSHEN-STRUCTURE|YONGSHEN-FINAL|ZHONG-HE,"(见前食神节)，即煞重身轻，弃食就印，用印化煞也。格局清纯，同一取贵。
原文
有煞而用财者，财以党煞，本非所喜，而或食被制，不能伏煞，而财以去印存食，便为贵格。如周丞相命，",[]
子平真诠,子平真诠-0388,戊戌甲子丁未庚戌,丁,LIGHT,REN-CAIGUAN|SHISHI-BURUO|XIEQI-TAIZHONG|LIGHT-ROOT|YIN-PARTY|ROOT-STRUCK|ROOT-GAN-PRIORITY|SHI-GUI-LU|ZHONGGUA-2SIDE|JIRUO-WUGEN|JISHUAI-CONGSHENG|GE-QUALITY|SHI-ZHU-JI|TIANGAN-XINGQING|YONGSHEN-STRUCTURE|YONGSHEN-FINAL|ZHONG-HE,"，戊被制不能伏煞，时透庚财，即以清食者，生不足之煞。生煞即以制煞，两得其用，
尤为大贵。
**【徐注】**财印同为煞之辅，身强煞弱，用财滋煞，非不能也。如己酉、丙寅、庚辰，庚金极旺，丙火根
轻，必须用财滋煞，行东南木火之运，仕路显赫，即抑强扶弱之理也。至如周丞相造，用财去印存食，乃病
药取用法也。戌未中均藏丁火，日元不弱，八字四土一水，制煞太过，其病一也；子水孤军，见甲更嫌泄
气，其病二也。甲木无",['身强']
子平真诠,子平真诠-0389,甲申乙亥丙戌庚寅,丙,HEAVY,REN-CAIGUAN|SHISHI-BURUO|HEAVY-ROOT|JUECHU-FENGSHENG|YIN-PARTY|ROOT-STRUCK|ROOT-GAN-PRIORITY|SHI-GUI-LU|ZHONGGUA-2SIDE|JIRUO-WUGEN|SHIYONG-YUELING-XIANGFU|GE-QUALITY|YONGSHEN-STRUCTURE|YONGSHEN-FINAL|ZHONG-HE,"，刘运使命是也。
**【徐注】**刘造寅亥虽合，而得申遥冲解其合，乙合庚金，引而近之，通申宫之气，寅戌拱合丙火，日元
甚旺，亦是财滋煞为用，借财以清格局。然非身重不可也。
原文
更有杂气七煞，干头不透财以清用，亦可取贵。
**【徐注】**凡以七煞为用者，除财生、印化、食制三者之外，无单用之法，杂气七煞，岂能例外？如乐吾
自造，",[]
子平真诠,子平真诠-0390,丙戌壬辰丙申丙申,丙,LIGHT,REN-CAIGUAN|SHISHI-BURUO|LIGHT-ROOT|BIJIE-PARTY|ROOT-STRUCK|ROOT-GAN-PRIORITY|ZHONGGUA-2SIDE|JIRUO-WUGEN|SHIYONG-YUELING-XIANGFU|GE-QUALITY|SHI-ZHU-JI|YONGSHEN-STRUCTURE|YONGSHEN-FINAL|ZHONG-HE,"，杂气七煞，干不透财，即不能以财滋煞，亦不可以食制煞；乙木余气藏辰，又落空
亡，化煞无力，但以配合需要，仍当取印为用，即通关是也(见《命鉴》)。印如有力，亦可取贵。干头不透
财清用，固不限于杂气。如上脱丞相造，用印制食存煞而取贵，非定须透财也。
原文
有煞而杂官者，或去官，或去煞，取清则贵。如岳统制命，",[]
子平真诠,子平真诠-0391,癸卯丁巳庚寅庚辰,庚,HEAVY,REN-CAIGUAN|SHISHI-BURUO|XIEQI-TAIZHONG|HEAVY-ROOT|BIJIE-PARTY|ROOT-STRUCK|ROOT-GAN-PRIORITY|ZHONGGUA-2SIDE|JIRUO-WUGEN|JISHUAI-CONGSHENG|SHIYONG-YUELING-XIANGFU|GE-QUALITY|SHI-ZHU-JI|YONGSHEN-STRUCTURE|YONGSHEN-FINAL|ZHONG-HE,"，去官留煞也。夫官为贵气，去官何如去煞？岂知月令偏官，煞为用而官非用，各从其
重。若官格杂煞而去官留煞，不能如是之清矣。如沈郎中命，",[]
子平真诠,子平真诠-0392,丙子甲午辛亥辛卯,辛,LIGHT,REN-CAIGUAN|LIGHT-ROOT|ROOT-STRUCK|ROOT-GAN-PRIORITY|WANGCHONG-SHUAI|ZHONGGUA-2SIDE|RI-BEI-HE|JIRUO-WUGEN|GE-QUALITY|SHI-ZHU-JI|YONGSHEN-STRUCTURE|YONGSHEN-FINAL|ZHONG-HE,"，子冲午而克煞，是去煞留官也。
**【徐注】**官煞虽同类，而各有分野。譬如弟兄，对外为一家，对内则兄为兄，弟为弟，各分门户，不混
杂也。故以通根言，巳午未寅戌可同为丙丁之根；而言其用，则各从其重，以其得时秉令也。八字以取清为
贵，不论去官或去煞。岳沈两造，同为煞格杂官而显有低昂，盖月令七煞，则煞为真神。岳统制造，癸水去
丁而用巳中丙火，为去官用煞，真神得用；沈郎中造，子冲午火，去其当令之真神，而",['身强']
子平真诠,子平真诠-0393,戊辰甲寅戊寅戊午,戊,HEAVY,REN-CAIGUAN|SHISHI-BURUO|HEAVY-ROOT|BIJIE-PARTY|ROOT-GAN-PRIORITY|SHI-GUI-LU|ZHONGGUA-2SIDE|GE-QING|GE-QUALITY|YONGSHEN-STRUCTURE|YONGSHEN-FINAL|ZHONG-HE,"、赵员外命是也。
**【徐注】**此造煞旺秉令，真神得用，寅午拱会，化煞生身，用神极明显，亦清纯可贵也。
原文
至书有制煞不可太过之说，虽亦有理，然运行财印，亦能发福，不可执一也，乃若弃命从煞，则于外格详
之。
**【徐注】**制煞太过者，以太过为病也。去其病神，自可发福。但用财用印，亦有分别。身旺者宜财不宜
印，身弱者宜印不宜财。如","['身旺', '身弱']"
子平真诠,子平真诠-0394,壬辰丙午丙午壬辰,丙,HEAVY,REN-CAIGUAN|DESHI-BUWANG|HEAVY-ROOT|BIJIE-PARTY|ROOT-STRUCK|ROOT-GAN-PRIORITY|ZHONGGUA-2SIDE|JIRUO-WUGEN|JIWANG-HUAIJI|GE-QUALITY|CAI-RUO-SHEN-QIANG|SHI-ZHU-JI|YONGSHEN-STRUCTURE|YONGSHEN-FINAL|ZHONG-HE,，身强，两煞四制，见金运而人发，是宜财不宜印也。又,['身强']
子平真诠,子平真诠-0395,甲寅戊辰壬辰壬寅,壬,LIGHT,REN-CAIGUAN|SHISHI-BURUO|XIEQI-TAIZHONG|LIGHT-ROOT|BIJIE-PARTY|ROOT-STRUCK|ROOT-GAN-PRIORITY|ZHONGGUA-2SIDE|JIRUO-WUGEN|JISHUAI-CONGSHENG|SHIYONG-YUELING-XIANGFU|GE-QUALITY|SHI-ZHU-JI|YONGSHEN-STRUCTURE|YONGSHEN-FINAL|ZHONG-HE,，制煞太过而身弱，逢金运而人发，是宜印不宜财也。又如论食神节胡会元造，,['身弱']
子平真诠,子平真诠-0396,戊戌壬戌丙子戊戌,丙,LIGHT,REN-CAIGUAN|XIEQI-TAIZHONG|LIGHT-ROOT|ROOT-GAN-PRIORITY|SHI-GUI-LU|ZHONGGUA-2SIDE|JIRUO-WUGEN|JISHUAI-CONGSHENG|SHIYONG-YUELING-XIANGFU|GE-QING|GE-QUALITY|SHI-ZHU-JI|YONGSHEN-STRUCTURE|YONGSHEN-FINAL|ZHONG-HE,"，亦是制过七煞而身不旺，宜印运不宜见财者(参观上食神节)。财印不并立，喜财者必
不喜印也。
白话译文
七煞（即偏官，指与日主同阴阳性别、五行相克的力量）本是克身之物，看似凶险，然而显赫贵命之中，
七煞格局反而多见。原因在于：制驭得当，七煞便为我所用——正如历史上的英雄豪杰，看似桀骜难驯，
若能处置有方，反能成就震天动地的功业。王侯将相多有七煞，道理正在于此。
七煞格局，用法不止一种：
食神制煞为上",['身弱']
子平真诠,子平真诠-0397,乙亥乙酉乙卯丁丑,乙,HEAVY,REN-CAIGUAN|SHISHI-BURUO|HEAVY-ROOT|BIJIE-PARTY|ROOT-STRUCK|ROOT-GAN-PRIORITY|WANGCHONG-SHUAI|ZHONGGUA-2SIDE|JIRUO-WUGEN|SHIYONG-YUELING-XIANGFU|GE-QUALITY|SHI-ZHU-JI|TIANGAN-XINGQING|YONGSHEN-STRUCTURE|YONGSHEN-FINAL|ZHONG-HE,"甲申 癸未 壬午 辛巳 庚辰 己卯
为身强煞旺，用食制煞之格也。运行南方，食神得地，金水不通根为美。但壬运合丁去食，巳运会酉丑煞
强，必有不足，庚辰合乙酉助煞，均非美运也。
原文
煞用印绶，不利财乡，伤官为美，印绶身旺，俱为福地。
**【徐注】**煞用印绶，其关键在于印，最忌财破印为伤用神也。伤官为美句恐有误。既用印化，不宜再
泄，特有印回克，不以伤官为忌也。印绶身旺俱为福地者，最喜印绶，而比劫亦","['身旺', '身强']"
子平真诠,子平真诠-0398,甲申癸未壬午辛巳,壬,HEAVY,REN-CAIGUAN|SHISHI-BURUO|XIEQI-TAIZHONG|HEAVY-ROOT|YIN-PARTY|BIJIE-PARTY|ROOT-STRUCK|ROOT-GAN-PRIORITY|ZHONGGUA-2SIDE|JIRUO-WUGEN|JISHUAI-CONGSHENG|GE-QING|GE-QUALITY|SHI-ZHU-JI|YONGSHEN-STRUCTURE|YONGSHEN-FINAL|ZHONG-HE,"庚辰 己卯
为身强煞旺，用食制煞之格也。运行南方，食神得地，金水不通根为美。但壬运合丁去食，巳运会酉丑煞
强，必有不足，庚辰合乙酉助煞，均非美运也。
原文
煞用印绶，不利财乡，伤官为美，印绶身旺，俱为福地。
**【徐注】**煞用印绶，其关键在于印，最忌财破印为伤用神也。伤官为美句恐有误。既用印化，不宜再
泄，特有印回克，不以伤官为忌也。印绶身旺俱为福地者，最喜印绶，而比劫亦佳也。如本篇脱丞相命：","['身旺', '身强']"
子平真诠,子平真诠-0399,壬辰甲辰丙戌戊戌,丙,LIGHT,REN-CAIGUAN|SHISHI-BURUO|XIEQI-TAIZHONG|LIGHT-ROOT|YIN-PARTY|ROOT-STRUCK|ROOT-GAN-PRIORITY|SHI-GUI-LU|ZHONGGUA-2SIDE|JIRUO-WUGEN|JISHUAI-CONGSHENG|SHIYONG-YUELING-XIANGFU|GE-QUALITY|SHI-ZHU-JI|YONGSHEN-STRUCTURE|YONGSHEN-FINAL|ZHONG-HE,"乙巳 丙午 丁未 戊申 己酉 庚戌 辛亥 壬子 癸丑 甲寅
杂气透煞，四柱土多，制煞太过，喜得三月甲木，制食卫煞，兼以化煞，为食重透印也。行官煞运，有甲木
引化，反为美运，最忌财旺破印也。乙巳、丙午、丁未为印绶身旺之地，均吉，丁壬合煞无害，戊申之后无
佳运矣。
(林注：戊申运，申辰暗拱子水，壬水得旺；己酉运，辰酉合金，壬水得原神生，唯甲木被己土合绊；庚戌
运，天干庚金生水；及后一路水运。至癸丑运，",['身旺']
子平真诠,子平真诠-0400,乙巳丙午丁未戊申,丁,HEAVY,REN-CAIGUAN|DESHI-BUWANG|XIEQI-TAIZHONG|HEAVY-ROOT|YIN-PARTY|BIJIE-PARTY|ROOT-STRUCK|ROOT-GAN-PRIORITY|ZHONGGUA-2SIDE|JIRUO-WUGEN|JIWANG-HUAIJI|GE-QING|GE-QUALITY|WANGJI-SIWO-SHENG|SHI-ZHU-JI|TIANGAN-XINGQING|YONGSHEN-STRUCTURE|YONGSHEN-FINAL|ZHONG-HE,"己酉 庚戌 辛亥 壬子 癸丑 甲寅
杂气透煞，四柱土多，制煞太过，喜得三月甲木，制食卫煞，兼以化煞，为食重透印也。行官煞运，有甲木
引化，反为美运，最忌财旺破印也。乙巳、丙午、丁未为印绶身旺之地，均吉，丁壬合煞无害，戊申之后无
佳运矣。
(林注：戊申运，申辰暗拱子水，壬水得旺；己酉运，辰酉合金，壬水得原神生，唯甲木被己土合绊；庚戌
运，天干庚金生水；及后一路水运。至癸丑运，戊癸合，两戌刑丑，方有天",['身旺']
子平真诠,子平真诠-0401,己酉庚戌辛亥壬子,辛,HEAVY,REN-CAIGUAN|SHISHI-BURUO|XIEQI-TAIZHONG|HEAVY-ROOT|YIN-PARTY|BIJIE-PARTY|ROOT-STRUCK|ROOT-GAN-PRIORITY|SHI-GUI-LU|ZHONGGUA-2SIDE|JIRUO-WUGEN|JIWANG-HUAIJI|JISHUAI-CONGSHENG|GE-QUALITY|YONGSHEN-STRUCTURE|YONGSHEN-FINAL|ZHONG-HE,"癸丑 甲寅
杂气透煞，四柱土多，制煞太过，喜得三月甲木，制食卫煞，兼以化煞，为食重透印也。行官煞运，有甲木
引化，反为美运，最忌财旺破印也。乙巳、丙午、丁未为印绶身旺之地，均吉，丁壬合煞无害，戊申之后无
佳运矣。
(林注：戊申运，申辰暗拱子水，壬水得旺；己酉运，辰酉合金，壬水得原神生，唯甲木被己土合绊；庚戌
运，天干庚金生水；及后一路水运。至癸丑运，戊癸合，两戌刑丑，方有天国之邀，寿至八旬外，“戊",['身旺']
子平真诠,子平真诠-0402,丙寅戊戌壬戌辛丑,壬,LIGHT,REN-CAIGUAN|SHISHI-BURUO|LIGHT-ROOT|YIN-PARTY|ROOT-GAN-PRIORITY|SHI-GUI-LU|ZHONGGUA-2SIDE|JIRUO-WUGEN|SHIYONG-YUELING-XIANGFU|GE-QING|GE-QUALITY|SHI-ZHU-JI|YONGSHEN-STRUCTURE|YONGSHEN-FINAL|ZHONG-HE,"己亥 庚子 辛丑 壬寅 癸卯 甲辰
本篇何参政命造，日主弱而煞重，以时上辛印化煞为用，妙在丙财生煞而不破印，两不相碍，为煞印有情
也。以庚子辛丑为最美，壬寅、癸卯、甲辰亦吉。盖不伤印，总无妨碍也。煞用伤官，行运与食同(食伤同
类)。
原文
七煞用财，其以财而去印存食者，不利劫财，伤食皆吉，喜财怕印，透煞亦顺。
**【徐注】**七煞用财，用之方式不同。如身强食重而煞轻，用财泄食伤以滋煞，亦可用财，《","['身强', '日主弱']"
子平真诠,子平真诠-0403,己亥庚子辛丑壬寅,辛,LIGHT,REN-CAIGUAN|SHISHI-BURUO|XIEQI-TAIZHONG|LIGHT-ROOT|YIN-PARTY|BIJIE-PARTY|ROOT-GAN-PRIORITY|ZHONGGUA-2SIDE|JIRUO-WUGEN|JISHUAI-CONGSHENG|GE-QING|GE-QUALITY|SHI-ZHU-JI|YONGSHEN-STRUCTURE|YONGSHEN-FINAL|ZHONG-HE,"癸卯 甲辰
本篇何参政命造，日主弱而煞重，以时上辛印化煞为用，妙在丙财生煞而不破印，两不相碍，为煞印有情
也。以庚子辛丑为最美，壬寅、癸卯、甲辰亦吉。盖不伤印，总无妨碍也。煞用伤官，行运与食同(食伤同
类)。
原文
七煞用财，其以财而去印存食者，不利劫财，伤食皆吉，喜财怕印，透煞亦顺。
**【徐注】**七煞用财，用之方式不同。如身强食重而煞轻，用财泄食伤以滋煞，亦可用财，《滴天髓》所
谓“财滋弱煞","['身强', '日主弱']"
子平真诠,子平真诠-0404,戊戌甲子丁未庚戌,丁,LIGHT,REN-CAIGUAN|SHISHI-BURUO|XIEQI-TAIZHONG|LIGHT-ROOT|YIN-PARTY|ROOT-STRUCK|ROOT-GAN-PRIORITY|SHI-GUI-LU|ZHONGGUA-2SIDE|JIRUO-WUGEN|JISHUAI-CONGSHENG|GE-QUALITY|SHI-ZHU-JI|TIANGAN-XINGQING|YONGSHEN-STRUCTURE|YONGSHEN-FINAL|ZHONG-HE,"乙丑 丙寅 丁卯 戊辰 己巳 庚午
一水四土，制煞太过，本可用甲木制土，无如冬木力薄，不足疏土，且财印并见，无劫相卫，亦不能用印。
丁火通根戌未，得土卫护而身强，反以印为病。用庚去病，泄伤生煞为用。运行戊辰己巳食伤之地，有财泄
其气，不畏食重。原局煞轻，用神在财，透官煞亦顺，惟忌劫财之乡耳。
(林注：深冬丁火，木不厌多。此造应该是用甲木生身，以印化杀，庚金为病，木火为喜用。一路木火运
程，所以贵至",['身强']
子平真诠,子平真诠-0405,乙丑丙寅丁卯戊辰,丁,NONE,SHISHI-BURUO|XIEQI-TAIZHONG|YIN-PARTY|BIJIE-PARTY|ZHONGGUA-2SIDE|WUGEN-YOUFU|JISHUAI-CONGSHENG|SHIYONG-YUELING-XIANGFU|GE-QUALITY|YUN-SHENG-ROOT|SHI-ZHU-JI|TIANGAN-XINGQING|YONGSHEN-STRUCTURE|YONGSHEN-FINAL|ZHONG-HE,"己巳 庚午
一水四土，制煞太过，本可用甲木制土，无如冬木力薄，不足疏土，且财印并见，无劫相卫，亦不能用印。
丁火通根戌未，得土卫护而身强，反以印为病。用庚去病，泄伤生煞为用。运行戊辰己巳食伤之地，有财泄
其气，不畏食重。原局煞轻，用神在财，透官煞亦顺，惟忌劫财之乡耳。
(林注：深冬丁火，木不厌多。此造应该是用甲木生身，以印化杀，庚金为病，木火为喜用。一路木火运
程，所以贵至丞相。徐氏所论谬矣。)
",['身强']
子平真诠,子平真诠-0406,甲申乙亥丙戌庚寅,丙,HEAVY,REN-CAIGUAN|SHISHI-BURUO|HEAVY-ROOT|JUECHU-FENGSHENG|YIN-PARTY|ROOT-STRUCK|ROOT-GAN-PRIORITY|SHI-GUI-LU|ZHONGGUA-2SIDE|JIRUO-WUGEN|SHIYONG-YUELING-XIANGFU|GE-QUALITY|YONGSHEN-STRUCTURE|YONGSHEN-FINAL|ZHONG-HE,"丙子 丁丑 戊寅 己卯 庚辰 辛巳
寅戌拱午而透丙，即是火局，寅亥又合木，煞化为印，甲乙并透，印重身强，取财损印为用，不以煞论也。
戊己运食伤生财自是美运；寅卯印太旺不利；最佳者为庚辰辛十五年，巳运刑冲合并见，不免多事。壬运露
煞不忌，而以劫财之乡为最忌也。
原文
煞带正官，不论去官留煞，去煞留官，身轻则喜助身，食轻则喜助食。莫去取清之物，无伤制煞之神。
**【徐注】**官煞混杂者，以取清为贵，“",['身强']
子平真诠,子平真诠-0407,丙子丁丑戊寅己卯,戊,HEAVY,REN-CAIGUAN|HEAVY-ROOT|YIN-PARTY|BIJIE-PARTY|ROOT-GAN-PRIORITY|ZHONGGUA-2SIDE|JIWANG-HUAIJI|GE-QUALITY|SHI-ZHU-JI|YONGSHEN-STRUCTURE|YONGSHEN-FINAL|ZHONG-HE,"庚辰 辛巳
寅戌拱午而透丙，即是火局，寅亥又合木，煞化为印，甲乙并透，印重身强，取财损印为用，不以煞论也。
戊己运食伤生财自是美运；寅卯印太旺不利；最佳者为庚辰辛十五年，巳运刑冲合并见，不免多事。壬运露
煞不忌，而以劫财之乡为最忌也。
原文
煞带正官，不论去官留煞，去煞留官，身轻则喜助身，食轻则喜助食。莫去取清之物，无伤制煞之神。
**【徐注】**官煞混杂者，以取清为贵，“莫去取清之物，无伤制煞之",['身强']
子平真诠,子平真诠-0408,癸卯丁巳庚寅庚辰,庚,HEAVY,REN-CAIGUAN|SHISHI-BURUO|XIEQI-TAIZHONG|HEAVY-ROOT|BIJIE-PARTY|ROOT-STRUCK|ROOT-GAN-PRIORITY|ZHONGGUA-2SIDE|JIRUO-WUGEN|JISHUAI-CONGSHENG|SHIYONG-YUELING-XIANGFU|GE-QUALITY|SHI-ZHU-JI|YONGSHEN-STRUCTURE|YONGSHEN-FINAL|ZHONG-HE,"丙辰 乙卯 甲寅 癸丑 壬子 辛亥
巳中丙火为煞，丁火为官，丁以巳为根，非混杂也(详得时不旺失时不弱节)。特丁从巳透，官作煞论，以癸
水制煞为用也。最忌见戊己土，所谓“无伤制煞之神”也。乙卯甲寅运，虽不甚吉，而无妨碍，因不伤用也。
癸丑壬子辛亥，用神得地，顺利可知唉。",[]
子平真诠,子平真诠-0409,丙辰乙卯甲寅癸丑,甲,HEAVY,REN-CAIGUAN|DESHI-BUWANG|XIEQI-TAIZHONG|HEAVY-ROOT|YIN-PARTY|BIJIE-PARTY|ROOT-STRUCK|ROOT-GAN-PRIORITY|ZHONGGUA-2SIDE|JIRUO-WUGEN|JIWANG-HUAIJI|GE-QUALITY|WANGJI-SIWO-SHENG|SHI-ZHU-JI|TIANGAN-XINGQING|YONGSHEN-STRUCTURE|YONGSHEN-FINAL|ZHONG-HE,"壬子 辛亥
巳中丙火为煞，丁火为官，丁以巳为根，非混杂也(详得时不旺失时不弱节)。特丁从巳透，官作煞论，以癸
水制煞为用也。最忌见戊己土，所谓“无伤制煞之神”也。乙卯甲寅运，虽不甚吉，而无妨碍，因不伤用也。
癸丑壬子辛亥，用神得地，顺利可知唉。",[]
子平真诠,子平真诠-0410,丙子甲午辛亥辛卯,辛,LIGHT,REN-CAIGUAN|LIGHT-ROOT|ROOT-STRUCK|ROOT-GAN-PRIORITY|WANGCHONG-SHUAI|ZHONGGUA-2SIDE|RI-BEI-HE|JIRUO-WUGEN|GE-QUALITY|SHI-ZHU-JI|YONGSHEN-STRUCTURE|YONGSHEN-FINAL|ZHONG-HE,"乙未 丙申 丁酉 戊戌 己亥 庚子
本篇沈郎中命，以子午冲为去煞留官，似非的论，午亦可为丙火之根，非混也。官作煞论，与上造同，特辛
金不通根，身弱印轻，非行帮身之地不可。制煞虽佳，尚未全美，幸所行之运，申酉比劫之地，戊戌己印
地，足以帮身化煞，补其不足耳。
按此两造，均不能以官煞混杂论，详见《订正滴天髓征义》官煞相混节。
原文
煞无食制而用刃当煞，煞轻刃重则喜助煞，刃轻煞重，则宜制伏，无食可夺，印","['身弱', '身强']"
子平真诠,子平真诠-0411,乙未丙申丁酉戊戌,丁,LIGHT,REN-CAIGUAN|SHISHI-BURUO|XIEQI-TAIZHONG|LIGHT-ROOT|YIN-PARTY|BIJIE-PARTY|ROOT-STRUCK|ROOT-GAN-PRIORITY|SHI-GUI-LU|ZHONGGUA-2SIDE|JIRUO-WUGEN|JISHUAI-CONGSHENG|SHIYONG-YUELING-XIANGFU|GE-QUALITY|SHI-ZHU-JI|TIANGAN-XINGQING|YONGSHEN-STRUCTURE|YONGSHEN-FINAL|ZHONG-HE,"己亥 庚子
本篇沈郎中命，以子午冲为去煞留官，似非的论，午亦可为丙火之根，非混也。官作煞论，与上造同，特辛
金不通根，身弱印轻，非行帮身之地不可。制煞虽佳，尚未全美，幸所行之运，申酉比劫之地，戊戌己印
地，足以帮身化煞，补其不足耳。
按此两造，均不能以官煞混杂论，详见《订正滴天髓征义》官煞相混节。
原文
煞无食制而用刃当煞，煞轻刃重则喜助煞，刃轻煞重，则宜制伏，无食可夺，印运何伤？七煞既纯，杂官不","['身弱', '身强']"
子平真诠,子平真诠-0412,戊辰甲寅戊寅戊午,戊,HEAVY,REN-CAIGUAN|SHISHI-BURUO|HEAVY-ROOT|BIJIE-PARTY|ROOT-GAN-PRIORITY|SHI-GUI-LU|ZHONGGUA-2SIDE|GE-QING|GE-QUALITY|YONGSHEN-STRUCTURE|YONGSHEN-FINAL|ZHONG-HE,"乙卯 丙辰 丁巳 戊午 己未 庚申
身强煞旺，而所行之运，皆是印劫帮身之地，故为美运也。煞虽纯而日元更旺，故乙卯官乡尚有碍，而庚辛
制煞为不吉也。
白话译文
偏官（即七煞，日主的偏克之神）格局在选择行运方向时，须依据命局的具体结构分别对应。
食神制煞格：若煞旺食轻，行运应扶助食神（食伤）；若煞轻食旺，行运应生助七煞；若煞与食势力相
当、但日主根气浅薄，则行运当帮扶日主自身。此格忌正官混入，混则清局",['身强']
子平真诠,子平真诠-0413,乙卯丙辰丁巳戊午,丁,HEAVY,REN-CAIGUAN|SHISHI-BURUO|XIEQI-TAIZHONG|HEAVY-ROOT|YIN-PARTY|BIJIE-PARTY|ROOT-STRUCK|ROOT-GAN-PRIORITY|SHI-GUI-LU|ZHONGGUA-2SIDE|JIRUO-WUGEN|JIWANG-HUAIJI|JISHUAI-CONGSHENG|GE-QUALITY|TIANGAN-XINGQING|YONGSHEN-STRUCTURE|YONGSHEN-FINAL|ZHONG-HE,"己未 庚申
身强煞旺，而所行之运，皆是印劫帮身之地，故为美运也。煞虽纯而日元更旺，故乙卯官乡尚有碍，而庚辛
制煞为不吉也。
白话译文
偏官（即七煞，日主的偏克之神）格局在选择行运方向时，须依据命局的具体结构分别对应。
食神制煞格：若煞旺食轻，行运应扶助食神（食伤）；若煞轻食旺，行运应生助七煞；若煞与食势力相
当、但日主根气浅薄，则行运当帮扶日主自身。此格忌正官混入，混则清局被扰；忌印绶过强夺去食神",['身强']
子平真诠,子平真诠-0414,壬午己酉戊午庚申,戊,HEAVY,REN-CAIGUAN|SHISHI-BURUO|XIEQI-TAIZHONG|HEAVY-ROOT|BIJIE-PARTY|ROOT-STRUCK|ROOT-GAN-PRIORITY|SHI-GUI-LU|ZHONGGUA-2SIDE|JIRUO-WUGEN|JIWANG-HUAIJI|JISHUAI-CONGSHENG|GE-QUALITY|SHI-ZHU-JI|YONGSHEN-STRUCTURE|YONGSHEN-FINAL|ZHONG-HE,"，史春芳命也。
**【徐注】**生官之具者，财也。总之用官者，不宜见伤，用伤者不宜见官，未可并用。亦有伤官见官秀财
以解者，如某侍郎造，",[]
子平真诠,子平真诠-0415,壬戌己酉戊戌乙卯,戊,LIGHT,REN-CAIGUAN|SHISHI-BURUO|LIGHT-ROOT|BIJIE-PARTY|ROOT-STRUCK|ROOT-GAN-PRIORITY|WANGCHONG-SHUAI|ZHONGGUA-2SIDE|JIRUO-WUGEN|GE-QUALITY|SHI-ZHU-JI|YONGSHEN-STRUCTURE|YONGSHEN-FINAL|ZHONG-HE,"，土金伤官，时逢乙卯，为伤官见官。年透壬水，则伤官生财，财生官，官星不但无
伤，伤官反为生官之具，凶转为吉。又某知府造，",[]
子平真诠,子平真诠-0416,庚午己卯壬申己酉,壬,HEAVY,REN-CAIGUAN|SHISHI-BURUO|HEAVY-ROOT|YIN-PARTY|ROOT-GAN-PRIORITY|WANGCHONG-SHUAI|ZHONGGUA-2SIDE|JIWANG-HUAIJI|GE-QUALITY|YONGSHEN-STRUCTURE|YONGSHEN-FINAL|ZHONG-HE,"，水木伤官，己官两透，为伤官见官，喜得年支午藏丁火己土，财官同宫，伤官生财，
转以生官，凶变为可也。至如史春芳造(",[]
子平真诠,子平真诠-0417,壬午己酉戊午庚申,戊,HEAVY,REN-CAIGUAN|SHISHI-BURUO|XIEQI-TAIZHONG|HEAVY-ROOT|BIJIE-PARTY|ROOT-STRUCK|ROOT-GAN-PRIORITY|SHI-GUI-LU|ZHONGGUA-2SIDE|JIRUO-WUGEN|JIWANG-HUAIJI|JISHUAI-CONGSHENG|GE-QUALITY|SHI-ZHU-JI|YONGSHEN-STRUCTURE|YONGSHEN-FINAL|ZHONG-HE,")，乃伤官生财也，不宜见官。身强喜泄，身弱则忌泄，故以身强为第一要点。财有
根，再得伤官以生之，更觉清纯可贵耳。
原文
至于化伤为财，大为秀气，如罗状元命，","['身弱', '身强']"
子平真诠,子平真诠-0418,甲子乙亥辛未戊子,辛,LIGHT,REN-CAIGUAN|SHISHI-BURUO|LIGHT-ROOT|YIN-PARTY|ROOT-STRUCK|ROOT-GAN-PRIORITY|SHI-GUI-LU|ZHONGGUA-2SIDE|JIRUO-WUGEN|GE-QUALITY|YONGSHEN-STRUCTURE|YONGSHEN-FINAL|ZHONG-HE,"，干头之甲，通根于亥，然又会未成局，化水为木，化之生财，尤为有情，所以伤官生
财，冬金不贵，以冻水不能生木。若乃化木，不待于生，安得不为殿元乎？
**【徐注】**三合生旺墓会局，以子午卯酉四正为中心，无四正者，会不成局。盖丁即午，癸即子，辛即
酉，乙即卯也。说见《珞琭子·三命消息赋释昙莹注》。罗状元造，亥未会局而透乙，伤化为财，格局转
清，而木仍有子水生之。盖食伤为财之根，用财者固喜食伤生之，用食",[]
子平真诠,子平真诠-0419,己卯丁丑丙寅庚寅,丙,HEAVY,REN-CAIGUAN|SHISHI-BURUO|XIEQI-TAIZHONG|HEAVY-ROOT|BIJIE-PARTY|ROOT-GAN-PRIORITY|SHI-GUI-LU|ZHONGGUA-2SIDE|JIWANG-HUAIJI|JISHUAI-CONGSHENG|GE-QING|GE-QUALITY|YONGSHEN-STRUCTURE|YONGSHEN-FINAL|ZHONG-HE,"，己与庚同根月令是也。
**【徐注】**格局之高下，全在于清浊。亦有清中转浊、浊中转清者，如以格局论，何格无贵，何格无贱？
要未可一例论也。秦造己与庚同根，月令而透出，为其转清之处，亦即秀气之点也。
原文
有伤官佩印者，印能制伤，所以为贵，反要伤官旺，身稍弱，始为秀气。如孛罗平章命，",[]
子平真诠,子平真诠-0420,壬申丙午甲午壬申,甲,NONE,SHISHI-BURUO|XIEQI-TAIZHONG|YIN-PARTY|ZHONGGUA-2SIDE|WUGEN-YOUFU|JISHUAI-CONGSHENG|GE-QUALITY|YUN-SHENG-ROOT|SHI-ZHU-JI|TIANGAN-XINGQING|YONGSHEN-STRUCTURE|YONGSHEN-FINAL|ZHONG-HE,"、伤官旺，印根深，身又弱，又是夏木逢润，其秀百倍，所以一品之贵。然印旺极深，
不必多见，偏正叠出，反为不秀，故伤轻身重而印绶多见，贫穷之格也。
**【徐注】**凡需要佩印者，必是身弱也。伤旺身弱，泄气太过，则用印制伤而滋身，两得其用。如孛罗平
章造，木衰火旺，得壬水制火以生木，位得其力。至于木火伤官，生于夏令，即身旺亦须略见水以润之，是
为调和气候之例外。不仅木火需要调候，火土亦然。如某县令造，","['身旺', '身弱', '旺极']"
子平真诠,子平真诠-0421,癸酉己未丙午癸巳,丙,HEAVY,REN-CAIGUAN|XIEQI-TAIZHONG|ROOT-GAN-PRIORITY|SHI-GUI-LU|ZHONGGUA-2SIDE|JIWANG-HUAIJI|JISHUAI-CONGSHENG|GE-QING|GE-QUALITY|SHI-ZHU-JI|YONGSHEN-STRUCTURE|YONGSHEN-FINAL|ZHONG-HE,",火炎土燥，必须得水以润之，是为伤官用官，制劫以护财，亦即调候之意也。至于偏正
叠出，略嫌不清，因需要而用之，亦无妨碍，但过多则为病耳。身重则不需要印绶生助，伤轻忌印克制。若
四柱有印而无财，为有病无药。宜为贫穷之格也。
原文
有伤官兼用财印者，财印相克，本不并用，只要干头两清而不相碍；又必生财者，财太旺而带印，佩印者印
太重而带财，调停中和，遂为贵格。如",['中和']
子平真诠,子平真诠-0422,丁酉己酉戊子壬子,戊,NONE,CAIDUO-SHENRUAN|ZHONGGUA-2SIDE|JIRUO-WUGEN|WUGEN-YOUFU|GE-QUALITY|YUN-SHENG-ROOT|SHI-ZHU-JI|YONGSHEN-STRUCTURE|YONGSHEN-FINAL,"，财太重而带印，而丁与壬隔以戊已，两不碍，且金水多而觉寒，得火融和，都统制命
也。又如",[]
子平真诠,子平真诠-0423,壬戌己酉戊午丁巳,戊,HEAVY,REN-CAIGUAN|SHISHI-BURUO|HEAVY-ROOT|YIN-PARTY|BIJIE-PARTY|ROOT-STRUCK|ROOT-GAN-PRIORITY|SHI-GUI-LU|ZHONGGUA-2SIDE|JIRUO-WUGEN|JIWANG-HUAIJI|GE-QUALITY|CAI-RUO-SHEN-QIANG|YONGSHEN-STRUCTURE|YONGSHEN-FINAL|ZHONG-HE,"，印太重而隔戊已，而丁与壬不相碍，一丞相命也。反是则财印不并用而不秀矣。
**【徐注】**伤官兼用财印，实非兼用也，此与财格用印，印格用财相同。丁酉一造，虽不土金伤官，而实
财多身弱，用印以培补日元，用神在印，故运行丙午丁未印地而大发。壬戌一造，火旺土焦，用财以损印，
用神在财，故运行辛亥壬子癸丑财地而大发。表面虽不土金伤官格局，而其实月令伤官，不过为财之根耳。
但财印既并透干头，则以不相碍为最要",['身弱']
子平真诠,子平真诠-0424,己未丙子庚子丙子,庚,NONE,SHISHI-BURUO|SHAZHONG-SHENQING|YIN-PARTY|ZHONGGUA-2SIDE|WUGEN-YOUFU|JISHUAI-CONGSHENG|SHIYONG-YUELING-XIANGFU|GE-QUALITY|YUN-SHENG-ROOT|YONGSHEN-STRUCTURE|YONGSHEN-FINAL|ZHONG-HE,"，蔡贵妃也。煞因伤而有制，两得其宜，只要无财，便为贵格，如壬寅、丁未、丙寅，
夏阁老命是也。
**【徐注】**伤官用煞印者，用神在印也，故云只要无财，便为贵格。如蔡贵妃造，庚金无根，三子泄气，
制伤扶身，全在于印。印赖煞生，而冬令金水伤官，兼赖丙火调候暖局为贵(此造录自《神峰通考》)。夏阁
老造，丙火虽不弱，而火土伤官，生于夏令，赖水润泽，故运行北方水地而愈贵。用神虽在印，而春佳处则
在于调候，若",[]
子平真诠,子平真诠-0425,戊申甲子庚午丁丑,庚,HEAVY,REN-CAIGUAN|SHISHI-BURUO|HEAVY-ROOT|YIN-PARTY|ROOT-STRUCK|ROOT-GAN-PRIORITY|WANGCHONG-SHUAI|SHI-GUI-LU|ZHONGGUA-2SIDE|JIRUO-WUGEN|JIWANG-HUAIJI|SHIYONG-YUELING-XIANGFU|GE-QUALITY|CAI-RUO-SHEN-QIANG|YONGSHEN-STRUCTURE|YONGSHEN-FINAL|ZHONG-HE,"，藏癸露丁，戊甲为辅，官又得禄，所以为丞相之格。若孤官无辅，或官伤并透，则发
福不大矣。
**【徐注】**伤官用官，非金水所独有，惟冬金夏木为最贵耳(参观伤官用财节)。以官不用者，身旺以财为
辅，身弱以印为辅，然亦须地位配置合宜。如此造日元庚金禄于申而得印生，官星丁火禄于午而得财生，申
子会冲，子丑合化印，土金水木火循环相生，虽身旺以财生官为用，而行印地亦得生化，此不可多得者也。
究因身旺，运行东","['身旺', '身弱']"
子平真诠,子平真诠-0426,丙申己亥辛未己亥,辛,HEAVY,REN-CAIGUAN|SHISHI-BURUO|HEAVY-ROOT|YIN-PARTY|ROOT-STRUCK|ROOT-GAN-PRIORITY|HE-HUASHEN-DESHI|ZHONGGUA-2SIDE|RI-BEI-HE|JIRUO-WUGEN|JIWANG-HUAIJI|SHIYONG-YUELING-XIANGFU|GE-QUALITY|SHI-ZHU-JI|YONGSHEN-STRUCTURE|YONGSHEN-FINAL|ZHONG-HE,"，郑丞相命是也。
**【徐注】**化伤为财，当作财论，而此造亥未拱合而无卯，未能化财，月令壬水秉令，仍作金水伤官论。
辛金坐未，又透两己，丙火官星，气泄于印，以亥未中暗财损印生官为用。运至寅卯甲乙，财星透清，继行
南方，官星得地，宜为极秀极贵之命矣。
原文
然亦有非金水而见官，何也？化伤为财，伤非其伤，作财旺生官而不作伤官见官，如",[]
子平真诠,子平真诠-0427,甲子壬申己亥辛未,己,HEAVY,REN-CAIGUAN|XIEQI-TAIZHONG|HEAVY-ROOT|ROOT-STRUCK|ROOT-GAN-PRIORITY|SHI-GUI-LU|ZHONGGUA-2SIDE|RI-BEI-HE|JIRUO-WUGEN|JIWANG-HUAIJI|JISHUAI-CONGSHENG|GE-QUALITY|SHI-ZHU-JI|TIANGAN-XINGQING|YONGSHEN-STRUCTURE|YONGSHEN-FINAL|ZHONG-HE,"，章丞相命也。
**【徐注】**伤官用官，不仅金水化伤为财作财论，此造子申会局，化伤为财，以生甲木，亦以日元己土，
通根于未，身旺能任财官，故为贵也。
(林注：此造土无原神，亥未拱木，克泄并见，当入从格论。其所以贵者，从财生官也。)
原文
至于伤官而官煞并透，只要干头取清，金水得之亦清，不然则空结构而已。
**【徐注】**金水伤官之喜见官星，取以调和气候，非必以官星为用。既非为用，则官煞并透亦复何",['身旺']
子平真诠,子平真诠-0428,壬午己酉戊午庚申,戊,HEAVY,REN-CAIGUAN|SHISHI-BURUO|XIEQI-TAIZHONG|HEAVY-ROOT|BIJIE-PARTY|ROOT-STRUCK|ROOT-GAN-PRIORITY|SHI-GUI-LU|ZHONGGUA-2SIDE|JIRUO-WUGEN|JIWANG-HUAIJI|JISHUAI-CONGSHENG|GE-QUALITY|SHI-ZHU-JI|YONGSHEN-STRUCTURE|YONGSHEN-FINAL|ZHONG-HE,"庚戌 辛亥 壬子 癸丑 甲寅 乙卯
庚申时逢戊日，亦专禄格也(见食格谢阁老造)，而日元坐印，己土透干，亦可作刃论，较谢造尤强。壬水之
财，虽生于申，而隔离太远。运喜食伤财地，辛亥、壬子、癸丑三十年，花团锦簇，洵不易遇，正符身强财
浅，运喜财地，伤官亦宜之说也。",['身强']
子平真诠,子平真诠-0429,庚戌辛亥壬子癸丑,壬,HEAVY,REN-CAIGUAN|HEAVY-ROOT|YIN-PARTY|BIJIE-PARTY|ROOT-GAN-PRIORITY|SHI-GUI-LU|ZHONGGUA-2SIDE|JIWANG-HUAIJI|GE-QING|GE-QUALITY|SHI-ZHU-JI|YONGSHEN-STRUCTURE|YONGSHEN-FINAL|ZHONG-HE,"甲寅 乙卯
庚申时逢戊日，亦专禄格也(见食格谢阁老造)，而日元坐印，己土透干，亦可作刃论，较谢造尤强。壬水之
财，虽生于申，而隔离太远。运喜食伤财地，辛亥、壬子、癸丑三十年，花团锦簇，洵不易遇，正符身强财
浅，运喜财地，伤官亦宜之说也。",['身强']
子平真诠,子平真诠-0430,甲子乙亥辛未戊子,辛,LIGHT,REN-CAIGUAN|SHISHI-BURUO|LIGHT-ROOT|YIN-PARTY|ROOT-STRUCK|ROOT-GAN-PRIORITY|SHI-GUI-LU|ZHONGGUA-2SIDE|JIRUO-WUGEN|GE-QUALITY|YONGSHEN-STRUCTURE|YONGSHEN-FINAL|ZHONG-HE,"丙子 丁丑 戊寅 己卯 庚辰 辛巳
此本篇罗状元命。金水伤官，本喜见官，而此则生于小阳春时节，未中藏火，不虞寒冷，亥未拱合，透出乙
木，则伤官化为财矣。年时两子，仍是食神生财之局，惟日元太弱，运喜印比帮身。庚辰辛十五年，最为美
境；戊寅、己卯二十年，究嫌财旺身弱。再者金水之局，本喜火暖，今原局虽不见官星，而运行东南阳暖之
地，和煦之气，可以补助其不足。言运者必须参合研究之地。",['身弱']
子平真诠,子平真诠-0431,丙子丁丑戊寅己卯,戊,HEAVY,REN-CAIGUAN|HEAVY-ROOT|YIN-PARTY|BIJIE-PARTY|ROOT-GAN-PRIORITY|ZHONGGUA-2SIDE|JIWANG-HUAIJI|GE-QUALITY|SHI-ZHU-JI|YONGSHEN-STRUCTURE|YONGSHEN-FINAL|ZHONG-HE,"庚辰 辛巳
此本篇罗状元命。金水伤官，本喜见官，而此则生于小阳春时节，未中藏火，不虞寒冷，亥未拱合，透出乙
木，则伤官化为财矣。年时两子，仍是食神生财之局，惟日元太弱，运喜印比帮身。庚辰辛十五年，最为美
境；戊寅、己卯二十年，究嫌财旺身弱。再者金水之局，本喜火暖，今原局虽不见官星，而运行东南阳暖之
地，和煦之气，可以补助其不足。言运者必须参合研究之地。",['身弱']
子平真诠,子平真诠-0432,己卯丁丑丙寅庚寅,丙,HEAVY,REN-CAIGUAN|SHISHI-BURUO|XIEQI-TAIZHONG|HEAVY-ROOT|BIJIE-PARTY|ROOT-GAN-PRIORITY|SHI-GUI-LU|ZHONGGUA-2SIDE|JIWANG-HUAIJI|JISHUAI-CONGSHENG|GE-QING|GE-QUALITY|YONGSHEN-STRUCTURE|YONGSHEN-FINAL|ZHONG-HE,"丙子 乙亥 甲戌 癸酉 壬申 辛未
此亦伤官生财格，身旺财轻，与上造适相反。丑为金库，己庚并透，为财伤有情也。酉申辛三运为最美；壬
癸运为伤官见官，虽身旺不甚为忌，究非美运。财为最喜，而食伤则有分别，戊戌未为燥土，不及己丑辰湿
土，以湿土能泄火之气而生金也。
原文
伤官佩印，运行官煞为宜，印运亦吉，伤食不碍，财地则凶。
**【徐注】**伤官佩印者，一由于日元弱，伤官泄气太重，以制伤扶身而用印；二由","['身旺', '身强']"
子平真诠,子平真诠-0433,丙子乙亥甲戌癸酉,甲,HEAVY,REN-CAIGUAN|SHISHI-BURUO|XIEQI-TAIZHONG|HEAVY-ROOT|YIN-PARTY|BIJIE-PARTY|ROOT-GAN-PRIORITY|ZHONGGUA-2SIDE|JIWANG-HUAIJI|JISHUAI-CONGSHENG|GE-QUALITY|SHI-ZHU-JI|TIANGAN-XINGQING|YONGSHEN-STRUCTURE|YONGSHEN-FINAL|ZHONG-HE,"壬申 辛未
此亦伤官生财格，身旺财轻，与上造适相反。丑为金库，己庚并透，为财伤有情也。酉申辛三运为最美；壬
癸运为伤官见官，虽身旺不甚为忌，究非美运。财为最喜，而食伤则有分别，戊戌未为燥土，不及己丑辰湿
土，以湿土能泄火之气而生金也。
原文
伤官佩印，运行官煞为宜，印运亦吉，伤食不碍，财地则凶。
**【徐注】**伤官佩印者，一由于日元弱，伤官泄气太重，以制伤扶身而用印；二由于夏水见火，身强不
弱，","['身旺', '身强']"
子平真诠,子平真诠-0434,壬申丙午甲午壬申,甲,NONE,SHISHI-BURUO|XIEQI-TAIZHONG|YIN-PARTY|ZHONGGUA-2SIDE|WUGEN-YOUFU|JISHUAI-CONGSHENG|GE-QUALITY|YUN-SHENG-ROOT|SHI-ZHU-JI|TIANGAN-XINGQING|YONGSHEN-STRUCTURE|YONGSHEN-FINAL|ZHONG-HE,"丁未 戊申 己酉 庚戌 辛亥 壬子
如本篇孛罗平章造，兼制伤扶身与调和气候二者之用，加倍得力。申酉庚辛反美者，以其生印也。戊己运为
凶，幸为西方之土，临于申酉，原局偏印又旺，尚无大碍，而戌运必不美也。食伤火运，有壬水回克无碍。
原文
伤官而兼用财印，其财多而带印者，运喜助印，印多而带财者，运喜助财。
**【徐注】**伤官而兼用财印，即财格用印，印格用财也。虽月令伤官，而伤官之气，已泄于财，故其枢纽",[]
子平真诠,子平真诠-0435,丁未戊申己酉庚戌,己,HEAVY,REN-CAIGUAN|SHISHI-BURUO|XIEQI-TAIZHONG|HEAVY-ROOT|YIN-PARTY|BIJIE-PARTY|ROOT-STRUCK|ROOT-GAN-PRIORITY|SHI-GUI-LU|ZHONGGUA-2SIDE|JIRUO-WUGEN|JIWANG-HUAIJI|JISHUAI-CONGSHENG|SHIYONG-YUELING-XIANGFU|GE-QUALITY|TIANGAN-XINGQING|YONGSHEN-STRUCTURE|YONGSHEN-FINAL|ZHONG-HE,"辛亥 壬子
如本篇孛罗平章造，兼制伤扶身与调和气候二者之用，加倍得力。申酉庚辛反美者，以其生印也。戊己运为
凶，幸为西方之土，临于申酉，原局偏印又旺，尚无大碍，而戌运必不美也。食伤火运，有壬水回克无碍。
原文
伤官而兼用财印，其财多而带印者，运喜助印，印多而带财者，运喜助财。
**【徐注】**伤官而兼用财印，即财格用印，印格用财也。虽月令伤官，而伤官之气，已泄于财，故其枢纽
在财而不在伤也。财印不",[]
子平真诠,子平真诠-0436,丁酉己酉戊子壬子,戊,NONE,CAIDUO-SHENRUAN|ZHONGGUA-2SIDE|JIRUO-WUGEN|WUGEN-YOUFU|GE-QUALITY|YUN-SHENG-ROOT|SHI-ZHU-JI|YONGSHEN-STRUCTURE|YONGSHEN-FINAL,"戊申 丁未 丙午 乙巳 甲辰 癸卯
一都统制命，财多身弱，喜其财印不相碍(参阅论伤官节)，为财旺用印扶身，兼以调候。运行丁未丙午印地
固美，乙巳甲辰官煞之地亦佳，盖官煞生印，并通财印之气也。",['身弱']
子平真诠,子平真诠-0437,戊申丁未丙午乙巳,丙,HEAVY,REN-CAIGUAN|SHISHI-BURUO|XIEQI-TAIZHONG|YIN-PARTY|BIJIE-PARTY|ROOT-STRUCK|ROOT-GAN-PRIORITY|SHI-GUI-LU|ZHONGGUA-2SIDE|JIRUO-WUGEN|JIWANG-HUAIJI|JISHUAI-CONGSHENG|GE-QING|GE-QUALITY|SHI-ZHU-JI|YONGSHEN-STRUCTURE|YONGSHEN-FINAL|ZHONG-HE,"甲辰 癸卯
一都统制命，财多身弱，喜其财印不相碍(参阅论伤官节)，为财旺用印扶身，兼以调候。运行丁未丙午印地
固美，乙巳甲辰官煞之地亦佳，盖官煞生印，并通财印之气也。",['身弱']
子平真诠,子平真诠-0438,壬戌己酉戊午丁巳,戊,HEAVY,REN-CAIGUAN|SHISHI-BURUO|HEAVY-ROOT|YIN-PARTY|BIJIE-PARTY|ROOT-STRUCK|ROOT-GAN-PRIORITY|SHI-GUI-LU|ZHONGGUA-2SIDE|JIRUO-WUGEN|JIWANG-HUAIJI|GE-QUALITY|CAI-RUO-SHEN-QIANG|YONGSHEN-STRUCTURE|YONGSHEN-FINAL|ZHONG-HE,"庚戌 辛亥 壬子 癸丑 甲寅 乙卯
一丞相命，为印多用财(参观论印节)。喜得丁壬不合，用财损印，用神在财，运行辛亥壬子癸丑财地最美，
甲寅乙卯官煞之地不佳，盖官煞泄财生印也。
原文
伤官而用煞印，印运最利，伤食亦亨，杂官非吉，逢财即危。
**【徐注】**伤官兼透煞印，亦有身强身弱之别，身弱用印扶身，如夏贵妃造：","['身弱', '身强']"
子平真诠,子平真诠-0439,庚戌辛亥壬子癸丑,壬,HEAVY,REN-CAIGUAN|HEAVY-ROOT|YIN-PARTY|BIJIE-PARTY|ROOT-GAN-PRIORITY|SHI-GUI-LU|ZHONGGUA-2SIDE|JIWANG-HUAIJI|GE-QING|GE-QUALITY|SHI-ZHU-JI|YONGSHEN-STRUCTURE|YONGSHEN-FINAL|ZHONG-HE,"甲寅 乙卯
一丞相命，为印多用财(参观论印节)。喜得丁壬不合，用财损印，用神在财，运行辛亥壬子癸丑财地最美，
甲寅乙卯官煞之地不佳，盖官煞泄财生印也。
原文
伤官而用煞印，印运最利，伤食亦亨，杂官非吉，逢财即危。
**【徐注】**伤官兼透煞印，亦有身强身弱之别，身弱用印扶身，如夏贵妃造：","['身弱', '身强']"
子平真诠,子平真诠-0440,己未丙子庚子丙子,庚,NONE,SHISHI-BURUO|SHAZHONG-SHENQING|YIN-PARTY|ZHONGGUA-2SIDE|WUGEN-YOUFU|JISHUAI-CONGSHENG|SHIYONG-YUELING-XIANGFU|GE-QUALITY|YUN-SHENG-ROOT|YONGSHEN-STRUCTURE|YONGSHEN-FINAL|ZHONG-HE,"乙亥 甲戌 癸酉 壬申 辛未 庚午
庚金气泄而弱，用印制伤扶身。十一月金水，气肃而寒，用火调候，即金水伤官喜见官之意，兼以和印也。
年上印绶得用，而幼年必极孤苦；甲合己土，财化为印，戌运印地，此十年为最美也。癸壬食伤运，有印回
克无碍；申酉帮身运，自可行也。杂官有印化，尚无妨碍，逢财破印则身必危也。",[]
子平真诠,子平真诠-0441,乙亥甲戌癸酉壬申,癸,HEAVY,REN-CAIGUAN|SHISHI-BURUO|XIEQI-TAIZHONG|HEAVY-ROOT|BIJIE-PARTY|ROOT-STRUCK|ROOT-GAN-PRIORITY|ZHONGGUA-2SIDE|JIRUO-WUGEN|JISHUAI-CONGSHENG|SHIYONG-YUELING-XIANGFU|GE-QUALITY|SHI-ZHU-JI|TIANGAN-XINGQING|YONGSHEN-STRUCTURE|YONGSHEN-FINAL|ZHONG-HE,"辛未 庚午
庚金气泄而弱，用印制伤扶身。十一月金水，气肃而寒，用火调候，即金水伤官喜见官之意，兼以和印也。
年上印绶得用，而幼年必极孤苦；甲合己土，财化为印，戌运印地，此十年为最美也。癸壬食伤运，有印回
克无碍；申酉帮身运，自可行也。杂官有印化，尚无妨碍，逢财破印则身必危也。",[]
子平真诠,子平真诠-0442,壬寅丁未丙寅壬辰,丙,HEAVY,REN-CAIGUAN|SHISHI-BURUO|HEAVY-ROOT|BIJIE-PARTY|ROOT-GAN-PRIORITY|ZHONGGUA-2SIDE|JIRUO-WUGEN|JIWANG-HUAIJI|SHIYONG-YUELING-XIANGFU|GE-QING|GE-QUALITY|CAI-RUO-SHEN-QIANG|SHI-ZHU-JI|YONGSHEN-STRUCTURE|YONGSHEN-FINAL|ZHONG-HE,"戊申 己酉 庚戌 辛亥 壬子 癸丑
此本篇夏阁老造(参观《命鉴》)，虽煞印并见，而身强印旺，未为木库，丁壬又合而化木(参观十干配合性情
节)，夏月火土，非用水润土，调和气候不可。更喜辰为水库，又属湿土，可以泄丙火之燥，为壬水之根，
故可用也。运酉",['身强']
子平真诠,子平真诠-0443,戊申己酉庚戌辛亥,庚,HEAVY,REN-CAIGUAN|HEAVY-ROOT|YIN-PARTY|BIJIE-PARTY|ROOT-STRUCK|ROOT-GAN-PRIORITY|ZHONGGUA-2SIDE|JIRUO-WUGEN|JIWANG-HUAIJI|GE-QUALITY|SHI-ZHU-JI|YONGSHEN-STRUCTURE|YONGSHEN-FINAL|ZHONG-HE,"壬子 癸丑
此本篇夏阁老造(参观《命鉴》)，虽煞印并见，而身强印旺，未为木库，丁壬又合而化木(参观十干配合性情
节)，夏月火土，非用水润土，调和气候不可。更喜辰为水库，又属湿土，可以泄丙火之燥，为壬水之根，
故可用也。运酉",['身强']
子平真诠,子平真诠-0444,庚戌辛亥壬子癸丑,壬,HEAVY,REN-CAIGUAN|HEAVY-ROOT|YIN-PARTY|BIJIE-PARTY|ROOT-GAN-PRIORITY|SHI-GUI-LU|ZHONGGUA-2SIDE|JIWANG-HUAIJI|GE-QING|GE-QUALITY|SHI-ZHU-JI|YONGSHEN-STRUCTURE|YONGSHEN-FINAL|ZHONG-HE,"金水财煞之乡，自然富贵，劫印食伤，均不宜也。
原文
伤官带煞，喜印忌财，然伤重煞轻，运喜印而财亦吉。惟七煞根重，则运喜伤食，印绶身旺亦吉，而逢财为
凶矣。
**【徐注】**伤官带煞而原局无印，普通皆喜印化煞制伤扶身，为最佳之运，如乐吾自造(见论偏官杂气煞
节)是也。若伤官重而煞轻，则为制煞太过，有印卫煞，印运固美，财运亦吉。举例以明之：",['身旺']
子平真诠,子平真诠-0445,辛卯戊戌丙辰己亥,丙,LIGHT,REN-CAIGUAN|XIEQI-TAIZHONG|LIGHT-ROOT|ROOT-STRUCK|ROOT-GAN-PRIORITY|ZHONGGUA-2SIDE|RI-BEI-HE|JIRUO-WUGEN|JISHUAI-CONGSHENG|GE-QUALITY|SHI-ZHU-JI|YONGSHEN-STRUCTURE|YONGSHEN-FINAL|ZHONG-HE,"丁酉 丙申 乙未 甲午 癸巳 壬辰
戊戌辰己四土，伤官重，而时逢亥水独煞，以煞为用，申运泄土生水为美。至局未支，亥卯未暗合木局，制
土而卫煞，科甲连登；至甲午支，甲己合土化伤。流年己巳冲去亥水，不禄。
七煞根重者，如近代浙江省长张载阳造：",[]
子平真诠,子平真诠-0446,丁酉丙申乙未甲午,乙,LIGHT,REN-CAIGUAN|SHISHI-BURUO|XIEQI-TAIZHONG|LIGHT-ROOT|TENGLUO-XIJIA|BIJIE-PARTY|ROOT-GAN-PRIORITY|SHI-GUI-LU|ZHONGGUA-2SIDE|JIRUO-WUGEN|JISHUAI-CONGSHENG|GE-QING|GE-QUALITY|SHI-ZHU-JI|TIANGAN-XINGQING|YONGSHEN-STRUCTURE|YONGSHEN-FINAL|ZHONG-HE,"癸巳 壬辰
戊戌辰己四土，伤官重，而时逢亥水独煞，以煞为用，申运泄土生水为美。至局未支，亥卯未暗合木局，制
土而卫煞，科甲连登；至甲午支，甲己合土化伤。流年己巳冲去亥水，不禄。
七煞根重者，如近代浙江省长张载阳造：",[]
子平真诠,子平真诠-0447,癸酉乙丑庚寅丙子,庚,HEAVY,REN-CAIGUAN|XIEQI-TAIZHONG|ROOT-STRUCK|ROOT-GAN-PRIORITY|ZHONGGUA-2SIDE|RI-BEI-HE|JIRUO-WUGEN|JIWANG-HUAIJI|JISHUAI-CONGSHENG|SHIYONG-YUELING-XIANGFU|GE-QING|GE-QUALITY|YONGSHEN-STRUCTURE|YONGSHEN-FINAL|ZHONG-HE,"甲子 癸亥 壬戌 辛酉 庚申 己未
此造虽非月令伤官，而十二月余气，时子年癸，亦作杂气伤官论也。丙火七煞，通根于寅，为根重，癸亥至
己未伤印比劫均美，而以辛酉庚申身旺之地为尤佳。特不可再行财乡煞地耳。
原文
伤官用官，运喜财印，不利食伤，若局中官露而财印两旺，则比劫伤官，未绐非吉矣。
**【徐注】**伤官用官，大都为调候而取用；用官本喜财乡，制伤护官，印运亦美，全在四柱配置得宜也。
如：",['身旺']
子平真诠,子平真诠-0448,甲子癸亥壬戌辛酉,壬,HEAVY,REN-CAIGUAN|DESHI-BUWANG|XIEQI-TAIZHONG|HEAVY-ROOT|YIN-PARTY|BIJIE-PARTY|ROOT-STRUCK|ROOT-GAN-PRIORITY|ZHONGGUA-2SIDE|JIRUO-WUGEN|JIWANG-HUAIJI|GE-QUALITY|WANGJI-SIWO-SHENG|YONGSHEN-STRUCTURE|YONGSHEN-FINAL|ZHONG-HE,"庚申 己未
此造虽非月令伤官，而十二月余气，时子年癸，亦作杂气伤官论也。丙火七煞，通根于寅，为根重，癸亥至
己未伤印比劫均美，而以辛酉庚申身旺之地为尤佳。特不可再行财乡煞地耳。
原文
伤官用官，运喜财印，不利食伤，若局中官露而财印两旺，则比劫伤官，未绐非吉矣。
**【徐注】**伤官用官，大都为调候而取用；用官本喜财乡，制伤护官，印运亦美，全在四柱配置得宜也。
如：",['身旺']
子平真诠,子平真诠-0449,戊申甲子庚午丁丑,庚,HEAVY,REN-CAIGUAN|SHISHI-BURUO|HEAVY-ROOT|YIN-PARTY|ROOT-STRUCK|ROOT-GAN-PRIORITY|WANGCHONG-SHUAI|SHI-GUI-LU|ZHONGGUA-2SIDE|JIRUO-WUGEN|JIWANG-HUAIJI|SHIYONG-YUELING-XIANGFU|GE-QUALITY|CAI-RUO-SHEN-QIANG|YONGSHEN-STRUCTURE|YONGSHEN-FINAL|ZHONG-HE,"乙丑 丙寅 丁卯 戊辰 己巳 庚午 辛未
本篇一丞相造，以伤生财，以财生官，若伤下官星并透，则不足取矣。以官为用，运喜财乡，而行印运亦
美。所以",[]
子平真诠,子平真诠-0450,乙丑丙寅丁卯戊辰,丁,NONE,SHISHI-BURUO|XIEQI-TAIZHONG|YIN-PARTY|BIJIE-PARTY|ZHONGGUA-2SIDE|WUGEN-YOUFU|JISHUAI-CONGSHENG|SHIYONG-YUELING-XIANGFU|GE-QUALITY|YUN-SHENG-ROOT|SHI-ZHU-JI|TIANGAN-XINGQING|YONGSHEN-STRUCTURE|YONGSHEN-FINAL|ZHONG-HE,"己巳 庚午 辛未
本篇一丞相造，以伤生财，以财生官，若伤下官星并透，则不足取矣。以官为用，运喜财乡，而行印运亦
美。所以",[]
子平真诠,子平真诠-0451,丙寅丁卯戊辰己巳,戊,HEAVY,REN-CAIGUAN|SHISHI-BURUO|HEAVY-ROOT|YIN-PARTY|BIJIE-PARTY|ROOT-STRUCK|ROOT-GAN-PRIORITY|SHI-GUI-LU|ZHONGGUA-2SIDE|JIRUO-WUGEN|GE-QUALITY|YONGSHEN-STRUCTURE|YONGSHEN-FINAL|ZHONG-HE,"、庚午均为美运也。
甲子 壬申 己亥 辛未",[]
子平真诠,子平真诠-0452,甲子壬申己亥辛未,己,HEAVY,REN-CAIGUAN|XIEQI-TAIZHONG|HEAVY-ROOT|ROOT-STRUCK|ROOT-GAN-PRIORITY|SHI-GUI-LU|ZHONGGUA-2SIDE|RI-BEI-HE|JIRUO-WUGEN|JIWANG-HUAIJI|JISHUAI-CONGSHENG|GE-QUALITY|SHI-ZHU-JI|TIANGAN-XINGQING|YONGSHEN-STRUCTURE|YONGSHEN-FINAL|ZHONG-HE,"癸酉 甲戌 乙亥 丙子 丁丑 戊寅
虽月令伤官，而子申合局，伤化为财，作财旺生官论，不作伤官用官论。行运官印帮身为美。财已旺，不宜
再见，伤官亦不相宜。此本篇单丞相造也。
白话译文
伤官格的行运分析，要依据伤官所构成的具体格局来分别对待。
伤官配财：若财星旺盛而日主偏弱，则适合走印星、比劫之运，以扶助身元；若日主强旺而财星浅薄，则
喜走财运，走伤官运亦可。
伤官佩印（以印星制约伤官）：适合走官杀运",[]
子平真诠,子平真诠-0453,癸酉甲戌乙亥丙子,乙,NONE,SHISHI-BURUO|XIEQI-TAIZHONG|TENGLUO-XIJIA|YIN-PARTY|BIJIE-PARTY|ZHONGGUA-2SIDE|WUGEN-YOUFU|JISHUAI-CONGSHENG|GE-QUALITY|YUN-SHENG-ROOT|TIANGAN-XINGQING|YONGSHEN-STRUCTURE|YONGSHEN-FINAL|ZHONG-HE,"丁丑 戊寅
虽月令伤官，而子申合局，伤化为财，作财旺生官论，不作伤官用官论。行运官印帮身为美。财已旺，不宜
再见，伤官亦不相宜。此本篇单丞相造也。
白话译文
伤官格的行运分析，要依据伤官所构成的具体格局来分别对待。
伤官配财：若财星旺盛而日主偏弱，则适合走印星、比劫之运，以扶助身元；若日主强旺而财星浅薄，则
喜走财运，走伤官运亦可。
伤官佩印（以印星制约伤官）：适合走官杀运与印星运，走食伤运亦无大",[]
子平真诠,子平真诠-0454,癸未乙卯甲子己巳,甲,HEAVY,REN-CAIGUAN|DESHI-BUWANG|HEAVY-ROOT|YIN-PARTY|BIJIE-PARTY|ROOT-STRUCK|ROOT-GAN-PRIORITY|ZHONGGUA-2SIDE|RI-BEI-HE|JIRUO-WUGEN|JIWANG-HUAIJI|GE-QUALITY|SHI-ZHU-JI|TIANGAN-XINGQING|YONGSHEN-STRUCTURE|YONGSHEN-FINAL|ZHONG-HE,"，刃旺煞轻，财印为佐，印运为美，至亥运三合会刃，而冲巳，流年辛酉合煞，煞刃相
战，岁运冲激，惨遭奇祸。此阳刃格之最著者也(参观《命鉴》)。
原文
阳刃用官，透刃不虑；阳刃露煞，透刃无成。盖官能制刃，透而不为害；刃能合煞，则有何功？如丙生午
月，透壬制刃，而又露丁，丁与壬合，则七煞有贪合忘克之意，如何制刃？故无功也。
**【徐注】**月令阳刃，非皆以官煞为用，特日元旺逾其度者，非用官煞制刃，则不成贵",['身旺']
子平真诠,子平真诠-0455,戊子戊午丙辰戊戌,丙,HEAVY,REN-CAIGUAN|DESHI-BUWANG|XIEQI-TAIZHONG|HEAVY-ROOT|ROOT-STRUCK|ROOT-GAN-PRIORITY|WANGCHONG-SHUAI|SHI-GUI-LU|ZHONGGUA-2SIDE|JIRUO-WUGEN|JIWANG-HUAIJI|SHIYONG-YUELING-XIANGFU|GE-QUALITY|WANGJI-SIWO-SHENG|SHI-ZHU-JI|YONGSHEN-STRUCTURE|YONGSHEN-FINAL|ZHONG-HE,"，月令阳刃，泄气太甚，反嫌身弱，须助其刃。子水官星不透，为戊土所制，不能为
用，反须以印去食助刃为美，即其例也。煞刃并透，合煞无功，如",['身弱']
子平真诠,子平真诠-0456,甲申乙卯甲寅庚午,甲,HEAVY,REN-CAIGUAN|DESHI-BUWANG|HEAVY-ROOT|BIJIE-PARTY|ROOT-STRUCK|ROOT-GAN-PRIORITY|WANGCHONG-SHUAI|ZHONGGUA-2SIDE|JIRUO-WUGEN|JIWANG-HUAIJI|GE-QUALITY|SHI-ZHU-JI|TIANGAN-XINGQING|YONGSHEN-STRUCTURE|YONGSHEN-FINAL|ZHONG-HE,"，为一内官命造，则以贪合忘克也。
原文
然同是官煞制刃，而格亦有高低，如官煞露而根深，其贵也大；官煞藏而不露，或露而根浅，其贵也小。若",[]
子平真诠,子平真诠-0457,己酉丙子壬寅丙午,壬,HEAVY,REN-CAIGUAN|DESHI-BUWANG|HEAVY-ROOT|ROOT-STRUCK|ROOT-GAN-PRIORITY|WANGCHONG-SHUAI|ZHONGGUA-2SIDE|JIRUO-WUGEN|JIWANG-HUAIJI|GE-QUALITY|SHI-ZHU-JI|YONGSHEN-STRUCTURE|YONGSHEN-FINAL|ZHONG-HE,"，官透有力，旺财生之，丞相命也。又
辛酉 甲午 丙申 壬辰，透煞根浅，财印助之，亦丞相命也。
**【徐注】**己酉一造，己禄于午，寅午会局，丙火两透，财旺生煞，子水之刃不免孤立。好在财不破印，
运行西北，焉得不贵！辛丑一造，煞刃两停，故财印并美。然而以藏而不露为贵小，似未尽然。如逊清和绅
命造，",[]
子平真诠,子平真诠-0458,辛酉甲午丙申壬辰,丙,HEAVY,REN-CAIGUAN|DESHI-BUWANG|HEAVY-ROOT|YIN-PARTY|ROOT-GAN-PRIORITY|ZHONGGUA-2SIDE|RI-BEI-HE|JIRUO-WUGEN|JIWANG-HUAIJI|GE-QING|GE-QUALITY|SHI-ZHU-JI|YONGSHEN-STRUCTURE|YONGSHEN-FINAL|ZHONG-HE,"，透煞根浅，财印助之，亦丞相命也。
**【徐注】**己酉一造，己禄于午，寅午会局，丙火两透，财旺生煞，子水之刃不免孤立。好在财不破印，
运行西北，焉得不贵！辛丑一造，煞刃两停，故财印并美。然而以藏而不露为贵小，似未尽然。如逊清和绅
命造，",[]
子平真诠,子平真诠-0459,庚午乙酉庚午壬午,庚,HEAVY,REN-CAIGUAN|HEAVY-ROOT|BIJIE-PARTY|ROOT-GAN-PRIORITY|HE-HUASHEN-DESHI|ZHONGGUA-2SIDE|RI-BEI-HE|JIRUO-WUGEN|JIWANG-HUAIJI|GE-QUALITY|CAI-RUO-SHEN-QIANG|WANGJI-SIWO-SHENG|SHI-ZHU-JI|YONGSHEN-STRUCTURE|YONGSHEN-FINAL|ZHONG-HE,"，官刃均藏而不露，好在乙从庚化，不助官星，官星得壬水损之。运行戊子己丑，化官
助身，位极人臣；至寅运会午，财生官旺，而家破身亡。足见格之高低，在于清浊；露而根深，则格局清，
所以为贵耳。
原文
然亦有官煞制刃带伤食而贵者，何也？或是印护，或是煞太重而裁损之，官煞轻而取清之，如穆同知命，",[]
子平真诠,子平真诠-0460,甲午癸酉庚寅戊寅,庚,HEAVY,REN-CAIGUAN|DESHI-BUWANG|HEAVY-ROOT|YIN-PARTY|ROOT-GAN-PRIORITY|ZHONGGUA-2SIDE|JIRUO-WUGEN|JIWANG-HUAIJI|GE-QING|GE-QUALITY|WANGJI-SIWO-SHENG|SHI-ZHU-JI|YONGSHEN-STRUCTURE|YONGSHEN-FINAL|ZHONG-HE,，癸水伤寅午之官，而戊以合之，所谓印护也，如贾平章命，,[]
子平真诠,子平真诠-0461,甲寅庚午戊申甲寅,戊,HEAVY,REN-CAIGUAN|XIEQI-TAIZHONG|HEAVY-ROOT|ROOT-STRUCK|ROOT-GAN-PRIORITY|WANGCHONG-SHUAI|SHI-GUI-LU|ZHONGGUA-2SIDE|JIRUO-WUGEN|JIWANG-HUAIJI|JISHUAI-CONGSHENG|GE-QUALITY|SHI-ZHU-JI|YONGSHEN-STRUCTURE|YONGSHEN-FINAL|ZHONG-HE,，煞两透而根太重，食以制之，所谓裁损也。如,[]
子平真诠,子平真诠-0462,丙戌丁酉庚申壬午,庚,HEAVY,REN-CAIGUAN|DESHI-BUWANG|XIEQI-TAIZHONG|HEAVY-ROOT|ROOT-STRUCK|ROOT-GAN-PRIORITY|ZHONGGUA-2SIDE|JIRUO-WUGEN|JIWANG-HUAIJI|GE-QUALITY|CAI-RUO-SHEN-QIANG|WANGJI-SIWO-SHENG|SHI-ZHU-JI|YONGSHEN-STRUCTURE|YONGSHEN-FINAL|ZHONG-HE,"，官煞竞出，而壬合丁官，煞纯而不杂。况阳刃之格，利于留煞，所谓取清也。
**【徐注】**煞刃带伤食，官煞被制，格之病也，戊印合癸，去其病神，所以为贵。穆造惜乎寅午隔酉，不
能会合，又无纯粹印运。若年时寅午互易其位，格局更胜。贾平章造，年月寅午会局，乃印而非刃庚金通根
于申，身强煞旺而有制，戊生午月，火土炎燥，宜水以润之，所以调候也，似未可作煞刃格看。丙戌一造，
丁壬合官留煞，格局取清，然官煞竞出。",['身强']
子平真诠,子平真诠-0463,辛卯丁酉庚午丙子,庚,HEAVY,REN-CAIGUAN|DESHI-BUWANG|HEAVY-ROOT|BIJIE-PARTY|ROOT-STRUCK|ROOT-GAN-PRIORITY|WANGCHONG-SHUAI|ZHONGGUA-2SIDE|JIRUO-WUGEN|JIWANG-HUAIJI|GE-QUALITY|YONGSHEN-STRUCTURE|YONGSHEN-FINAL|ZHONG-HE,"，即阳刃格，官煞竞出也。
原文
其于丙生午月，内藏己土，可以克水，尤宜带财佩印，若戊生午月，干透丙火，支会火局，则化刃为印，或
官或煞，透则去刃存印其格愈清。倘或财煞并透露，则犯去印存煞之忌，不作生煞制煞之例，富贵两空矣。
**【徐注】**丙生午月，带财佩印，如",[]
子平真诠,子平真诠-0464,丙寅甲午丙申壬辰,丙,HEAVY,REN-CAIGUAN|DESHI-BUWANG|HEAVY-ROOT|YIN-PARTY|BIJIE-PARTY|ROOT-STRUCK|ROOT-GAN-PRIORITY|ZHONGGUA-2SIDE|JIRUO-WUGEN|JIWANG-HUAIJI|GE-QUALITY|SHI-ZHU-JI|YONGSHEN-STRUCTURE|YONGSHEN-FINAL|ZHONG-HE,"一造，申辰拱合，壬水通根，刃旺煞强，财不破印，为美，所以掌兵刑生杀大权也。如
寅申易位，年申日寅，刃旺而煞不强，即非贵格。又如",[]
子平真诠,子平真诠-0465,丙寅甲午丙午癸巳,丙,HEAVY,REN-CAIGUAN|HEAVY-ROOT|YIN-PARTY|BIJIE-PARTY|ROOT-STRUCK|ROOT-GAN-PRIORITY|SHI-GUI-LU|ZHONGGUA-2SIDE|JIRUO-WUGEN|JIWANG-HUAIJI|GE-QUALITY|SHI-ZHU-JI|YONGSHEN-STRUCTURE|YONGSHEN-FINAL|ZHONG-HE,"，佩印不带财，癸水官星无根，滴水熬干，不能为用，只能从其强势，失其中和，亦非
美格也。至若戊生午月，火炎土燥，再加支会火局，干透丙丁，旺之极矣，如透官煞，木从火势，反助其
旺，何能去刃存印？如",['中和']
子平真诠,子平真诠-0466,戊午戊午戊午甲寅,戊,HEAVY,REN-CAIGUAN|SHISHI-BURUO|HEAVY-ROOT|BIJIE-PARTY|ROOT-STRUCK|ROOT-GAN-PRIORITY|SHI-GUI-LU|ZHONGGUA-2SIDE|JIWANG-HUAIJI|GE-QUALITY|CAI-RUO-SHEN-QIANG|SHI-ZHU-JI|YONGSHEN-STRUCTURE|YONGSHEN-FINAL|ZHONG-HE,"，虽丙丁未透，然以寅午拱合，甲木反助炎势，须行金泄土制煞方美。水运逆为用者，
如",[]
子平真诠,子平真诠-0467,甲寅庚午戊寅甲寅,戊,HEAVY,REN-CAIGUAN|HEAVY-ROOT|ROOT-GAN-PRIORITY|SHI-GUI-LU|ZHONGGUA-2SIDE|JIWANG-HUAIJI|GE-QING|GE-QUALITY|CAI-RUO-SHEN-QIANG|SHI-ZHU-JI|YONGSHEN-STRUCTURE|YONGSHEN-FINAL|ZHONG-HE,"，甲木通根寅禄，煞旺去刃存印，以印化煞，为得其中和，福寿富贵，名利两全。此造
妙在无财，庚金无根，可置不用，若透财，则破印生煞，格局全破矣。
原文
更若阳刃用财，格所不喜，然财根深而用伤食，以转刃生财，虽不比建禄月劫，可以取贵，亦可就富。不
然，则刃与财相搏，不成局矣。
**【徐注】**月令阳刃，日元必旺，财根若深，两相对峙，必用伤官食神以通其气，所谓通关也。如",['中和']
子平真诠,子平真诠-0468,甲申丙子壬寅辛亥,壬,HEAVY,REN-CAIGUAN|DESHI-BUWANG|XIEQI-TAIZHONG|HEAVY-ROOT|YIN-PARTY|ROOT-STRUCK|ROOT-GAN-PRIORITY|HE-HUASHEN-DESHI|SHI-GUI-LU|ZHONGGUA-2SIDE|JIRUO-WUGEN|JIWANG-HUAIJI|GE-QUALITY|WANGJI-SIWO-SHENG|YONGSHEN-STRUCTURE|YONGSHEN-FINAL|ZHONG-HE,"，喜寅亥相合，木火得其生地，子申会局，食神又得生扶，财气通门户，富格也。若刃
旺财轻而无食伤，如",[]
子平真诠,子平真诠-0469,戊子戊午戊戌戊午,戊,HEAVY,REN-CAIGUAN|SHISHI-BURUO|HEAVY-ROOT|BIJIE-PARTY|ROOT-STRUCK|ROOT-GAN-PRIORITY|WANGCHONG-SHUAI|SHI-GUI-LU|ZHONGGUA-2SIDE|JIRUO-WUGEN|JIWANG-HUAIJI|SHIYONG-YUELING-XIANGFU|GE-QUALITY|YONGSHEN-STRUCTURE|YONGSHEN-FINAL|ZHONG-HE,"，有一申字为子水之根，虽金水不透，非富贵之格，然有相当之结局。
白话译文
阳刃，是夺取正财之神（命局中代表财富的十神），地位相当于正财的七杀（克制之神）。阳刃位于禄位
（日主最旺之地）前一步，只有五阳干（甲、丙、戊、庚、壬）才有，故称阳刃。之所以不叫""劫""而
叫""刃""，是因为其夺财之力远比普通比劫凶猛。
阳刃宜被制服，官星与七杀皆可制刃，若再有财星和印星（保护日主的星神）相配，则尤为贵显。在其他
",[]
子平真诠,子平真诠-0470,己酉丙子壬申丙午,壬,HEAVY,REN-CAIGUAN|DESHI-BUWANG|HEAVY-ROOT|ROOT-STRUCK|ROOT-GAN-PRIORITY|WANGCHONG-SHUAI|ZHONGGUA-2SIDE|JIRUO-WUGEN|JIWANG-HUAIJI|GE-QUALITY|SHI-ZHU-JI|YONGSHEN-STRUCTURE|YONGSHEN-FINAL|ZHONG-HE,"乙亥 甲戌 癸酉 壬申 辛未 庚午
财旺生官也，虽月令阳刃而财更旺，喜得己酉官印相生，财官印刃，周流不滞。运行印绶比劫之方，皆为美
运，官运亦吉，如癸酉壬申辛未三十年是也。甲木食神合官，乙木伤碍官星，均非吉地耳。
(林注：此造应该是身财两停，可任财官。金运官印相生，所以吉；然火运也吉，皆财可生官，兼作调候暖
局之用；惟伤食木运，破官不利。)
原文
阳刃用煞，煞不甚旺，则运喜助煞；煞若太重，则运喜身",['身旺']
子平真诠,子平真诠-0471,乙亥甲戌癸酉壬申,癸,HEAVY,REN-CAIGUAN|SHISHI-BURUO|XIEQI-TAIZHONG|HEAVY-ROOT|BIJIE-PARTY|ROOT-STRUCK|ROOT-GAN-PRIORITY|ZHONGGUA-2SIDE|JIRUO-WUGEN|JISHUAI-CONGSHENG|SHIYONG-YUELING-XIANGFU|GE-QUALITY|SHI-ZHU-JI|TIANGAN-XINGQING|YONGSHEN-STRUCTURE|YONGSHEN-FINAL|ZHONG-HE,"辛未 庚午
财旺生官也，虽月令阳刃而财更旺，喜得己酉官印相生，财官印刃，周流不滞。运行印绶比劫之方，皆为美
运，官运亦吉，如癸酉壬申辛未三十年是也。甲木食神合官，乙木伤碍官星，均非吉地耳。
(林注：此造应该是身财两停，可任财官。金运官印相生，所以吉；然火运也吉，皆财可生官，兼作调候暖
局之用；惟伤食木运，破官不利。)
原文
阳刃用煞，煞不甚旺，则运喜助煞；煞若太重，则运喜身旺印绶，伤食亦不为忌。
",['身旺']
子平真诠,子平真诠-0472,辛丑甲午丙申壬辰,丙,HEAVY,REN-CAIGUAN|DESHI-BUWANG|HEAVY-ROOT|YIN-PARTY|ROOT-STRUCK|ROOT-GAN-PRIORITY|ZHONGGUA-2SIDE|RI-BEI-HE|JIRUO-WUGEN|JIWANG-HUAIJI|GE-QUALITY|SHI-ZHU-JI|YONGSHEN-STRUCTURE|YONGSHEN-FINAL|ZHONG-HE,"癸巳 壬辰 辛卯 庚寅 己丑 戊子
为本篇又一丞相造。煞透根深，虽月令阳刃，而身非旺，用印化煞，而喜阳刃制财以护印也。初运官煞，虽
不相宜，然有印化无碍；中运印地，庚辛金不通根，而滋煞助印，均为美运；己丑戊食伤制煞，有印回克，
亦可行也；子运冲刃，则非吉矣。
月令阳刃而透官煞，官煞以制刃成格；若又透伤食，则克泄交集，须视四柱之配合如何，未可一定。如本篇
穆同知造：",[]
子平真诠,子平真诠-0473,癸巳壬辰辛卯庚寅,辛,NONE,SHISHI-BURUO|XIEQI-TAIZHONG|BIJIE-PARTY|ZHONGGUA-2SIDE|WUGEN-YOUFU|JISHUAI-CONGSHENG|SHIYONG-YUELING-XIANGFU|GE-QUALITY|YUN-SHENG-ROOT|SHI-ZHU-JI|YONGSHEN-STRUCTURE|YONGSHEN-FINAL|ZHONG-HE,"己丑 戊子
为本篇又一丞相造。煞透根深，虽月令阳刃，而身非旺，用印化煞，而喜阳刃制财以护印也。初运官煞，虽
不相宜，然有印化无碍；中运印地，庚辛金不通根，而滋煞助印，均为美运；己丑戊食伤制煞，有印回克，
亦可行也；子运冲刃，则非吉矣。
月令阳刃而透官煞，官煞以制刃成格；若又透伤食，则克泄交集，须视四柱之配合如何，未可一定。如本篇
穆同知造：",[]
子平真诠,子平真诠-0474,甲午癸酉庚寅戊寅,庚,HEAVY,REN-CAIGUAN|DESHI-BUWANG|HEAVY-ROOT|YIN-PARTY|ROOT-GAN-PRIORITY|ZHONGGUA-2SIDE|JIRUO-WUGEN|JIWANG-HUAIJI|GE-QING|GE-QUALITY|WANGJI-SIWO-SHENG|SHI-ZHU-JI|YONGSHEN-STRUCTURE|YONGSHEN-FINAL|ZHONG-HE,"甲戌 乙亥 丙子 丁丑 戊寅 己卯
月令阳刃，用午火官星制刃，而透癸水伤官破格，喜时上戊土合去癸水，官刃依然成格，与上节刃用官相同
也。寅午会局，才生官旺，喜行印绶比劫之地，而忌伤食，子水冲午，决非佳运也。",[]
子平真诠,子平真诠-0475,甲戌乙亥丙子丁丑,丙,LIGHT,REN-CAIGUAN|SHISHI-BURUO|LIGHT-ROOT|JUECHU-FENGSHENG|YIN-PARTY|BIJIE-PARTY|ROOT-GAN-PRIORITY|ZHONGGUA-2SIDE|JIRUO-WUGEN|GE-QING|GE-QUALITY|SHI-ZHU-JI|YONGSHEN-STRUCTURE|YONGSHEN-FINAL|ZHONG-HE,"戊寅 己卯
月令阳刃，用午火官星制刃，而透癸水伤官破格，喜时上戊土合去癸水，官刃依然成格，与上节刃用官相同
也。寅午会局，才生官旺，喜行印绶比劫之地，而忌伤食，子水冲午，决非佳运也。",[]
子平真诠,子平真诠-0476,甲寅庚午戊申甲寅,戊,HEAVY,REN-CAIGUAN|XIEQI-TAIZHONG|HEAVY-ROOT|ROOT-STRUCK|ROOT-GAN-PRIORITY|WANGCHONG-SHUAI|SHI-GUI-LU|ZHONGGUA-2SIDE|JIRUO-WUGEN|JIWANG-HUAIJI|JISHUAI-CONGSHENG|GE-QUALITY|SHI-ZHU-JI|YONGSHEN-STRUCTURE|YONGSHEN-FINAL|ZHONG-HE,"辛未 壬申 癸酉 甲戌 乙亥 丙子
此本篇贾平章造，丁巳同禄于午，然寅午会局，刃化为印。年时甲寅，七煞太旺，喜申冲寅，庚制甲，裁制
其太过；更喜申中壬水润泽，使火不炎，土不燥。虽月令阳刃，而归入煞刃格，稍嫌牵强耳。运行壬申癸酉
最美。
原文
阳刃而官煞并出，不论去官去煞，运喜制伏，身旺亦利，财地官乡反为不吉也。
**【徐注】**阳刃而官煞并透，去官去煞，与偏官格合官合煞相同，所谓“莫去取清之物”是",['身旺']
子平真诠,子平真诠-0477,辛未壬申癸酉甲戌,癸,NONE,SHISHI-BURUO|XIEQI-TAIZHONG|YIN-PARTY|BIJIE-PARTY|ZHONGGUA-2SIDE|WUGEN-YOUFU|JISHUAI-CONGSHENG|SHIYONG-YUELING-XIANGFU|GE-QUALITY|YUN-SHENG-ROOT|SHI-ZHU-JI|TIANGAN-XINGQING|YONGSHEN-STRUCTURE|YONGSHEN-FINAL|ZHONG-HE,"乙亥 丙子
此本篇贾平章造，丁巳同禄于午，然寅午会局，刃化为印。年时甲寅，七煞太旺，喜申冲寅，庚制甲，裁制
其太过；更喜申中壬水润泽，使火不炎，土不燥。虽月令阳刃，而归入煞刃格，稍嫌牵强耳。运行壬申癸酉
最美。
原文
阳刃而官煞并出，不论去官去煞，运喜制伏，身旺亦利，财地官乡反为不吉也。
**【徐注】**阳刃而官煞并透，去官去煞，与偏官格合官合煞相同，所谓“莫去取清之物”是也。余同用官用
煞节。",['身旺']
子平真诠,子平真诠-0478,丙戌丁酉庚申壬午,庚,HEAVY,REN-CAIGUAN|DESHI-BUWANG|XIEQI-TAIZHONG|HEAVY-ROOT|ROOT-STRUCK|ROOT-GAN-PRIORITY|ZHONGGUA-2SIDE|JIRUO-WUGEN|JIWANG-HUAIJI|GE-QUALITY|CAI-RUO-SHEN-QIANG|WANGJI-SIWO-SHENG|SHI-ZHU-JI|YONGSHEN-STRUCTURE|YONGSHEN-FINAL|ZHONG-HE,"戊戌 己亥 庚子 辛丑 壬寅 癸卯
此丁壬合官留煞也，合官则煞清而纯，愈现其美；煞重，运宜制煞之乡，身旺亦美。但戊己印绶则不为吉，
因其克制壬水，去取清之物也。若壬水不透；而用官煞，则印绶为美运矣。此其不同之点也。
阳刃用财，必须有食伤通关，用食伤则喜行财地，其取运与建禄同，不赘。
白话译文
阳刃用官：月令为阳刃（日主极旺）而以官星为用神时，行运应当助旺官星。但若命局中官星本已根深力
足，则走印绶",['身旺']
子平真诠,子平真诠-0479,戊戌己亥庚子辛丑,庚,LIGHT,REN-CAIGUAN|SHISHI-BURUO|LIGHT-ROOT|YIN-PARTY|BIJIE-PARTY|ROOT-GAN-PRIORITY|SHI-GUI-LU|ZHONGGUA-2SIDE|JIRUO-WUGEN|GE-QING|GE-QUALITY|YONGSHEN-STRUCTURE|YONGSHEN-FINAL|ZHONG-HE,"壬寅 癸卯
此丁壬合官留煞也，合官则煞清而纯，愈现其美；煞重，运宜制煞之乡，身旺亦美。但戊己印绶则不为吉，
因其克制壬水，去取清之物也。若壬水不透；而用官煞，则印绶为美运矣。此其不同之点也。
阳刃用财，必须有食伤通关，用食伤则喜行财地，其取运与建禄同，不赘。
白话译文
阳刃用官：月令为阳刃（日主极旺）而以官星为用神时，行运应当助旺官星。但若命局中官星本已根深力
足，则走印绶、比劫之运反而是好运——",['身旺']
子平真诠,子平真诠-0480,庚戌戊子癸酉癸亥,癸,HEAVY,REN-CAIGUAN|DESHI-BUWANG|HEAVY-ROOT|YIN-PARTY|BIJIE-PARTY|ROOT-STRUCK|ROOT-GAN-PRIORITY|SHI-GUI-LU|ZHONGGUA-2SIDE|RI-BEI-HE|JIRUO-WUGEN|JIWANG-HUAIJI|GE-QUALITY|TIANGAN-XINGQING|YONGSHEN-STRUCTURE|YONGSHEN-FINAL|ZHONG-HE,"，金丞相命是也。有用官而财助者，如
丁酉 丙午 丁巳 壬寅，李知府命是也。
**【徐注】**财印相随，非并用财印(详论官篇)。用官而印护者，以印制伤也，如金丞相造，戊土官星，通
根于戌，好在戊癸合而不化，以酉金护官为用也。用官而财助者，以财生官也，如知府造，年支酉金，隔离
太远，巳邀酉而近之，生助官星，丁壬亦喜其合而不化，则格局清也。
原文
有官而兼带财印者，所谓身强值三奇，尤为贵气。三奇者，财官",['身强']
子平真诠,子平真诠-0481,丁酉丙午丁巳壬寅,丁,HEAVY,REN-CAIGUAN|HEAVY-ROOT|BIJIE-PARTY|ROOT-STRUCK|ROOT-GAN-PRIORITY|ZHONGGUA-2SIDE|RI-BEI-HE|JIRUO-WUGEN|JIWANG-HUAIJI|GE-QUALITY|TIANGAN-XINGQING|YONGSHEN-STRUCTURE|YONGSHEN-FINAL|ZHONG-HE,"，李知府命是也。
**【徐注】**财印相随，非并用财印(详论官篇)。用官而印护者，以印制伤也，如金丞相造，戊土官星，通
根于戌，好在戊癸合而不化，以酉金护官为用也。用官而财助者，以财生官也，如知府造，年支酉金，隔离
太远，巳邀酉而近之，生助官星，丁壬亦喜其合而不化，则格局清也。
原文
有官而兼带财印者，所谓身强值三奇，尤为贵气。三奇者，财官印也，只要以官隔之，使财印两不相伤，其
格便大，如",['身强']
子平真诠,子平真诠-0482,庚午戊子癸卯丁巳,癸,HEAVY,REN-CAIGUAN|DESHI-BUWANG|HEAVY-ROOT|YIN-PARTY|ROOT-STRUCK|ROOT-GAN-PRIORITY|WANGCHONG-SHUAI|ZHONGGUA-2SIDE|RI-BEI-HE|JIRUO-WUGEN|JIWANG-HUAIJI|GE-QUALITY|SHI-ZHU-JI|TIANGAN-XINGQING|YONGSHEN-STRUCTURE|YONGSHEN-FINAL|ZHONG-HE,"，王少师命是也。
**【徐注】**三奇之说，各家不同。以财官印为三奇，亦命家之一说也。然干透必须支藏，天覆地载，方为
全美。如此造丁火通根于午，庚通根于巳，支藏干透，方为有根。财印隔离，各处其用，而不相碍，宜乎为
贵格也。
原文
禄劫用财，须带食伤，盖月令为劫而以财作用，二物相克，必以伤食化之，始可转劫生财，如",[]
子平真诠,子平真诠-0483,甲子丙子癸丑壬辰,癸,HEAVY,REN-CAIGUAN|DESHI-BUWANG|XIEQI-TAIZHONG|HEAVY-ROOT|BIJIE-PARTY|ROOT-STRUCK|ROOT-GAN-PRIORITY|SHI-GUI-LU|ZHONGGUA-2SIDE|JIRUO-WUGEN|JIWANG-HUAIJI|SHIYONG-YUELING-XIANGFU|GE-QING|GE-QUALITY|CAI-RUO-SHEN-QIANG|WANGJI-SIWO-SHENG|SHI-ZHU-JI|TIANGAN-XINGQING|YONGSHEN-STRUCTURE|YONGSHEN-FINAL|ZHONG-HE,"，张都统命是也。
**【徐注】**月令禄劫而用财者，必有伤食为枢纽，与阳刃格相同。张都统造木不通支，喜得水木土互相卫
护，可以培植甲木之根。运行戊寅、己卯、为最美也。
原文
至于化劫为财，与化劫为生，尤为秀气。如",[]
子平真诠,子平真诠-0484,己未己巳丁未辛丑,丁,HEAVY,REN-CAIGUAN|DESHI-BUWANG|XIEQI-TAIZHONG|HEAVY-ROOT|ROOT-STRUCK|ROOT-GAN-PRIORITY|ZHONGGUA-2SIDE|JIRUO-WUGEN|JIWANG-HUAIJI|GE-QUALITY|WANGJI-SIWO-SHENG|SHI-ZHU-JI|TIANGAN-XINGQING|YONGSHEN-STRUCTURE|YONGSHEN-FINAL|ZHONG-HE,"，丑与巳会，即以劫财之火为金局之财，安得不为大贵？所谓化劫为财也。如高尚书
命，",[]
子平真诠,子平真诠-0485,庚子甲申庚子甲申,庚,HEAVY,REN-CAIGUAN|HEAVY-ROOT|BIJIE-PARTY|ROOT-GAN-PRIORITY|SHI-GUI-LU|ZHONGGUA-2SIDE|JIWANG-HUAIJI|SHIYONG-YUELING-XIANGFU|GE-QING|GE-QUALITY|CAI-RUO-SHEN-QIANG|YONGSHEN-STRUCTURE|YONGSHEN-FINAL|ZHONG-HE,"，即以劫财之金，化为生财之水，所谓化劫为生也。
**【徐注】**己未一造，四柱之中五重土，木嫌泄气太重，巳丑拱合辛金，建禄化财，日元更弱，所以运行
丙寅丁卯印劫之地为贵。高尚书造，月时两禄，年透比肩，日元不弱，子中化劫为生，逆行水木火地均美。
两造皆清纯之极，宜为贵格。
原文
禄劫用煞，必须制伏，如娄参政命，",[]
子平真诠,子平真诠-0486,丁巳壬子癸卯己未,癸,HEAVY,REN-CAIGUAN|DESHI-BUWANG|HEAVY-ROOT|BIJIE-PARTY|ROOT-STRUCK|ROOT-GAN-PRIORITY|ZHONGGUA-2SIDE|JIRUO-WUGEN|JIWANG-HUAIJI|GE-QUALITY|SHI-ZHU-JI|TIANGAN-XINGQING|YONGSHEN-STRUCTURE|YONGSHEN-FINAL|ZHONG-HE,"，壬合丁财以去其党煞，卯未会局以制伏是也。
**【徐注】**禄劫用煞，与普通用煞相同，身旺煞强，以食神制煞为用。丁壬一合，干头取清，尤妙者巳中
丙火伏藏，财不党煞，而有调和气候之用。水暖木得滋长，土亦不冻，为吉神暗藏也。
原文
至用煞而又逢财，本为不美，然能去煞存财，又成贵格。",['身旺']
子平真诠,子平真诠-0487,戊辰癸亥壬午丙午,壬,HEAVY,REN-CAIGUAN|DESHI-BUWANG|HEAVY-ROOT|BIJIE-PARTY|ROOT-GAN-PRIORITY|ZHONGGUA-2SIDE|JIRUO-WUGEN|JIWANG-HUAIJI|GE-QUALITY|SHI-ZHU-JI|YONGSHEN-STRUCTURE|YONGSHEN-FINAL|ZHONG-HE,"，合煞存财，袁内阁命是也。
**【徐注】**合财合煞，同为格局取清之用。月劫用财，必藉伤食之化，已见前节。袁内阁造，午中财官同
得禄，似为合煞留官，以财生官为用神，非专以财为用，亦非专以合煞取贵也。
原文
其禄劫之格，无财官而用伤食，泄其太过，亦为秀气。唯春木秋金，用之则贵，盖木逢火则明，金生水则
灵。如张状元命，",[]
子平真诠,子平真诠-0488,甲子丙寅甲子丙寅,甲,HEAVY,REN-CAIGUAN|DESHI-BUWANG|XIEQI-TAIZHONG|HEAVY-ROOT|BIJIE-PARTY|ROOT-GAN-PRIORITY|SHI-GUI-LU|ZHONGGUA-2SIDE|JIWANG-HUAIJI|SHIYONG-YUELING-XIANGFU|GE-QING|GE-QUALITY|WANGJI-SIWO-SHENG|SHI-ZHU-JI|TIANGAN-XINGQING|YONGSHEN-STRUCTURE|YONGSHEN-FINAL|ZHONG-HE,"，木火通明也；又
癸卯 庚申 庚子 庚辰，金水相涵也。
**【徐注】**张造两干不杂，木火通明，为食神格。更喜佩印，调停中和，运宜财地。癸卯一造，庚日申子
辰全，为金水伤官中之井栏叉格。年支卯木，泄水旺气，运喜东方财地，所谓庚日全逢润下，忌壬癸巳午之
方是也。伤官格中，以金水相涵、木火通明、水木菁华，为最秀而贵。若火土、土金，不免偏燥，更须调停
中和，方得完美也。
原文
更有禄劫而官煞竞出，必取清",['中和']
子平真诠,子平真诠-0489,癸卯庚申庚子庚辰,庚,HEAVY,REN-CAIGUAN|DESHI-BUWANG|XIEQI-TAIZHONG|HEAVY-ROOT|BIJIE-PARTY|ROOT-GAN-PRIORITY|ZHONGGUA-2SIDE|JIWANG-HUAIJI|SHIYONG-YUELING-XIANGFU|GE-QUALITY|WANGJI-SIWO-SHENG|SHI-ZHU-JI|YONGSHEN-STRUCTURE|YONGSHEN-FINAL|ZHONG-HE,"，金水相涵也。
**【徐注】**张造两干不杂，木火通明，为食神格。更喜佩印，调停中和，运宜财地。癸卯一造，庚日申子
辰全，为金水伤官中之井栏叉格。年支卯木，泄水旺气，运喜东方财地，所谓庚日全逢润下，忌壬癸巳午之
方是也。伤官格中，以金水相涵、木火通明、水木菁华，为最秀而贵。若火土、土金，不免偏燥，更须调停
中和，方得完美也。
原文
更有禄劫而官煞竞出，必取清方为贵格。如一平章命，",['中和']
子平真诠,子平真诠-0490,辛丑庚寅甲辰乙亥,甲,HEAVY,REN-CAIGUAN|DESHI-BUWANG|HEAVY-ROOT|BIJIE-PARTY|ROOT-STRUCK|ROOT-GAN-PRIORITY|SHI-GUI-LU|ZHONGGUA-2SIDE|JIRUO-WUGEN|JIWANG-HUAIJI|SHIYONG-YUELING-XIANGFU|GE-QING|GE-QUALITY|TIANGAN-XINGQING|YONGSHEN-STRUCTURE|YONGSHEN-FINAL|ZHONG-HE,"、合煞留官也；如
辛亥 庚寅 甲申 丙寅，制煞留官也。
**【徐注】**官煞竞出，以取清为贵，合与制，皆取清之法也。然辛丑一造，乙庚相合，庚金未曾合去。辛
亥一造，庚金通根于申，克而不净。官煞并见者，作为煞看，一以印化煞为用，一以食制煞为用也。如",[]
子平真诠,子平真诠-0491,辛亥庚寅甲申丙寅,甲,HEAVY,REN-CAIGUAN|DESHI-BUWANG|XIEQI-TAIZHONG|HEAVY-ROOT|ROOT-STRUCK|ROOT-GAN-PRIORITY|WANGCHONG-SHUAI|SHI-GUI-LU|ZHONGGUA-2SIDE|JIRUO-WUGEN|JIWANG-HUAIJI|SHIYONG-YUELING-XIANGFU|GE-QUALITY|WANGJI-SIWO-SHENG|SHI-ZHU-JI|TIANGAN-XINGQING|YONGSHEN-STRUCTURE|YONGSHEN-FINAL|ZHONG-HE,"，制煞留官也。
**【徐注】**官煞竞出，以取清为贵，合与制，皆取清之法也。然辛丑一造，乙庚相合，庚金未曾合去。辛
亥一造，庚金通根于申，克而不净。官煞并见者，作为煞看，一以印化煞为用，一以食制煞为用也。如",[]
子平真诠,子平真诠-0492,甲辰己巳戊辰乙卯,戊,HEAVY,REN-CAIGUAN|SHISHI-BURUO|HEAVY-ROOT|BIJIE-PARTY|ROOT-STRUCK|ROOT-GAN-PRIORITY|ZHONGGUA-2SIDE|JIRUO-WUGEN|JIWANG-HUAIJI|GE-QUALITY|SHI-ZHU-JI|YONGSHEN-STRUCTURE|YONGSHEN-FINAL|ZHONG-HE,"，合煞留官也；又
丙辰 辛卯 乙亥 庚辰，亦合煞留官也。盖合制为求其去，合而不去，依然不清。且官煞混杂而四柱配置合
宜，即无合制，亦可富贵。如",[]
子平真诠,子平真诠-0493,丙辰辛卯乙亥庚辰,乙,HEAVY,REN-CAIGUAN|HEAVY-ROOT|ROOT-STRUCK|ROOT-GAN-PRIORITY|SHI-GUI-LU|ZHONGGUA-2SIDE|RI-BEI-HE|JIRUO-WUGEN|JIWANG-HUAIJI|SHIYONG-YUELING-XIANGFU|GE-QUALITY|WANGJI-SIWO-SHENG|SHI-ZHU-JI|TIANGAN-XINGQING|YONGSHEN-STRUCTURE|YONGSHEN-FINAL|ZHONG-HE,"，亦合煞留官也。盖合制为求其去，合而不去，依然不清。且官煞混杂而四柱配置合
宜，即无合制，亦可富贵。如",[]
子平真诠,子平真诠-0494,丙辰丁酉庚午戊寅,庚,HEAVY,REN-CAIGUAN|DESHI-BUWANG|HEAVY-ROOT|YIN-PARTY|ROOT-GAN-PRIORITY|ZHONGGUA-2SIDE|JIWANG-HUAIJI|GE-QING|GE-QUALITY|SHI-ZHU-JI|YONGSHEN-STRUCTURE|YONGSHEN-FINAL|ZHONG-HE,"，丙煞生于寅，丁官禄于午，并透通根，真混杂也，发印化官煞为用，一郡守造也。
原文
倘或两官竞出，亦须制伏，所谓争正官不可无伤也。
**【徐注】**官多便作煞论，煞轻便作官看。如一造，",[]
子平真诠,子平真诠-0495,庚寅壬午丁卯壬寅,丁,HEAVY,REN-CAIGUAN|HEAVY-ROOT|ROOT-STRUCK|ROOT-GAN-PRIORITY|ZHONGGUA-2SIDE|RI-BEI-HE|JIRUO-WUGEN|JIWANG-HUAIJI|GE-QING|GE-QUALITY|CAI-RUO-SHEN-QIANG|TIANGAN-XINGQING|YONGSHEN-STRUCTURE|YONGSHEN-FINAL|ZHONG-HE,"，两官竞出，露而无极，过财官旺运而财发巨万。虽不贵而富，可见非定须制伏也。
原文
若夫用官而孤官无辅，格局更小，难于取贵，若透伤食便不破格。然亦有官伤并透而贵者，何也？如",[]
子平真诠,子平真诠-0496,己酉乙亥壬戌庚子,壬,HEAVY,REN-CAIGUAN|DESHI-BUWANG|XIEQI-TAIZHONG|HEAVY-ROOT|YIN-PARTY|ROOT-STRUCK|ROOT-GAN-PRIORITY|SHI-GUI-LU|ZHONGGUA-2SIDE|JIRUO-WUGEN|JIWANG-HUAIJI|GE-QUALITY|WANGJI-SIWO-SHENG|YONGSHEN-STRUCTURE|YONGSHEN-FINAL|ZHONG-HE,"，庚合乙而去伤存官，王总兵命也。
**【徐注】**王总兵造，乙庚相合，化伤为印，格局取清；己土卑湿，不足以止水，喜其通根于戌，火土厚
重，足固提防。运行官印之地，为足贵也。
原文
用财而不透伤食，便难于发端，然干头透一位而不杂，地支根多，亦可取富，但不贵耳。
**【徐注】**禄劫用财与阳刃相同必以食伤为枢纽，但格局清而运相助，亦有定富贵者。如",[]
子平真诠,子平真诠-0497,丁丑辛亥癸亥癸亥,癸,HEAVY,REN-CAIGUAN|HEAVY-ROOT|YIN-PARTY|BIJIE-PARTY|ROOT-STRUCK|ROOT-GAN-PRIORITY|SHI-GUI-LU|ZHONGGUA-2SIDE|JIRUO-WUGEN|JIWANG-HUAIJI|SHIYONG-YUELING-XIANGFU|GE-QUALITY|CAI-RUO-SHEN-QIANG|TIANGAN-XINGQING|YONGSHEN-STRUCTURE|YONGSHEN-FINAL|ZHONG-HE,"，月劫用财，亥中湿木，不能引化，喜其运行南方(丁未、丙午、乙巳)，亦可富贵。此
前清某观察造，科甲出身者也。
原文
用官煞重而无制伏，运行制伏，亦可发财，但不可官煞太重，致令身危也。
**【徐注】**官煞重而无食伤制伏，必须有印方可，否则，身轻煞重，再行食伤之运，克泄交加，必危及身
命。如一造，",[]
子平真诠,子平真诠-0498,戊寅丙辰己卯丙寅,己,HEAVY,REN-CAIGUAN|HEAVY-ROOT|YIN-PARTY|BIJIE-PARTY|ROOT-STRUCK|ROOT-GAN-PRIORITY|ZHONGGUA-2SIDE|JIRUO-WUGEN|JIWANG-HUAIJI|SHIYONG-YUELING-XIANGFU|GE-QUALITY|SHI-ZHU-JI|TIANGAN-XINGQING|YONGSHEN-STRUCTURE|YONGSHEN-FINAL|ZHONG-HE,"，支全东方，官煞旺也，喜得月时两丙帮身。早处比劫，困苦不堪；中年庚申辛酉，为
食伤制伏之乡，发财数十万；晚年行财地，破印助煞，复一败涂地。此我乡一富翁之造也。
白话译文
建禄格，是指出生月份的地支恰好落在日主（命主天干）的""临官""之位；月劫格，则是月令地支藏有日主
的劫财（阳干为羊刃，阴干为劫财）。两者性质相近，可归为同一类讨论，不必强行区分——它们都不能
直接以月令本身充当用神（格局核心调节元素",[]
子平真诠,子平真诠-0499,庚戌戊子癸酉癸亥,癸,HEAVY,REN-CAIGUAN|DESHI-BUWANG|HEAVY-ROOT|YIN-PARTY|BIJIE-PARTY|ROOT-STRUCK|ROOT-GAN-PRIORITY|SHI-GUI-LU|ZHONGGUA-2SIDE|RI-BEI-HE|JIRUO-WUGEN|JIWANG-HUAIJI|GE-QUALITY|TIANGAN-XINGQING|YONGSHEN-STRUCTURE|YONGSHEN-FINAL|ZHONG-HE,"己丑 庚寅 辛卯 壬辰 癸巳 甲午
月令建禄，戊土官星，通根于戌，为官有根也。庚金为辅，然身旺无劳印生，惟行运至食伤之地，取以护官
耳。庚寅辛卯壬辰运，均平平，癸巳之后，运转南方，财生官旺，其得意当在晚年也。
原文
财生喜印，宜官星之植根，畏伤食之相侮，逢财愈见其功，杂煞岂能无碍？
**【徐注】**财生喜印者，原局有财生官也。虽用在财官支须有印，则不畏官旺。印如透出，而财自不相
碍，即为三奇格，见",['身旺']
子平真诠,子平真诠-0500,己丑庚寅辛卯壬辰,辛,LIGHT,REN-CAIGUAN|SHISHI-BURUO|XIEQI-TAIZHONG|LIGHT-ROOT|YIN-PARTY|BIJIE-PARTY|ROOT-STRUCK|ROOT-GAN-PRIORITY|ZHONGGUA-2SIDE|JIRUO-WUGEN|JISHUAI-CONGSHENG|SHIYONG-YUELING-XIANGFU|GE-QUALITY|SHI-ZHU-JI|YONGSHEN-STRUCTURE|YONGSHEN-FINAL|ZHONG-HE,"癸巳 甲午
月令建禄，戊土官星，通根于戌，为官有根也。庚金为辅，然身旺无劳印生，惟行运至食伤之地，取以护官
耳。庚寅辛卯壬辰运，均平平，癸巳之后，运转南方，财生官旺，其得意当在晚年也。
原文
财生喜印，宜官星之植根，畏伤食之相侮，逢财愈见其功，杂煞岂能无碍？
**【徐注】**财生喜印者，原局有财生官也。虽用在财官支须有印，则不畏官旺。印如透出，而财自不相
碍，即为三奇格，见下王少师造。印护喜财，财",['身旺']
子平真诠,子平真诠-0501,丁酉丙午丁巳壬寅,丁,HEAVY,REN-CAIGUAN|HEAVY-ROOT|BIJIE-PARTY|ROOT-STRUCK|ROOT-GAN-PRIORITY|ZHONGGUA-2SIDE|RI-BEI-HE|JIRUO-WUGEN|JIWANG-HUAIJI|GE-QUALITY|TIANGAN-XINGQING|YONGSHEN-STRUCTURE|YONGSHEN-FINAL|ZHONG-HE,"乙巳 甲辰 癸卯 壬寅 辛丑 庚子 己亥 戊戌
此本篇李知府造，喜巳酉会，引财而近之，以生壬水官星，更喜时逢寅，为财印相随也。壬寅官印，辛丑庚
子财官之地最美，己亥尚可无妨，戊戌则不能行，所谓伤食相侮也。",[]
子平真诠,子平真诠-0502,乙巳甲辰癸卯壬寅,癸,LIGHT,REN-CAIGUAN|SHISHI-BURUO|XIEQI-TAIZHONG|LIGHT-ROOT|BIJIE-PARTY|ROOT-STRUCK|ROOT-GAN-PRIORITY|ZHONGGUA-2SIDE|JIRUO-WUGEN|JISHUAI-CONGSHENG|SHIYONG-YUELING-XIANGFU|GE-QUALITY|SHI-ZHU-JI|TIANGAN-XINGQING|YONGSHEN-STRUCTURE|YONGSHEN-FINAL|ZHONG-HE,"辛丑 庚子 己亥 戊戌
此本篇李知府造，喜巳酉会，引财而近之，以生壬水官星，更喜时逢寅，为财印相随也。壬寅官印，辛丑庚
子财官之地最美，己亥尚可无妨，戊戌则不能行，所谓伤食相侮也。",[]
子平真诠,子平真诠-0503,辛丑庚子己亥戊戌,己,HEAVY,REN-CAIGUAN|SHISHI-BURUO|XIEQI-TAIZHONG|HEAVY-ROOT|BIJIE-PARTY|ROOT-GAN-PRIORITY|SHI-GUI-LU|ZHONGGUA-2SIDE|JISHUAI-CONGSHENG|GE-QING|GE-QUALITY|TIANGAN-XINGQING|YONGSHEN-STRUCTURE|YONGSHEN-FINAL|ZHONG-HE,"此本篇李知府造，喜巳酉会，引财而近之，以生壬水官星，更喜时逢寅，为财印相随也。壬寅官印，辛丑庚
子财官之地最美，己亥尚可无妨，戊戌则不能行，所谓伤食相侮也。",[]
子平真诠,子平真诠-0504,庚午戊子癸卯丁巳,癸,HEAVY,REN-CAIGUAN|DESHI-BUWANG|HEAVY-ROOT|YIN-PARTY|ROOT-STRUCK|ROOT-GAN-PRIORITY|WANGCHONG-SHUAI|ZHONGGUA-2SIDE|RI-BEI-HE|JIRUO-WUGEN|JIWANG-HUAIJI|GE-QUALITY|SHI-ZHU-JI|TIANGAN-XINGQING|YONGSHEN-STRUCTURE|YONGSHEN-FINAL|ZHONG-HE,"己丑 庚寅 辛卯 壬辰 癸巳 甲午
此本篇王少师造，为财官印三奇格也。喜其官印通根巳，财星得禄于午，支藏干透，天覆地载。若仅露干而
不藏支，亦不足贵。更喜年印时财，两不相碍，戊癸相合，蜜蜂之情，专向日主，宜其贵为少师矣。运喜财
官而印亦美，与财生喜印相同。
原文
禄劫用财而带伤食，财食重则喜印绶，而不忌比肩；财食轻则宜助财，而不喜印比。逢煞无伤，遇官非福。
**【徐注】**禄劫与阳刃相等，单用财为",[]
子平真诠,子平真诠-0505,己丑庚寅辛卯壬辰,辛,LIGHT,REN-CAIGUAN|SHISHI-BURUO|XIEQI-TAIZHONG|LIGHT-ROOT|YIN-PARTY|BIJIE-PARTY|ROOT-STRUCK|ROOT-GAN-PRIORITY|ZHONGGUA-2SIDE|JIRUO-WUGEN|JISHUAI-CONGSHENG|SHIYONG-YUELING-XIANGFU|GE-QUALITY|SHI-ZHU-JI|YONGSHEN-STRUCTURE|YONGSHEN-FINAL|ZHONG-HE,"癸巳 甲午
此本篇王少师造，为财官印三奇格也。喜其官印通根巳，财星得禄于午，支藏干透，天覆地载。若仅露干而
不藏支，亦不足贵。更喜年印时财，两不相碍，戊癸相合，蜜蜂之情，专向日主，宜其贵为少师矣。运喜财
官而印亦美，与财生喜印相同。
原文
禄劫用财而带伤食，财食重则喜印绶，而不忌比肩；财食轻则宜助财，而不喜印比。逢煞无伤，遇官非福。
**【徐注】**禄劫与阳刃相等，单用财为格所忌，非带伤食，不能用",[]
子平真诠,子平真诠-0506,甲子丙子癸丑丙辰,癸,HEAVY,REN-CAIGUAN|DESHI-BUWANG|XIEQI-TAIZHONG|HEAVY-ROOT|ROOT-STRUCK|ROOT-GAN-PRIORITY|SHI-GUI-LU|ZHONGGUA-2SIDE|JIRUO-WUGEN|JIWANG-HUAIJI|SHIYONG-YUELING-XIANGFU|GE-QING|GE-QUALITY|CAI-RUO-SHEN-QIANG|WANGJI-SIWO-SHENG|SHI-ZHU-JI|TIANGAN-XINGQING|YONGSHEN-STRUCTURE|YONGSHEN-FINAL|ZHONG-HE,"丁丑 戊寅 己卯 庚辰 辛巳 壬午
甲丙皆不通根，伤官太轻，宜行食伤运以助财。戊寅己卯运，食伤之地最佳，庚辰非吉。此造惜无",[]
子平真诠,子平真诠-0507,丁丑戊寅己卯庚辰,己,HEAVY,REN-CAIGUAN|SHISHI-BURUO|XIEQI-TAIZHONG|HEAVY-ROOT|YIN-PARTY|BIJIE-PARTY|ROOT-STRUCK|ROOT-GAN-PRIORITY|SHI-GUI-LU|ZHONGGUA-2SIDE|JIRUO-WUGEN|JISHUAI-CONGSHENG|SHIYONG-YUELING-XIANGFU|GE-QUALITY|SHI-ZHU-JI|TIANGAN-XINGQING|YONGSHEN-STRUCTURE|YONGSHEN-FINAL|ZHONG-HE,"辛巳 壬午
甲丙皆不通根，伤官太轻，宜行食伤运以助财。戊寅己卯运，食伤之地最佳，庚辰非吉。此造惜无",[]
子平真诠,子平真诠-0508,甲寅乙卯丙辰丁巳,丙,HEAVY,REN-CAIGUAN|SHISHI-BURUO|HEAVY-ROOT|YIN-PARTY|BIJIE-PARTY|ROOT-STRUCK|ROOT-GAN-PRIORITY|SHI-GUI-LU|ZHONGGUA-2SIDE|JIRUO-WUGEN|JIWANG-HUAIJI|GE-QUALITY|SHI-ZHU-JI|YONGSHEN-STRUCTURE|YONGSHEN-FINAL|ZHONG-HE,"等运以助之也。
己未 己巳 丁未 辛丑",[]
子平真诠,子平真诠-0509,己未己巳丁未辛丑,丁,HEAVY,REN-CAIGUAN|DESHI-BUWANG|XIEQI-TAIZHONG|HEAVY-ROOT|ROOT-STRUCK|ROOT-GAN-PRIORITY|ZHONGGUA-2SIDE|JIRUO-WUGEN|JIWANG-HUAIJI|GE-QUALITY|WANGJI-SIWO-SHENG|SHI-ZHU-JI|TIANGAN-XINGQING|YONGSHEN-STRUCTURE|YONGSHEN-FINAL|ZHONG-HE,"戊辰 丁卯 丙寅 乙丑 甲子 癸亥 壬戌
此造财食皆通根，日元亦不弱，胜于张造多矣。更喜巳丑拱合而透辛，劫化为财，运喜印绶而不忌比劫。丁
卯丙寅二十年劫印之地最美。乙甲克去己土，子癸官煞，不为吉也。",[]
子平真诠,子平真诠-0510,戊辰丁卯丙寅乙丑,丙,HEAVY,REN-CAIGUAN|SHISHI-BURUO|XIEQI-TAIZHONG|HEAVY-ROOT|YIN-PARTY|BIJIE-PARTY|ROOT-GAN-PRIORITY|ZHONGGUA-2SIDE|JIWANG-HUAIJI|JISHUAI-CONGSHENG|GE-QUALITY|SHI-ZHU-JI|YONGSHEN-STRUCTURE|YONGSHEN-FINAL|ZHONG-HE,"甲子 癸亥 壬戌
此造财食皆通根，日元亦不弱，胜于张造多矣。更喜巳丑拱合而透辛，劫化为财，运喜印绶而不忌比劫。丁
卯丙寅二十年劫印之地最美。乙甲克去己土，子癸官煞，不为吉也。",[]
子平真诠,子平真诠-0511,庚子甲申庚子甲申,庚,HEAVY,REN-CAIGUAN|HEAVY-ROOT|BIJIE-PARTY|ROOT-GAN-PRIORITY|SHI-GUI-LU|ZHONGGUA-2SIDE|JIWANG-HUAIJI|SHIYONG-YUELING-XIANGFU|GE-QING|GE-QUALITY|CAI-RUO-SHEN-QIANG|YONGSHEN-STRUCTURE|YONGSHEN-FINAL|ZHONG-HE,"乙酉 丙戌 丁亥 戊子 己丑 庚寅
此本篇高尚书命。子申会局，禄劫化为伤官，喜得生于七月，气候未寒，所以金水伤官不见官煞，不损其贵
也。更以原局无火，气偏金水，运宜金水本地，再行官煞火运，反不相宜。土运有甲木回克，无碍，所谓顺
其气势以取运也。
原文
禄劫用煞食制，食重煞轻，则运宜助煞；食轻煞重，则运喜助食。
**【徐注】**禄劫用煞以食制，与食神制煞无殊，参观论偏官篇。
原文
若用煞而带财，命中",['身旺']
子平真诠,子平真诠-0512,乙酉丙戌丁亥戊子,丁,LIGHT,REN-CAIGUAN|SHISHI-BURUO|XIEQI-TAIZHONG|LIGHT-ROOT|YIN-PARTY|BIJIE-PARTY|ROOT-STRUCK|ROOT-GAN-PRIORITY|ZHONGGUA-2SIDE|JIRUO-WUGEN|JISHUAI-CONGSHENG|GE-QUALITY|SHI-ZHU-JI|TIANGAN-XINGQING|YONGSHEN-STRUCTURE|YONGSHEN-FINAL|ZHONG-HE,"己丑 庚寅
此本篇高尚书命。子申会局，禄劫化为伤官，喜得生于七月，气候未寒，所以金水伤官不见官煞，不损其贵
也。更以原局无火，气偏金水，运宜金水本地，再行官煞火运，反不相宜。土运有甲木回克，无碍，所谓顺
其气势以取运也。
原文
禄劫用煞食制，食重煞轻，则运宜助煞；食轻煞重，则运喜助食。
**【徐注】**禄劫用煞以食制，与食神制煞无殊，参观论偏官篇。
原文
若用煞而带财，命中合煞存财，则伤食为宜，财",['身旺']
子平真诠,子平真诠-0513,丁巳壬子癸卯己未,癸,HEAVY,REN-CAIGUAN|DESHI-BUWANG|HEAVY-ROOT|BIJIE-PARTY|ROOT-STRUCK|ROOT-GAN-PRIORITY|ZHONGGUA-2SIDE|JIRUO-WUGEN|JIWANG-HUAIJI|GE-QUALITY|SHI-ZHU-JI|TIANGAN-XINGQING|YONGSHEN-STRUCTURE|YONGSHEN-FINAL|ZHONG-HE,"辛亥 庚戌 己酉 戊申 丁未 丙午
此造合财存煞，为本篇娄参政命。丁壬一合，财不党煞，卯未一合时煞有制，皆为取清之处。酉申印地为
美，丙丁财地非吉。",[]
子平真诠,子平真诠-0514,辛亥庚戌己酉戊申,己,HEAVY,REN-CAIGUAN|DESHI-BUWANG|XIEQI-TAIZHONG|HEAVY-ROOT|BIJIE-PARTY|ROOT-STRUCK|ROOT-GAN-PRIORITY|ZHONGGUA-2SIDE|JIRUO-WUGEN|JIWANG-HUAIJI|SHIYONG-YUELING-XIANGFU|GE-QUALITY|WANGJI-SIWO-SHENG|SHI-ZHU-JI|TIANGAN-XINGQING|YONGSHEN-STRUCTURE|YONGSHEN-FINAL|ZHONG-HE,"丁未 丙午
此造合财存煞，为本篇娄参政命。丁壬一合，财不党煞，卯未一合时煞有制，皆为取清之处。酉申印地为
美，丙丁财地非吉。",[]
子平真诠,子平真诠-0515,戊辰癸亥壬午丙午,壬,HEAVY,REN-CAIGUAN|DESHI-BUWANG|HEAVY-ROOT|BIJIE-PARTY|ROOT-GAN-PRIORITY|ZHONGGUA-2SIDE|JIRUO-WUGEN|JIWANG-HUAIJI|GE-QUALITY|SHI-ZHU-JI|YONGSHEN-STRUCTURE|YONGSHEN-FINAL|ZHONG-HE,"甲子 乙丑 丙寅 丁卯 戊辰 己巳
此为合煞存财，本篇袁内阁命也。戊癸合煞，可置不论，喜得亥中藏甲，以食神生财为用，宜行身旺食伤之
乡。丙寅、丁卯，食伤财乡为美，戊辰官煞之地为不利。
原文
禄劫而用伤食，财运最宜，煞亦不忌，行印非吉，透官不美。若命中伤食太重，则财运固利，而印亦不忌
矣。
**【徐注】**禄劫而用伤食，即食神伤官格也。财运最宜者，食伤喜行财地；七煞亦不忌者，金水伤官喜见
火，木火伤",['身旺']
子平真诠,子平真诠-0516,甲子乙丑丙寅丁卯,丙,HEAVY,REN-CAIGUAN|SHISHI-BURUO|HEAVY-ROOT|YIN-PARTY|BIJIE-PARTY|ROOT-GAN-PRIORITY|ZHONGGUA-2SIDE|JIWANG-HUAIJI|GE-QUALITY|YONGSHEN-STRUCTURE|YONGSHEN-FINAL|ZHONG-HE,"戊辰 己巳
此为合煞存财，本篇袁内阁命也。戊癸合煞，可置不论，喜得亥中藏甲，以食神生财为用，宜行身旺食伤之
乡。丙寅、丁卯，食伤财乡为美，戊辰官煞之地为不利。
原文
禄劫而用伤食，财运最宜，煞亦不忌，行印非吉，透官不美。若命中伤食太重，则财运固利，而印亦不忌
矣。
**【徐注】**禄劫而用伤食，即食神伤官格也。财运最宜者，食伤喜行财地；七煞亦不忌者，金水伤官喜见
火，木火伤官喜见水，调和气候也。官",['身旺']
子平真诠,子平真诠-0517,甲子丙寅甲子丙寅,甲,HEAVY,REN-CAIGUAN|DESHI-BUWANG|XIEQI-TAIZHONG|HEAVY-ROOT|BIJIE-PARTY|ROOT-GAN-PRIORITY|SHI-GUI-LU|ZHONGGUA-2SIDE|JIWANG-HUAIJI|SHIYONG-YUELING-XIANGFU|GE-QING|GE-QUALITY|WANGJI-SIWO-SHENG|SHI-ZHU-JI|TIANGAN-XINGQING|YONGSHEN-STRUCTURE|YONGSHEN-FINAL|ZHONG-HE,"丁卯 戊辰 己巳 庚午 辛未 壬申
两神成象，甲木月令建禄，而丙火亦自寅中透出，此所以为木火通明也。然无子水印绶，则火燥木枯。子水
者，取以调候，非以为用也。运转南方，宜其大魁天下；庚午煞不通根，丙火回克，不足为害；辛金合丙，
不免晦滞；壬申煞印之地非吉矣。",[]
子平真诠,子平真诠-0518,丁卯戊辰己巳庚午,己,HEAVY,REN-CAIGUAN|DESHI-BUWANG|XIEQI-TAIZHONG|HEAVY-ROOT|YIN-PARTY|BIJIE-PARTY|ROOT-STRUCK|ROOT-GAN-PRIORITY|SHI-GUI-LU|ZHONGGUA-2SIDE|JIRUO-WUGEN|JIWANG-HUAIJI|GE-QUALITY|WANGJI-SIWO-SHENG|TIANGAN-XINGQING|YONGSHEN-STRUCTURE|YONGSHEN-FINAL|ZHONG-HE,"辛未 壬申
两神成象，甲木月令建禄，而丙火亦自寅中透出，此所以为木火通明也。然无子水印绶，则火燥木枯。子水
者，取以调候，非以为用也。运转南方，宜其大魁天下；庚午煞不通根，丙火回克，不足为害；辛金合丙，
不免晦滞；壬申煞印之地非吉矣。",[]
子平真诠,子平真诠-0519,癸卯庚申庚子庚辰,庚,HEAVY,REN-CAIGUAN|DESHI-BUWANG|XIEQI-TAIZHONG|HEAVY-ROOT|BIJIE-PARTY|ROOT-GAN-PRIORITY|ZHONGGUA-2SIDE|JIWANG-HUAIJI|SHIYONG-YUELING-XIANGFU|GE-QUALITY|WANGJI-SIWO-SHENG|SHI-ZHU-JI|YONGSHEN-STRUCTURE|YONGSHEN-FINAL|ZHONG-HE,"己未 戊午 丁巳 丙辰 乙卯 甲寅
此为本篇一状元命造，金水相涵也。认庚日全逢润下，为井栏叉格。其实申子辰三合水局，乃食神生财格局
也，但原局无火，气偏金水，行官煞火运必不见美，故《喜忌篇》云，忌丙丁巳午之方也。印劫食财皆吉，
其大魁天下，必在辰运之后矣。
原文
禄劫而官煞并出，不论合煞留官，存官制煞，运喜伤食，比肩亦宜，印绶未为良图，财官亦非福运。
**【徐注】**合煞留官者，煞未合去，官煞杂而",[]
子平真诠,子平真诠-0520,己未戊午丁巳丙辰,丁,HEAVY,REN-CAIGUAN|DESHI-BUWANG|XIEQI-TAIZHONG|HEAVY-ROOT|BIJIE-PARTY|ROOT-GAN-PRIORITY|ZHONGGUA-2SIDE|JIWANG-HUAIJI|GE-QING|GE-QUALITY|WANGJI-SIWO-SHENG|SHI-ZHU-JI|TIANGAN-XINGQING|YONGSHEN-STRUCTURE|YONGSHEN-FINAL|ZHONG-HE,"乙卯 甲寅
此为本篇一状元命造，金水相涵也。认庚日全逢润下，为井栏叉格。其实申子辰三合水局，乃食神生财格局
也，但原局无火，气偏金水，行官煞火运必不见美，故《喜忌篇》云，忌丙丁巳午之方也。印劫食财皆吉，
其大魁天下，必在辰运之后矣。
原文
禄劫而官煞并出，不论合煞留官，存官制煞，运喜伤食，比肩亦宜，印绶未为良图，财官亦非福运。
**【徐注】**合煞留官者，煞未合去，官煞杂而势重，故须制伏也。制煞存",[]
子平真诠,子平真诠-0521,辛丑庚寅甲辰乙亥,甲,HEAVY,REN-CAIGUAN|DESHI-BUWANG|HEAVY-ROOT|BIJIE-PARTY|ROOT-STRUCK|ROOT-GAN-PRIORITY|SHI-GUI-LU|ZHONGGUA-2SIDE|JIRUO-WUGEN|JIWANG-HUAIJI|SHIYONG-YUELING-XIANGFU|GE-QING|GE-QUALITY|TIANGAN-XINGQING|YONGSHEN-STRUCTURE|YONGSHEN-FINAL|ZHONG-HE,"己丑 戊子 丁亥 丙戌 乙酉 甲申
此本篇一平章之命，合煞留官也。特乙庚相合，煞未合去，官煞叠出，以煞论，喜其身旺敌煞耳。丁亥丙戌
制煞之运，及身旺均为美运。日元已旺，无劳印生，官煞混杂，岂可再助？",['身旺']
子平真诠,子平真诠-0522,己丑戊子丁亥丙戌,丁,LIGHT,REN-CAIGUAN|SHISHI-BURUO|XIEQI-TAIZHONG|LIGHT-ROOT|BIJIE-PARTY|ROOT-GAN-PRIORITY|SHI-GUI-LU|ZHONGGUA-2SIDE|JIRUO-WUGEN|JISHUAI-CONGSHENG|GE-QING|GE-QUALITY|SHI-ZHU-JI|TIANGAN-XINGQING|YONGSHEN-STRUCTURE|YONGSHEN-FINAL|ZHONG-HE,"乙酉 甲申
此本篇一平章之命，合煞留官也。特乙庚相合，煞未合去，官煞叠出，以煞论，喜其身旺敌煞耳。丁亥丙戌
制煞之运，及身旺均为美运。日元已旺，无劳印生，官煞混杂，岂可再助？",['身旺']
子平真诠,子平真诠-0523,辛亥庚寅甲申丙寅,甲,HEAVY,REN-CAIGUAN|DESHI-BUWANG|XIEQI-TAIZHONG|HEAVY-ROOT|ROOT-STRUCK|ROOT-GAN-PRIORITY|WANGCHONG-SHUAI|SHI-GUI-LU|ZHONGGUA-2SIDE|JIRUO-WUGEN|JIWANG-HUAIJI|SHIYONG-YUELING-XIANGFU|GE-QUALITY|WANGJI-SIWO-SHENG|SHI-ZHU-JI|TIANGAN-XINGQING|YONGSHEN-STRUCTURE|YONGSHEN-FINAL|ZHONG-HE,"己丑 戊子 丁亥 丙戌 乙酉 甲申
七煞通根，官助煞势，取食神制煞耳。谓为制煞留官，何如合官留煞？总之身强以制为用耳。丁亥丙戌运，
身旺制煞之乡最美，印运虽佳，防其去食害用也。","['身旺', '身强']"
子平真诠,子平真诠-0524,己丑戊子丁亥丙戌,丁,LIGHT,REN-CAIGUAN|SHISHI-BURUO|XIEQI-TAIZHONG|LIGHT-ROOT|BIJIE-PARTY|ROOT-GAN-PRIORITY|SHI-GUI-LU|ZHONGGUA-2SIDE|JIRUO-WUGEN|JISHUAI-CONGSHENG|GE-QING|GE-QUALITY|SHI-ZHU-JI|TIANGAN-XINGQING|YONGSHEN-STRUCTURE|YONGSHEN-FINAL|ZHONG-HE,"乙酉 甲申
七煞通根，官助煞势，取食神制煞耳。谓为制煞留官，何如合官留煞？总之身强以制为用耳。丁亥丙戌运，
身旺制煞之乡最美，印运虽佳，防其去食害用也。","['身旺', '身强']"
子平真诠,子平真诠-0525,己酉乙亥壬戌庚子,壬,HEAVY,REN-CAIGUAN|DESHI-BUWANG|XIEQI-TAIZHONG|HEAVY-ROOT|YIN-PARTY|ROOT-STRUCK|ROOT-GAN-PRIORITY|SHI-GUI-LU|ZHONGGUA-2SIDE|JIRUO-WUGEN|JIWANG-HUAIJI|GE-QUALITY|WANGJI-SIWO-SHENG|YONGSHEN-STRUCTURE|YONGSHEN-FINAL|ZHONG-HE,"甲戌 癸酉 壬申 辛未 庚午 己巳
此为本篇王总兵命。乙庚相合，喜其化而为印，去伤存官，名符其实，去病为贵，此之谓也。运至辛未庚午
为美，盖运喜财官，而去官则为忌。午未财地，支不伤干，而有生官之益。庚辛之印，干不通根，而生助日
元，故为美也。
白话译文
建禄、月劫格局的行运原则，要根据原局所配的用神来分别判断。
用官配印护：原局官星旺透、印绶制伤，行财运最佳——财能生官，官星得力。最忌官星被合走，",['身弱']
子平真诠,子平真诠-0526,甲戌癸酉壬申辛未,壬,HEAVY,REN-CAIGUAN|SHISHI-BURUO|XIEQI-TAIZHONG|HEAVY-ROOT|YIN-PARTY|BIJIE-PARTY|ROOT-GAN-PRIORITY|ZHONGGUA-2SIDE|JIWANG-HUAIJI|JISHUAI-CONGSHENG|GE-QUALITY|SHI-ZHU-JI|YONGSHEN-STRUCTURE|YONGSHEN-FINAL|ZHONG-HE,"庚午 己巳
此为本篇王总兵命。乙庚相合，喜其化而为印，去伤存官，名符其实，去病为贵，此之谓也。运至辛未庚午
为美，盖运喜财官，而去官则为忌。午未财地，支不伤干，而有生官之益。庚辛之印，干不通根，而生助日
元，故为美也。
白话译文
建禄、月劫格局的行运原则，要根据原局所配的用神来分别判断。
用官配印护：原局官星旺透、印绶制伤，行财运最佳——财能生官，官星得力。最忌官星被合走，或七杀
混入争位。食神、",['身弱']
子平真诠,子平真诠-0527,癸亥乙卯乙未壬午,乙,HEAVY,REN-CAIGUAN|HEAVY-ROOT|YIN-PARTY|BIJIE-PARTY|ROOT-STRUCK|ROOT-GAN-PRIORITY|SHI-GUI-LU|ZHONGGUA-2SIDE|JIRUO-WUGEN|JIWANG-HUAIJI|GE-QING|GE-QUALITY|SHI-ZHU-JI|TIANGAN-XINGQING|YONGSHEN-STRUCTURE|YONGSHEN-FINAL|ZHONG-HE,"，吴相公命是也。运亦喜印绶比劫之乡，财食亦吉，官煞则忌矣。
**【徐注】**得一方秀气者，有曲直、炎上、稼穑、从革、润下五种格局，以一方专旺之气也。亦有方局不
全者，只要气势专一，从其旺势，如",[]
子平真诠,子平真诠-0528,癸卯乙卯甲寅乙亥,甲,HEAVY,REN-CAIGUAN|HEAVY-ROOT|YIN-PARTY|BIJIE-PARTY|ROOT-STRUCK|ROOT-GAN-PRIORITY|SHI-GUI-LU|ZHONGGUA-2SIDE|JIRUO-WUGEN|JIWANG-HUAIJI|GE-QING|GE-QUALITY|TIANGAN-XINGQING|YONGSHEN-STRUCTURE|YONGSHEN-FINAL|ZHONG-HE,"，又
丙午 甲午 丙午 甲午，皆为贵格。运以食伤泄其秀气为最美，原局有食伤则财运亦美。气纯势强，可顺而不
可逆。印比之运，从其旺神，固为适宜，但亦不可执一。如原局露食伤泄秀，则印运为忌；比劫透而无食
伤，则财运亦忌。随宜配置，各有喜忌。官煞逆其旺势，最犯格局之忌，若无印生化，则为祸非轻。
原文
有从化取格者，要化出之物，得时乘令，四支局全。如丁壬化木，地支全亥卯未、寅卯辰，而又生于春月，
方为大贵",[]
子平真诠,子平真诠-0529,丙午甲午丙午甲午,丙,HEAVY,REN-CAIGUAN|HEAVY-ROOT|BIJIE-PARTY|ROOT-STRUCK|ROOT-GAN-PRIORITY|SHI-GUI-LU|ZHONGGUA-2SIDE|JIWANG-HUAIJI|SHIYONG-YUELING-XIANGFU|GE-QUALITY|CAI-RUO-SHEN-QIANG|YONGSHEN-STRUCTURE|YONGSHEN-FINAL|ZHONG-HE,"，皆为贵格。运以食伤泄其秀气为最美，原局有食伤则财运亦美。气纯势强，可顺而不
可逆。印比之运，从其旺神，固为适宜，但亦不可执一。如原局露食伤泄秀，则印运为忌；比劫透而无食
伤，则财运亦忌。随宜配置，各有喜忌。官煞逆其旺势，最犯格局之忌，若无印生化，则为祸非轻。
原文
有从化取格者，要化出之物，得时乘令，四支局全。如丁壬化木，地支全亥卯未、寅卯辰，而又生于春月，
方为大贵。否则，亥未之月亦是木地，次",[]
子平真诠,子平真诠-0530,甲戌丁卯壬寅甲辰,壬,LIGHT,REN-CAIGUAN|XIEQI-TAIZHONG|LIGHT-ROOT|ROOT-STRUCK|ROOT-GAN-PRIORITY|HE-HUASHEN-DESHI|SHI-GUI-LU|ZHONGGUA-2SIDE|RI-BEI-HE|JIRUO-WUGEN|JISHUAI-CONGSHENG|SHIYONG-YUELING-XIANGFU|GE-QUALITY|SHI-ZHU-JI|YONGSHEN-STRUCTURE|YONGSHEN-FINAL|ZHONG-HE,"，一品贵格命也。运喜所化之物，与所化之印绶，财伤亦可，不利官煞。
**【徐注】**从化者，谓从之而化，与弃命相从之格不同。如甲己化土，乙庚化金，丙辛化水，戊癸化火五
格是也。更要逢辰，盖五行遁干，逢辰则化神透出。如甲己化土，而甲己遁干至辰为戊辰；丁壬化木，而丁
壬遁干至辰为甲辰。故云逢龙则化，以此故也。化气必须得地支之气，而尤要者为月时，倘月时不得气，则
决不能化。如丁壬化木，必须生于寅卯两月，甲",[]
子平真诠,子平真诠-0531,戊午戊午戊午戊午,戊,HEAVY,REN-CAIGUAN|SHISHI-BURUO|HEAVY-ROOT|BIJIE-PARTY|ROOT-STRUCK|ROOT-GAN-PRIORITY|SHI-GUI-LU|ZHONGGUA-2SIDE|JIWANG-HUAIJI|SHIYONG-YUELING-XIANGFU|GE-QUALITY|CAI-RUO-SHEN-QIANG|YONGSHEN-STRUCTURE|YONGSHEN-FINAL|ZHONG-HE,"，是冲子财也；
甲寅 庚午 丙午 甲午，是冲子官也。运忌填实，余俱可行。
**【徐注】**戊午一造，相传为关圣之命，实则火土偏燥，一生惟金运为最美，泄其旺气也。木火土乡有旺
极难继、满招损之象。水运盖子其旺势，互起冲激，岂得平稳？甲寅一造，亦惟土运为美。大都从前看命，
专重财官，而于此等格局无法解释，于是迂曲其词，以倒冲为说耳。
原文
有朝阳成格者，戊去朝丙，辛日得官，以丙戊同禄于巳，即以引汲之意",[]
子平真诠,子平真诠-0532,甲寅庚午丙午甲午,丙,HEAVY,REN-CAIGUAN|HEAVY-ROOT|YIN-PARTY|ROOT-STRUCK|ROOT-GAN-PRIORITY|SHI-GUI-LU|ZHONGGUA-2SIDE|JIRUO-WUGEN|JIWANG-HUAIJI|SHIYONG-YUELING-XIANGFU|GE-QUALITY|CAI-RUO-SHEN-QIANG|YONGSHEN-STRUCTURE|YONGSHEN-FINAL|ZHONG-HE,"，是冲子官也。运忌填实，余俱可行。
**【徐注】**戊午一造，相传为关圣之命，实则火土偏燥，一生惟金运为最美，泄其旺气也。木火土乡有旺
极难继、满招损之象。水运盖子其旺势，互起冲激，岂得平稳？甲寅一造，亦惟土运为美。大都从前看命，
专重财官，而于此等格局无法解释，于是迂曲其词，以倒冲为说耳。
原文
有朝阳成格者，戊去朝丙，辛日得官，以丙戊同禄于巳，即以引汲之意。要干头无木火，方成其格，盖有火
则无",[]
子平真诠,子平真诠-0533,己未戊辰戊辰庚申,戊,HEAVY,REN-CAIGUAN|DESHI-BUWANG|XIEQI-TAIZHONG|HEAVY-ROOT|BIJIE-PARTY|ROOT-STRUCK|ROOT-GAN-PRIORITY|SHI-GUI-LU|ZHONGGUA-2SIDE|JIRUO-WUGEN|JIWANG-HUAIJI|SHIYONG-YUELING-XIANGFU|GE-QUALITY|WANGJI-SIWO-SHENG|SHI-ZHU-JI|YONGSHEN-STRUCTURE|YONGSHEN-FINAL|ZHONG-HE,，蜀王命是也。癸日庚申，以申合巳，因其主而得其朋，如,[]
子平真诠,子平真诠-0534,己酉癸未癸未庚申,癸,NONE,SHISHI-BURUO|SHAZHONG-SHENQING|YIN-PARTY|BIJIE-PARTY|ZHONGGUA-2SIDE|WUGEN-YOUFU|JISHUAI-CONGSHENG|GE-QING|GE-QUALITY|YUN-SHENG-ROOT|SHI-ZHU-JI|TIANGAN-XINGQING|YONGSHEN-STRUCTURE|YONGSHEN-FINAL|ZHONG-HE,"，赵丞相命是也。运亦忌填实，不利官煞，理会不宜以火克金，使彼受制而不能合，余
则吉矣。
**【徐注】**禄者，官星也，庚合乙，以乙为戊土为官；申合巳，以巳中戊土为癸水之官。以六戊日，庚申
时，四柱无官印为合格。按蜀王己未一造，土强身旺，庚申食神泄秀为用，官煞为犯其旺神，火更伤食神秀
气。书云，“庚申时逢戊日，食神旺之方，岁月犯甲丙卯寅，此乃遇而不遇”，于理正合。赵丞相己酉一造，
癸水身弱，当以煞印","['身旺', '身弱']"
子平真诠,子平真诠-0535,庚申乙酉丙申己丑,丙,NONE,CAIDUO-SHENRUAN|XIEQI-TAIZHONG|HE-HUASHEN-DESHI|ZHONGGUA-2SIDE|JIRUO-WUGEN|WUGEN-YOUFU|JISHUAI-CONGSHENG|SHIYONG-YUELING-XIANGFU|GE-QING|GE-QUALITY|YUN-SHENG-ROOT|SHI-ZHU-JI|YONGSHEN-STRUCTURE|YONGSHEN-FINAL,"，王十万命造也。运喜伤食财乡，不宜身旺。有弃命从煞者，四柱皆煞，而日主无根，
舍而从之，格成大贵。若有伤食，则煞受制而不从，有印则印以化煞而不从。如",['身旺']
子平真诠,子平真诠-0536,乙酉乙酉乙酉甲申,乙,NONE,TENGLUO-XIJIA|ZHONGGUA-2SIDE|WUGEN-YOUFU|GE-QUALITY|YUN-SHENG-ROOT|SHI-ZHU-JI|TIANGAN-XINGQING|YONGSHEN-STRUCTURE|YONGSHEN-FINAL,"，李侍郎命是也。运喜财官，不宜身旺，食伤则尤忌矣。
**【徐注】**从财从煞，其理一也。气势偏旺，日主无根，不得不从其旺势也。从财格而有印，须看印是否
通根，如印无根，不碍相从。王十万造，丙火无根，乙木亦无根，即其例也。四柱财多而见煞，则以从煞
论。从财格行运最忌比劫，倘四柱原有食伤，则能化比劫而生财，否则，不免破格也，见官煞为泄财之气而
不美。从煞格喜行财生煞之运，印则泄煞之气为不美，比劫非宜，",['身旺']
子平真诠,子平真诠-0537,戊子庚申庚申庚辰,庚,HEAVY,REN-CAIGUAN|HEAVY-ROOT|YIN-PARTY|BIJIE-PARTY|ROOT-GAN-PRIORITY|ZHONGGUA-2SIDE|JIWANG-HUAIJI|SHIYONG-YUELING-XIANGFU|GE-QING|GE-QUALITY|SHI-ZHU-JI|YONGSHEN-STRUCTURE|YONGSHEN-FINAL|ZHONG-HE,"，郭统制命也。运喜财，不利填实，余亦吉也。
**【徐注】**井栏叉格，取庚子、庚申、庚辰三日，要申子辰全。《喜忌篇》云。“庚日全逢润下，忌壬癸
巳午之方；时遇子申，其福减半”，其实即金水伤官也。年上戊土无根，故以伤官为用，特气势纯粹耳。最
喜行东方财地，次者北方亦美。最忌官印，官煞克身，印绶制食，皆逆其旺势，所谓巳午之方也。时遇子，
遁干为丙子，露官星，遇申为归禄，故云其福减半。
原文
有刑合成格",[]
子平真诠,子平真诠-0538,乙未癸卯癸卯甲寅,癸,LIGHT,REN-CAIGUAN|XIEQI-TAIZHONG|LIGHT-ROOT|ROOT-GAN-PRIORITY|ZHONGGUA-2SIDE|JIRUO-WUGEN|JISHUAI-CONGSHENG|GE-QING|GE-QUALITY|SHI-ZHU-JI|TIANGAN-XINGQING|YONGSHEN-STRUCTURE|YONGSHEN-FINAL|ZHONG-HE,"，十二节度使命是也。运忌填实，不利金乡，余则吉矣。
**【徐注】**刑合格取癸亥、癸卯、癸酉三日见甲寅时。《喜忌篇》云“六癸日时逢寅位，岁月怕戊己二
方”，盖四柱须无官煞也。此格与飞天禄马、合禄、井拦叉皆从伤官格中分出，因原局无财官，乃用倒冲刑
合之名词，以圆其耳。如上造乃《滴天髓》之顺局从儿格。从儿者，从食伤也，以见财为美，大忌金乡，克
制食伤也。官亦忌，即所谓填实，乃泄财之气则损日元也。皆因不",[]
子平真诠,子平真诠-0539,辛丑辛丑辛丑庚寅,辛,LIGHT,REN-CAIGUAN|SHISHI-BURUO|LIGHT-ROOT|BIJIE-PARTY|ROOT-GAN-PRIORITY|ZHONGGUA-2SIDE|JIRUO-WUGEN|GE-QING|GE-QUALITY|SHI-ZHU-JI|YONGSHEN-STRUCTURE|YONGSHEN-FINAL|ZHONG-HE,"，章统制命是也。若命是有子字，则丑与子合而不遥，有丙丁戊己，则辛癸之官煞已
透，而无待于遥，另有取用，非此格矣。至于甲子遥已，转辗求俣，似觉无情，此格可废，因罗御史命，聊
复存之。为",[]
子平真诠,子平真诠-0540,甲申甲戌甲子甲子,甲,NONE,ZHONGGUA-2SIDE|WUGEN-YOUFU|GE-QING|GE-QUALITY|YUN-SHENG-ROOT|TIANGAN-XINGQING|YONGSHEN-STRUCTURE|YONGSHEN-FINAL,"，罗御史命是也。
**【徐注】**遥合有二，丑遥巳格、子遥巳格是也。丑遥巳格，以辛丑癸丑二日，用丑多为主，以丑中辛
癸，遥合巳中丙火。戊土为官星，局中喜有申酉二字，合住巳字，忌有子字绊住丑字及巳字填实。然如章统
制辛丑一造，寅中木火财官可用，何待于遥？古歌云，“辛日癸日多逢丑，名为遥巳合官星，莫言不喜官星
旺，谁信官来大有成”，则喜见财官明矣。子遥巳格，取甲子日甲子时，以子中癸水遥合巳中戊土，戊土",[]
子平真诠,子平真诠-0541,癸亥乙卯乙未壬午,乙,HEAVY,REN-CAIGUAN|HEAVY-ROOT|YIN-PARTY|BIJIE-PARTY|ROOT-STRUCK|ROOT-GAN-PRIORITY|SHI-GUI-LU|ZHONGGUA-2SIDE|JIRUO-WUGEN|JIWANG-HUAIJI|GE-QING|GE-QUALITY|SHI-ZHU-JI|TIANGAN-XINGQING|YONGSHEN-STRUCTURE|YONGSHEN-FINAL|ZHONG-HE,"甲寅 癸丑 壬子 辛亥 庚戌 己酉
甲乙日主，支全亥卯未或寅卯辰，乃曲直仁寿格也。气势偏旺于木，宜行水木火运，官煞运最忌，财运亦不
宜。丙丁日主，支全寅午戌、或巳午未，为炎上格。戊已日主，支全辰戌丑未为稼穑格。庚辛日主，支全巳
酉丑或申酉戌，为从革格。壬癸日主支全甲子辰或亥子丑，为润下格。五种意义相同。
化气格：",[]
子平真诠,子平真诠-0542,甲寅癸丑壬子辛亥,壬,HEAVY,REN-CAIGUAN|SHISHI-BURUO|XIEQI-TAIZHONG|YIN-PARTY|BIJIE-PARTY|ROOT-STRUCK|ROOT-GAN-PRIORITY|SHI-GUI-LU|ZHONGGUA-2SIDE|JIRUO-WUGEN|JIWANG-HUAIJI|JISHUAI-CONGSHENG|GE-QING|GE-QUALITY|YONGSHEN-STRUCTURE|YONGSHEN-FINAL|ZHONG-HE,"庚戌 己酉
甲乙日主，支全亥卯未或寅卯辰，乃曲直仁寿格也。气势偏旺于木，宜行水木火运，官煞运最忌，财运亦不
宜。丙丁日主，支全寅午戌、或巳午未，为炎上格。戊已日主，支全辰戌丑未为稼穑格。庚辛日主，支全巳
酉丑或申酉戌，为从革格。壬癸日主支全甲子辰或亥子丑，为润下格。五种意义相同。
化气格：",[]
子平真诠,子平真诠-0543,甲戌丁卯壬寅甲辰,壬,LIGHT,REN-CAIGUAN|XIEQI-TAIZHONG|LIGHT-ROOT|ROOT-STRUCK|ROOT-GAN-PRIORITY|HE-HUASHEN-DESHI|SHI-GUI-LU|ZHONGGUA-2SIDE|RI-BEI-HE|JIRUO-WUGEN|JISHUAI-CONGSHENG|SHIYONG-YUELING-XIANGFU|GE-QUALITY|SHI-ZHU-JI|YONGSHEN-STRUCTURE|YONGSHEN-FINAL|ZHONG-HE,"戊辰 己巳 庚午 辛未 壬申 癸酉
丁壬化木，生于春月，时逢甲辰，木之元神透出，乃化木格。气势偏于木也。化神喜行旺地，最宜东方寅卯
辰比劫乡，而忌官煞，日主还原之地亦忌，其中略分别，如丁壬化木，日元壬水，行亥子丑印地，生起化神
亦吉；若甲已化土，而行寅卯辰，克我化神，为大忌也。化气格有甲己化土、乙庚化金、丙辛化水、丁壬化
木、戊癸化火五种，意义略同。
倒冲格：",[]
子平真诠,子平真诠-0544,戊辰己巳庚午辛未,庚,HEAVY,REN-CAIGUAN|SHISHI-BURUO|HEAVY-ROOT|YIN-PARTY|BIJIE-PARTY|ROOT-GAN-PRIORITY|ZHONGGUA-2SIDE|GE-QING|GE-QUALITY|SHI-ZHU-JI|YONGSHEN-STRUCTURE|YONGSHEN-FINAL|ZHONG-HE,"壬申 癸酉
丁壬化木，生于春月，时逢甲辰，木之元神透出，乃化木格。气势偏于木也。化神喜行旺地，最宜东方寅卯
辰比劫乡，而忌官煞，日主还原之地亦忌，其中略分别，如丁壬化木，日元壬水，行亥子丑印地，生起化神
亦吉；若甲已化土，而行寅卯辰，克我化神，为大忌也。化气格有甲己化土、乙庚化金、丙辛化水、丁壬化
木、戊癸化火五种，意义略同。
倒冲格：",[]
子平真诠,子平真诠-0545,戊午戊午戊午戊午,戊,HEAVY,REN-CAIGUAN|SHISHI-BURUO|HEAVY-ROOT|BIJIE-PARTY|ROOT-STRUCK|ROOT-GAN-PRIORITY|SHI-GUI-LU|ZHONGGUA-2SIDE|JIWANG-HUAIJI|SHIYONG-YUELING-XIANGFU|GE-QUALITY|CAI-RUO-SHEN-QIANG|YONGSHEN-STRUCTURE|YONGSHEN-FINAL|ZHONG-HE,"己未 庚申 辛酉 壬戌 癸亥 甲子
两神成象，而气势偏于火土，为从旺格。最宜金运，泄土之气，但火炎土燥，究嫌偏枯，宜带水之土以护
之。如庚辰辛丑等运为最佳，若见水运，如以一杯水救车薪之火。立见其灾。所谓倒冲最忌填实，即此意
也。木运逆土之性，增火之焰，亦不相宜。",[]
子平真诠,子平真诠-0546,己未庚申辛酉壬戌,辛,HEAVY,REN-CAIGUAN|DESHI-BUWANG|XIEQI-TAIZHONG|HEAVY-ROOT|YIN-PARTY|BIJIE-PARTY|ROOT-STRUCK|ROOT-GAN-PRIORITY|SHI-GUI-LU|ZHONGGUA-2SIDE|JIRUO-WUGEN|JIWANG-HUAIJI|SHIYONG-YUELING-XIANGFU|GE-QUALITY|WANGJI-SIWO-SHENG|SHI-ZHU-JI|YONGSHEN-STRUCTURE|YONGSHEN-FINAL|ZHONG-HE,"癸亥 甲子
两神成象，而气势偏于火土，为从旺格。最宜金运，泄土之气，但火炎土燥，究嫌偏枯，宜带水之土以护
之。如庚辰辛丑等运为最佳，若见水运，如以一杯水救车薪之火。立见其灾。所谓倒冲最忌填实，即此意
也。木运逆土之性，增火之焰，亦不相宜。",[]
子平真诠,子平真诠-0547,甲寅庚午丙午甲午,丙,HEAVY,REN-CAIGUAN|HEAVY-ROOT|YIN-PARTY|ROOT-STRUCK|ROOT-GAN-PRIORITY|SHI-GUI-LU|ZHONGGUA-2SIDE|JIRUO-WUGEN|JIWANG-HUAIJI|SHIYONG-YUELING-XIANGFU|GE-QUALITY|CAI-RUO-SHEN-QIANG|YONGSHEN-STRUCTURE|YONGSHEN-FINAL|ZHONG-HE,"辛未 壬申 癸酉 甲戌 乙亥 丙子
庚金无根，置之不论，气偏木火，格成炎上，最宜土运泄火之气。说见前仁寿格。
以上两造皆俗所谓倒冲格也。
朝阳格：",[]
子平真诠,子平真诠-0548,辛未壬申癸酉甲戌,癸,NONE,SHISHI-BURUO|XIEQI-TAIZHONG|YIN-PARTY|BIJIE-PARTY|ZHONGGUA-2SIDE|WUGEN-YOUFU|JISHUAI-CONGSHENG|SHIYONG-YUELING-XIANGFU|GE-QUALITY|YUN-SHENG-ROOT|SHI-ZHU-JI|TIANGAN-XINGQING|YONGSHEN-STRUCTURE|YONGSHEN-FINAL|ZHONG-HE,"乙亥 丙子
庚金无根，置之不论，气偏木火，格成炎上，最宜土运泄火之气。说见前仁寿格。
以上两造皆俗所谓倒冲格也。
朝阳格：",[]
子平真诠,子平真诠-0549,戊辰辛酉辛酉戊子,辛,HEAVY,REN-CAIGUAN|HEAVY-ROOT|YIN-PARTY|BIJIE-PARTY|ROOT-STRUCK|ROOT-GAN-PRIORITY|SHI-GUI-LU|ZHONGGUA-2SIDE|JIRUO-WUGEN|JIWANG-HUAIJI|GE-QUALITY|YONGSHEN-STRUCTURE|YONGSHEN-FINAL|ZHONG-HE,"壬戌 癸亥 甲子 乙丑 丙寅 丁卯
此金水伤官，原无官星，气势偏于金水，以顺其性。行土金水运为美，火运为忌。带水之木尚可行，而带火
之木则不宜见。此俗所谓朝阳格也。
合禄格：",[]
子平真诠,子平真诠-0550,壬戌癸亥甲子乙丑,甲,HEAVY,REN-CAIGUAN|SHISHI-BURUO|HEAVY-ROOT|YIN-PARTY|BIJIE-PARTY|ROOT-GAN-PRIORITY|ZHONGGUA-2SIDE|JIWANG-HUAIJI|GE-QING|GE-QUALITY|SHI-ZHU-JI|TIANGAN-XINGQING|YONGSHEN-STRUCTURE|YONGSHEN-FINAL|ZHONG-HE,"丙寅 丁卯
此金水伤官，原无官星，气势偏于金水，以顺其性。行土金水运为美，火运为忌。带水之木尚可行，而带火
之木则不宜见。此俗所谓朝阳格也。
合禄格：",[]
子平真诠,子平真诠-0551,己未戊辰戊辰庚申,戊,HEAVY,REN-CAIGUAN|DESHI-BUWANG|XIEQI-TAIZHONG|HEAVY-ROOT|BIJIE-PARTY|ROOT-STRUCK|ROOT-GAN-PRIORITY|SHI-GUI-LU|ZHONGGUA-2SIDE|JIRUO-WUGEN|JIWANG-HUAIJI|SHIYONG-YUELING-XIANGFU|GE-QUALITY|WANGJI-SIWO-SHENG|SHI-ZHU-JI|YONGSHEN-STRUCTURE|YONGSHEN-FINAL|ZHONG-HE,"丁卯 丙寅 乙丑 甲子 癸亥 壬戌
此土金食神也。比劫重重，气势偏于土金，以金运泄土之秀为最吉，水运亦美，火运为忌，木亦不美，所谓
土盛木折也。俗以庚合乙为官星，称为合禄格，又不要明见，喜财以生之。取运略同。
合禄格：",[]
子平真诠,子平真诠-0552,丁卯丙寅乙丑甲子,乙,HEAVY,REN-CAIGUAN|DESHI-BUWANG|XIEQI-TAIZHONG|HEAVY-ROOT|TENGLUO-XIJIA|BIJIE-PARTY|ROOT-STRUCK|ROOT-GAN-PRIORITY|ZHONGGUA-2SIDE|JIRUO-WUGEN|JIWANG-HUAIJI|GE-QUALITY|WANGJI-SIWO-SHENG|TIANGAN-XINGQING|YONGSHEN-STRUCTURE|YONGSHEN-FINAL|ZHONG-HE,"癸亥 壬戌
此土金食神也。比劫重重，气势偏于土金，以金运泄土之秀为最吉，水运亦美，火运为忌，木亦不美，所谓
土盛木折也。俗以庚合乙为官星，称为合禄格，又不要明见，喜财以生之。取运略同。
合禄格：",[]
子平真诠,子平真诠-0553,己酉辛未癸未庚申,癸,NONE,SHISHI-BURUO|SHAZHONG-SHENQING|YIN-PARTY|ZHONGGUA-2SIDE|WUGEN-YOUFU|JISHUAI-CONGSHENG|GE-QING|GE-QUALITY|YUN-SHENG-ROOT|SHI-ZHU-JI|TIANGAN-XINGQING|YONGSHEN-STRUCTURE|YONGSHEN-FINAL|ZHONG-HE,"庚午 己巳 戊辰 丁卯 丙寅 乙丑
俗亦名之为合禄格，以申合巳中戊土为官星也。月令偏官，年上透出，时上庚印化煞为用(见论偏官篇)，格
正局清，有何不美？若取巳中戊土官星，岂非官煞混杂耶？
从财格：",[]
子平真诠,子平真诠-0554,庚午己巳戊辰丁卯,戊,HEAVY,REN-CAIGUAN|SHISHI-BURUO|XIEQI-TAIZHONG|HEAVY-ROOT|YIN-PARTY|BIJIE-PARTY|ROOT-STRUCK|ROOT-GAN-PRIORITY|ZHONGGUA-2SIDE|JIRUO-WUGEN|JIWANG-HUAIJI|JISHUAI-CONGSHENG|GE-QUALITY|SHI-ZHU-JI|YONGSHEN-STRUCTURE|YONGSHEN-FINAL|ZHONG-HE,"丙寅 乙丑
俗亦名之为合禄格，以申合巳中戊土为官星也。月令偏官，年上透出，时上庚印化煞为用(见论偏官篇)，格
正局清，有何不美？若取巳中戊土官星，岂非官煞混杂耶？
从财格：",[]
子平真诠,子平真诠-0555,庚申乙酉丙申己丑,丙,NONE,CAIDUO-SHENRUAN|XIEQI-TAIZHONG|HE-HUASHEN-DESHI|ZHONGGUA-2SIDE|JIRUO-WUGEN|WUGEN-YOUFU|JISHUAI-CONGSHENG|SHIYONG-YUELING-XIANGFU|GE-QING|GE-QUALITY|YUN-SHENG-ROOT|SHI-ZHU-JI|YONGSHEN-STRUCTURE|YONGSHEN-FINAL,"丙戌 丁亥 戊子 己丑 庚寅 辛卯
乙从庚化，不作印论，丙火临申，坐于病地，四柱无根，时上己丑又来生金，气势偏于金旺，为弃命从财格
也。运宜行土金水，南方火乡最忌，木亦不利。
从煞格：",[]
子平真诠,子平真诠-0556,丙戌丁亥戊子己丑,戊,HEAVY,REN-CAIGUAN|SHISHI-BURUO|HEAVY-ROOT|YIN-PARTY|BIJIE-PARTY|ROOT-GAN-PRIORITY|SHI-GUI-LU|ZHONGGUA-2SIDE|GE-QING|GE-QUALITY|SHI-ZHU-JI|YONGSHEN-STRUCTURE|YONGSHEN-FINAL|ZHONG-HE,"庚寅 辛卯
乙从庚化，不作印论，丙火临申，坐于病地，四柱无根，时上己丑又来生金，气势偏于金旺，为弃命从财格
也。运宜行土金水，南方火乡最忌，木亦不利。
从煞格：",[]
子平真诠,子平真诠-0557,乙酉乙酉乙酉甲申,乙,NONE,TENGLUO-XIJIA|ZHONGGUA-2SIDE|WUGEN-YOUFU|GE-QUALITY|YUN-SHENG-ROOT|SHI-ZHU-JI|TIANGAN-XINGQING|YONGSHEN-STRUCTURE|YONGSHEN-FINAL,"甲申 癸未 壬午 辛巳 庚辰 己卯
乙木无根，气势偏于金，为弃命从煞格。金运最美，水土亦吉。木运为乙木逢根，火运逆其旺势，皆忌见。
与上从财格大致相同。
井栏叉格：",[]
子平真诠,子平真诠-0558,甲申癸未壬午辛巳,壬,HEAVY,REN-CAIGUAN|SHISHI-BURUO|XIEQI-TAIZHONG|HEAVY-ROOT|YIN-PARTY|BIJIE-PARTY|ROOT-STRUCK|ROOT-GAN-PRIORITY|ZHONGGUA-2SIDE|JIRUO-WUGEN|JISHUAI-CONGSHENG|GE-QING|GE-QUALITY|SHI-ZHU-JI|YONGSHEN-STRUCTURE|YONGSHEN-FINAL|ZHONG-HE,"庚辰 己卯
乙木无根，气势偏于金，为弃命从煞格。金运最美，水土亦吉。木运为乙木逢根，火运逆其旺势，皆忌见。
与上从财格大致相同。
井栏叉格：",[]
子平真诠,子平真诠-0559,戊子庚申庚申庚辰,庚,HEAVY,REN-CAIGUAN|HEAVY-ROOT|YIN-PARTY|BIJIE-PARTY|ROOT-GAN-PRIORITY|ZHONGGUA-2SIDE|JIWANG-HUAIJI|SHIYONG-YUELING-XIANGFU|GE-QING|GE-QUALITY|SHI-ZHU-JI|YONGSHEN-STRUCTURE|YONGSHEN-FINAL|ZHONG-HE,"辛酉 壬戌 癸亥 甲子 乙丑 丙寅
此俗所谓井栏叉格。庚金乘旺泄秀，支全申子辰水局。气势偏于金水，当顺其势以取运。土金水运均美，木
运亦可，行火运逆其旺势不利。
遥合格：",[]
子平真诠,子平真诠-0560,辛酉壬戌癸亥甲子,癸,HEAVY,REN-CAIGUAN|SHISHI-BURUO|XIEQI-TAIZHONG|HEAVY-ROOT|YIN-PARTY|BIJIE-PARTY|ROOT-STRUCK|ROOT-GAN-PRIORITY|SHI-GUI-LU|ZHONGGUA-2SIDE|JIRUO-WUGEN|JISHUAI-CONGSHENG|GE-QUALITY|TIANGAN-XINGQING|YONGSHEN-STRUCTURE|YONGSHEN-FINAL|ZHONG-HE,"乙丑 丙寅
此俗所谓井栏叉格。庚金乘旺泄秀，支全申子辰水局。气势偏于金水，当顺其势以取运。土金水运均美，木
运亦可，行火运逆其旺势不利。
遥合格：",[]
子平真诠,子平真诠-0561,辛丑辛丑辛丑庚寅,辛,LIGHT,REN-CAIGUAN|SHISHI-BURUO|LIGHT-ROOT|BIJIE-PARTY|ROOT-GAN-PRIORITY|ZHONGGUA-2SIDE|JIRUO-WUGEN|GE-QING|GE-QUALITY|SHI-ZHU-JI|YONGSHEN-STRUCTURE|YONGSHEN-FINAL|ZHONG-HE,"庚子 己亥 戊戌 丁酉 丙申 乙未
此俗所谓丑遥巳格。土金成局，生于十二月，时上寅木无气，不能为用。势象偏于土金，宜土金水运，木火
逆其旺势为不宜。与遥巳格取运相同也。
丑遥巳禄格(又名刑合)：",[]
子平真诠,子平真诠-0562,庚子己亥戊戌丁酉,戊,LIGHT,REN-CAIGUAN|SHISHI-BURUO|XIEQI-TAIZHONG|LIGHT-ROOT|YIN-PARTY|BIJIE-PARTY|ROOT-STRUCK|ROOT-GAN-PRIORITY|ZHONGGUA-2SIDE|JIRUO-WUGEN|JISHUAI-CONGSHENG|GE-QUALITY|YONGSHEN-STRUCTURE|YONGSHEN-FINAL|ZHONG-HE,"丙申 乙未
此俗所谓丑遥巳格。土金成局，生于十二月，时上寅木无气，不能为用。势象偏于土金，宜土金水运，木火
逆其旺势为不宜。与遥巳格取运相同也。
丑遥巳禄格(又名刑合)：",[]
子平真诠,子平真诠-0563,乙未癸卯癸卯甲寅,癸,LIGHT,REN-CAIGUAN|XIEQI-TAIZHONG|LIGHT-ROOT|ROOT-GAN-PRIORITY|ZHONGGUA-2SIDE|JIRUO-WUGEN|JISHUAI-CONGSHENG|GE-QING|GE-QUALITY|SHI-ZHU-JI|TIANGAN-XINGQING|YONGSHEN-STRUCTURE|YONGSHEN-FINAL|ZHONG-HE,"壬寅 辛丑 庚子 己亥 戊戌 丁酉
《喜忌篇》云，“癸日进逢寅位，岁月怕戊已二方”，以寅刑出巳中戊土为格，其实乃从儿格也。气势偏于
木，行运最喜木火。从格忌见比劫，而从儿有食伤引化，不忌比劫，此为不同之点。官煞大忌，印运亦忌。
子遥巳禄格(又名遥合格)：",[]
子平真诠,子平真诠-0564,壬寅辛丑庚子己亥,庚,LIGHT,REN-CAIGUAN|SHISHI-BURUO|XIEQI-TAIZHONG|LIGHT-ROOT|YIN-PARTY|BIJIE-PARTY|ROOT-GAN-PRIORITY|ZHONGGUA-2SIDE|JIRUO-WUGEN|JISHUAI-CONGSHENG|GE-QING|GE-QUALITY|SHI-ZHU-JI|YONGSHEN-STRUCTURE|YONGSHEN-FINAL|ZHONG-HE,"戊戌 丁酉
《喜忌篇》云，“癸日进逢寅位，岁月怕戊已二方”，以寅刑出巳中戊土为格，其实乃从儿格也。气势偏于
木，行运最喜木火。从格忌见比劫，而从儿有食伤引化，不忌比劫，此为不同之点。官煞大忌，印运亦忌。
子遥巳禄格(又名遥合格)：",[]
子平真诠,子平真诠-0565,甲申甲戌甲子甲子,甲,NONE,ZHONGGUA-2SIDE|WUGEN-YOUFU|GE-QING|GE-QUALITY|YUN-SHENG-ROOT|TIANGAN-XINGQING|YONGSHEN-STRUCTURE|YONGSHEN-FINAL,"乙亥 丙子 丁丑 戊寅 己卯 庚辰
《喜忌篇》云，“甲子日再遇子时，畏庚辛申酉丑午，以子遥合巳为格”，其实月令偏财，用财损印，何必另
取格局？戌藏丁火，生起财星，遇运透清为美，庚辛申酉官煞生印为忌，午冲子、丑刑戌均为忌也。
白话译文
""杂格""泛指五行之气高度偏聚于某一方的特殊格局。作者批评前人在遇到无财无官的命局时，总爱牵强凑
出""遥合""""倒冲""等名目来硬套财官框架，认为这种做法流于形式、实属可笑",[]
子平真诠,子平真诠-0566,乙亥丙子丁丑戊寅,丁,NONE,SHISHI-BURUO|XIEQI-TAIZHONG|YIN-PARTY|BIJIE-PARTY|ZHONGGUA-2SIDE|WUGEN-YOUFU|JISHUAI-CONGSHENG|GE-QING|GE-QUALITY|YUN-SHENG-ROOT|TIANGAN-XINGQING|YONGSHEN-STRUCTURE|YONGSHEN-FINAL|ZHONG-HE,"己卯 庚辰
《喜忌篇》云，“甲子日再遇子时，畏庚辛申酉丑午，以子遥合巳为格”，其实月令偏财，用财损印，何必另
取格局？戌藏丁火，生起财星，遇运透清为美，庚辛申酉官煞生印为忌，午冲子、丑刑戌均为忌也。
白话译文
""杂格""泛指五行之气高度偏聚于某一方的特殊格局。作者批评前人在遇到无财无官的命局时，总爱牵强凑
出""遥合""""倒冲""等名目来硬套财官框架，认为这种做法流于形式、实属可笑。
命理本质仍是五行。偏",[]
渊海子平,渊海子平-0001,甲子甲戌甲申甲午,甲,NONE,ZHONGGUA-2SIDE|WUGEN-YOUFU|SHIYONG-YUELING-XIANGFU|GE-QUALITY|YUN-SHENG-ROOT|SHI-ZHU-JI|TIANGAN-XINGQING|YONGSHEN-STRUCTURE|YONGSHEN-FINAL,"、甲辰、甲寅开头。古人发现，其中只有甲辰旬与甲戌旬，金、木、水、火、土五行俱全；而甲子旬与甲午旬之中，水气缺失，如同断流；甲寅旬与甲申旬之中，金气了无踪迹。这四个五行不完整的旬，被称为""四大空亡""。具体判断方式：若人生于甲子旬或甲午旬，命盘中又出现水，便是""正犯""（直接触犯空亡所缺之行）；即便命盘本身无水，若大运行至水旺之年，同样视为犯忌。甲申旬、甲寅旬缺金，判断逻辑相同。古注引《壶中子》称，颜回",[]
渊海子平,渊海子平-0002,甲子甲戌甲申甲午,甲,NONE,ZHONGGUA-2SIDE|WUGEN-YOUFU|SHIYONG-YUELING-XIANGFU|GE-QUALITY|YUN-SHENG-ROOT|SHI-ZHU-JI|TIANGAN-XINGQING|YONGSHEN-STRUCTURE|YONGSHEN-FINAL,"、甲辰、甲寅旬。旬：干支历中每十个连续干支为一旬，是推算命局的基本分段单位。四大空亡：甲子、甲午、甲寅、甲申四旬内五行有缺，缺项所代表的能量在该旬中视为虚空。正犯：出生所在旬缺某一行，而命局中恰好出现该行，构成直接冲犯。行运：大运流年，即人生不同阶段所经历的运势周期，与出生命盘共同作用。现代启示这一理论本质上是一套""结构性缺失""的分析框架——古人观察到，某些时间单元内特定属性天然稀缺，由此推断处于",[]
渊海子平,渊海子平-0003,甲子甲午甲寅甲申,甲,HEAVY,REN-CAIGUAN|SHISHI-BURUO|HEAVY-ROOT|BIJIE-PARTY|ROOT-STRUCK|ROOT-GAN-PRIORITY|WANGCHONG-SHUAI|ZHONGGUA-2SIDE|JIRUO-WUGEN|JIWANG-HUAIJI|GE-QUALITY|SHI-ZHU-JI|TIANGAN-XINGQING|YONGSHEN-STRUCTURE|YONGSHEN-FINAL|ZHONG-HE,"四旬内五行有缺，缺项所代表的能量在该旬中视为虚空。正犯：出生所在旬缺某一行，而命局中恰好出现该行，构成直接冲犯。行运：大运流年，即人生不同阶段所经历的运势周期，与出生命盘共同作用。现代启示这一理论本质上是一套""结构性缺失""的分析框架——古人观察到，某些时间单元内特定属性天然稀缺，由此推断处于该结构中的人，在面对同类事物时更容易产生执念或失衡。这与现代心理学中""匮乏心态""（scarcity mind",[]
渊海子平,渊海子平-0004,甲辰乙巳壬申丙申,壬,HEAVY,REN-CAIGUAN|XIEQI-TAIZHONG|HEAVY-ROOT|JUECHU-FENGSHENG|ROOT-STRUCK|ROOT-GAN-PRIORITY|SHI-GUI-LU|ZHONGGUA-2SIDE|JIRUO-WUGEN|JISHUAI-CONGSHENG|SHIYONG-YUELING-XIANGFU|GE-QING|GE-QUALITY|SHI-ZHU-JI|YONGSHEN-STRUCTURE|YONGSHEN-FINAL|ZHONG-HE,"、丁亥、庚辰、戊戌、癸亥、辛巳、乙丑，共十个日柱，被称为""十恶大败""之日。古书警告：国家出兵征战，应当极力回避这十日；即便如蛟龙、蛇蟒那般有力之物，在这十日也难以舒展。若一个人的生辰八字中，日柱恰好落在其中某一天，便如仓库中的金银凭空消散，难以积聚。所谓""十恶""，意指凶险；""大败""，意指临敌怯懦、溃散无功。其原理在于：在六十甲子的十个轮回（六甲旬）中，这十个日柱各自的""禄星""（代表禄位与资源的星曜",['身旺']
渊海子平,渊海子平-0005,丁亥庚辰戊戌癸亥,戊,HEAVY,REN-CAIGUAN|DESHI-BUWANG|XIEQI-TAIZHONG|HEAVY-ROOT|YIN-PARTY|ROOT-STRUCK|ROOT-GAN-PRIORITY|ZHONGGUA-2SIDE|RI-BEI-HE|JIRUO-WUGEN|JIWANG-HUAIJI|GE-QUALITY|WANGJI-SIWO-SHENG|SHI-ZHU-JI|YONGSHEN-STRUCTURE|YONGSHEN-FINAL|ZHONG-HE,"、辛巳、乙丑，共十个日柱，被称为""十恶大败""之日。古书警告：国家出兵征战，应当极力回避这十日；即便如蛟龙、蛇蟒那般有力之物，在这十日也难以舒展。若一个人的生辰八字中，日柱恰好落在其中某一天，便如仓库中的金银凭空消散，难以积聚。所谓""十恶""，意指凶险；""大败""，意指临敌怯懦、溃散无功。其原理在于：在六十甲子的十个轮回（六甲旬）中，这十个日柱各自的""禄星""（代表禄位与资源的星曜）恰好落入了""空亡""的格",['身旺']
渊海子平,渊海子平-0006,甲子甲戌甲申甲午,甲,NONE,ZHONGGUA-2SIDE|WUGEN-YOUFU|SHIYONG-YUELING-XIANGFU|GE-QUALITY|YUN-SHENG-ROOT|SHI-ZHU-JI|TIANGAN-XINGQING|YONGSHEN-STRUCTURE|YONGSHEN-FINAL,"、甲辰、甲寅分为六组，每组十日，每旬各有对应的空亡地支。日主：出生当日的天干，八字分析中最核心的参照坐标，代表命主本身。禄入空亡：禄星所在地支恰落入本旬空亡位，禄力无法正常运作，被视为资源散失的凶兆。现代启示""禄入空亡""的本质，是一种关于**条件错位**的古老观察。当一个人赖以支撑的核心资源——无论是人脉、资金还是时机——恰好处于失效状态，行动就容易溃散。古人将这种""资源虚化""的规律固化为历法中的",[]
渊海子平,渊海子平-0007,己未戊辰甲寅癸酉,甲,HEAVY,REN-CAIGUAN|SHISHI-BURUO|HEAVY-ROOT|YIN-PARTY|ROOT-GAN-PRIORITY|HE-HUASHEN-DESHI|ZHONGGUA-2SIDE|RI-BEI-HE|JIRUO-WUGEN|JIWANG-HUAIJI|GE-QING|GE-QUALITY|SHI-ZHU-JI|TIANGAN-XINGQING|YONGSHEN-STRUCTURE|YONGSHEN-FINAL|ZHONG-HE,，财旺身强；乙酉、壬午、壬午、癸卯，财旺身弱。干与支同，损财伤妻—干与支同者，甲寅、乙卯之类。又云：若地支同局之命，则损财伤妻。更月令气旺，年时未见财官，又无格局，穷必彻骨矣。凡干旺为妻财，财乃生日干克他为财之星也。若柱中财多而日旺者，凡举动无不称意。经云：处世安然，财命有气。若反此财多而日干弱者，此命定因妻财而致祸，则因力衰不能任厚福。财多身旺者，假如：己未年、戊辰月、甲寅日、癸酉时。如甲以戊己,"['身旺', '身弱', '身强']"
渊海子平,渊海子平-0008,乙酉壬午壬午癸卯,壬,NONE,XIEQI-TAIZHONG|ZHONGGUA-2SIDE|WUGEN-YOUFU|JISHUAI-CONGSHENG|GE-QUALITY|YUN-SHENG-ROOT|YONGSHEN-STRUCTURE|YONGSHEN-FINAL,，财旺身弱。干与支同，损财伤妻—干与支同者，甲寅、乙卯之类。又云：若地支同局之命，则损财伤妻。更月令气旺，年时未见财官，又无格局，穷必彻骨矣。凡干旺为妻财，财乃生日干克他为财之星也。若柱中财多而日旺者，凡举动无不称意。经云：处世安然，财命有气。若反此财多而日干弱者，此命定因妻财而致祸，则因力衰不能任厚福。财多身旺者，假如：己未年、戊辰月、甲寅日、癸酉时。如甲以戊己为财，年月建居财库，当生年又得己未,"['身旺', '身弱']"
渊海子平,渊海子平-0009,甲申丙寅乙卯辛巳,乙,HEAVY,REN-CAIGUAN|DESHI-BUWANG|XIEQI-TAIZHONG|HEAVY-ROOT|TENGLUO-XIJIA|BIJIE-PARTY|ROOT-STRUCK|ROOT-GAN-PRIORITY|WANGCHONG-SHUAI|ZHONGGUA-2SIDE|JIRUO-WUGEN|JIWANG-HUAIJI|SHIYONG-YUELING-XIANGFU|GE-QUALITY|WANGJI-SIWO-SHENG|SHI-ZHU-JI|TIANGAN-XINGQING|YONGSHEN-STRUCTURE|YONGSHEN-FINAL|ZHONG-HE,，此用日干旺，时上偏官，月上制伏，得其中和，故为贵矣。庚子 戊子 戊寅 甲寅，时上偏官，年上制伏，早年登第，历任尚书，乃先年巡按绣衣李如桂八字也。(眉批：六甲时遇庚午不喜官星，又年月时有辛虚名利耳。)财官印绶全备，藏蓄于四季之中—此论杂气财官印绶格。四季时辰戌丑未也，乃天地不正之气，为杂气也。盖辰中有乙木余气，壬癸之库墓，有戊己之土。辰戌丑未各以所藏之气而言之，此四者藏蓄杂气，为我之官星、财气、禄,"['身旺', '旺相', '中和']"
渊海子平,渊海子平-0010,庚子戊子戊寅甲寅,戊,HEAVY,REN-CAIGUAN|SHISHI-BURUO|HEAVY-ROOT|BIJIE-PARTY|ROOT-GAN-PRIORITY|SHI-GUI-LU|ZHONGGUA-2SIDE|GE-QING|GE-QUALITY|SHI-ZHU-JI|YONGSHEN-STRUCTURE|YONGSHEN-FINAL|ZHONG-HE,，时上偏官，年上制伏，早年登第，历任尚书，乃先年巡按绣衣李如桂八字也。(眉批：六甲时遇庚午不喜官星，又年月时有辛虚名利耳。)财官印绶全备，藏蓄于四季之中—此论杂气财官印绶格。四季时辰戌丑未也，乃天地不正之气，为杂气也。盖辰中有乙木余气，壬癸之库墓，有戊己之土。辰戌丑未各以所藏之气而言之，此四者藏蓄杂气，为我之官星、财气、禄马、印绶也。须看四柱天元透出何字为福。次分节气浅深，若杀旺官少要制伏，喜财。,"['身旺', '旺相']"
渊海子平,渊海子平-0011,丙戌戊戌甲午己巳,甲,NONE,CAIDUO-SHENRUAN|XIEQI-TAIZHONG|HE-HUASHEN-DESHI|ZHONGGUA-2SIDE|RI-BEI-HE|JIRUO-WUGEN|JISHUAI-CONGSHENG|SHIYONG-YUELING-XIANGFU|GE-QING|GE-QUALITY|YUN-SHENG-ROOT|SHI-ZHU-JI|TIANGAN-XINGQING|YONGSHEN-STRUCTURE|YONGSHEN-FINAL,，杂气财官格，此命用辛官，己为财，戌中有辛金余气，戊己土财旺生官，所以富贵两全。辛丑 壬辰 丙戌 乙未，此八字邵囱，行官印运，早年登科，仕至御史。辛未 辛丑 庚戌 庚辰，此人虽亦辰戌丑未全，奈比劫多，又土重金埋，行酉运身旺，背逐之乡，所以刀笔，功名无成，自今鳏独。但墓库中物，自启钥以闭藏，要有刑冲破害，开启钥之物，则言发财官之贵矣。若四柱原有刑冲破害之物，再不要逢此运气，则反贵为贱。元若无财又喜行,['身旺']
渊海子平,渊海子平-0012,辛丑壬辰丙戌乙未,丙,LIGHT,REN-CAIGUAN|SHISHI-BURUO|LIGHT-ROOT|YIN-PARTY|ROOT-STRUCK|ROOT-GAN-PRIORITY|SHI-GUI-LU|ZHONGGUA-2SIDE|RI-BEI-HE|JIRUO-WUGEN|SHIYONG-YUELING-XIANGFU|GE-QUALITY|YONGSHEN-STRUCTURE|YONGSHEN-FINAL|ZHONG-HE,，此八字邵囱，行官印运，早年登科，仕至御史。辛未 辛丑 庚戌 庚辰，此人虽亦辰戌丑未全，奈比劫多，又土重金埋，行酉运身旺，背逐之乡，所以刀笔，功名无成，自今鳏独。但墓库中物，自启钥以闭藏，要有刑冲破害，开启钥之物，则言发财官之贵矣。若四柱原有刑冲破害之物，再不要逢此运气，则反贵为贱。元若无财又喜行此运矣。学者直细推之。(眉批：戊辰 壬戌 丁丑 丁未，此洪武皇帝命。)官星财气长生，镇居于寅申巳亥—财,['身旺']
渊海子平,渊海子平-0013,辛未辛丑庚戌庚辰,庚,LIGHT,REN-CAIGUAN|SHISHI-BURUO|LIGHT-ROOT|BIJIE-PARTY|ROOT-STRUCK|ROOT-GAN-PRIORITY|ZHONGGUA-2SIDE|JIRUO-WUGEN|SHIYONG-YUELING-XIANGFU|GE-QUALITY|SHI-ZHU-JI|YONGSHEN-STRUCTURE|YONGSHEN-FINAL|ZHONG-HE,，此人虽亦辰戌丑未全，奈比劫多，又土重金埋，行酉运身旺，背逐之乡，所以刀笔，功名无成，自今鳏独。但墓库中物，自启钥以闭藏，要有刑冲破害，开启钥之物，则言发财官之贵矣。若四柱原有刑冲破害之物，再不要逢此运气，则反贵为贱。元若无财又喜行此运矣。学者直细推之。(眉批：戊辰 壬戌 丁丑 丁未，此洪武皇帝命。)官星财气长生，镇居于寅申巳亥—财官生旺于四孟，寅申巳亥乃五行长生之地。假如壬申 辛亥 己巳 丙寅，,['身旺']
渊海子平,渊海子平-0014,戊辰壬戌丁丑丁未,丁,LIGHT,REN-CAIGUAN|SHISHI-BURUO|XIEQI-TAIZHONG|LIGHT-ROOT|BIJIE-PARTY|ROOT-STRUCK|ROOT-GAN-PRIORITY|SHI-GUI-LU|ZHONGGUA-2SIDE|RI-BEI-HE|JIRUO-WUGEN|JISHUAI-CONGSHENG|SHIYONG-YUELING-XIANGFU|GE-QUALITY|TIANGAN-XINGQING|YONGSHEN-STRUCTURE|YONGSHEN-FINAL|ZHONG-HE,，此洪武皇帝命。)官星财气长生，镇居于寅申巳亥—财官生旺于四孟，寅申巳亥乃五行长生之地。假如壬申 辛亥 己巳 丙寅，此命先荣后辱，己用甲为官，亥中有甲木长生，己用壬为财，申中有壬水长生，己用丙为印绶，寅中有丙火长生，此为四孟凶局。壬寅 乙巳 癸亥 庚申，此八字初行丙午未运好，一到酉戌来，巳中丙戊财官死于酉，用神损伤，家自消乏，妻子俱丧。(眉批：碧玉歌曰印绶财官日主强名播四海。)庚申时逢戊日，名食神,[]
渊海子平,渊海子平-0015,壬申辛亥己巳丙寅,己,HEAVY,REN-CAIGUAN|SHISHI-BURUO|XIEQI-TAIZHONG|YIN-PARTY|ROOT-STRUCK|ROOT-GAN-PRIORITY|WANGCHONG-SHUAI|HE-HUASHEN-DESHI|ZHONGGUA-2SIDE|JIRUO-WUGEN|JISHUAI-CONGSHENG|SHIYONG-YUELING-XIANGFU|GE-QUALITY|SHI-ZHU-JI|TIANGAN-XINGQING|YONGSHEN-STRUCTURE|YONGSHEN-FINAL|ZHONG-HE,，此命先荣后辱，己用甲为官，亥中有甲木长生，己用壬为财，申中有壬水长生，己用丙为印绶，寅中有丙火长生，此为四孟凶局。壬寅 乙巳 癸亥 庚申，此八字初行丙午未运好，一到酉戌来，巳中丙戊财官死于酉，用神损伤，家自消乏，妻子俱丧。(眉批：碧玉歌曰印绶财官日主强名播四海。)庚申时逢戊日，名食神专旺之方。岁月犯甲丙卯寅，此乃遇而不遇—此论专旺食神格。戊以庚为食神，其中有庚金建禄。戊土用水为财，申中有水长生，,[]
渊海子平,渊海子平-0016,壬寅乙巳癸亥庚申,癸,HEAVY,REN-CAIGUAN|SHISHI-BURUO|XIEQI-TAIZHONG|HEAVY-ROOT|YIN-PARTY|BIJIE-PARTY|ROOT-STRUCK|ROOT-GAN-PRIORITY|WANGCHONG-SHUAI|ZHONGGUA-2SIDE|JIRUO-WUGEN|JISHUAI-CONGSHENG|SHIYONG-YUELING-XIANGFU|GE-QUALITY|SHI-ZHU-JI|TIANGAN-XINGQING|YONGSHEN-STRUCTURE|YONGSHEN-FINAL|ZHONG-HE,，此八字初行丙午未运好，一到酉戌来，巳中丙戊财官死于酉，用神损伤，家自消乏，妻子俱丧。(眉批：碧玉歌曰印绶财官日主强名播四海。)庚申时逢戊日，名食神专旺之方。岁月犯甲丙卯寅，此乃遇而不遇—此论专旺食神格。戊以庚为食神，其中有庚金建禄。戊土用水为财，申中有水长生，乃财旺也。戊用乙为官星，庚能合卯中乙木为戊土官贵气。若四柱透出甲丙卯寅四字，则坏了申中庚金贵气，此乃遇而不遇。假如己未 壬申 戊子 庚申，,[]
渊海子平,渊海子平-0017,己未壬申戊子庚申,戊,HEAVY,REN-CAIGUAN|SHISHI-BURUO|XIEQI-TAIZHONG|HEAVY-ROOT|BIJIE-PARTY|ROOT-STRUCK|ROOT-GAN-PRIORITY|SHI-GUI-LU|ZHONGGUA-2SIDE|JIRUO-WUGEN|JIWANG-HUAIJI|JISHUAI-CONGSHENG|SHIYONG-YUELING-XIANGFU|GE-QUALITY|SHI-ZHU-JI|YONGSHEN-STRUCTURE|YONGSHEN-FINAL|ZHONG-HE,，此谢丞相之命。丙子 己亥 戊辰 庚申，此八字为一生员的，缘露了丙字，但中备卷三次，甲子年起贡，运行甲辰水土库于辰，用神入墓，卒于北京。(眉批：歌曰“戊日印绶食神奇，寅卯甲丙忌，寅丙是庚杀，甲乃戊之鬼，乙卯露出坏其贵，食神干旺皆为奇。)月生日干无天财，乃印绶之名—此论印绶格，十干生我者是也。为父母、为生气，又能护我之官星，故印绶无伤官之患矣。大要生旺，忌死绝，若四柱中元有官星尤好。忌见财气，格行官,[]
渊海子平,渊海子平-0018,丙子己亥戊辰庚申,戊,HEAVY,REN-CAIGUAN|SHISHI-BURUO|XIEQI-TAIZHONG|HEAVY-ROOT|BIJIE-PARTY|ROOT-STRUCK|ROOT-GAN-PRIORITY|SHI-GUI-LU|ZHONGGUA-2SIDE|JIRUO-WUGEN|JISHUAI-CONGSHENG|SHIYONG-YUELING-XIANGFU|GE-QUALITY|SHI-ZHU-JI|YONGSHEN-STRUCTURE|YONGSHEN-FINAL|ZHONG-HE,，此八字为一生员的，缘露了丙字，但中备卷三次，甲子年起贡，运行甲辰水土库于辰，用神入墓，卒于北京。(眉批：歌曰“戊日印绶食神奇，寅卯甲丙忌，寅丙是庚杀，甲乃戊之鬼，乙卯露出坏其贵，食神干旺皆为奇。)月生日干无天财，乃印绶之名—此论印绶格，十干生我者是也。为父母、为生气，又能护我之官星，故印绶无伤官之患矣。大要生旺，忌死绝，若四柱中元有官星尤好。忌见财气，格行官运则发，若行财旺乡，贪财坏印，祸患百端,[]
渊海子平,渊海子平-0019,丙辰甲午己未丁卯,己,HEAVY,REN-CAIGUAN|SHISHI-BURUO|HEAVY-ROOT|YIN-PARTY|ROOT-STRUCK|ROOT-GAN-PRIORITY|ZHONGGUA-2SIDE|RI-BEI-HE|JIRUO-WUGEN|JIWANG-HUAIJI|GE-QUALITY|SHI-ZHU-JI|TIANGAN-XINGQING|YONGSHEN-STRUCTURE|YONGSHEN-FINAL|ZHONG-HE,，此命月生日干为印绶，系高和尚命，大运丁酉，流年壬午，当年三十岁，至元十九年三月二十四日遭极刑，故谓印生逢死绝之运，又见壬来破印也，此当年用天元，大运用地支。壬申 辛亥 乙未 己卯，此八字广东李兆龙俭事，行乙卯运，水到卯宫伤，去官。(眉批：甲乙亥壬干癸是不宜戊己见，贪财坏印则富贵×作贱，如太××喜贪民财。)日禄居时没官星，号青云得路—此论归禄格，要四柱中无一点官星，方为此格，为青云得路。最要日干生,[]
渊海子平,渊海子平-0020,壬申辛亥乙未己卯,乙,HEAVY,REN-CAIGUAN|SHISHI-BURUO|HEAVY-ROOT|YIN-PARTY|ROOT-GAN-PRIORITY|SHI-GUI-LU|ZHONGGUA-2SIDE|JIWANG-HUAIJI|GE-QUALITY|TIANGAN-XINGQING|YONGSHEN-STRUCTURE|YONGSHEN-FINAL|ZHONG-HE,，此八字广东李兆龙俭事，行乙卯运，水到卯宫伤，去官。(眉批：甲乙亥壬干癸是不宜戊己见，贪财坏印则富贵×作贱，如太××喜贪民财。)日禄居时没官星，号青云得路—此论归禄格，要四柱中无一点官星，方为此格，为青云得路。最要日干生旺，兼行食神、伤官之乡可发福。但归禄有六忌：一忌刑冲，二忌作合，三忌倒食，四忌官星，五忌日月天元同，六忌岁月天元同，犯此六者，不可一例以为贵矣。假如甲子 丙子 癸丑 壬子，此是张都,['身旺']
渊海子平,渊海子平-0021,甲子丙子癸丑壬子,癸,HEAVY,REN-CAIGUAN|HEAVY-ROOT|BIJIE-PARTY|ROOT-GAN-PRIORITY|SHI-GUI-LU|ZHONGGUA-2SIDE|JIWANG-HUAIJI|SHIYONG-YUELING-XIANGFU|GE-QING|GE-QUALITY|CAI-RUO-SHEN-QIANG|WANGJI-SIWO-SHENG|TIANGAN-XINGQING|YONGSHEN-STRUCTURE|YONGSHEN-FINAL|ZHONG-HE,，此是张都统命，乃子多为聚福归禄矣。甲子 丁丑 乙丑 己卯，蔡文辉八字，术士皆许读书有功名之造，后学医，行辛巳运，庚子年不禄，此非日禄归时。《独步》云：“乙木无根，生临丑月。金多转贵，火土则折。” (眉批：碧玉歌曰：辛禄居酉真为美，暗合丙为贵，柱运忌官，本身旺食伤，喜无官煞，青云得禄攀丹桂。)阳水叠逢辰位，是壬骑龙背之乡—如壬辰日生，遇辰字多者贵，寅字多者富。盖壬以己土为官星，丁火为财星。辰日暗冲,['身旺']
渊海子平,渊海子平-0022,甲子丁丑乙丑己卯,乙,HEAVY,REN-CAIGUAN|SHISHI-BURUO|HEAVY-ROOT|TENGLUO-XIJIA|BIJIE-PARTY|ROOT-STRUCK|ROOT-GAN-PRIORITY|HE-HUASHEN-DESHI|SHI-GUI-LU|ZHONGGUA-2SIDE|JIRUO-WUGEN|GE-QUALITY|TIANGAN-XINGQING|YONGSHEN-STRUCTURE|YONGSHEN-FINAL|ZHONG-HE,，蔡文辉八字，术士皆许读书有功名之造，后学医，行辛巳运，庚子年不禄，此非日禄归时。《独步》云：“乙木无根，生临丑月。金多转贵，火土则折。” (眉批：碧玉歌曰：辛禄居酉真为美，暗合丙为贵，柱运忌官，本身旺食伤，喜无官煞，青云得禄攀丹桂。)阳水叠逢辰位，是壬骑龙背之乡—如壬辰日生，遇辰字多者贵，寅字多者富。盖壬以己土为官星，丁火为财星。辰日暗冲戌中之官库，所以贵也。寅字多能合午中之财，所以富也。诗曰：,['身旺']
渊海子平,渊海子平-0023,丙子甲午壬辰甲辰,壬,HEAVY,REN-CAIGUAN|XIEQI-TAIZHONG|HEAVY-ROOT|ROOT-STRUCK|ROOT-GAN-PRIORITY|WANGCHONG-SHUAI|SHI-GUI-LU|ZHONGGUA-2SIDE|JIRUO-WUGEN|JISHUAI-CONGSHENG|GE-QUALITY|SHI-ZHU-JI|YONGSHEN-STRUCTURE|YONGSHEN-FINAL|ZHONG-HE,，此一生员八字，术士见其早年利考，皆作壬骑龙背格，许其堪青紫。余独以财格看，谓酉戌运不善，至此果不禄，且无嗣。(眉批：《四言独步》云，壬骑龙背、见戌无情、寅多则富、辰多则荣。)阴木独遇子时，为六乙鼠贵之地—此论大惧午字冲，丙子时尤妙，谓之聚贵也。或四柱中有庚字、辛字、申字、酉字、丑字，内则有庚辛金则减分数，岁君大运亦然。如月内有官星则不用此格，若四柱中元无官星方用此格。丁卯 壬子 乙巳 丙子，此一,[]
渊海子平,渊海子平-0024,丁卯壬子乙巳丙子,乙,HEAVY,REN-CAIGUAN|SHISHI-BURUO|XIEQI-TAIZHONG|HEAVY-ROOT|YIN-PARTY|ROOT-STRUCK|ROOT-GAN-PRIORITY|ZHONGGUA-2SIDE|JIRUO-WUGEN|JIWANG-HUAIJI|JISHUAI-CONGSHENG|SHIYONG-YUELING-XIANGFU|GE-QUALITY|TIANGAN-XINGQING|YONGSHEN-STRUCTURE|YONGSHEN-FINAL|ZHONG-HE,，此一禄吏八字，术士皆谓六乙鼠贵，许其功名，行申运颇得办事北京，至未运来为事罢，此只好作印看。(眉批：此言乙巳猴鼠乡，贵人有子。忌见官星，见官星则失其贵矣。)庚日全逢润下，忌壬癸巳午之方，时遇子时，其福减半—此论井栏叉格，只是庚子、庚申、庚辰合水局为贵，何也？盖庚用丁为官，子冲午。庚用木为财，而申冲寅，戌中戊土为庚之印，而辰冲之，又辰戌为财印，故以申子辰三字来冲寅午戌为财官印绶。若四柱中须用申子辰,[]
渊海子平,渊海子平-0025,庚子庚辰庚申丁丑,庚,HEAVY,REN-CAIGUAN|SHISHI-BURUO|BIJIE-PARTY|ROOT-STRUCK|ROOT-GAN-PRIORITY|SHI-GUI-LU|ZHONGGUA-2SIDE|JIRUO-WUGEN|JIWANG-HUAIJI|SHIYONG-YUELING-XIANGFU|GE-QING|GE-QUALITY|YONGSHEN-STRUCTURE|YONGSHEN-FINAL|ZHONG-HE,，此是王都统制命，丁卯出戎边土，得十四官诰。庚申 戊子 庚辰 丙戌，此一生员八字，亦候过癝，后告侍亲，惟生放发些财，而不贵。何也？所谓生江南则为橘，生江北则为柚，土产故也。(眉批：此言金生水之故，庚得申子辰水局，金又生水作润下之象，岂不为贵。若有申子合，丑刹在甲，则偏财干旺，则丙干伤庚位夺其禄。)若逢伤官月建，如凶处未必为凶—此论伤官格。伤官之法，务要伤尽而不为祸。四柱若原有官星，伤之尤重；原无官,['中和']
渊海子平,渊海子平-0026,庚申戊子庚辰丙戌,庚,HEAVY,REN-CAIGUAN|SHISHI-BURUO|HEAVY-ROOT|YIN-PARTY|BIJIE-PARTY|ROOT-STRUCK|ROOT-GAN-PRIORITY|SHI-GUI-LU|ZHONGGUA-2SIDE|JIRUO-WUGEN|JIWANG-HUAIJI|GE-QUALITY|SHI-ZHU-JI|YONGSHEN-STRUCTURE|YONGSHEN-FINAL|ZHONG-HE,，此一生员八字，亦候过癝，后告侍亲，惟生放发些财，而不贵。何也？所谓生江南则为橘，生江北则为柚，土产故也。(眉批：此言金生水之故，庚得申子辰水局，金又生水作润下之象，岂不为贵。若有申子合，丑刹在甲，则偏财干旺，则丙干伤庚位夺其禄。)若逢伤官月建，如凶处未必为凶—此论伤官格。伤官之法，务要伤尽而不为祸。四柱若原有官星，伤之尤重；原无官星，伤之则轻。若三合会起伤官之杀及运行伤官之地，其祸不可言也。故伤,['中和']
渊海子平,渊海子平-0027,己卯癸酉戊寅庚申,戊,HEAVY,REN-CAIGUAN|SHISHI-BURUO|XIEQI-TAIZHONG|HEAVY-ROOT|BIJIE-PARTY|ROOT-STRUCK|ROOT-GAN-PRIORITY|WANGCHONG-SHUAI|SHI-GUI-LU|ZHONGGUA-2SIDE|RI-BEI-HE|JIRUO-WUGEN|JIWANG-HUAIJI|JISHUAI-CONGSHENG|GE-QUALITY|SHI-ZHU-JI|YONGSHEN-STRUCTURE|YONGSHEN-FINAL|ZHONG-HE,，此八字一附学生，地支六冲，作戊日庚申时格不得，只好作伤官看，行南方运，常考不利，克妻无嗣，己运卒。(眉批：歌曰：“庚日生时逢子水，子水伤官岁时逢，戌巳凶中重作吉，观之中和凶以吉。” )内有正倒禄飞，忌官星亦嫌羁绊—内有正倒禄飞者，乃丁巳得巳字多，冲出亥中壬水为丁官星，乃正飞天禄马格也。若辛日得亥字多，冲出巳中丙火为辛官星，乃是倒飞天禄马也。柱中有壬癸辰巳，皆是官星羁绊也，则减分数，岁运亦同。诗曰,['中和']
渊海子平,渊海子平-0028,丙戌甲午丁巳癸卯,丁,HEAVY,REN-CAIGUAN|HEAVY-ROOT|YIN-PARTY|BIJIE-PARTY|ROOT-STRUCK|ROOT-GAN-PRIORITY|ZHONGGUA-2SIDE|JIRUO-WUGEN|JIWANG-HUAIJI|GE-QING|GE-QUALITY|TIANGAN-XINGQING|YONGSHEN-STRUCTURE|YONGSHEN-FINAL|ZHONG-HE,。壬辰 辛亥 癸亥 癸亥，都堂王守仁八字，倒飞天禄马格。戊寅 癸亥 癸亥 癸亥，此丐者八字，露出戊字官星，斯为下矣。)六癸日时逢寅位，岁月怕戊己二方—此论刑合格。以六癸日为主星，用戊土为正气官星，喜逢寅时，用巳中戊土，癸日得官星。如庚寅刑不成，惟甲寅时是，行运与飞天禄马同。若四柱有戊字、己字，又怕庚金伤甲字，刑坏了寅字，忌申字。如癸酉 辛酉 癸卯 甲寅，乃娄参政命也。己卯 乙亥 癸未 甲寅，此八字,[]
渊海子平,渊海子平-0029,壬辰辛亥癸亥癸亥,癸,HEAVY,REN-CAIGUAN|HEAVY-ROOT|BIJIE-PARTY|ROOT-STRUCK|ROOT-GAN-PRIORITY|SHI-GUI-LU|ZHONGGUA-2SIDE|JIRUO-WUGEN|JIWANG-HUAIJI|SHIYONG-YUELING-XIANGFU|GE-QUALITY|CAI-RUO-SHEN-QIANG|TIANGAN-XINGQING|YONGSHEN-STRUCTURE|YONGSHEN-FINAL|ZHONG-HE,，都堂王守仁八字，倒飞天禄马格。戊寅 癸亥 癸亥 癸亥，此丐者八字，露出戊字官星，斯为下矣。)六癸日时逢寅位，岁月怕戊己二方—此论刑合格。以六癸日为主星，用戊土为正气官星，喜逢寅时，用巳中戊土，癸日得官星。如庚寅刑不成，惟甲寅时是，行运与飞天禄马同。若四柱有戊字、己字，又怕庚金伤甲字，刑坏了寅字，忌申字。如癸酉 辛酉 癸卯 甲寅，乃娄参政命也。己卯 乙亥 癸未 甲寅，此八字年上露出己字，所以功名蹭,[]
渊海子平,渊海子平-0030,戊寅癸亥癸亥癸亥,癸,HEAVY,REN-CAIGUAN|DESHI-BUWANG|HEAVY-ROOT|BIJIE-PARTY|ROOT-STRUCK|ROOT-GAN-PRIORITY|SHI-GUI-LU|ZHONGGUA-2SIDE|RI-BEI-HE|JIRUO-WUGEN|JIWANG-HUAIJI|SHIYONG-YUELING-XIANGFU|GE-QUALITY|TIANGAN-XINGQING|YONGSHEN-STRUCTURE|YONGSHEN-FINAL|ZHONG-HE,，此丐者八字，露出戊字官星，斯为下矣。)六癸日时逢寅位，岁月怕戊己二方—此论刑合格。以六癸日为主星，用戊土为正气官星，喜逢寅时，用巳中戊土，癸日得官星。如庚寅刑不成，惟甲寅时是，行运与飞天禄马同。若四柱有戊字、己字，又怕庚金伤甲字，刑坏了寅字，忌申字。如癸酉 辛酉 癸卯 甲寅，乃娄参政命也。己卯 乙亥 癸未 甲寅，此八字年上露出己字，所以功名蹭蹬，屡科不第。甲子日再逢子时，畏庚辛申酉丑午—此论子遥,[]
渊海子平,渊海子平-0031,癸酉辛酉癸卯甲寅,癸,LIGHT,REN-CAIGUAN|SHISHI-BURUO|XIEQI-TAIZHONG|LIGHT-ROOT|YIN-PARTY|ROOT-STRUCK|ROOT-GAN-PRIORITY|WANGCHONG-SHUAI|ZHONGGUA-2SIDE|JIRUO-WUGEN|JISHUAI-CONGSHENG|GE-QUALITY|SHI-ZHU-JI|TIANGAN-XINGQING|YONGSHEN-STRUCTURE|YONGSHEN-FINAL|ZHONG-HE,，乃娄参政命也。己卯 乙亥 癸未 甲寅，此八字年上露出己字，所以功名蹭蹬，屡科不第。甲子日再逢子时，畏庚辛申酉丑午—此论子遥巳格。甲用辛官，辛禄在酉，二子为甲木之印绶。子中癸水遥合巳中丙戊，合动酉位之辛为甲之官星，巳酉丑三合会起官星。喜壬癸亥子月，忌庚申辛酉，乃金来伤甲木。午字来冲子字，是羁绊则不能去遥合矣。假如甲申 甲戌 甲子 甲子，此乃是罗御史之命，虽然是遥巳，但年上有申中庚金冲克甲，运行戊寅,[]
渊海子平,渊海子平-0032,己卯乙亥癸未甲寅,癸,HEAVY,REN-CAIGUAN|DESHI-BUWANG|XIEQI-TAIZHONG|HEAVY-ROOT|ROOT-STRUCK|ROOT-GAN-PRIORITY|ZHONGGUA-2SIDE|JIRUO-WUGEN|JIWANG-HUAIJI|SHIYONG-YUELING-XIANGFU|GE-QING|GE-QUALITY|WANGJI-SIWO-SHENG|SHI-ZHU-JI|TIANGAN-XINGQING|YONGSHEN-STRUCTURE|YONGSHEN-FINAL|ZHONG-HE,，此八字年上露出己字，所以功名蹭蹬，屡科不第。甲子日再逢子时，畏庚辛申酉丑午—此论子遥巳格。甲用辛官，辛禄在酉，二子为甲木之印绶。子中癸水遥合巳中丙戊，合动酉位之辛为甲之官星，巳酉丑三合会起官星。喜壬癸亥子月，忌庚申辛酉，乃金来伤甲木。午字来冲子字，是羁绊则不能去遥合矣。假如甲申 甲戌 甲子 甲子，此乃是罗御史之命，虽然是遥巳，但年上有申中庚金冲克甲，运行戊寅，寅刑巳，番成祸矣，流年乙丑则罢官。癸,[]
渊海子平,渊海子平-0033,甲申甲戌甲子甲子,甲,NONE,ZHONGGUA-2SIDE|WUGEN-YOUFU|GE-QING|GE-QUALITY|YUN-SHENG-ROOT|TIANGAN-XINGQING|YONGSHEN-STRUCTURE|YONGSHEN-FINAL,，此乃是罗御史之命，虽然是遥巳，但年上有申中庚金冲克甲，运行戊寅，寅刑巳，番成祸矣，流年乙丑则罢官。癸丑 己未 甲子 甲子，此八字乃一好赌博人，家业荡尽，其中畏庚辛申酉丑午，此年支正露出丑字，行东方背禄之乡，所以贫穷。(眉批：甲子日子多名，遥巳辛酉莫透露，酉能去合丑，丑能去合巳，无绊者步金阶登云路。)辛癸日多逢丑地，不喜官星；岁时逢子巳二宫，虚名虚利—此论丑遥巳格，只辛丑、癸丑二日可用。但要四柱中,[]
渊海子平,渊海子平-0034,癸丑己未甲子甲子,甲,LIGHT,REN-CAIGUAN|SHISHI-BURUO|LIGHT-ROOT|YIN-PARTY|BIJIE-PARTY|ROOT-STRUCK|ROOT-GAN-PRIORITY|HE-HUASHEN-DESHI|ZHONGGUA-2SIDE|RI-BEI-HE|JIRUO-WUGEN|GE-QUALITY|TIANGAN-XINGQING|YONGSHEN-STRUCTURE|YONGSHEN-FINAL|ZHONG-HE,，此八字乃一好赌博人，家业荡尽，其中畏庚辛申酉丑午，此年支正露出丑字，行东方背禄之乡，所以贫穷。(眉批：甲子日子多名，遥巳辛酉莫透露，酉能去合丑，丑能去合巳，无绊者步金阶登云路。)辛癸日多逢丑地，不喜官星；岁时逢子巳二宫，虚名虚利—此论丑遥巳格，只辛丑、癸丑二日可用。但要四柱中无一点官星方用此格。盖辛用丙官，癸用戊官，丙戊禄在巳也。丑能破巳，丙午之禄出矣。不要填实巳位，子午羁绊不能遥也。若申酉得一,[]
渊海子平,渊海子平-0035,乙丑己丑癸丑癸丑,癸,LIGHT,REN-CAIGUAN|SHISHI-BURUO|LIGHT-ROOT|BIJIE-PARTY|ROOT-GAN-PRIORITY|SHI-GUI-LU|ZHONGGUA-2SIDE|JIRUO-WUGEN|SHIYONG-YUELING-XIANGFU|GE-QING|GE-QUALITY|SHI-ZHU-JI|TIANGAN-XINGQING|YONGSHEN-STRUCTURE|YONGSHEN-FINAL|ZHONG-HE,，乃是叶侍郎之命。又有丁丑 癸丑 辛丑 己丑，乃王通判之命。癸丑 乙丑 癸丑 癸亥，此八字白手发财成家，乃丑遥巳格真也。(眉批：此格要暗合官星，刑合而得，自作贵论。若四柱见了一点官星，乃只一个秀才。)拱禄拱贵，填实则凶—此论拱禄拱贵二格，乃两位虚拱贵禄之地，四柱不可占了贵禄之宫，则填实不容物矣，只为官星荣显也。其禄贵者拱之，盛物之器皿，若空则容物，乃贵禄荣显。经曰：官崇禄显，定是夹禄之乡。又忌伤了,[]
渊海子平,渊海子平-0036,丁丑癸丑辛丑己丑,辛,LIGHT,REN-CAIGUAN|SHISHI-BURUO|XIEQI-TAIZHONG|LIGHT-ROOT|YIN-PARTY|ROOT-GAN-PRIORITY|SHI-GUI-LU|ZHONGGUA-2SIDE|JIRUO-WUGEN|JISHUAI-CONGSHENG|SHIYONG-YUELING-XIANGFU|GE-QING|GE-QUALITY|YONGSHEN-STRUCTURE|YONGSHEN-FINAL|ZHONG-HE,，乃王通判之命。癸丑 乙丑 癸丑 癸亥，此八字白手发财成家，乃丑遥巳格真也。(眉批：此格要暗合官星，刑合而得，自作贵论。若四柱见了一点官星，乃只一个秀才。)拱禄拱贵，填实则凶—此论拱禄拱贵二格，乃两位虚拱贵禄之地，四柱不可占了贵禄之宫，则填实不容物矣，只为官星荣显也。其禄贵者拱之，盛物之器皿，若空则容物，乃贵禄荣显。经曰：官崇禄显，定是夹禄之乡。又忌伤了日时，皆拱不住矣。假如丁巳 丙午 甲寅 甲子,[]
渊海子平,渊海子平-0037,癸丑乙丑癸丑癸亥,癸,HEAVY,REN-CAIGUAN|SHISHI-BURUO|XIEQI-TAIZHONG|HEAVY-ROOT|BIJIE-PARTY|ROOT-GAN-PRIORITY|SHI-GUI-LU|ZHONGGUA-2SIDE|JIWANG-HUAIJI|JISHUAI-CONGSHENG|GE-QING|GE-QUALITY|CAI-RUO-SHEN-QIANG|TIANGAN-XINGQING|YONGSHEN-STRUCTURE|YONGSHEN-FINAL|ZHONG-HE,，此八字白手发财成家，乃丑遥巳格真也。(眉批：此格要暗合官星，刑合而得，自作贵论。若四柱见了一点官星，乃只一个秀才。)拱禄拱贵，填实则凶—此论拱禄拱贵二格，乃两位虚拱贵禄之地，四柱不可占了贵禄之宫，则填实不容物矣，只为官星荣显也。其禄贵者拱之，盛物之器皿，若空则容物，乃贵禄荣显。经曰：官崇禄显，定是夹禄之乡。又忌伤了日时，皆拱不住矣。假如丁巳 丙午 甲寅 甲子，此是王郎中之命，此时日来夹丑中癸水余,[]
渊海子平,渊海子平-0038,丁巳丙午甲寅甲子,甲,HEAVY,REN-CAIGUAN|SHISHI-BURUO|XIEQI-TAIZHONG|HEAVY-ROOT|BIJIE-PARTY|ROOT-STRUCK|ROOT-GAN-PRIORITY|WANGCHONG-SHUAI|ZHONGGUA-2SIDE|JIRUO-WUGEN|JIWANG-HUAIJI|JISHUAI-CONGSHENG|GE-QUALITY|TIANGAN-XINGQING|YONGSHEN-STRUCTURE|YONGSHEN-FINAL|ZHONG-HE,，此是王郎中之命，此时日来夹丑中癸水余气，辛金库墓，巳上乘旺，乃甲木之财，官之长生，人命逢之，岂不为贵，后运行辛丑，除通判，入庚子运，庚金克甲木，又是年月冲破甲子，乃天中杀，即空亡，夹贵不住，走了贵人，一旦坏了。(眉批：拱禄不宜见真禄，拱贵不宜见真贵，只是暗中虚拱。若见真禄乃是别格，不可作此格论。庚戌 戊子 壬辰 壬寅，此乃戴大宝命，十一岁行庚寅中举，十九岁戊辰年中探花，行辛卯运填实卒。)时上偏财,['身旺']
渊海子平,渊海子平-0039,庚戌戊子壬辰壬寅,壬,HEAVY,REN-CAIGUAN|DESHI-BUWANG|HEAVY-ROOT|YIN-PARTY|BIJIE-PARTY|ROOT-STRUCK|ROOT-GAN-PRIORITY|ZHONGGUA-2SIDE|JIRUO-WUGEN|JIWANG-HUAIJI|GE-QUALITY|SHI-ZHU-JI|YONGSHEN-STRUCTURE|YONGSHEN-FINAL|ZHONG-HE,，此乃戴大宝命，十一岁行庚寅中举，十九岁戊辰年中探花，行辛卯运填实卒。)时上偏财，别宫忌见—此论时上偏财格，又名时马格，与时上偏官同。用时上天元及支内人元，只要时上一位有之，始为贵，若别位有之，便多了，难作偏财而论。要身旺，不要克破，要财运旺即发矣。假如丁酉 己酉 戊子 壬子，都统制命也。丁丑 己酉 丁丑 辛亥，此八字时上偏财，月支又酉丑会局，所谓别宫忌见也，家业破尽。(眉批：假以甲日见戌时，不宜,['身旺']
渊海子平,渊海子平-0040,丁酉己酉戊子壬子,戊,NONE,CAIDUO-SHENRUAN|ZHONGGUA-2SIDE|JIRUO-WUGEN|WUGEN-YOUFU|GE-QUALITY|YUN-SHENG-ROOT|SHI-ZHU-JI|YONGSHEN-STRUCTURE|YONGSHEN-FINAL,，都统制命也。丁丑 己酉 丁丑 辛亥，此八字时上偏财，月支又酉丑会局，所谓别宫忌见也，家业破尽。(眉批：假以甲日见戌时，不宜甲再至拱禄，更分财年月忌物，比若重则损六亲害妻子。)六辛日逢戊子，嫌午未位，运喜西方—此论六阴朝阳格。辛金至亥为六阴之地，而得子时，故曰：六阴尽处一阳生，故云六阴朝阳之格，乃谓阴尽还阳。辛用丙官，癸为寿星，只是要子字一位，若多不中。喜戊干，戊来合癸，动巳中暗丙，丙为辛之官星，,[]
渊海子平,渊海子平-0041,丁丑己酉丁丑辛亥,丁,LIGHT,REN-CAIGUAN|XIEQI-TAIZHONG|LIGHT-ROOT|ROOT-GAN-PRIORITY|ZHONGGUA-2SIDE|JIRUO-WUGEN|JISHUAI-CONGSHENG|GE-QING|GE-QUALITY|SHI-ZHU-JI|TIANGAN-XINGQING|YONGSHEN-STRUCTURE|YONGSHEN-FINAL|ZHONG-HE,，此八字时上偏财，月支又酉丑会局，所谓别宫忌见也，家业破尽。(眉批：假以甲日见戌时，不宜甲再至拱禄，更分财年月忌物，比若重则损六亲害妻子。)六辛日逢戊子，嫌午未位，运喜西方—此论六阴朝阳格。辛金至亥为六阴之地，而得子时，故曰：六阴尽处一阳生，故云六阴朝阳之格，乃谓阴尽还阳。辛用丙官，癸为寿星，只是要子字一位，若多不中。喜戊干，戊来合癸，动巳中暗丙，丙为辛之官星，四柱中忌见午冲破子禄。西方乃金旺之地,[]
渊海子平,渊海子平-0042,戊辰庚申辛卯戊子,辛,HEAVY,REN-CAIGUAN|HEAVY-ROOT|YIN-PARTY|BIJIE-PARTY|ROOT-STRUCK|ROOT-GAN-PRIORITY|SHI-GUI-LU|ZHONGGUA-2SIDE|JIRUO-WUGEN|JIWANG-HUAIJI|GE-QUALITY|YONGSHEN-STRUCTURE|YONGSHEN-FINAL|ZHONG-HE,，此毕甫遇命，运行西方。又如己未 辛未 辛未 戊子，此王郡玉命，运地东方。甲寅 甲戌 辛卯 戊子，此一生员命，术士皆作阴朝阳格推，行东方运家破，岁考问充吏，看来还要作贪财破印而论为是。(眉批：六辛日时逢戊子，嫌丙丁巳午南运官被伤，不能朝阳。柱无火者，入朝中食俸禄。)五行遇月支偏官，岁月时中宜制伏。类有去官留杀，亦有去杀留宫。四柱纯杂有制，定居一品之尊。略有一位正官，官杀混杂反贱—此论偏官之格。若四,['身旺']
渊海子平,渊海子平-0043,己未辛未辛未戊子,辛,LIGHT,REN-CAIGUAN|SHISHI-BURUO|LIGHT-ROOT|YIN-PARTY|ROOT-STRUCK|ROOT-GAN-PRIORITY|SHI-GUI-LU|ZHONGGUA-2SIDE|JIRUO-WUGEN|GE-QUALITY|YONGSHEN-STRUCTURE|YONGSHEN-FINAL|ZHONG-HE,，此王郡玉命，运地东方。甲寅 甲戌 辛卯 戊子，此一生员命，术士皆作阴朝阳格推，行东方运家破，岁考问充吏，看来还要作贪财破印而论为是。(眉批：六辛日时逢戊子，嫌丙丁巳午南运官被伤，不能朝阳。柱无火者，入朝中食俸禄。)五行遇月支偏官，岁月时中宜制伏。类有去官留杀，亦有去杀留宫。四柱纯杂有制，定居一品之尊。略有一位正官，官杀混杂反贱—此论偏官之格。若四柱中全无一点官星，用七杀为偏官。若有正官，此谓七杀,['身旺']
渊海子平,渊海子平-0044,甲寅甲戌辛卯戊子,辛,LIGHT,REN-CAIGUAN|SHISHI-BURUO|LIGHT-ROOT|YIN-PARTY|ROOT-STRUCK|ROOT-GAN-PRIORITY|SHI-GUI-LU|ZHONGGUA-2SIDE|JIRUO-WUGEN|GE-QUALITY|YONGSHEN-STRUCTURE|YONGSHEN-FINAL|ZHONG-HE,，此一生员命，术士皆作阴朝阳格推，行东方运家破，岁考问充吏，看来还要作贪财破印而论为是。(眉批：六辛日时逢戊子，嫌丙丁巳午南运官被伤，不能朝阳。柱无火者，入朝中食俸禄。)五行遇月支偏官，岁月时中宜制伏。类有去官留杀，亦有去杀留宫。四柱纯杂有制，定居一品之尊。略有一位正官，官杀混杂反贱—此论偏官之格。若四柱中全无一点官星，用七杀为偏官。若有正官，此谓七杀之鬼，乃克天干也，故谓有见不见之形。全要日干生,['身旺']
渊海子平,渊海子平-0045,己未乙亥丙寅辛卯,丙,HEAVY,REN-CAIGUAN|SHISHI-BURUO|XIEQI-TAIZHONG|HEAVY-ROOT|JUECHU-FENGSHENG|YIN-PARTY|ROOT-STRUCK|ROOT-GAN-PRIORITY|HE-HUASHEN-DESHI|ZHONGGUA-2SIDE|RI-BEI-HE|JIRUO-WUGEN|JISHUAI-CONGSHENG|GE-QING|GE-QUALITY|CAI-RUO-SHEN-QIANG|YONGSHEN-STRUCTURE|YONGSHEN-FINAL|ZHONG-HE,，乃王章明相公之命也，乃月偏官制伏在年上，兼日坐长生之火，三合木局，丙日逢贵，所以发禄，后遭刑戮，死无棺椁，初行壬申起福运矣。乙酉 乙酉 乙酉 乙酉，两个妇人，同此八字，一个极贵，一个极贫而有寿，何也？盖妇人之命，贵贱从夫也。乙酉 辛巳 乙卯 辛巳，此乃朱举人命，行戊寅运，乙卯科中式，行丁丑，是巳酉丑会金局，乃杀重，壬戌年不禄。(眉批：人命若是遇七杀，时岁却遇食伤制刹反为贵。)戊日午月，勿作刃看，,[]
渊海子平,渊海子平-0046,乙酉乙酉乙酉乙酉,乙,NONE,ZHONGGUA-2SIDE|WUGEN-YOUFU|SHIYONG-YUELING-XIANGFU|GE-QUALITY|YUN-SHENG-ROOT|SHI-ZHU-JI|TIANGAN-XINGQING|YONGSHEN-STRUCTURE|YONGSHEN-FINAL,，两个妇人，同此八字，一个极贵，一个极贫而有寿，何也？盖妇人之命，贵贱从夫也。乙酉 辛巳 乙卯 辛巳，此乃朱举人命，行戊寅运，乙卯科中式，行丁丑，是巳酉丑会金局，乃杀重，壬戌年不禄。(眉批：人命若是遇七杀，时岁却遇食伤制刹反为贵。)戊日午月，勿作刃看，时岁火多，却为印绶—此论羊刃者，非犬羊之羊，乃阴阳之阳，此禄前一位是。推阳位有刃，阴位无刃。如丙戊禄在巳，午为羊刃者。戊日得午月，午上不为刃。不为刃,[]
渊海子平,渊海子平-0047,乙酉辛巳乙卯辛巳,乙,HEAVY,REN-CAIGUAN|SHISHI-BURUO|HEAVY-ROOT|BIJIE-PARTY|ROOT-STRUCK|ROOT-GAN-PRIORITY|ZHONGGUA-2SIDE|JIRUO-WUGEN|JIWANG-HUAIJI|SHIYONG-YUELING-XIANGFU|GE-QUALITY|SHI-ZHU-JI|TIANGAN-XINGQING|YONGSHEN-STRUCTURE|YONGSHEN-FINAL|ZHONG-HE,，此乃朱举人命，行戊寅运，乙卯科中式，行丁丑，是巳酉丑会金局，乃杀重，壬戌年不禄。(眉批：人命若是遇七杀，时岁却遇食伤制刹反为贵。)戊日午月，勿作刃看，时岁火多，却为印绶—此论羊刃者，非犬羊之羊，乃阴阳之阳，此禄前一位是。推阳位有刃，阴位无刃。如丙戊禄在巳，午为羊刃者。戊日得午月，午上不为刃。不为刃者，何也？乃阴火生阳土，正谓月生日干，若岁干时干又见火，乃是印绶格也。(眉批：诀曰“戊日午月号作刃，,[]
渊海子平,渊海子平-0048,辛巳庚子丙子癸巳,丙,HEAVY,REN-CAIGUAN|HEAVY-ROOT|ROOT-GAN-PRIORITY|HE-HUASHEN-DESHI|SHI-GUI-LU|ZHONGGUA-2SIDE|RI-BEI-HE|JIRUO-WUGEN|GE-QING|GE-QUALITY|SHI-ZHU-JI|YONGSHEN-STRUCTURE|YONGSHEN-FINAL|ZHONG-HE,，此八字官旺行丙申，丙临申为杀重之位，甲子年十月，不禄。(眉批：己未 丁卯 戊申 癸亥，官旺主弱，韩元帅命。)日干旺甚无依，若不为僧即道—此论时旺，杀为主，本得地，乃为时旺之乡也。其人沉疴不染，老年齿牢发黑，以迈天年。如此格多出俗避位出尘，尚志慕道修禅，乃日干甚旺。且如庚日生人，月时在申，或运入西方，此庚以火为官星，火至西方而死，庚以木为财，木至西方而绝，既是财官禄马俱无，则欲步于前程，何以施殷，,['身旺']
渊海子平,渊海子平-0049,己未丁卯戊申癸亥,戊,HEAVY,REN-CAIGUAN|SHISHI-BURUO|HEAVY-ROOT|YIN-PARTY|BIJIE-PARTY|ROOT-STRUCK|ROOT-GAN-PRIORITY|ZHONGGUA-2SIDE|RI-BEI-HE|JIRUO-WUGEN|GE-QUALITY|SHI-ZHU-JI|YONGSHEN-STRUCTURE|YONGSHEN-FINAL|ZHONG-HE,，官旺主弱，韩元帅命。)日干旺甚无依，若不为僧即道—此论时旺，杀为主，本得地，乃为时旺之乡也。其人沉疴不染，老年齿牢发黑，以迈天年。如此格多出俗避位出尘，尚志慕道修禅，乃日干甚旺。且如庚日生人，月时在申，或运入西方，此庚以火为官星，火至西方而死，庚以木为财，木至西方而绝，既是财官禄马俱无，则欲步于前程，何以施殷，故无依倚，乃持身旺地，盖顺身远害之命。假如乙卯 丙子 丙午 癸巳，此祁真人命，日干旺于,['身旺']
渊海子平,渊海子平-0050,乙卯丙子丙午癸巳,丙,HEAVY,REN-CAIGUAN|SHISHI-BURUO|HEAVY-ROOT|YIN-PARTY|BIJIE-PARTY|ROOT-STRUCK|ROOT-GAN-PRIORITY|WANGCHONG-SHUAI|SHI-GUI-LU|ZHONGGUA-2SIDE|JIRUO-WUGEN|GE-QUALITY|SHI-ZHU-JI|YONGSHEN-STRUCTURE|YONGSHEN-FINAL|ZHONG-HE,，此祁真人命，日干旺于东南方运。(眉批：日干甚旺若无依，喜逢财禄食连行，官来财至多福庆，无男无女到僧尾。日干甚旺若无依，喜逢印财食运行，官见美财印发福，地若无依男为僧道女为尼。)印绶生月岁时，忌见财星。运入财乡，却宜退身避位—此论月生日干，乃印绶之名。印绶乃喜官星，畏财气，若天干财乡，乃坏印也。印绶者乃我气源，须根固，若行财位者宜退身避位，不然必遭降谪徒配也。假如庚戌 甲申 癸丑 丁巳，此命月中正,[]
渊海子平,渊海子平-0051,庚戌甲申癸丑丁巳,癸,LIGHT,REN-CAIGUAN|SHISHI-BURUO|LIGHT-ROOT|YIN-PARTY|ROOT-GAN-PRIORITY|ZHONGGUA-2SIDE|JIRUO-WUGEN|SHIYONG-YUELING-XIANGFU|GE-QING|GE-QUALITY|SHI-ZHU-JI|TIANGAN-XINGQING|YONGSHEN-STRUCTURE|YONGSHEN-FINAL|ZHONG-HE,，此命月中正气庚金印绶，本主杂气不合，巳中丙火为癸之财，其水见财，贪财坏印，一生蹭蹬。故曰：印绶在刑克之地，心乱身亡之故也。后大运行己丑，流年丙寅，四月破家，何故？原有伤印之财，岁运又行伤运气，庚入墓也。(眉批：月中有印绶生日，岁时怕财至，运若逢财地则家破官让。)劫财羊刃，切忌时逢，岁运并临，灾殃立至—劫财乃是日上天元分争财禄，比肩是也。羊刃者，禄前一位是也。且如禄马，甲禄在寅，甲用己土为财，见卯,[]
渊海子平,渊海子平-0052,癸未乙卯甲子己巳,甲,HEAVY,REN-CAIGUAN|DESHI-BUWANG|HEAVY-ROOT|YIN-PARTY|BIJIE-PARTY|ROOT-STRUCK|ROOT-GAN-PRIORITY|ZHONGGUA-2SIDE|RI-BEI-HE|JIRUO-WUGEN|JIWANG-HUAIJI|GE-QUALITY|SHI-ZHU-JI|TIANGAN-XINGQING|YONGSHEN-STRUCTURE|YONGSHEN-FINAL|ZHONG-HE,，此岳飞将军命，此为劫财羊刃，甲以己为财，以乙为刃，见卯羊刃，劫而有损，乙卯正谓劫财阳刃，运行辛亥，流年辛酉，三十九岁死于狱中。戊寅 乙卯 甲戌 甲子，此八字有祖业，有子息，无兄弟，父母早丧，自今正发，行己未运，甲子年，因官事破财不禄。戊寅 乙卯 甲子 甲子，此八字有些祖业，有庶生克，无子息，父母早丧，丁巳运癸卯年，被兄打破疾死，何也？盖春木无金，岁运又见卯也。(眉批：劫刃，甲子生卯年月，再见乙，,['身旺']
渊海子平,渊海子平-0053,戊寅乙卯甲戌甲子,甲,HEAVY,REN-CAIGUAN|DESHI-BUWANG|HEAVY-ROOT|BIJIE-PARTY|ROOT-STRUCK|ROOT-GAN-PRIORITY|ZHONGGUA-2SIDE|JIRUO-WUGEN|JIWANG-HUAIJI|GE-QUALITY|TIANGAN-XINGQING|YONGSHEN-STRUCTURE|YONGSHEN-FINAL|ZHONG-HE,，此八字有祖业，有子息，无兄弟，父母早丧，自今正发，行己未运，甲子年，因官事破财不禄。戊寅 乙卯 甲子 甲子，此八字有些祖业，有庶生克，无子息，父母早丧，丁巳运癸卯年，被兄打破疾死，何也？盖春木无金，岁运又见卯也。(眉批：劫刃，甲子生卯年月，再见乙，己土中之财被乙来劫去，岁运来并凶死而已矣。)十干背禄，岁时喜见财星，运至比肩，号曰背禄逐马—财为马。禄之向也，为顺；背也，为逆。且如四甲得寅为禄，若遇,['身旺']
渊海子平,渊海子平-0054,戊寅乙卯甲子甲子,甲,HEAVY,REN-CAIGUAN|DESHI-BUWANG|HEAVY-ROOT|BIJIE-PARTY|ROOT-STRUCK|ROOT-GAN-PRIORITY|ZHONGGUA-2SIDE|JIRUO-WUGEN|JIWANG-HUAIJI|GE-QUALITY|TIANGAN-XINGQING|YONGSHEN-STRUCTURE|YONGSHEN-FINAL|ZHONG-HE,，此八字有些祖业，有庶生克，无子息，父母早丧，丁巳运癸卯年，被兄打破疾死，何也？盖春木无金，岁运又见卯也。(眉批：劫刃，甲子生卯年月，再见乙，己土中之财被乙来劫去，岁运来并凶死而已矣。)十干背禄，岁时喜见财星，运至比肩，号曰背禄逐马—财为马。禄之向也，为顺；背也，为逆。且如四甲得寅为禄，若遇巳丙为背禄。经曰：背禄主无财之论，主初明后晦，喜财星，戊己土助其身，火至亥无气，比肩见甲分财。经云：马者，在,['身旺']
渊海子平,渊海子平-0055,甲午丁卯戊子戊午,戊,HEAVY,REN-CAIGUAN|SHISHI-BURUO|HEAVY-ROOT|YIN-PARTY|BIJIE-PARTY|ROOT-STRUCK|ROOT-GAN-PRIORITY|WANGCHONG-SHUAI|SHI-GUI-LU|ZHONGGUA-2SIDE|JIRUO-WUGEN|GE-QUALITY|YONGSHEN-STRUCTURE|YONGSHEN-FINAL|ZHONG-HE,，此八字戊土春生则弱也，喜午时为刃，以帮其身，原有禄来，行南方印运，增创大来，但官杀混杂，考降后，纳粟去作国子生终。(眉批：干弱喜逢刃，主福寿无疆。)官杀两停，喜者存之，憎者弃之—甲用辛酉为官星，又见庚申，何以是？又见三合之混杂。甲乙用庚辛为官贵，而有巳有丑，是官杀混杂，虽有制伏之运，或去杀用官，或去官用杀，方发福。若混杂之命，岁运更在旺乡，混官杀，其祸不可俱述也。(眉批：有制则吉，无制则凶。)地,['身旺']
渊海子平,渊海子平-0056,壬申己酉丙午戊子,丙,HEAVY,REN-CAIGUAN|XIEQI-TAIZHONG|HEAVY-ROOT|ROOT-STRUCK|ROOT-GAN-PRIORITY|ZHONGGUA-2SIDE|JIRUO-WUGEN|JISHUAI-CONGSHENG|GE-QUALITY|SHI-ZHU-JI|YONGSHEN-STRUCTURE|YONGSHEN-FINAL|ZHONG-HE,，知县命。)凡见天元太弱，内有弱处复生—此论日主自坐官杀，乃为人元弱处复生，乃是胎生元命。且如甲胎在申，申中有庚金为偏官，为六合中受气相感气生胎元，得壬水长生，酉上沐浴，戌上冠带，亥上临官，如人之算日必生木也。此格只要官星旺运方可发福，不要冲克。(眉批：如甲木死午，喜壬癸，露丁己能生金，土生甲助方可发福。)中七杀全彰，身旺极贫—伤官本禄之七杀，败财本马之七杀，偏官身之七杀，四柱有之，身旺建禄不为富,"['身旺', '旺极']"
渊海子平,渊海子平-0057,乙酉乙酉乙酉乙酉,乙,NONE,ZHONGGUA-2SIDE|WUGEN-YOUFU|SHIYONG-YUELING-XIANGFU|GE-QUALITY|YUN-SHENG-ROOT|SHI-ZHU-JI|TIANGAN-XINGQING|YONGSHEN-STRUCTURE|YONGSHEN-FINAL,，为七杀全彰。)无杀女人之命，一贵可作良人—大抵看男命与女命不同。女命不取官星，不取财星，不取贵人，不取三合六合，不要财马生旺暴败，不要干支刚强羊刃，不要比肩。乃见如此，何以知其贵贱乎？答曰：阴人者，如此一同论，若天元运动，岂能分别寒暑、四时、八节、霜露、雨雪、阴晴岂能辨哉？阴人者，全靠夫主，夫贵妻亦贵矣，夫贫妻亦贫，乃天地阴阳之理也。凡女人之命，大喜要安静清贵，旺夫旺子为妙。若绝气并刑冲破害不美,"['身旺', '中和']"
渊海子平,渊海子平-0058,丙午甲午癸亥乙卯,癸,HEAVY,REN-CAIGUAN|XIEQI-TAIZHONG|HEAVY-ROOT|ROOT-STRUCK|ROOT-GAN-PRIORITY|SHI-GUI-LU|ZHONGGUA-2SIDE|JIRUO-WUGEN|JISHUAI-CONGSHENG|GE-QUALITY|TIANGAN-XINGQING|YONGSHEN-STRUCTURE|YONGSHEN-FINAL|ZHONG-HE,，此乃是钱应宾秀才命，月上偏官，所以伤残，目盲足跛，却有文章秀气，终身贫穷矣。(眉批：凡命七杀食旺多制，做事多蹭，纵然生高明才学有差讹，青衫不结家囊破。)四柱伤官，运入官乡必破—此论伤官。四柱有官星，运入官乡，被破者轻，须要明轻重。假如癸未、癸亥、辛未、癸巳，此一都丞命，辛以丙为官，时中有丙，见癸水则破其官星矣。(眉批：四柱有伤官，再运行伤官之地则不宜矣。)五行绝处，即是胎元，生日逢之，名曰受气—,['中和']
渊海子平,渊海子平-0059,甲辰壬申丙子己丑,丙,NONE,SHISHI-BURUO|SHAZHONG-SHENQING|XIEQI-TAIZHONG|YIN-PARTY|ZHONGGUA-2SIDE|WUGEN-YOUFU|JISHUAI-CONGSHENG|GE-QING|GE-QUALITY|YUN-SHENG-ROOT|SHI-ZHU-JI|YONGSHEN-STRUCTURE|YONGSHEN-FINAL|ZHONG-HE,，丙子乃胞胎，日支会局，喜甲木生之，己土制之，一交甲戌运，甲子科中式。是以阴阳罕测，不可一例而推，务要禀得中和之气。神分贵贱，略敷古圣之遗书，纵约以今贤之博览。若通此法参详，鉴命无差无误矣。白话译文本篇总论命理推算中的喜神（有利之神）与忌神（不利之神），以日干为核心，配合全局八字论命。总纲：四柱排定后，分天、地、人三元。天干为天元，地支为地元，支中所藏之气为人元。年为根基，月为提纲，日元为命主，时,['中和']
渊海子平,渊海子平-0060,丙寅辛丑甲辰丙寅,甲,HEAVY,REN-CAIGUAN|XIEQI-TAIZHONG|HEAVY-ROOT|ROOT-STRUCK|ROOT-GAN-PRIORITY|SHI-GUI-LU|ZHONGGUA-2SIDE|JIRUO-WUGEN|JISHUAI-CONGSHENG|GE-QING|GE-QUALITY|SHI-ZHU-JI|TIANGAN-XINGQING|YONGSHEN-STRUCTURE|YONGSHEN-FINAL|ZHONG-HE,，此延生俊命，甲用辛为官，己土为财，癸水为印，提纲中有癸水余气，辛金墓库，己土见旺，故得溢封之贵也。此格忌食神伤印，见伤食则不吉。歌释：有印逢之为上，妙逢官煞为祥。仍分官煞莫刚强，富贵名登金榜。最忌财星破印，又嫌伤食破官。运行不错食皇粮，有家破坏毁伤。无官无印，有格乃朝廷之用正气杂气，凭财官印绶为贵格、富贵之命。若成格时，要全无一点财官，方为富贵之命矣。假如己未、壬申、戊子、庚申，此乃谢左丞相之命,['身旺']
渊海子平,渊海子平-0061,庚子壬子辛亥癸亥,辛,LIGHT,REN-CAIGUAN|XIEQI-TAIZHONG|LIGHT-ROOT|ROOT-GAN-PRIORITY|ZHONGGUA-2SIDE|JIRUO-WUGEN|JISHUAI-CONGSHENG|GE-QUALITY|SHI-ZHU-JI|YONGSHEN-STRUCTURE|YONGSHEN-FINAL|ZHONG-HE,，怕冲。歌释：日主高强察理，官是有气当时。若逢财印助根基，无破文场得意。伤食劫财莫逢，财官旺气权威。首登虎榜凤凰池，乌帽金冠霞帔。又韵语曰：亥冲巳位，丙为官禄之藏。丙丁造也已嗔(音同称)殃，反丙连辰绊当。癸亥巳藏丙戌，为官禄位轩昂。不逢寅戊己垣乡，定拟紫袍卿位。又论：自身天元羸弱，纵官星得之，荣华不久也。歌释：非格非局细察，只因破损伤神。身弱官多先贵後贫，费力劳心。身若居官难发，运行身旺财荣。官星,"['身旺', '身弱']"
渊海子平,渊海子平-0062,戊寅壬戌壬戌己酉,壬,NONE,SHAZHONG-SHENQING|ZHONGGUA-2SIDE|WUGEN-YOUFU|JISHUAI-CONGSHENG|SHIYONG-YUELING-XIANGFU|GE-QUALITY|YUN-SHENG-ROOT|YONGSHEN-STRUCTURE|YONGSHEN-FINAL,是也。月时暗有戊土为七杀，故为伤身也。歌释：阴不生三乙酉，时逢辛巳少祥。身轻煞重最难当，又疾富贵早亡。如斯嫩草又逢霜，絮柳风吹飘荡。眉批：此格如衰草逢霜，又行杀运，则夭折无疑。衰则变官为鬼，旺则化鬼为官若日主衰弱，纵有官星，当他不得，故变官为鬼矣。若日主旺盛，纵有七杀，其杀自降伏，当化鬼为官，乃主大富大贵之命也。歌释：日主生来衰弱，官多化鬼殃。或逢主旺煞来降，变鬼为官达士。官多必难领受，煞重无制夭,"['身旺', '身弱', '身衰', '衰弱', '日主旺']"
渊海子平,渊海子平-0063,辛丑庚子甲申己丑,甲,NONE,CAIDUO-SHENRUAN|SHAZHONG-SHENQING|ZHONGGUA-2SIDE|RI-BEI-HE|JIRUO-WUGEN|WUGEN-YOUFU|JISHUAI-CONGSHENG|SHIYONG-YUELING-XIANGFU|GE-QING|GE-QUALITY|YUN-SHENG-ROOT|SHI-ZHU-JI|TIANGAN-XINGQING|YONGSHEN-STRUCTURE|YONGSHEN-FINAL,，范端命。木从水养，水盛而木则漂流水生木弱，用金土为财官，太旺则官失矣。辛亥年，提庚子、甲申日，乙丑时支，年逢丁酉运，甲木溺水之灾难免。歌释：甲乙生居子地，但逢一二为奇。壬癸亥子叠干支，则木漂流无倚。辛亥年提庚子，甲申乙丑交支。年逢丁酉运申随滋水，故闽吴吉。金赖土生，土厚而金遭埋没金以木火为财官，若土太多，则金遭土埋没而乏光辉矣。歌释：庚辛日土叠干支，辰戌丑未俱齐。若逢火土叠干支，土重埋金无气。纵,"['旺相', '中和']"
渊海子平,渊海子平-0064,戊寅己卯辛未癸未,辛,NONE,SHISHI-BURUO|YIN-PARTY|ZHONGGUA-2SIDE|WUGEN-YOUFU|SHIYONG-YUELING-XIANGFU|GE-QING|GE-QUALITY|YUN-SHENG-ROOT|SHI-ZHU-JI|YONGSHEN-STRUCTURE|YONGSHEN-FINAL|ZHONG-HE,，此七日坐杀，性急伶俐，心巧聪明。如见杀多者，主人凶夭贫薄，月见之重，时见之轻，何也？曰：七杀只一位见之，如年时再见，杀多为祸，却要制伏之乡。又要身旺，有制伏为权，最怕冲刑羊刃，大凶。时上七杀只一位，要本身旺，如年月日时上处有制伏为福，却要行杀旺运，三合得地亦发。若无制伏，则要行制伏为福，行杀旺运无制伏，则祸。作时上七杀，却不怕羊刃，而亦不畏冲。如辛丑 乙未 乙卯 丙子，此命身旺，生於六月之中，岁,"['身旺', '身弱']"
渊海子平,渊海子平-0065,辛丑乙未乙卯丙子,乙,HEAVY,REN-CAIGUAN|SHISHI-BURUO|XIEQI-TAIZHONG|HEAVY-ROOT|BIJIE-PARTY|ROOT-STRUCK|ROOT-GAN-PRIORITY|ZHONGGUA-2SIDE|JIRUO-WUGEN|JIWANG-HUAIJI|JISHUAI-CONGSHENG|GE-QUALITY|TIANGAN-XINGQING|YONGSHEN-STRUCTURE|YONGSHEN-FINAL|ZHONG-HE,，此命身旺，生於六月之中，岁干透辛丑为杀，喜得丙子合辛丑七杀，乃贵而有权。眉批：此言合杀为贵。又如甲午 丙寅 庚子 丙子，此命身弱，见火局又见月令丙寅七杀，时又见丙子，火克庚金，金死於子，身弱杀旺，又无制伏，宜乎带病贫薄。(眉批：此言杀重身弱。)如丁巳 戊申 壬子 戊申，此命身旺，见二戊为七杀，引归於巳。丁与壬合，戊与癸合，金又长生於巳，戊禄在巳，乃是壬戊二字俱旺，所以贵也。白话译文七杀，又称偏官,"['身旺', '身弱', '衰弱']"
渊海子平,渊海子平-0066,甲午丙寅庚子丙子,庚,NONE,CAIDUO-SHENRUAN|SHAZHONG-SHENQING|JUECHU-FENGSHENG|WANGCHONG-SHUAI|ZHONGGUA-2SIDE|JIRUO-WUGEN|WUGEN-YOUFU|JISHUAI-CONGSHENG|GE-QUALITY|YUN-SHENG-ROOT|YONGSHEN-STRUCTURE|YONGSHEN-FINAL,，此命身弱，见火局又见月令丙寅七杀，时又见丙子，火克庚金，金死於子，身弱杀旺，又无制伏，宜乎带病贫薄。(眉批：此言杀重身弱。)如丁巳 戊申 壬子 戊申，此命身旺，见二戊为七杀，引归於巳。丁与壬合，戊与癸合，金又长生於巳，戊禄在巳，乃是壬戊二字俱旺，所以贵也。白话译文七杀，又称偏官，是八字命理中与日主（命主自身）天干相克且阴阳相同的干支。其喜好在于：命主日元旺盛、以合制服七杀、有羊刃（日元同旺之地支,"['身旺', '身弱', '衰弱']"
渊海子平,渊海子平-0067,丁巳戊申壬子戊申,壬,HEAVY,REN-CAIGUAN|HEAVY-ROOT|ROOT-STRUCK|ROOT-GAN-PRIORITY|SHI-GUI-LU|ZHONGGUA-2SIDE|RI-BEI-HE|JIRUO-WUGEN|JIWANG-HUAIJI|SHIYONG-YUELING-XIANGFU|GE-QING|GE-QUALITY|SHI-ZHU-JI|YONGSHEN-STRUCTURE|YONGSHEN-FINAL|ZHONG-HE,，此命身旺，见二戊为七杀，引归於巳。丁与壬合，戊与癸合，金又长生於巳，戊禄在巳，乃是壬戊二字俱旺，所以贵也。白话译文七杀，又称偏官，是八字命理中与日主（命主自身）天干相克且阴阳相同的干支。其喜好在于：命主日元旺盛、以合制服七杀、有羊刃（日元同旺之地支）相助；忌讳：日元衰弱、财星过旺（财能生杀）、杀无制约。日元旺盛时，七杀即为偏官，赋予权威；日元衰弱且无制约时，七杀则成凶神。有七杀不可一概断凶——许,"['身旺', '身弱', '衰弱']"
渊海子平,渊海子平-0068,甲申乙酉丁丑戊寅,丁,LIGHT,REN-CAIGUAN|SHISHI-BURUO|XIEQI-TAIZHONG|LIGHT-ROOT|YIN-PARTY|ROOT-GAN-PRIORITY|WANGCHONG-SHUAI|ZHONGGUA-2SIDE|JIRUO-WUGEN|JISHUAI-CONGSHENG|GE-QUALITY|TIANGAN-XINGQING|YONGSHEN-STRUCTURE|YONGSHEN-FINAL|ZHONG-HE,、己卯、辛未、癸未七日生人，日柱本身坐杀，性情急切、机敏聪慧。若杀星过多，则主凶夭贫薄。月柱见杀力量重，时柱见杀力量轻。七杀以一位为宜，年时再见则杀多为祸，须有制约且身旺方能化权；最忌冲刑羊刃，大凶。时柱单见七杀，须日元旺盛，年月日时有制杀之神则为福，宜行杀旺运；若无制约，则须行制杀运方吉，行杀旺运无制则祸。时上七杀格，反不畏羊刃冲刑。原文列举三例：辛丑乙未乙卯丙子，身旺，丙子合辛七杀，贵而有权；,"['身旺', '身弱']"
渊海子平,渊海子平-0069,戊戌庚申癸酉庚申,癸,NONE,SHISHI-BURUO|SHAZHONG-SHENQING|YIN-PARTY|ZHONGGUA-2SIDE|RI-BEI-HE|WUGEN-YOUFU|JISHUAI-CONGSHENG|SHIYONG-YUELING-XIANGFU|GE-QUALITY|YUN-SHENG-ROOT|SHI-ZHU-JI|TIANGAN-XINGQING|YONGSHEN-STRUCTURE|YONGSHEN-FINAL|ZHONG-HE,。此命癸日生於七月中气之後，月时皆有庚申，自坐金库，所以印绶为贵。岁干又透出戊官，谓之官印两全，极为贵命。(眉批：此月中气乃处者，庚金正旺。)且如癸亥 癸亥 甲寅 甲子。此日用癸为印，印却旺，缘无官星相助，发福不厚也。且如甲寅 庚午 戊戌 壬子。此日戊用丁为印绶，有寅午戌火局为好。不合时上壬子水旺，财能冲印，所以失明。生气是丙丁火，属目故也。且如己卯 丁卯 丙辰 壬辰。此命用卯为印，癸为官，年月在,[]
渊海子平,渊海子平-0070,癸亥癸亥甲寅甲子,甲,HEAVY,REN-CAIGUAN|SHISHI-BURUO|HEAVY-ROOT|YIN-PARTY|BIJIE-PARTY|ROOT-STRUCK|ROOT-GAN-PRIORITY|ZHONGGUA-2SIDE|JIRUO-WUGEN|JIWANG-HUAIJI|GE-QUALITY|TIANGAN-XINGQING|YONGSHEN-STRUCTURE|YONGSHEN-FINAL|ZHONG-HE,。此日用癸为印，印却旺，缘无官星相助，发福不厚也。且如甲寅 庚午 戊戌 壬子。此日戊用丁为印绶，有寅午戌火局为好。不合时上壬子水旺，财能冲印，所以失明。生气是丙丁火，属目故也。且如己卯 丁卯 丙辰 壬辰。此命用卯为印，癸为官，年月在卯，日时在辰，所以官印两全，少年清贵。至四十二、三岁癸亥运亦不妨，至庚申年，水七杀生於申，乃被庚申破印，故不吉也。眉批：甲见癸为正印，乙见壬为正印，丙见乙为正印，丁见甲,[]
渊海子平,渊海子平-0071,甲寅庚午戊戌壬子,戊,HEAVY,REN-CAIGUAN|XIEQI-TAIZHONG|HEAVY-ROOT|ROOT-STRUCK|ROOT-GAN-PRIORITY|WANGCHONG-SHUAI|ZHONGGUA-2SIDE|JIRUO-WUGEN|JIWANG-HUAIJI|JISHUAI-CONGSHENG|GE-QUALITY|SHI-ZHU-JI|YONGSHEN-STRUCTURE|YONGSHEN-FINAL|ZHONG-HE,。此日戊用丁为印绶，有寅午戌火局为好。不合时上壬子水旺，财能冲印，所以失明。生气是丙丁火，属目故也。且如己卯 丁卯 丙辰 壬辰。此命用卯为印，癸为官，年月在卯，日时在辰，所以官印两全，少年清贵。至四十二、三岁癸亥运亦不妨，至庚申年，水七杀生於申，乃被庚申破印，故不吉也。眉批：甲见癸为正印，乙见壬为正印，丙见乙为正印，丁见甲为正印，戊见丁为正印，己见丙为正印，庚见己为正印，辛见戊为正印，壬见辛为正印,[]
渊海子平,渊海子平-0072,己卯丁卯丙辰壬辰,丙,NONE,SHAZHONG-SHENQING|XIEQI-TAIZHONG|HE-HUASHEN-DESHI|ZHONGGUA-2SIDE|WUGEN-YOUFU|JISHUAI-CONGSHENG|SHIYONG-YUELING-XIANGFU|GE-QUALITY|YUN-SHENG-ROOT|SHI-ZHU-JI|YONGSHEN-STRUCTURE|YONGSHEN-FINAL,。此命用卯为印，癸为官，年月在卯，日时在辰，所以官印两全，少年清贵。至四十二、三岁癸亥运亦不妨，至庚申年，水七杀生於申，乃被庚申破印，故不吉也。眉批：甲见癸为正印，乙见壬为正印，丙见乙为正印，丁见甲为正印，戊见丁为正印，己见丙为正印，庚见己为正印，辛见戊为正印，壬见辛为正印，癸见庚为正印。偏印又谓之枭神。印者，生我之父母，故以祖宗、父母论之，如父母有福德及子孙。以时上见，必见生子孙有福而养父母，此,[]
渊海子平,渊海子平-0073,辛丑丁酉丁巳丁未,丁,HEAVY,REN-CAIGUAN|SHISHI-BURUO|HEAVY-ROOT|BIJIE-PARTY|ROOT-STRUCK|ROOT-GAN-PRIORITY|SHI-GUI-LU|ZHONGGUA-2SIDE|JIRUO-WUGEN|GE-QUALITY|TIANGAN-XINGQING|YONGSHEN-STRUCTURE|YONGSHEN-FINAL|ZHONG-HE,，此命丁日身坐财之地，又见巳酉丑金局，故主财旺。盖丁得木库居未，生丁火，故身旺，能任其财。运行东南方，宜乎巨富。丁用壬官，用庚金为财生壬官，身入旺乡，必能发福。凡用财不见官星为妙。又如庚申 乙酉 丙申 丙申。此命丙日见三申为财，岂不美哉。丙用癸官，用辛为财，见三申一酉为财，故旺。盖嫌日弱，火病申死酉，乃为无气，运行酉方金乡，身弱太甚，财旺生鬼，败克其身，故不能胜其财，所以贫也。眉批：七月庚金正旺，,"['身旺', '身弱', '旺极']"
渊海子平,渊海子平-0074,庚申乙酉丙申丙申,丙,NONE,CAIDUO-SHENRUAN|HE-HUASHEN-DESHI|ZHONGGUA-2SIDE|JIRUO-WUGEN|WUGEN-YOUFU|GE-QING|GE-QUALITY|YUN-SHENG-ROOT|SHI-ZHU-JI|YONGSHEN-STRUCTURE|YONGSHEN-FINAL,。此命丙日见三申为财，岂不美哉。丙用癸官，用辛为财，见三申一酉为财，故旺。盖嫌日弱，火病申死酉，乃为无气，运行酉方金乡，身弱太甚，财旺生鬼，败克其身，故不能胜其财，所以贫也。眉批：七月庚金正旺，以丙日生乃偏财旺极。又如乙卯 癸未 辛酉 戊子。此命辛日坐酉，年乙坐卯，身与财俱旺，又得癸未食神，戊子印绶助之，宜乎巨富贵也。眉批：此言年上偏财自身坐禄，时上印生旺，所以为福。又如戊子 丁巳 甲辰 丙寅。此,"['身旺', '身弱', '旺极']"
渊海子平,渊海子平-0075,乙卯癸未辛酉戊子,辛,HEAVY,REN-CAIGUAN|SHISHI-BURUO|XIEQI-TAIZHONG|HEAVY-ROOT|YIN-PARTY|ROOT-STRUCK|ROOT-GAN-PRIORITY|SHI-GUI-LU|ZHONGGUA-2SIDE|JIRUO-WUGEN|JIWANG-HUAIJI|JISHUAI-CONGSHENG|GE-QUALITY|YONGSHEN-STRUCTURE|YONGSHEN-FINAL|ZHONG-HE,。此命辛日坐酉，年乙坐卯，身与财俱旺，又得癸未食神，戊子印绶助之，宜乎巨富贵也。眉批：此言年上偏财自身坐禄，时上印生旺，所以为福。又如戊子 丁巳 甲辰 丙寅。此命甲日生於四月下旬，并透出丙丁火生其月中之戊土，时又归禄於寅，故财旺矣，然甲木身亦旺。早年行戊午、己未运，运通。行辛酉运，乃见官星则凶。壬戌运有壬克丙，伤官食神之中，失官去财，死丧合家。值五十九岁入癸亥身旺运，稍可安逸。六十五岁逢壬辰年死矣,['身旺']
渊海子平,渊海子平-0076,戊子丁巳甲辰丙寅,甲,HEAVY,REN-CAIGUAN|XIEQI-TAIZHONG|HEAVY-ROOT|ROOT-STRUCK|ROOT-GAN-PRIORITY|SHI-GUI-LU|ZHONGGUA-2SIDE|JIRUO-WUGEN|JIWANG-HUAIJI|JISHUAI-CONGSHENG|SHIYONG-YUELING-XIANGFU|GE-QUALITY|SHI-ZHU-JI|TIANGAN-XINGQING|YONGSHEN-STRUCTURE|YONGSHEN-FINAL|ZHONG-HE,。此命甲日生於四月下旬，并透出丙丁火生其月中之戊土，时又归禄於寅，故财旺矣，然甲木身亦旺。早年行戊午、己未运，运通。行辛酉运，乃见官星则凶。壬戌运有壬克丙，伤官食神之中，失官去财，死丧合家。值五十九岁入癸亥身旺运，稍可安逸。六十五岁逢壬辰年死矣。初运伤官见财，格取戊土为财，所以戊午、己未二运大旺，生土故财厚矣。及至庚申、辛酉，西方见官，故凡事费力。虽癸亥为甲木之印绶，然亦忌水冲火，亥中又有壬水，壬,['身旺']
渊海子平,渊海子平-0077,己未己巳丁未辛丑,丁,HEAVY,REN-CAIGUAN|DESHI-BUWANG|XIEQI-TAIZHONG|HEAVY-ROOT|ROOT-STRUCK|ROOT-GAN-PRIORITY|ZHONGGUA-2SIDE|JIRUO-WUGEN|JIWANG-HUAIJI|GE-QUALITY|WANGJI-SIWO-SHENG|SHI-ZHU-JI|TIANGAN-XINGQING|YONGSHEN-STRUCTURE|YONGSHEN-FINAL|ZHONG-HE,。丁见己为食神，有一丑巳合起金局，得之为财，又喜身不弱，所以有官亦有寿也。如乙巳 乙酉 癸酉 乙卯。此命三见乙为食，见巳酉丑合金局为印绶，又有三乙化为伤官，癸用乙为食神，被金局来克乙木，再被三乙并卯旺克我官，所以名利都无成也。食神有气胜财官。诗诀曰：“凡甲见丙为盗气，丙去生财号食神，心慈体广福食厚，若临印绶主难成。”眉批：甲见丙为食神，乙见丁为食神，丙见戊为食神，丁见己为食神，戊见庚为食神，己见辛,[]
渊海子平,渊海子平-0078,乙巳乙酉癸酉乙卯,癸,LIGHT,REN-CAIGUAN|XIEQI-TAIZHONG|LIGHT-ROOT|ROOT-STRUCK|ROOT-GAN-PRIORITY|WANGCHONG-SHUAI|SHI-GUI-LU|ZHONGGUA-2SIDE|JIRUO-WUGEN|JISHUAI-CONGSHENG|GE-QUALITY|TIANGAN-XINGQING|YONGSHEN-STRUCTURE|YONGSHEN-FINAL|ZHONG-HE,。此命三见乙为食，见巳酉丑合金局为印绶，又有三乙化为伤官，癸用乙为食神，被金局来克乙木，再被三乙并卯旺克我官，所以名利都无成也。食神有气胜财官。诗诀曰：“凡甲见丙为盗气，丙去生财号食神，心慈体广福食厚，若临印绶主难成。”眉批：甲见丙为食神，乙见丁为食神，丙见戊为食神，丁见己为食神，戊见庚为食神，己见辛为食神，庚见壬为食神，辛见癸为食神，壬见甲为食神，癸见乙为食神。食神诗诀，食神有气胜财官，先要他强,[]
渊海子平,渊海子平-0079,己未己巳丁未辛丑,丁,HEAVY,REN-CAIGUAN|DESHI-BUWANG|XIEQI-TAIZHONG|HEAVY-ROOT|ROOT-STRUCK|ROOT-GAN-PRIORITY|ZHONGGUA-2SIDE|JIRUO-WUGEN|JIWANG-HUAIJI|GE-QUALITY|WANGJI-SIWO-SHENG|SHI-ZHU-JI|TIANGAN-XINGQING|YONGSHEN-STRUCTURE|YONGSHEN-FINAL|ZHONG-HE,"。丁火以己土为食神，命中巳丑拱合金局化为财星，日主又不弱，故官财两得，且享寿考。举例二：乙巳 乙酉 癸酉 乙卯。癸水以乙木为食神，命中三乙已嫌过多；巳酉丑合出金局，反成癸水印绶，印克食神乙木；三乙又转化为伤官，与卯木一同旺克官星——食神受破，官星受冲，名利两无所成。---关键词现代启示食神格的深层逻辑，暗合现代行为科学中的""间接创造""路径：不直接争夺权力，而是专注于自身的产出与积累，让价值在下游自",[]
渊海子平,渊海子平-0080,乙巳乙酉癸酉乙卯,癸,LIGHT,REN-CAIGUAN|XIEQI-TAIZHONG|LIGHT-ROOT|ROOT-STRUCK|ROOT-GAN-PRIORITY|WANGCHONG-SHUAI|SHI-GUI-LU|ZHONGGUA-2SIDE|JIRUO-WUGEN|JISHUAI-CONGSHENG|GE-QUALITY|TIANGAN-XINGQING|YONGSHEN-STRUCTURE|YONGSHEN-FINAL|ZHONG-HE,"。癸水以乙木为食神，命中三乙已嫌过多；巳酉丑合出金局，反成癸水印绶，印克食神乙木；三乙又转化为伤官，与卯木一同旺克官星——食神受破，官星受冲，名利两无所成。---关键词现代启示食神格的深层逻辑，暗合现代行为科学中的""间接创造""路径：不直接争夺权力，而是专注于自身的产出与积累，让价值在下游自然生长。古人观察到，擅长""做事""的人，往往比热衷""争位""的人活得更从容、积累更厚实——这与心理学中""心流状态""",[]
渊海子平,渊海子平-0081,丁未丁未己亥丁卯,己,HEAVY,REN-CAIGUAN|HEAVY-ROOT|YIN-PARTY|ROOT-GAN-PRIORITY|ZHONGGUA-2SIDE|JIWANG-HUAIJI|SHIYONG-YUELING-XIANGFU|GE-QING|GE-QUALITY|SHI-ZHU-JI|TIANGAN-XINGQING|YONGSHEN-STRUCTURE|YONGSHEN-FINAL|ZHONG-HE,。此命己亥日，己临亥上，身弱於亥，加以亥卯未木局克身，年月时透出三丁倒食，幼年行南方运，赖火生土身犹旺。才交乙巳运，为己之七杀，引出亥卯未木局，岁逢癸亥，所以死矣。此命非但倒食七杀之祸，而癸亥年与生杀坏印之说同义也。如甲戌 丙寅 甲戌 壬申。此命甲戌日，甲见丙食，生於正月，甲木旺，身与食神俱旺，本是贵命。不合时上壬申，壬水伤其丙火，申金冲其寅木。又申中有庚金七杀，所以名利无成。行己巳运金生之地，见,['身弱']
渊海子平,渊海子平-0082,甲戌丙寅甲戌壬申,甲,HEAVY,REN-CAIGUAN|DESHI-BUWANG|XIEQI-TAIZHONG|HEAVY-ROOT|YIN-PARTY|BIJIE-PARTY|ROOT-STRUCK|ROOT-GAN-PRIORITY|WANGCHONG-SHUAI|ZHONGGUA-2SIDE|JIRUO-WUGEN|JIWANG-HUAIJI|SHIYONG-YUELING-XIANGFU|GE-QUALITY|WANGJI-SIWO-SHENG|SHI-ZHU-JI|TIANGAN-XINGQING|YONGSHEN-STRUCTURE|YONGSHEN-FINAL|ZHONG-HE,"。此命甲戌日，甲见丙食，生於正月，甲木旺，身与食神俱旺，本是贵命。不合时上壬申，壬水伤其丙火，申金冲其寅木。又申中有庚金七杀，所以名利无成。行己巳运金生之地，见庚子年，庚金为七杀，又见子水，死於非命。白话译文所谓""倒食""，是指命局中冲克财星的格局，又称""吞陷杀""。凡命中以财神为用神，最忌见到倒食；以食神为用神，同样忌之。举例来说，甲日主见壬水，即为倒食——因为甲木以丙火为食神，丙火生土为财；然而壬",[]
渊海子平,渊海子平-0083,乙亥己丑丁亥庚戌,丁,LIGHT,REN-CAIGUAN|SHISHI-BURUO|XIEQI-TAIZHONG|LIGHT-ROOT|YIN-PARTY|ROOT-GAN-PRIORITY|SHI-GUI-LU|ZHONGGUA-2SIDE|JIRUO-WUGEN|JISHUAI-CONGSHENG|SHIYONG-YUELING-XIANGFU|GE-QUALITY|SHI-ZHU-JI|TIANGAN-XINGQING|YONGSHEN-STRUCTURE|YONGSHEN-FINAL|ZHONG-HE,，丁以壬为官，丑戌本为伤官，只是丑为金库，又时上有庚字作财，此人行申酉限如意，入金脱气遂死矣，大抵伤了官星，行官运则灾，太岁亦然。眉批：甲见丁为伤官，乙见丙为伤官，丙见己为伤官，丁见戊为伤官，戊见辛为伤官，己见庚为伤官，庚见癸为伤官，辛见壬为伤官，壬见乙为伤官，癸见甲为伤官。伤官诗诀，火土伤官宜伤尽，金水伤官要见官，木火伤官官有旺，土金官去反成官，惟有水木伤官格，财官两见始为欢。此星遇官，如贫人见,"['身旺', '中和']"
渊海子平,渊海子平-0084,庚申己卯甲寅丙寅,甲,HEAVY,REN-CAIGUAN|DESHI-BUWANG|XIEQI-TAIZHONG|HEAVY-ROOT|ROOT-STRUCK|ROOT-GAN-PRIORITY|WANGCHONG-SHUAI|SHI-GUI-LU|ZHONGGUA-2SIDE|RI-BEI-HE|JIRUO-WUGEN|JIWANG-HUAIJI|GE-QUALITY|WANGJI-SIWO-SHENG|SHI-ZHU-JI|TIANGAN-XINGQING|YONGSHEN-STRUCTURE|YONGSHEN-FINAL|ZHONG-HE,，此命甲日见卯为刃，庚为七杀。七杀本伤身，却藉卯中乙木以配合，其杀有情，则杀不能伤身，正是甲以乙妹妻庚之义。其身旺南方运，所以为贵。又如戊午 戊午 戊午 甲寅。此命杀刃全，而又以午火为印，所以为贵。《喜忌篇》云：“戊日午月，勿作刃看；岁时火多，却为印绶。”又如辛酉 甲午 戊子 甲寅。此命杀刃两全而有印绶，不合年干伤官透出，运行辛卯，犯伤官原有之辰，壬为财，是壬辰岁因事投水而死。壬水克火印，又生甲之,['身旺']
渊海子平,渊海子平-0085,戊午戊午戊午甲寅,戊,HEAVY,REN-CAIGUAN|SHISHI-BURUO|HEAVY-ROOT|BIJIE-PARTY|ROOT-STRUCK|ROOT-GAN-PRIORITY|SHI-GUI-LU|ZHONGGUA-2SIDE|JIWANG-HUAIJI|GE-QUALITY|CAI-RUO-SHEN-QIANG|SHI-ZHU-JI|YONGSHEN-STRUCTURE|YONGSHEN-FINAL|ZHONG-HE,。此命杀刃全，而又以午火为印，所以为贵。《喜忌篇》云：“戊日午月，勿作刃看；岁时火多，却为印绶。”又如辛酉 甲午 戊子 甲寅。此命杀刃两全而有印绶，不合年干伤官透出，运行辛卯，犯伤官原有之辰，壬为财，是壬辰岁因事投水而死。壬水克火印，又生甲之七杀，谓之生杀坏印。即此命见辛为伤官，运行辛卯忌见官，午中丁火为印绶，最忌伤官与财相见，缘水生木克身也。又如癸未 乙卯 甲子 己巳。此命卯刃癸印，不合时上己巳,[]
渊海子平,渊海子平-0086,辛酉甲午戊子甲寅,戊,HEAVY,REN-CAIGUAN|XIEQI-TAIZHONG|HEAVY-ROOT|ROOT-STRUCK|ROOT-GAN-PRIORITY|WANGCHONG-SHUAI|SHI-GUI-LU|ZHONGGUA-2SIDE|JIRUO-WUGEN|JIWANG-HUAIJI|JISHUAI-CONGSHENG|GE-QUALITY|SHI-ZHU-JI|YONGSHEN-STRUCTURE|YONGSHEN-FINAL|ZHONG-HE,。此命杀刃两全而有印绶，不合年干伤官透出，运行辛卯，犯伤官原有之辰，壬为财，是壬辰岁因事投水而死。壬水克火印，又生甲之七杀，谓之生杀坏印。即此命见辛为伤官，运行辛卯忌见官，午中丁火为印绶，最忌伤官与财相见，缘水生木克身也。又如癸未 乙卯 甲子 己巳。此命卯刃癸印，不合时上己巳破印。运行辛亥，亥卯未合起羊刃，辛酉年，辛金又旺於酉，冲起卯刃。二辛则太过，金多见甲，身虽贵亦遭刑也。然虽见辛为贵，所忌羊刃,[]
渊海子平,渊海子平-0087,癸未乙卯甲子己巳,甲,HEAVY,REN-CAIGUAN|DESHI-BUWANG|HEAVY-ROOT|YIN-PARTY|BIJIE-PARTY|ROOT-STRUCK|ROOT-GAN-PRIORITY|ZHONGGUA-2SIDE|RI-BEI-HE|JIRUO-WUGEN|JIWANG-HUAIJI|GE-QUALITY|SHI-ZHU-JI|TIANGAN-XINGQING|YONGSHEN-STRUCTURE|YONGSHEN-FINAL|ZHONG-HE,。此命卯刃癸印，不合时上己巳破印。运行辛亥，亥卯未合起羊刃，辛酉年，辛金又旺於酉，冲起卯刃。二辛则太过，金多见甲，身虽贵亦遭刑也。然虽见辛为贵，所忌羊刃，不可一合一冲也。眉批：诀曰：“羊刃劫财莫看凶，身轻父助反为凶。单嫌岁月互相见，莫道生时在旺宫。时中见之祸千端，大忌财旺名三合，断指伤杀体不完。”此格在天掌征伐，在地掌刑戮生杀之权。羊刃有杀有印则为官，无印绶或恶杀相合即为盗贼、为屠宰。再加流年遇诸,['身旺']
渊海子平,渊海子平-0088,丙子辛卯丙子辛卯,丙,NONE,ZHONGGUA-2SIDE|RI-BEI-HE|JIRUO-WUGEN|WUGEN-YOUFU|SHIYONG-YUELING-XIANGFU|GE-QUALITY|YUN-SHENG-ROOT|YONGSHEN-STRUCTURE|YONGSHEN-FINAL,，此命年月日时俱带刑合，为子水冲丙火兼身又弱。二十六交甲午，三十六交丙申年，太岁并在羊刃之上，有二子冲午，其刃刑俱合，所以因酒淫泆而亡也。又如己巳 己巳 甲寅 己巳。此命身旺财旺，身入长生，故为入格。不合带刑合太重，交癸亥冲巳，而饮酒耽色，遂患痼疾而死。又如乙卯 癸未 戊戌 癸丑。此女人命，戊戌日生於六月中旬，岁干透出乙字，戊日见之为官，地支亥卯未木局生戌中之火，为戊之印绶，官印两全。只不合癸丑时,['身旺']
渊海子平,渊海子平-0089,己巳己巳甲寅己巳,甲,HEAVY,REN-CAIGUAN|HEAVY-ROOT|ROOT-STRUCK|ROOT-GAN-PRIORITY|ZHONGGUA-2SIDE|RI-BEI-HE|JIRUO-WUGEN|JIWANG-HUAIJI|SHIYONG-YUELING-XIANGFU|GE-QUALITY|SHI-ZHU-JI|TIANGAN-XINGQING|YONGSHEN-STRUCTURE|YONGSHEN-FINAL|ZHONG-HE,"。此命身旺财旺，身入长生，故为入格。不合带刑合太重，交癸亥冲巳，而饮酒耽色，遂患痼疾而死。又如乙卯 癸未 戊戌 癸丑。此女人命，戊戌日生於六月中旬，岁干透出乙字，戊日见之为官，地支亥卯未木局生戌中之火，为戊之印绶，官印两全。只不合癸丑时，癸水冲戌中之火，丑中辛金伤官兼刑合重为戊用，乙官在岁干旺矣。眉批：此格不用官星，只是暗中刑来合去，取官为贵。白话译文""刑合""指八字命盘中，地支既有相刑（地支间的冲",['身旺']
渊海子平,渊海子平-0090,乙卯癸未戊戌癸丑,戊,HEAVY,REN-CAIGUAN|DESHI-BUWANG|HEAVY-ROOT|ROOT-STRUCK|ROOT-GAN-PRIORITY|SHI-GUI-LU|ZHONGGUA-2SIDE|RI-BEI-HE|JIRUO-WUGEN|JIWANG-HUAIJI|SHIYONG-YUELING-XIANGFU|GE-QUALITY|SHI-ZHU-JI|YONGSHEN-STRUCTURE|YONGSHEN-FINAL|ZHONG-HE,"。此女人命，戊戌日生於六月中旬，岁干透出乙字，戊日见之为官，地支亥卯未木局生戌中之火，为戊之印绶，官印两全。只不合癸丑时，癸水冲戌中之火，丑中辛金伤官兼刑合重为戊用，乙官在岁干旺矣。眉批：此格不用官星，只是暗中刑来合去，取官为贵。白话译文""刑合""指八字命盘中，地支既有相刑（地支间的冲突克制，如子卯相刑）又有相合（地支间的吸引融合，如巳酉丑三合）同时出现的格局。凡命中带有刑合，往往因沉溺酒色而败家致",['身弱']
渊海子平,渊海子平-0091,丙子辛卯丙子辛卯,丙,NONE,ZHONGGUA-2SIDE|RI-BEI-HE|JIRUO-WUGEN|WUGEN-YOUFU|SHIYONG-YUELING-XIANGFU|GE-QUALITY|YUN-SHENG-ROOT|YONGSHEN-STRUCTURE|YONGSHEN-FINAL,年月日时四柱全带刑合，子卯相刑，子水克丙火，日主身弱。二十六岁行甲午大运，三十六岁逢丙申年，太岁叠压羊刃（午为丙之羊刃，主刚烈冲动），又有双子冲午，刃刑合力交织，此人因纵情酒色而亡。案例二：己巳 己巳 甲寅 己巳日主己土旺，财星甲木旺，甲寅日身入长生，理应入格。奈何刑合之气太重，行至癸亥大运，亥冲巳，触动刑合机关，以致沉湎酒色，染痼疾而亡。案例三：乙卯 癸未 戊戌 癸丑（女命）戊戌日主，生于六月，,['身弱']
渊海子平,渊海子平-0092,己巳己巳甲寅己巳,甲,HEAVY,REN-CAIGUAN|HEAVY-ROOT|ROOT-STRUCK|ROOT-GAN-PRIORITY|ZHONGGUA-2SIDE|RI-BEI-HE|JIRUO-WUGEN|JIWANG-HUAIJI|SHIYONG-YUELING-XIANGFU|GE-QUALITY|SHI-ZHU-JI|TIANGAN-XINGQING|YONGSHEN-STRUCTURE|YONGSHEN-FINAL|ZHONG-HE,日主己土旺，财星甲木旺，甲寅日身入长生，理应入格。奈何刑合之气太重，行至癸亥大运，亥冲巳，触动刑合机关，以致沉湎酒色，染痼疾而亡。案例三：乙卯 癸未 戊戌 癸丑（女命）戊戌日主，生于六月，年干透出乙木为正官（代表规范与伴侣力量）；地支亥卯未三合木局，木生戌中之火，火为戊之印绶（生身护佑之力），官印两全，格局本佳。然时柱癸丑：癸水冲克戌中之火使印绶受损，丑中辛金为伤官（克制官星之神），刑合叠压，以伤,[]
渊海子平,渊海子平-0093,乙卯癸未戊戌癸丑,戊,HEAVY,REN-CAIGUAN|DESHI-BUWANG|HEAVY-ROOT|ROOT-STRUCK|ROOT-GAN-PRIORITY|SHI-GUI-LU|ZHONGGUA-2SIDE|RI-BEI-HE|JIRUO-WUGEN|JIWANG-HUAIJI|SHIYONG-YUELING-XIANGFU|GE-QUALITY|SHI-ZHU-JI|YONGSHEN-STRUCTURE|YONGSHEN-FINAL|ZHONG-HE,"（女命）戊戌日主，生于六月，年干透出乙木为正官（代表规范与伴侣力量）；地支亥卯未三合木局，木生戌中之火，火为戊之印绶（生身护佑之力），官印两全，格局本佳。然时柱癸丑：癸水冲克戌中之火使印绶受损，丑中辛金为伤官（克制官星之神），刑合叠压，以伤官暗合官星，格局受损。眉批指出：此格妙在不正面用官星，而是通过""暗刑引合""，以隐秘方式取官为贵，格局反显高明。---关键词刑合：地支既相刑（冲突克制）又相合（吸",[]
渊海子平,渊海子平-0094,丁酉丁亥癸巳癸卯,癸,HEAVY,REN-CAIGUAN|DESHI-BUWANG|HEAVY-ROOT|BIJIE-PARTY|ROOT-STRUCK|ROOT-GAN-PRIORITY|WANGCHONG-SHUAI|SHI-GUI-LU|ZHONGGUA-2SIDE|JIRUO-WUGEN|JIWANG-HUAIJI|GE-QUALITY|TIANGAN-XINGQING|YONGSHEN-STRUCTURE|YONGSHEN-FINAL|ZHONG-HE,"耳，最怕刑冲破害。经云：崇为宝也，命为贵也，所以贵人怕三刑六害也。贵神要聚於日，运行怕空亡及运行太岁加会，不要魁罡。主人纯粹有仁德，有姿色，不傲物，或犯前刑则贫贱。刑冲太甚，贵人生怒，反成其祸，不可不察。日贵有时法异同，须分昼夜贵。日要日贵，夜要夜贵矣。眉批：诀曰，日贵支干一位同，空亡大忌带刑冲，仁慈积德多姿色，会合财星空不空。法以丙丁猪鸡位、壬癸兔蛇藏为例。白话译文所谓""日贵""，是指出生日天干地",[]
渊海子平,渊海子平-0095,丁酉丁亥癸巳癸卯,癸,HEAVY,REN-CAIGUAN|DESHI-BUWANG|HEAVY-ROOT|BIJIE-PARTY|ROOT-STRUCK|ROOT-GAN-PRIORITY|WANGCHONG-SHUAI|SHI-GUI-LU|ZHONGGUA-2SIDE|JIRUO-WUGEN|JIWANG-HUAIJI|GE-QUALITY|TIANGAN-XINGQING|YONGSHEN-STRUCTURE|YONGSHEN-FINAL|ZHONG-HE,，最忌讳遭受刑、冲、破、害的克制。古经云：贵人之神尊崇如宝，命带此格者天性高贵，因此贵人神最怕三刑六害的冲击。贵神须聚集于日柱本位才能发挥作用，行运时忌遇空亡，也忌太岁与流年重叠相会，同时不宜与魁罡同柱。命带日贵之人，性情纯正，富有仁德，相貌有姿色，不轻易傲视他物；但若四柱中刑冲过重，则反而沦于贫贱。刑冲过甚，贵人之神被激怒，祸端随之而来，不可不慎。此外，日贵有昼夜之分：日间出生宜用日贵，夜间出生,[]
渊海子平,渊海子平-0096,丁酉丁亥癸巳癸卯,癸,HEAVY,REN-CAIGUAN|DESHI-BUWANG|HEAVY-ROOT|BIJIE-PARTY|ROOT-STRUCK|ROOT-GAN-PRIORITY|WANGCHONG-SHUAI|SHI-GUI-LU|ZHONGGUA-2SIDE|JIRUO-WUGEN|JIWANG-HUAIJI|GE-QUALITY|TIANGAN-XINGQING|YONGSHEN-STRUCTURE|YONGSHEN-FINAL|ZHONG-HE,"四日符合。刑冲破害：地支之间的四种不利关系，会削弱或激怒贵人神，导致格局受损。空亡：六甲周期中天干有余、地支不足的两个地支，贵人落入空亡则失去力量。贵人昼夜分：天乙贵人分阳贵（昼）与阴贵（夜），出生时辰不同，所取贵人位不同。魁罡：特定刚烈干支组合（如庚辰、壬辰等），性烈主权，与温和的贵人之神相克不宜同聚。现代启示古人将""日贵""格局与""仁德、姿色、不傲物""这组人格特质绑定，本质上是一套基于出生时间的",[]
渊海子平,渊海子平-0097,甲寅戊辰丙辰庚辰,丙,HEAVY,REN-CAIGUAN|SHISHI-BURUO|XIEQI-TAIZHONG|HEAVY-ROOT|YIN-PARTY|ROOT-GAN-PRIORITY|ZHONGGUA-2SIDE|JIWANG-HUAIJI|JISHUAI-CONGSHENG|SHIYONG-YUELING-XIANGFU|GE-QUALITY|CAI-RUO-SHEN-QIANG|SHI-ZHU-JI|YONGSHEN-STRUCTURE|YONGSHEN-FINAL|ZHONG-HE,、壬戌日是也。其福要多而忌刑冲，无破害，恶官星，憎财旺加临会合，怕空亡而忌魁罡，此数者乃格之大忌也。大抵日德主人性格慈善。日德俱多福必丰厚，运行身旺，大是奇绝。若有财官加临，别寻他格，方能免非横之祸。若旺气已衰，运至魁罡，其死必矣。或未发福，运至魁罡，休囚即好，防生祸患。一脱於此，必能再发，终力微矣，不可不知也。眉批：此格忌刑冲破害，有损福泽。白话译文日德格共有五种日柱：甲寅日、戊辰日、丙辰日、庚,['身旺']
渊海子平,渊海子平-0098,庚辰壬辰戊戌庚戌,戊,HEAVY,REN-CAIGUAN|DESHI-BUWANG|XIEQI-TAIZHONG|HEAVY-ROOT|ROOT-STRUCK|ROOT-GAN-PRIORITY|SHI-GUI-LU|ZHONGGUA-2SIDE|JIRUO-WUGEN|JIWANG-HUAIJI|SHIYONG-YUELING-XIANGFU|GE-QUALITY|WANGJI-SIWO-SHENG|YONGSHEN-STRUCTURE|YONGSHEN-FINAL|ZHONG-HE,"等特殊日柱，气势刚猛峻烈，与日德格柔善积福的特性相克，相遇则凶。现代启示日德格的核心逻辑是""以守为主""：格局越纯粹、外部干扰越少，福气越能稳定积累。这与现代行为科学中""认知负荷""的概念颇为相通——一个系统承受的额外压力越多，其原有的优势就越难发挥。财星与官星的""加临""反而成为祸因，恰好印证了一种朴素的心理规律：当一个人原本稳定的人格模式被外部诱惑（财）或外部压力（官）过度牵引时，反而容易偏离自身最",[]
渊海子平,渊海子平-0099,壬申壬子戊午乙卯,戊,HEAVY,REN-CAIGUAN|HEAVY-ROOT|ROOT-STRUCK|ROOT-GAN-PRIORITY|WANGCHONG-SHUAI|ZHONGGUA-2SIDE|JIRUO-WUGEN|GE-QUALITY|SHI-ZHU-JI|YONGSHEN-STRUCTURE|YONGSHEN-FINAL|ZHONG-HE,"。戊日刃在午，喜得乙卯时，正官制伏去了，所以为福也。眉批：日刃主克妻，在时上克子，冲运多祸灾，遇恶杀并，必凶死。白话译文日刃与羊刃性质相同，凡日干为戊、丙、壬者，若生于午日（戊午、丙午）或子日（壬子），即称""日刃""。日刃的推算规则与羊刃一致：忌讳刑（相刑）、冲（相冲）、破、害，也不喜欢与其他地支相合；但喜见七杀（即与日干相克之年干，克制力强），若能行官星旺运，便能成就贵命。若四柱中出现合局，则往往",['身旺']
渊海子平,渊海子平-0100,壬申壬子戊午乙卯,戊,HEAVY,REN-CAIGUAN|HEAVY-ROOT|ROOT-STRUCK|ROOT-GAN-PRIORITY|WANGCHONG-SHUAI|ZHONGGUA-2SIDE|JIRUO-WUGEN|GE-QUALITY|SHI-ZHU-JI|YONGSHEN-STRUCTURE|YONGSHEN-FINAL|ZHONG-HE,"。戊日刃在午，幸得乙卯时柱，正官乙木制伏了刃，故能化险为吉，得享福禄。眉批补充：日刃主克妻，刃在时柱则克子，行冲刃之运多灾祸，若再遇凶煞并临，主有横死之险。---关键词日刃：日干为戊、丙、壬，生于特定日支（午或子），刃与日干同宫，力量极强，性猛难驭。羊刃：月支与日干同气所成，五阳干各有其刃位，日刃是羊刃概念在日柱上的延伸。七杀：与日干形成""克我""关系且阴阳相同的天干，攻击性强，能压制羊刃，反为所用",[]
渊海子平,渊海子平-0101,壬辰庚戌庚辰戊戌,庚,LIGHT,REN-CAIGUAN|SHISHI-BURUO|XIEQI-TAIZHONG|LIGHT-ROOT|YIN-PARTY|BIJIE-PARTY|ROOT-STRUCK|ROOT-GAN-PRIORITY|SHI-GUI-LU|ZHONGGUA-2SIDE|JIRUO-WUGEN|JISHUAI-CONGSHENG|SHIYONG-YUELING-XIANGFU|GE-QUALITY|SHI-ZHU-JI|YONGSHEN-STRUCTURE|YONGSHEN-FINAL|ZHONG-HE,"日是也。如日位加临者衆，必是福。运行身旺，发福百端；一见财官，祸患立至。主人性格聪明，文章振发，临事有断，惟是好杀。若四柱有财及官或带刑杀，祸不可测。倘日独处，冲者太衆，必是小人，刑责不已，穷必彻骨。运临财官旺处，亦防奇祸。眉批：大凡四柱日多同，贵气斯来在此中，日主独逢冲克重，财官显露祸无穷。白话译文所谓""魁罡""，共有四个日柱：壬辰、庚戌、庚辰、戊戌日。若命盘中与日主（八字中代表命主本人的出生日天",['身旺']
渊海子平,渊海子平-0102,壬辰庚戌庚辰戊戌,庚,LIGHT,REN-CAIGUAN|SHISHI-BURUO|XIEQI-TAIZHONG|LIGHT-ROOT|YIN-PARTY|BIJIE-PARTY|ROOT-STRUCK|ROOT-GAN-PRIORITY|SHI-GUI-LU|ZHONGGUA-2SIDE|JIRUO-WUGEN|JISHUAI-CONGSHENG|SHIYONG-YUELING-XIANGFU|GE-QUALITY|SHI-ZHU-JI|YONGSHEN-STRUCTURE|YONGSHEN-FINAL|ZHONG-HE,日。若命盘中与日主（八字中代表命主本人的出生日天干）性质相近的力量较多，此人必享福气。行运走向自身旺盛之地，福禄以多种形式降临；一旦遇到财星或官星，祸患便立刻到来。此类命格之人，性情聪慧、文才出众、遇事果决，但也容易有好勇斗狠之气。若四柱中出现财星、官星，或夹带刑杀之气，灾祸便难以预测。若日柱孤立无援，又遭受多重冲克，此人往往沦为小人，刑责接连不断，穷困彻骨。即便行运走至财官旺盛之地，也须防备意外,['身旺']
渊海子平,渊海子平-0103,壬辰庚戌庚辰戊戌,庚,LIGHT,REN-CAIGUAN|SHISHI-BURUO|XIEQI-TAIZHONG|LIGHT-ROOT|YIN-PARTY|BIJIE-PARTY|ROOT-STRUCK|ROOT-GAN-PRIORITY|SHI-GUI-LU|ZHONGGUA-2SIDE|JIRUO-WUGEN|JISHUAI-CONGSHENG|SHIYONG-YUELING-XIANGFU|GE-QUALITY|SHI-ZHU-JI|YONGSHEN-STRUCTURE|YONGSHEN-FINAL|ZHONG-HE,"四个日柱，刚猛燥烈，为特殊格局。身旺：日主得比劫或印星扶助，命局自身力量充盈强健。财官：财星（日主所克之物，主钱财）与官星（克制日主之物，主权位），对魁罡格构成压制。冲克：天干相克、地支相冲，对日主形成破坏或压制的关系。比劫：与日主同一五行的干支，在命局中起扶助日主力量的作用。现代启示从性格心理学的角度看，魁罡格的描述揭示了一种""高强度自我驱动型人格""的内在规律。庚、戊、壬皆属刚硬之干，辰戌皆为燥",['身旺']
渊海子平,渊海子平-0104,乙未乙酉甲子丙寅,甲,HEAVY,REN-CAIGUAN|SHISHI-BURUO|XIEQI-TAIZHONG|HEAVY-ROOT|BIJIE-PARTY|ROOT-STRUCK|ROOT-GAN-PRIORITY|SHI-GUI-LU|ZHONGGUA-2SIDE|JIRUO-WUGEN|JISHUAI-CONGSHENG|GE-QUALITY|SHI-ZHU-JI|TIANGAN-XINGQING|YONGSHEN-STRUCTURE|YONGSHEN-FINAL|ZHONG-HE,(辛官)金丞相，乙卯 戊子 丙子 庚寅(癸官)薛相公，甲子 壬申 乙巳 戊寅(庚官)范太傅，丁丑 壬寅 己巳 丙寅(甲官)周侍郎，乙卯 乙酉 甲辰 丙寅(辛官)陈寺乘，乙酉 辛巳 辛未 戊子(丁官)李知府，丁酉 丙午 壬寅 甲辰(辛印，己官)陈侍郎，癸未 乙卯 戊寅 壬子(乙官)眉批：王知府正是八月官星，无卯丁克破。陈寺乘乃辛日戊子时无官星，作六阴朝阳。年上官星为岁德，喜逢财到此身宫，不逢七杀伤官,[]
渊海子平,渊海子平-0105,乙卯戊子丙子庚寅,丙,HEAVY,REN-CAIGUAN|SHISHI-BURUO|XIEQI-TAIZHONG|HEAVY-ROOT|YIN-PARTY|ROOT-GAN-PRIORITY|SHI-GUI-LU|ZHONGGUA-2SIDE|JIRUO-WUGEN|JISHUAI-CONGSHENG|GE-QUALITY|CAI-RUO-SHEN-QIANG|YONGSHEN-STRUCTURE|YONGSHEN-FINAL|ZHONG-HE,(癸官)薛相公，甲子 壬申 乙巳 戊寅(庚官)范太傅，丁丑 壬寅 己巳 丙寅(甲官)周侍郎，乙卯 乙酉 甲辰 丙寅(辛官)陈寺乘，乙酉 辛巳 辛未 戊子(丁官)李知府，丁酉 丙午 壬寅 甲辰(辛印，己官)陈侍郎，癸未 乙卯 戊寅 壬子(乙官)眉批：王知府正是八月官星，无卯丁克破。陈寺乘乃辛日戊子时无官星，作六阴朝阳。年上官星为岁德，喜逢财到此身宫，不逢七杀伤官位，无破无冲大吉昌。白话译文八字月柱中,[]
渊海子平,渊海子平-0106,甲子壬申乙巳戊寅,乙,HEAVY,REN-CAIGUAN|SHISHI-BURUO|HEAVY-ROOT|TENGLUO-XIJIA|YIN-PARTY|BIJIE-PARTY|ROOT-STRUCK|ROOT-GAN-PRIORITY|WANGCHONG-SHUAI|SHI-GUI-LU|ZHONGGUA-2SIDE|JIRUO-WUGEN|SHIYONG-YUELING-XIANGFU|GE-QUALITY|SHI-ZHU-JI|TIANGAN-XINGQING|YONGSHEN-STRUCTURE|YONGSHEN-FINAL|ZHONG-HE,(庚官)范太傅，丁丑 壬寅 己巳 丙寅(甲官)周侍郎，乙卯 乙酉 甲辰 丙寅(辛官)陈寺乘，乙酉 辛巳 辛未 戊子(丁官)李知府，丁酉 丙午 壬寅 甲辰(辛印，己官)陈侍郎，癸未 乙卯 戊寅 壬子(乙官)眉批：王知府正是八月官星，无卯丁克破。陈寺乘乃辛日戊子时无官星，作六阴朝阳。年上官星为岁德，喜逢财到此身宫，不逢七杀伤官位，无破无冲大吉昌。白话译文八字月柱中出现官星，即构成正官格。若时柱上再有财,[]
渊海子平,渊海子平-0107,丁丑壬寅己巳丙寅,己,HEAVY,REN-CAIGUAN|SHISHI-BURUO|HEAVY-ROOT|YIN-PARTY|ROOT-STRUCK|ROOT-GAN-PRIORITY|HE-HUASHEN-DESHI|ZHONGGUA-2SIDE|JIRUO-WUGEN|SHIYONG-YUELING-XIANGFU|GE-QUALITY|SHI-ZHU-JI|TIANGAN-XINGQING|YONGSHEN-STRUCTURE|YONGSHEN-FINAL|ZHONG-HE,(甲官)周侍郎，乙卯 乙酉 甲辰 丙寅(辛官)陈寺乘，乙酉 辛巳 辛未 戊子(丁官)李知府，丁酉 丙午 壬寅 甲辰(辛印，己官)陈侍郎，癸未 乙卯 戊寅 壬子(乙官)眉批：王知府正是八月官星，无卯丁克破。陈寺乘乃辛日戊子时无官星，作六阴朝阳。年上官星为岁德，喜逢财到此身宫，不逢七杀伤官位，无破无冲大吉昌。白话译文八字月柱中出现官星，即构成正官格。若时柱上再有财星相配，此人必为真正贵人。正官格最怕地,[]
渊海子平,渊海子平-0108,乙卯乙酉甲辰丙寅,甲,HEAVY,REN-CAIGUAN|SHISHI-BURUO|XIEQI-TAIZHONG|BIJIE-PARTY|ROOT-STRUCK|ROOT-GAN-PRIORITY|WANGCHONG-SHUAI|SHI-GUI-LU|ZHONGGUA-2SIDE|JIRUO-WUGEN|JISHUAI-CONGSHENG|GE-QUALITY|SHI-ZHU-JI|TIANGAN-XINGQING|YONGSHEN-STRUCTURE|YONGSHEN-FINAL|ZHONG-HE,(辛官)陈寺乘，乙酉 辛巳 辛未 戊子(丁官)李知府，丁酉 丙午 壬寅 甲辰(辛印，己官)陈侍郎，癸未 乙卯 戊寅 壬子(乙官)眉批：王知府正是八月官星，无卯丁克破。陈寺乘乃辛日戊子时无官星，作六阴朝阳。年上官星为岁德，喜逢财到此身宫，不逢七杀伤官位，无破无冲大吉昌。白话译文八字月柱中出现官星，即构成正官格。若时柱上再有财星相配，此人必为真正贵人。正官格最怕地支相冲，忌见伤官、七杀混杂，行大运时亦,[]
渊海子平,渊海子平-0109,乙酉辛巳辛未戊子,辛,HEAVY,REN-CAIGUAN|SHISHI-BURUO|HEAVY-ROOT|YIN-PARTY|BIJIE-PARTY|ROOT-STRUCK|ROOT-GAN-PRIORITY|SHI-GUI-LU|ZHONGGUA-2SIDE|JIRUO-WUGEN|GE-QUALITY|YONGSHEN-STRUCTURE|YONGSHEN-FINAL|ZHONG-HE,(丁官)李知府，丁酉 丙午 壬寅 甲辰(辛印，己官)陈侍郎，癸未 乙卯 戊寅 壬子(乙官)眉批：王知府正是八月官星，无卯丁克破。陈寺乘乃辛日戊子时无官星，作六阴朝阳。年上官星为岁德，喜逢财到此身宫，不逢七杀伤官位，无破无冲大吉昌。白话译文八字月柱中出现官星，即构成正官格。若时柱上再有财星相配，此人必为真正贵人。正官格最怕地支相冲，忌见伤官、七杀混杂，行大运时亦遵循同样原则。喜得印绶扶身，喜官星旺健,[]
渊海子平,渊海子平-0110,丁酉丙午壬寅甲辰,壬,LIGHT,REN-CAIGUAN|XIEQI-TAIZHONG|LIGHT-ROOT|ROOT-GAN-PRIORITY|SHI-GUI-LU|ZHONGGUA-2SIDE|RI-BEI-HE|JIRUO-WUGEN|JISHUAI-CONGSHENG|GE-QING|GE-QUALITY|SHI-ZHU-JI|YONGSHEN-STRUCTURE|YONGSHEN-FINAL|ZHONG-HE,(辛印，己官)陈侍郎，癸未 乙卯 戊寅 壬子(乙官)眉批：王知府正是八月官星，无卯丁克破。陈寺乘乃辛日戊子时无官星，作六阴朝阳。年上官星为岁德，喜逢财到此身宫，不逢七杀伤官位，无破无冲大吉昌。白话译文八字月柱中出现官星，即构成正官格。若时柱上再有财星相配，此人必为真正贵人。正官格最怕地支相冲，忌见伤官、七杀混杂，行大运时亦遵循同样原则。喜得印绶扶身，喜官星旺健，喜财星滋养，流年大运均以此为吉。官星,[]
渊海子平,渊海子平-0111,癸未乙卯戊寅壬子,戊,HEAVY,REN-CAIGUAN|HEAVY-ROOT|ROOT-STRUCK|ROOT-GAN-PRIORITY|ZHONGGUA-2SIDE|RI-BEI-HE|JIRUO-WUGEN|GE-QUALITY|SHI-ZHU-JI|YONGSHEN-STRUCTURE|YONGSHEN-FINAL|ZHONG-HE,(乙官)眉批：王知府正是八月官星，无卯丁克破。陈寺乘乃辛日戊子时无官星，作六阴朝阳。年上官星为岁德，喜逢财到此身宫，不逢七杀伤官位，无破无冲大吉昌。白话译文八字月柱中出现官星，即构成正官格。若时柱上再有财星相配，此人必为真正贵人。正官格最怕地支相冲，忌见伤官、七杀混杂，行大运时亦遵循同样原则。喜得印绶扶身，喜官星旺健，喜财星滋养，流年大运均以此为吉。官星以透出天干为佳，藏而不露则力量减弱——正如为,[]
渊海子平,渊海子平-0112,乙卯癸未壬子辛丑,壬,HEAVY,REN-CAIGUAN|SHISHI-BURUO|XIEQI-TAIZHONG|YIN-PARTY|BIJIE-PARTY|ROOT-STRUCK|ROOT-GAN-PRIORITY|SHI-GUI-LU|ZHONGGUA-2SIDE|JIRUO-WUGEN|JISHUAI-CONGSHENG|SHIYONG-YUELING-XIANGFU|GE-QUALITY|SHI-ZHU-JI|YONGSHEN-STRUCTURE|YONGSHEN-FINAL|ZHONG-HE,(丁财、己官、辛印)李柳帝，戊子 乙丑 乙未 辛亥(癸财)黄状元，壬子 甲辰 己卯 壬申(壬财)宣参政，己卯 辛未 壬寅 辛亥(己官)张参政，丙寅 戊戌 辛酉 戊子(庚官、甲财)眉批：辰戌丑未为四季，印绶财官居杂气，干头透出格为真，只问财多为尊贵。白话译文辰、戌、丑、未是十二地支中居于四季交替之位的土支，财星（代表物质财富）与官星（代表权位仕途）深藏其中，印绶（代表才学与贵人扶持）也隐居于此。这四,['身强']
渊海子平,渊海子平-0113,戊子乙丑乙未辛亥,乙,LIGHT,REN-CAIGUAN|SHISHI-BURUO|LIGHT-ROOT|BIJIE-PARTY|ROOT-STRUCK|ROOT-GAN-PRIORITY|ZHONGGUA-2SIDE|JIRUO-WUGEN|GE-QUALITY|TIANGAN-XINGQING|YONGSHEN-STRUCTURE|YONGSHEN-FINAL|ZHONG-HE,"(癸财)黄状元，壬子 甲辰 己卯 壬申(壬财)宣参政，己卯 辛未 壬寅 辛亥(己官)张参政，丙寅 戊戌 辛酉 戊子(庚官、甲财)眉批：辰戌丑未为四季，印绶财官居杂气，干头透出格为真，只问财多为尊贵。白话译文辰、戌、丑、未是十二地支中居于四季交替之位的土支，财星（代表物质财富）与官星（代表权位仕途）深藏其中，印绶（代表才学与贵人扶持）也隐居于此。这四支各自内藏多种五行，性质混杂，因此所藏之气统称""杂",['身强']
渊海子平,渊海子平-0114,壬子甲辰己卯壬申,己,HEAVY,REN-CAIGUAN|DESHI-BUWANG|HEAVY-ROOT|ROOT-STRUCK|ROOT-GAN-PRIORITY|HE-HUASHEN-DESHI|ZHONGGUA-2SIDE|RI-BEI-HE|JIRUO-WUGEN|JIWANG-HUAIJI|SHIYONG-YUELING-XIANGFU|GE-QUALITY|SHI-ZHU-JI|TIANGAN-XINGQING|YONGSHEN-STRUCTURE|YONGSHEN-FINAL|ZHONG-HE,"(壬财)宣参政，己卯 辛未 壬寅 辛亥(己官)张参政，丙寅 戊戌 辛酉 戊子(庚官、甲财)眉批：辰戌丑未为四季，印绶财官居杂气，干头透出格为真，只问财多为尊贵。白话译文辰、戌、丑、未是十二地支中居于四季交替之位的土支，财星（代表物质财富）与官星（代表权位仕途）深藏其中，印绶（代表才学与贵人扶持）也隐居于此。这四支各自内藏多种五行，性质混杂，因此所藏之气统称""杂气""。判断此格是否成立，关键在于藏干能",['身强']
渊海子平,渊海子平-0115,己卯辛未壬寅辛亥,壬,HEAVY,REN-CAIGUAN|HEAVY-ROOT|ROOT-STRUCK|ROOT-GAN-PRIORITY|SHI-GUI-LU|ZHONGGUA-2SIDE|JIRUO-WUGEN|GE-QING|GE-QUALITY|YONGSHEN-STRUCTURE|YONGSHEN-FINAL|ZHONG-HE,"(己官)张参政，丙寅 戊戌 辛酉 戊子(庚官、甲财)眉批：辰戌丑未为四季，印绶财官居杂气，干头透出格为真，只问财多为尊贵。白话译文辰、戌、丑、未是十二地支中居于四季交替之位的土支，财星（代表物质财富）与官星（代表权位仕途）深藏其中，印绶（代表才学与贵人扶持）也隐居于此。这四支各自内藏多种五行，性质混杂，因此所藏之气统称""杂气""。判断此格是否成立，关键在于藏干能否透出天干：若辰戌丑未中所藏的财、官或",['身强']
渊海子平,渊海子平-0116,丙寅戊戌辛酉戊子,辛,HEAVY,REN-CAIGUAN|SHISHI-BURUO|HEAVY-ROOT|YIN-PARTY|ROOT-STRUCK|ROOT-GAN-PRIORITY|SHI-GUI-LU|ZHONGGUA-2SIDE|RI-BEI-HE|JIRUO-WUGEN|JIWANG-HUAIJI|GE-QUALITY|YONGSHEN-STRUCTURE|YONGSHEN-FINAL|ZHONG-HE,"(庚官、甲财)眉批：辰戌丑未为四季，印绶财官居杂气，干头透出格为真，只问财多为尊贵。白话译文辰、戌、丑、未是十二地支中居于四季交替之位的土支，财星（代表物质财富）与官星（代表权位仕途）深藏其中，印绶（代表才学与贵人扶持）也隐居于此。这四支各自内藏多种五行，性质混杂，因此所藏之气统称""杂气""。判断此格是否成立，关键在于藏干能否透出天干：若辰戌丑未中所藏的财、官或印能显现于四柱天干之上，格局方为真实有",['身强']
渊海子平,渊海子平-0117,丙子甲午辛亥辛卯,辛,LIGHT,REN-CAIGUAN|LIGHT-ROOT|ROOT-STRUCK|ROOT-GAN-PRIORITY|WANGCHONG-SHUAI|ZHONGGUA-2SIDE|RI-BEI-HE|JIRUO-WUGEN|GE-QUALITY|SHI-ZHU-JI|YONGSHEN-STRUCTURE|YONGSHEN-FINAL|ZHONG-HE,(丁偏官)何参政，丙寅 戊戌 壬戌 辛丑(戊偏官)岳总制，癸卯 丁巳 壬寅 甲辰(戊偏官)王镇抚，戊寅 癸亥 丙申 戊子(壬偏官)王镇抚此格，杀神太重，喜行东方运。身衰，八字水多火微，独喜寅宫火旺，乃是一年之火，运行卯合戌火局何益？又系湿木，不生无焰火，则木自旺不能生火，譬如横水木於炉围之上，此火纵悍力，亦无由得盛，是以丁卯运中而死，而六丙生人亥子多。帖木丞相，戊申 辛酉 丙申 庚寅(辛金偏官)黄,"['身弱', '身衰']"
渊海子平,渊海子平-0118,丙寅戊戌壬戌辛丑,壬,LIGHT,REN-CAIGUAN|SHISHI-BURUO|LIGHT-ROOT|YIN-PARTY|ROOT-GAN-PRIORITY|SHI-GUI-LU|ZHONGGUA-2SIDE|JIRUO-WUGEN|SHIYONG-YUELING-XIANGFU|GE-QING|GE-QUALITY|SHI-ZHU-JI|YONGSHEN-STRUCTURE|YONGSHEN-FINAL|ZHONG-HE,(戊偏官)岳总制，癸卯 丁巳 壬寅 甲辰(戊偏官)王镇抚，戊寅 癸亥 丙申 戊子(壬偏官)王镇抚此格，杀神太重，喜行东方运。身衰，八字水多火微，独喜寅宫火旺，乃是一年之火，运行卯合戌火局何益？又系湿木，不生无焰火，则木自旺不能生火，譬如横水木於炉围之上，此火纵悍力，亦无由得盛，是以丁卯运中而死，而六丙生人亥子多。帖木丞相，戊申 辛酉 丙申 庚寅(辛金偏官)黄侍郎，丁亥 辛亥 丙申 庚寅(壬偏官)刘,"['身弱', '身衰']"
渊海子平,渊海子平-0119,癸卯丁巳壬寅甲辰,壬,LIGHT,REN-CAIGUAN|SHISHI-BURUO|XIEQI-TAIZHONG|LIGHT-ROOT|JUECHU-FENGSHENG|BIJIE-PARTY|ROOT-STRUCK|ROOT-GAN-PRIORITY|SHI-GUI-LU|ZHONGGUA-2SIDE|RI-BEI-HE|JIRUO-WUGEN|JISHUAI-CONGSHENG|SHIYONG-YUELING-XIANGFU|GE-QUALITY|SHI-ZHU-JI|YONGSHEN-STRUCTURE|YONGSHEN-FINAL|ZHONG-HE,(戊偏官)王镇抚，戊寅 癸亥 丙申 戊子(壬偏官)王镇抚此格，杀神太重，喜行东方运。身衰，八字水多火微，独喜寅宫火旺，乃是一年之火，运行卯合戌火局何益？又系湿木，不生无焰火，则木自旺不能生火，譬如横水木於炉围之上，此火纵悍力，亦无由得盛，是以丁卯运中而死，而六丙生人亥子多。帖木丞相，戊申 辛酉 丙申 庚寅(辛金偏官)黄侍郎，丁亥 辛亥 丙申 庚寅(壬偏官)刘运司，甲寅 乙亥 甲戌 丙寅(壬水偏官，,"['身弱', '身衰']"
渊海子平,渊海子平-0120,戊寅癸亥丙申戊子,丙,HEAVY,REN-CAIGUAN|XIEQI-TAIZHONG|HEAVY-ROOT|JUECHU-FENGSHENG|ROOT-STRUCK|ROOT-GAN-PRIORITY|ZHONGGUA-2SIDE|JIRUO-WUGEN|JISHUAI-CONGSHENG|GE-QUALITY|SHI-ZHU-JI|YONGSHEN-STRUCTURE|YONGSHEN-FINAL|ZHONG-HE,(壬偏官)王镇抚此格，杀神太重，喜行东方运。身衰，八字水多火微，独喜寅宫火旺，乃是一年之火，运行卯合戌火局何益？又系湿木，不生无焰火，则木自旺不能生火，譬如横水木於炉围之上，此火纵悍力，亦无由得盛，是以丁卯运中而死，而六丙生人亥子多。帖木丞相，戊申 辛酉 丙申 庚寅(辛金偏官)黄侍郎，丁亥 辛亥 丙申 庚寅(壬偏官)刘运司，甲寅 乙亥 甲戌 丙寅(壬水偏官，戊土财神，丙火食神)眉批：即七杀也，要日,"['身弱', '身衰']"
渊海子平,渊海子平-0121,戊申辛酉丙申庚寅,丙,HEAVY,REN-CAIGUAN|XIEQI-TAIZHONG|HEAVY-ROOT|ROOT-STRUCK|ROOT-GAN-PRIORITY|WANGCHONG-SHUAI|SHI-GUI-LU|ZHONGGUA-2SIDE|RI-BEI-HE|JIRUO-WUGEN|JISHUAI-CONGSHENG|GE-QUALITY|YONGSHEN-STRUCTURE|YONGSHEN-FINAL|ZHONG-HE,(辛金偏官)黄侍郎，丁亥 辛亥 丙申 庚寅(壬偏官)刘运司，甲寅 乙亥 甲戌 丙寅(壬水偏官，戊土财神，丙火食神)眉批：即七杀也，要日干生旺方可任当得住为福，身弱当不住则为祸。论命不问是何格，但见有杀不攻用神，虽有然自可发福。帖木丞相命，杀官太重，喜逢寅时相冲，化杀生身，更得行运得力，所以贵也。白话译文月上偏官格，指偏官（七杀）出现在月柱天干的格局。此格喜日主（命主自身）旺盛，怕八字中冲克过多；命,['身弱']
渊海子平,渊海子平-0122,丁亥辛亥丙申庚寅,丙,HEAVY,REN-CAIGUAN|SHISHI-BURUO|HEAVY-ROOT|JUECHU-FENGSHENG|BIJIE-PARTY|ROOT-STRUCK|ROOT-GAN-PRIORITY|HE-HUASHEN-DESHI|SHI-GUI-LU|ZHONGGUA-2SIDE|RI-BEI-HE|JIRUO-WUGEN|SHIYONG-YUELING-XIANGFU|GE-QUALITY|YONGSHEN-STRUCTURE|YONGSHEN-FINAL|ZHONG-HE,(壬偏官)刘运司，甲寅 乙亥 甲戌 丙寅(壬水偏官，戊土财神，丙火食神)眉批：即七杀也，要日干生旺方可任当得住为福，身弱当不住则为祸。论命不问是何格，但见有杀不攻用神，虽有然自可发福。帖木丞相命，杀官太重，喜逢寅时相冲，化杀生身，更得行运得力，所以贵也。白话译文月上偏官格，指偏官（七杀）出现在月柱天干的格局。此格喜日主（命主自身）旺盛，怕八字中冲克过多；命主性情往往严肃持重、刚硬执拗、不易屈服，时,['身弱']
渊海子平,渊海子平-0123,甲寅乙亥甲戌丙寅,甲,HEAVY,REN-CAIGUAN|SHISHI-BURUO|XIEQI-TAIZHONG|HEAVY-ROOT|BIJIE-PARTY|ROOT-STRUCK|ROOT-GAN-PRIORITY|SHI-GUI-LU|ZHONGGUA-2SIDE|JIRUO-WUGEN|JIWANG-HUAIJI|JISHUAI-CONGSHENG|SHIYONG-YUELING-XIANGFU|GE-QING|GE-QUALITY|SHI-ZHU-JI|TIANGAN-XINGQING|YONGSHEN-STRUCTURE|YONGSHEN-FINAL|ZHONG-HE,(壬水偏官，戊土财神，丙火食神)眉批：即七杀也，要日干生旺方可任当得住为福，身弱当不住则为祸。论命不问是何格，但见有杀不攻用神，虽有然自可发福。帖木丞相命，杀官太重，喜逢寅时相冲，化杀生身，更得行运得力，所以贵也。白话译文月上偏官格，指偏官（七杀）出现在月柱天干的格局。此格喜日主（命主自身）旺盛，怕八字中冲克过多；命主性情往往严肃持重、刚硬执拗、不易屈服，时柱偏官多者也有同样性情。此格喜见阳刃（羊,['身弱']
渊海子平,渊海子平-0124,乙酉乙卯辛卯辛卯,辛,HEAVY,REN-CAIGUAN|SHISHI-BURUO|HEAVY-ROOT|BIJIE-PARTY|ROOT-STRUCK|ROOT-GAN-PRIORITY|WANGCHONG-SHUAI|ZHONGGUA-2SIDE|SHIYONG-YUELING-XIANGFU|GE-QUALITY|SHI-ZHU-JI|YONGSHEN-STRUCTURE|YONGSHEN-FINAL|ZHONG-HE,眉批：侯知府命中干支重见，兄弟分夺，只是财多财旺，原干辛弱不堪任之，所以分去却得中和。诗诀：月偏财是衆人财，最怕干支兄多来。身强财旺皆为福，若归官星足为灾。时正财与正官同，不逢破害与相冲。柱中不见财官杀，时旺来寻此格中。白话译文时上偏财格（时柱天干出现偏财星的命格）与时上偏官格的构成原则相似：关键在于时柱只能出现一位偏财星，不可重复；年柱、月柱、日柱三处也不宜再见财星；最忌地支相冲，此点与月上偏官,"['身强', '中和']"
渊海子平,渊海子平-0125,壬午庚戌甲午庚午,甲,NONE,SHAZHONG-SHENQING|ZHONGGUA-2SIDE|WUGEN-YOUFU|JISHUAI-CONGSHENG|SHIYONG-YUELING-XIANGFU|GE-QUALITY|YUN-SHENG-ROOT|SHI-ZHU-JI|TIANGAN-XINGQING|YONGSHEN-STRUCTURE|YONGSHEN-FINAL,(庚金为贵)史魏王，甲申 丙寅 乙卯 辛巳(辛金为贵)李丞相，己巳 丁卯 丙午 壬辰(壬水为贵)郑尚书，庚寅 壬午 戊寅 甲寅(壬水为贵)宋尚书，,[]
渊海子平,渊海子平-0126,甲申丙寅乙卯辛巳,乙,HEAVY,REN-CAIGUAN|DESHI-BUWANG|XIEQI-TAIZHONG|HEAVY-ROOT|TENGLUO-XIJIA|BIJIE-PARTY|ROOT-STRUCK|ROOT-GAN-PRIORITY|WANGCHONG-SHUAI|ZHONGGUA-2SIDE|JIRUO-WUGEN|JIWANG-HUAIJI|SHIYONG-YUELING-XIANGFU|GE-QUALITY|WANGJI-SIWO-SHENG|SHI-ZHU-JI|TIANGAN-XINGQING|YONGSHEN-STRUCTURE|YONGSHEN-FINAL|ZHONG-HE,(辛金为贵)李丞相，己巳 丁卯 丙午 壬辰(壬水为贵)郑尚书，庚寅 壬午 戊寅 甲寅(壬水为贵)宋尚书，,[]
渊海子平,渊海子平-0127,己巳丁卯丙午壬辰,丙,HEAVY,REN-CAIGUAN|SHISHI-BURUO|XIEQI-TAIZHONG|HEAVY-ROOT|BIJIE-PARTY|ROOT-STRUCK|ROOT-GAN-PRIORITY|HE-HUASHEN-DESHI|ZHONGGUA-2SIDE|JIRUO-WUGEN|JIWANG-HUAIJI|JISHUAI-CONGSHENG|SHIYONG-YUELING-XIANGFU|GE-QUALITY|SHI-ZHU-JI|YONGSHEN-STRUCTURE|YONGSHEN-FINAL|ZHONG-HE,(壬水为贵)郑尚书，庚寅 壬午 戊寅 甲寅(壬水为贵)宋尚书，,[]
渊海子平,渊海子平-0128,庚寅壬午戊寅甲寅,戊,HEAVY,REN-CAIGUAN|HEAVY-ROOT|ROOT-GAN-PRIORITY|SHI-GUI-LU|ZHONGGUA-2SIDE|JIWANG-HUAIJI|GE-QING|GE-QUALITY|CAI-RUO-SHEN-QIANG|SHI-ZHU-JI|YONGSHEN-STRUCTURE|YONGSHEN-FINAL|ZHONG-HE,(壬水为贵)宋尚书，,[]
渊海子平,渊海子平-0129,庚辰丙戌戊戌甲寅,戊,HEAVY,REN-CAIGUAN|DESHI-BUWANG|XIEQI-TAIZHONG|HEAVY-ROOT|YIN-PARTY|ROOT-STRUCK|ROOT-GAN-PRIORITY|SHI-GUI-LU|ZHONGGUA-2SIDE|JIRUO-WUGEN|JIWANG-HUAIJI|SHIYONG-YUELING-XIANGFU|GE-QUALITY|WANGJI-SIWO-SHENG|SHI-ZHU-JI|YONGSHEN-STRUCTURE|YONGSHEN-FINAL|ZHONG-HE,"庄尚书，辛巳 辛丑 己卯 乙亥(乙木为贵)眉批：詹丞相命，甲木死午，况生月九月，日主又弱，何以取之。行北方水得以资生，行东方甲木之运，地支无杀则得以中和之气，贵亦在其中矣。其余当以生旺推之，其中妙理不可不知。诗诀：偏官妙喜食神逢，印绶身强福禄浓。若见正官并枭印，加逢死绝祸重重。偏官有印化为权，运助身强福禄全。切忌身弱并刑害，一生灾病祸连绵。白话译文所谓""时上一位贵格""，指的是八字中只有时柱出现一个","['身旺', '身弱', '身强', '中和']"
渊海子平,渊海子平-0130,辛巳辛丑己卯乙亥,己,HEAVY,REN-CAIGUAN|DESHI-BUWANG|XIEQI-TAIZHONG|HEAVY-ROOT|ROOT-STRUCK|ROOT-GAN-PRIORITY|ZHONGGUA-2SIDE|JIRUO-WUGEN|JIWANG-HUAIJI|GE-QUALITY|WANGJI-SIWO-SHENG|SHI-ZHU-JI|TIANGAN-XINGQING|YONGSHEN-STRUCTURE|YONGSHEN-FINAL|ZHONG-HE,"(乙木为贵)眉批：詹丞相命，甲木死午，况生月九月，日主又弱，何以取之。行北方水得以资生，行东方甲木之运，地支无杀则得以中和之气，贵亦在其中矣。其余当以生旺推之，其中妙理不可不知。诗诀：偏官妙喜食神逢，印绶身强福禄浓。若见正官并枭印，加逢死绝祸重重。偏官有印化为权，运助身强福禄全。切忌身弱并刑害，一生灾病祸连绵。白话译文所谓""时上一位贵格""，指的是八字中只有时柱出现一个七杀（偏官），方才构成此格。若","['身旺', '身弱', '身强', '中和']"
渊海子平,渊海子平-0131,丙子丁酉庚午丙子,庚,HEAVY,REN-CAIGUAN|DESHI-BUWANG|HEAVY-ROOT|ROOT-STRUCK|ROOT-GAN-PRIORITY|WANGCHONG-SHUAI|ZHONGGUA-2SIDE|JIRUO-WUGEN|JIWANG-HUAIJI|GE-QUALITY|CAI-RUO-SHEN-QIANG|YONGSHEN-STRUCTURE|YONGSHEN-FINAL|ZHONG-HE,(子冲午丁火)蔡贵妃，己未 丙子 庚子 丙子 (冲子为官)正使，壬子 壬子 壬子 壬寅 (以子冲午己土为官)气贫，壬子 壬子 壬子 丙午 (以子冲午中己土为官星，又不合见午时重官星，就又贫极，为乞丐之命也。)眉批：诗诀，庚午日主要逢子，倒冲禄马号飞天，何如金木为情重，运入南方虚有逆。庚午鼠队来冲马，辛癸寻蛇要衆猪，丙日马群冲子午，丁逢蛇衆见双鱼。又格以辛癸日用亥字冲巳中丙戊为官星，要四柱有申字，并,[]
渊海子平,渊海子平-0132,己未丙子庚子丙子,庚,NONE,SHISHI-BURUO|SHAZHONG-SHENQING|YIN-PARTY|ZHONGGUA-2SIDE|WUGEN-YOUFU|JISHUAI-CONGSHENG|SHIYONG-YUELING-XIANGFU|GE-QUALITY|YUN-SHENG-ROOT|YONGSHEN-STRUCTURE|YONGSHEN-FINAL|ZHONG-HE,(冲子为官)正使，壬子 壬子 壬子 壬寅 (以子冲午己土为官)气贫，壬子 壬子 壬子 丙午 (以子冲午中己土为官星，又不合见午时重官星，就又贫极，为乞丐之命也。)眉批：诗诀，庚午日主要逢子，倒冲禄马号飞天，何如金木为情重，运入南方虚有逆。庚午鼠队来冲马，辛癸寻蛇要衆猪，丙日马群冲子午，丁逢蛇衆见双鱼。又格以辛癸日用亥字冲巳中丙戊为官星，要四柱有申字，并酉字或丑字，得一字可合为妙。假令六癸日以亥冲巳,[]
渊海子平,渊海子平-0133,壬子壬子壬子壬寅,壬,HEAVY,REN-CAIGUAN|HEAVY-ROOT|BIJIE-PARTY|ROOT-GAN-PRIORITY|ZHONGGUA-2SIDE|JIWANG-HUAIJI|GE-QING|GE-QUALITY|SHI-ZHU-JI|YONGSHEN-STRUCTURE|YONGSHEN-FINAL|ZHONG-HE,(以子冲午己土为官)气贫，壬子 壬子 壬子 丙午 (以子冲午中己土为官星，又不合见午时重官星，就又贫极，为乞丐之命也。)眉批：诗诀，庚午日主要逢子，倒冲禄马号飞天，何如金木为情重，运入南方虚有逆。庚午鼠队来冲马，辛癸寻蛇要衆猪，丙日马群冲子午，丁逢蛇衆见双鱼。又格以辛癸日用亥字冲巳中丙戊为官星，要四柱有申字，并酉字或丑字，得一字可合为妙。假令六癸日以亥冲巳，若四柱有戌字，则亥水不能去冲矣，岁君大运,[]
渊海子平,渊海子平-0134,壬子壬子壬子丙午,壬,HEAVY,REN-CAIGUAN|DESHI-BUWANG|HEAVY-ROOT|BIJIE-PARTY|ROOT-STRUCK|ROOT-GAN-PRIORITY|WANGCHONG-SHUAI|ZHONGGUA-2SIDE|JIRUO-WUGEN|JIWANG-HUAIJI|GE-QUALITY|SHI-ZHU-JI|YONGSHEN-STRUCTURE|YONGSHEN-FINAL|ZHONG-HE,(以子冲午中己土为官星，又不合见午时重官星，就又贫极，为乞丐之命也。)眉批：诗诀，庚午日主要逢子，倒冲禄马号飞天，何如金木为情重，运入南方虚有逆。庚午鼠队来冲马，辛癸寻蛇要衆猪，丙日马群冲子午，丁逢蛇衆见双鱼。又格以辛癸日用亥字冲巳中丙戊为官星，要四柱有申字，并酉字或丑字，得一字可合为妙。假令六癸日以亥冲巳，若四柱有戌字，则亥水不能去冲矣，岁君大运亦忌。如六辛日以亥冲巳中丙字为官星，若四柱中有丙字,[]
渊海子平,渊海子平-0135,丁未癸卯癸亥癸亥,癸,HEAVY,REN-CAIGUAN|SHISHI-BURUO|HEAVY-ROOT|BIJIE-PARTY|ROOT-STRUCK|ROOT-GAN-PRIORITY|SHI-GUI-LU|ZHONGGUA-2SIDE|JIRUO-WUGEN|JIWANG-HUAIJI|GE-QUALITY|TIANGAN-XINGQING|YONGSHEN-STRUCTURE|YONGSHEN-FINAL|ZHONG-HE,(亥冲巳中戊土为官)曹郎中，壬申 辛亥 癸亥 壬子(亥冲巳中戊土为官)诗诀：辛癸之运古有言，宜逢合巳号飞天，除是天罡逢小吉，灾消福衆利自绵。第 1 0 4 章内十八格-倒冲格原 文内十八格-倒冲格渊海子平卷二内十八格 - 倒冲格凡四柱中原无官星，方用此格。以丙日为主，用午字冲子中癸水，丙日得官星。不论会，若四柱中有未字，则午不能去冲矣。大忌癸字并子字，则减分数，岁君大运亦然。诗诀：丙日须逢午字冲，,[]
渊海子平,渊海子平-0136,壬申辛亥癸亥壬子,癸,HEAVY,REN-CAIGUAN|HEAVY-ROOT|YIN-PARTY|BIJIE-PARTY|ROOT-STRUCK|ROOT-GAN-PRIORITY|SHI-GUI-LU|ZHONGGUA-2SIDE|JIRUO-WUGEN|JIWANG-HUAIJI|GE-QUALITY|CAI-RUO-SHEN-QIANG|TIANGAN-XINGQING|YONGSHEN-STRUCTURE|YONGSHEN-FINAL|ZHONG-HE,(亥冲巳中戊土为官)诗诀：辛癸之运古有言，宜逢合巳号飞天，除是天罡逢小吉，灾消福衆利自绵。第 1 0 4 章内十八格-倒冲格原 文内十八格-倒冲格渊海子平卷二内十八格 - 倒冲格凡四柱中原无官星，方用此格。以丙日为主，用午字冲子中癸水，丙日得官星。不论会，若四柱中有未字，则午不能去冲矣。大忌癸字并子字，则减分数，岁君大运亦然。诗诀：丙日须逢午字冲，午能冲子吉相逢。不须论会干嫌水，子癸相逢再见凶。午,[]
渊海子平,渊海子平-0137,辛酉癸巳乙巳辛巳,乙,NONE,SHAZHONG-SHENQING|ZHONGGUA-2SIDE|WUGEN-YOUFU|JISHUAI-CONGSHENG|SHIYONG-YUELING-XIANGFU|GE-QING|GE-QUALITY|YUN-SHENG-ROOT|SHI-ZHU-JI|TIANGAN-XINGQING|YONGSHEN-STRUCTURE|YONGSHEN-FINAL,"(以巳冲亥壬水为官)岳总管，辛巳 甲午 丁未 乙巳(以巳冲亥壬水为官)白话译文四柱中没有官星时，方可使用""倒冲格""。丙日人，借地支""午""冲""子""，取子中所藏癸水为官星。此格不论地支有无相合，但若四柱出现""未""字，午未相合，午便无力去冲子，格局即破。最忌四柱中直见癸字或子字，一旦出现，格局力量大减。流年与大运亦同此判断。丁日人，借地支""巳""冲""亥""，取亥中壬水为官星。若四柱出现""辰""字，巳辰相合，巳",[]
渊海子平,渊海子平-0138,辛巳甲午丁未乙巳,丁,HEAVY,REN-CAIGUAN|DESHI-BUWANG|HEAVY-ROOT|YIN-PARTY|ROOT-GAN-PRIORITY|SHI-GUI-LU|ZHONGGUA-2SIDE|JIWANG-HUAIJI|GE-QING|GE-QUALITY|SHI-ZHU-JI|TIANGAN-XINGQING|YONGSHEN-STRUCTURE|YONGSHEN-FINAL|ZHONG-HE,"(以巳冲亥壬水为官)白话译文四柱中没有官星时，方可使用""倒冲格""。丙日人，借地支""午""冲""子""，取子中所藏癸水为官星。此格不论地支有无相合，但若四柱出现""未""字，午未相合，午便无力去冲子，格局即破。最忌四柱中直见癸字或子字，一旦出现，格局力量大减。流年与大运亦同此判断。丁日人，借地支""巳""冲""亥""，取亥中壬水为官星。若四柱出现""辰""字，巳辰相合，巳不能去冲亥，格局同样被破。忌见壬字与亥字。大运影响",[]
渊海子平,渊海子平-0139,辛酉癸巳乙巳辛巳,乙,NONE,SHAZHONG-SHENQING|ZHONGGUA-2SIDE|WUGEN-YOUFU|JISHUAI-CONGSHENG|SHIYONG-YUELING-XIANGFU|GE-QING|GE-QUALITY|YUN-SHENG-ROOT|SHI-ZHU-JI|TIANGAN-XINGQING|YONGSHEN-STRUCTURE|YONGSHEN-FINAL,"）与岳总管（辛巳 甲午 丁未 乙巳）两则命造为例，均以巳冲亥取壬水为官，印证此格之效。---关键词倒冲格：四柱无官星时，借地支相冲""冲出""藏干官星以取贵的特殊格局。官星：命理中代表权力与地位的五行要素，是断贵贱的重要依据。地支六冲：子午冲、巳亥冲等对冲关系，是此格取官的核心机制。藏干：地支内部隐藏的天干，子藏癸、亥藏壬即属此类。破格：格局因忌神（能合住冲神的地支）出现而失效，贵气全散。现代启示倒冲",[]
渊海子平,渊海子平-0140,辛巳甲午丁未乙巳,丁,HEAVY,REN-CAIGUAN|DESHI-BUWANG|HEAVY-ROOT|YIN-PARTY|ROOT-GAN-PRIORITY|SHI-GUI-LU|ZHONGGUA-2SIDE|JIWANG-HUAIJI|GE-QING|GE-QUALITY|SHI-ZHU-JI|TIANGAN-XINGQING|YONGSHEN-STRUCTURE|YONGSHEN-FINAL|ZHONG-HE,"）两则命造为例，均以巳冲亥取壬水为官，印证此格之效。---关键词倒冲格：四柱无官星时，借地支相冲""冲出""藏干官星以取贵的特殊格局。官星：命理中代表权力与地位的五行要素，是断贵贱的重要依据。地支六冲：子午冲、巳亥冲等对冲关系，是此格取官的核心机制。藏干：地支内部隐藏的天干，子藏癸、亥藏壬即属此类。破格：格局因忌神（能合住冲神的地支）出现而失效，贵气全散。现代启示倒冲格的核心逻辑是""以迂为直""——当正",[]
渊海子平,渊海子平-0141,甲寅戊辰乙亥丙子,乙,HEAVY,REN-CAIGUAN|SHISHI-BURUO|XIEQI-TAIZHONG|HEAVY-ROOT|TENGLUO-XIJIA|BIJIE-PARTY|ROOT-STRUCK|ROOT-GAN-PRIORITY|ZHONGGUA-2SIDE|JIRUO-WUGEN|JIWANG-HUAIJI|JISHUAI-CONGSHENG|SHIYONG-YUELING-XIANGFU|GE-QING|GE-QUALITY|TIANGAN-XINGQING|YONGSHEN-STRUCTURE|YONGSHEN-FINAL|ZHONG-HE,"，贵人车御带，戊子 癸亥 乙未 丙子，贵人眉批：诗诀，阴木天干丙午时，乙巳要贵富为奇，无冲官杀方为美，年少声名达凤池。以日干为主，取贵在时。白话译文乙巳鼠贵格，专用于日干为乙（阴木）者。此格有严格的使用前提：若月柱中已有官星（代表权贵与仕途的干支组合），则此格失效，不可采用。最忌四柱中出现""午""字，因午与子相冲，会直接冲破贵气。若时柱恰为丙子，其中""丙""字为关键，有汇聚贵人之力，称为""聚贵""。另有",[]
渊海子平,渊海子平-0142,戊子癸亥乙未丙子,乙,LIGHT,REN-CAIGUAN|SHISHI-BURUO|XIEQI-TAIZHONG|LIGHT-ROOT|YIN-PARTY|ROOT-STRUCK|ROOT-GAN-PRIORITY|ZHONGGUA-2SIDE|JIRUO-WUGEN|JISHUAI-CONGSHENG|GE-QUALITY|TIANGAN-XINGQING|YONGSHEN-STRUCTURE|YONGSHEN-FINAL|ZHONG-HE,"，贵人眉批：诗诀，阴木天干丙午时，乙巳要贵富为奇，无冲官杀方为美，年少声名达凤池。以日干为主，取贵在时。白话译文乙巳鼠贵格，专用于日干为乙（阴木）者。此格有严格的使用前提：若月柱中已有官星（代表权贵与仕途的干支组合），则此格失效，不可采用。最忌四柱中出现""午""字，因午与子相冲，会直接冲破贵气。若时柱恰为丙子，其中""丙""字为关键，有汇聚贵人之力，称为""聚贵""。另有一说：若四柱中带有庚、辛两字，或申、",[]
渊海子平,渊海子平-0143,甲寅戊辰乙亥丙子,乙,HEAVY,REN-CAIGUAN|SHISHI-BURUO|XIEQI-TAIZHONG|HEAVY-ROOT|TENGLUO-XIJIA|BIJIE-PARTY|ROOT-STRUCK|ROOT-GAN-PRIORITY|ZHONGGUA-2SIDE|JIRUO-WUGEN|JIWANG-HUAIJI|JISHUAI-CONGSHENG|SHIYONG-YUELING-XIANGFU|GE-QING|GE-QUALITY|TIANGAN-XINGQING|YONGSHEN-STRUCTURE|YONGSHEN-FINAL|ZHONG-HE,）与车御带（戊子 癸亥 乙未 丙子）——均以乙为日干、丙子为时柱，印证此格。眉批诗诀点明：乙木日主在丙子时最为有力，年少即可声名显达，关键在于无冲、无官杀相扰。---关键词官星：命盘中克制日干的天干，象征权威、官职与社会规范，过旺或混杂则格局不纯。聚贵：多路贵人元素汇聚同一时柱，贵气集中，格局能量倍增。冲：地支相冲（如子午相冲），对格局构成直接破坏，贵气消散。减分数：庚辛金气出现时，克制乙木日主，,[]
渊海子平,渊海子平-0144,戊子癸亥乙未丙子,乙,LIGHT,REN-CAIGUAN|SHISHI-BURUO|XIEQI-TAIZHONG|LIGHT-ROOT|YIN-PARTY|ROOT-STRUCK|ROOT-GAN-PRIORITY|ZHONGGUA-2SIDE|JIRUO-WUGEN|JISHUAI-CONGSHENG|GE-QUALITY|TIANGAN-XINGQING|YONGSHEN-STRUCTURE|YONGSHEN-FINAL|ZHONG-HE,）——均以乙为日干、丙子为时柱，印证此格。眉批诗诀点明：乙木日主在丙子时最为有力，年少即可声名显达，关键在于无冲、无官杀相扰。---关键词官星：命盘中克制日干的天干，象征权威、官职与社会规范，过旺或混杂则格局不纯。聚贵：多路贵人元素汇聚同一时柱，贵气集中，格局能量倍增。冲：地支相冲（如子午相冲），对格局构成直接破坏，贵气消散。减分数：庚辛金气出现时，克制乙木日主，格局层次下降，非全破但力量减弱。大,[]
渊海子平,渊海子平-0145,乙丑乙卯乙巳乙未,乙,HEAVY,REN-CAIGUAN|HEAVY-ROOT|BIJIE-PARTY|ROOT-STRUCK|ROOT-GAN-PRIORITY|SHI-GUI-LU|ZHONGGUA-2SIDE|JIRUO-WUGEN|JIWANG-HUAIJI|SHIYONG-YUELING-XIANGFU|GE-QUALITY|SHI-ZHU-JI|TIANGAN-XINGQING|YONGSHEN-STRUCTURE|YONGSHEN-FINAL|ZHONG-HE,"、乙酉、乙亥），此格特指乙日干生于子时者。冲害伤破：地支间四种刑克形式，均能破坏格局的稳定性，损伤用神的正常发挥。大运：以十年为周期推算的命运阶段，与流年共同构成对命局的动态影响。现代启示六乙鼠贵格的精髓在于一条""间接传导链""——目标无法直接触达，便借助中间介质逐级传递，最终实现。这与系统论中""间接效应""的逻辑高度相似：复杂环境里，有价值的资源往往藏在多重关系的末端，需要找到正确的路径才能激活。同",[]
渊海子平,渊海子平-0146,壬午己酉戊午庚申,戊,HEAVY,REN-CAIGUAN|SHISHI-BURUO|XIEQI-TAIZHONG|HEAVY-ROOT|BIJIE-PARTY|ROOT-STRUCK|ROOT-GAN-PRIORITY|SHI-GUI-LU|ZHONGGUA-2SIDE|JIRUO-WUGEN|JIWANG-HUAIJI|JISHUAI-CONGSHENG|GE-QUALITY|SHI-ZHU-JI|YONGSHEN-STRUCTURE|YONGSHEN-FINAL|ZHONG-HE,以庚合卯乙木为戊土之官。眉批：此格取秋冬生者为妙，李武翼命虽是多庚，却被年干出丙字伤了秀气，行乙巳运不合，流年再见壬戌失职矣。又合禄格六癸日为主，喜逢庚申时，用申时合巳中戊土，癸日得官星。若四柱中有戊字并巳字，刑坏了申时，或丙字及伤庚申时，则减分数。岁君大运亦然。程同知，,[]
渊海子平,渊海子平-0147,壬午庚戌癸丑庚申,癸,LIGHT,REN-CAIGUAN|SHISHI-BURUO|LIGHT-ROOT|YIN-PARTY|BIJIE-PARTY|ROOT-STRUCK|ROOT-GAN-PRIORITY|ZHONGGUA-2SIDE|JIRUO-WUGEN|SHIYONG-YUELING-XIANGFU|GE-QUALITY|SHI-ZHU-JI|TIANGAN-XINGQING|YONGSHEN-STRUCTURE|YONGSHEN-FINAL|ZHONG-HE,诗诀：时遇庚申癸日生，此为官印合官星，不逢官杀兼阳火，名誉昭彰拜紫官。日干癸水时庚申，生在秋冬富贵人。大忌寅来伤秀气，若生春夏惹灾连。白话译文合禄格分为两种，共同特征是借助庚申时柱，以地支六合间接引入官星。戊日合禄格：以六个戊日出生者为适用对象，须时柱为庚申。庚金与卯木发生六合，引出卯中所藏的乙木，乙木恰是戊土的正官星（官星，即代表权位与规范的五行），格局由此成立。四柱若见甲乙木（官星已透，合引失,[]
渊海子平,渊海子平-0148,己丑甲戌甲子甲子,甲,NONE,CAIDUO-SHENRUAN|HE-HUASHEN-DESHI|ZHONGGUA-2SIDE|RI-BEI-HE|JIRUO-WUGEN|WUGEN-YOUFU|GE-QING|GE-QUALITY|YUN-SHENG-ROOT|TIANGAN-XINGQING|YONGSHEN-STRUCTURE|YONGSHEN-FINAL,"以子合丑绊位，不能遥合巳动丙合辛，无贵。诗诀：甲子生逢甲子时，子来遥合巳中戊，戊能动丙丙合酉，甲得辛官贵可知。不喜庚申辛酉出，丑来相绊亦非宜，更无午字相冲害，运入官乡运必奇。白话译文子遥巳格，是以甲子日（或甲子时）为核心构建的特殊格局。其推演路径如下：八字中有两个甲子，地支子中藏有癸水，子与巳相距较远，无法直接相合，却能""遥合""——借助巳中所藏戊土引动，因巳中戊、丙同居一宫，戊土被触动后，带动丙火",[]
渊海子平,渊海子平-0149,辛丑辛丑辛丑庚寅,辛,LIGHT,REN-CAIGUAN|SHISHI-BURUO|LIGHT-ROOT|BIJIE-PARTY|ROOT-GAN-PRIORITY|ZHONGGUA-2SIDE|JIRUO-WUGEN|GE-QING|GE-QUALITY|SHI-ZHU-JI|YONGSHEN-STRUCTURE|YONGSHEN-FINAL|ZHONG-HE,"，以丑遥巳中丙火为辛之官星。叶侍郎，乙丑 己丑 癸丑 乙卯，以丑遥巳中戊土为癸之官星。诗诀：辛日癸日更逢丑，名为遥巳合官星，莫言不立官星旺，非信官来反作战。眉批：此格若有亥字亦不得，有官星可也，谓巳亥相冲也。白话译文""丑遥巳格""仅适用于辛丑、癸丑两个日柱。其原理是：地支""丑""通过一种间接的""遥合""关系，引出地支""巳""中所藏的丙火与戊土。辛金日主以丙火为官星（克制日主五行的元素，象征功名仕途），癸水",[]
渊海子平,渊海子平-0150,乙丑己丑癸丑乙卯,癸,LIGHT,REN-CAIGUAN|XIEQI-TAIZHONG|LIGHT-ROOT|ROOT-GAN-PRIORITY|SHI-GUI-LU|ZHONGGUA-2SIDE|JIRUO-WUGEN|JISHUAI-CONGSHENG|GE-QING|GE-QUALITY|TIANGAN-XINGQING|YONGSHEN-STRUCTURE|YONGSHEN-FINAL|ZHONG-HE,"，以丑遥巳中戊土为癸之官星。诗诀：辛日癸日更逢丑，名为遥巳合官星，莫言不立官星旺，非信官来反作战。眉批：此格若有亥字亦不得，有官星可也，谓巳亥相冲也。白话译文""丑遥巳格""仅适用于辛丑、癸丑两个日柱。其原理是：地支""丑""通过一种间接的""遥合""关系，引出地支""巳""中所藏的丙火与戊土。辛金日主以丙火为官星（克制日主五行的元素，象征功名仕途），癸水日主以戊土为官星。四柱中丑字越多，格局力量越强。破格条件有",[]
渊海子平,渊海子平-0151,戊寅庚申壬辰甲辰,壬,HEAVY,REN-CAIGUAN|SHISHI-BURUO|XIEQI-TAIZHONG|HEAVY-ROOT|YIN-PARTY|ROOT-STRUCK|ROOT-GAN-PRIORITY|WANGCHONG-SHUAI|SHI-GUI-LU|ZHONGGUA-2SIDE|JIRUO-WUGEN|JIWANG-HUAIJI|JISHUAI-CONGSHENG|SHIYONG-YUELING-XIANGFU|GE-QUALITY|SHI-ZHU-JI|YONGSHEN-STRUCTURE|YONGSHEN-FINAL|ZHONG-HE,王巨富，壬寅 壬寅 壬辰 壬寅，王巨富命，正谓寅多，故多发财也。诗诀：壬辰日又见辰时，年月辰来最为奇，四柱又逢寅位上，发财发福两相宜。壬骑龙背喜非常，寅多辰少转发扬，大忌官星来破格，刑冲须见寿元伤。壬骑龙背怕官居，重叠逢辰贵有余，假若寅多辰字少，须应高富比陶朱。眉批：经曰，阳水叠逢水位，是壬骑龙背之乡。经又云，壬骑龙背遇戊无情，寅多则富，辰多则贵。白话译文壬骑龙背格，专指壬日出生、日支坐辰土者（即,[]
渊海子平,渊海子平-0152,壬寅壬寅壬辰壬寅,壬,LIGHT,REN-CAIGUAN|SHISHI-BURUO|LIGHT-ROOT|BIJIE-PARTY|ROOT-GAN-PRIORITY|ZHONGGUA-2SIDE|JIRUO-WUGEN|SHIYONG-YUELING-XIANGFU|GE-QING|GE-QUALITY|SHI-ZHU-JI|YONGSHEN-STRUCTURE|YONGSHEN-FINAL|ZHONG-HE,，王巨富命，正谓寅多，故多发财也。诗诀：壬辰日又见辰时，年月辰来最为奇，四柱又逢寅位上，发财发福两相宜。壬骑龙背喜非常，寅多辰少转发扬，大忌官星来破格，刑冲须见寿元伤。壬骑龙背怕官居，重叠逢辰贵有余，假若寅多辰字少，须应高富比陶朱。眉批：经曰，阳水叠逢水位，是壬骑龙背之乡。经又云，壬骑龙背遇戊无情，寅多则富，辰多则贵。白话译文壬骑龙背格，专指壬日出生、日支坐辰土者（即壬辰日柱）。格局中辰字越多，主,[]
渊海子平,渊海子平-0153,戊申庚申庚申庚辰,庚,HEAVY,REN-CAIGUAN|HEAVY-ROOT|YIN-PARTY|BIJIE-PARTY|ROOT-GAN-PRIORITY|ZHONGGUA-2SIDE|JIWANG-HUAIJI|SHIYONG-YUELING-XIANGFU|GE-QING|GE-QUALITY|SHI-ZHU-JI|YONGSHEN-STRUCTURE|YONGSHEN-FINAL|ZHONG-HE,宋大夫，庚子 庚辰 庚申 庚午(眉批：此命因行岁运午字，原命中有午，故失职丧妻。)眉批：取庚日申子辰水局，庚金能生水，申子辰合水局有情，若井栏并井中积水，故曰井栏格也。白话译文井栏叉格，专指庚日出生之人。构成此格的条件是：四柱（年、月、日、时，即出生的年、月、日、时辰）地支中，申、子、辰三字须齐全，形成三合水局（三合：特定地支组合产生五行力量的规则）。日主不必同时出现三个庚字，但若恰好三个庚字并列,[]
渊海子平,渊海子平-0154,庚子庚辰庚申庚午,庚,HEAVY,REN-CAIGUAN|SHISHI-BURUO|HEAVY-ROOT|BIJIE-PARTY|ROOT-GAN-PRIORITY|ZHONGGUA-2SIDE|JIWANG-HUAIJI|GE-QUALITY|SHI-ZHU-JI|YONGSHEN-STRUCTURE|YONGSHEN-FINAL|ZHONG-HE,(眉批：此命因行岁运午字，原命中有午，故失职丧妻。)眉批：取庚日申子辰水局，庚金能生水，申子辰合水局有情，若井栏并井中积水，故曰井栏格也。白话译文井栏叉格，专指庚日出生之人。构成此格的条件是：四柱（年、月、日、时，即出生的年、月、日、时辰）地支中，申、子、辰三字须齐全，形成三合水局（三合：特定地支组合产生五行力量的规则）。日主不必同时出现三个庚字，但若恰好三个庚字并列，格局更为纯粹。具体来说，只要,[]
渊海子平,渊海子平-0155,丙午癸巳甲子丙寅,甲,HEAVY,REN-CAIGUAN|SHISHI-BURUO|XIEQI-TAIZHONG|HEAVY-ROOT|YIN-PARTY|ROOT-STRUCK|ROOT-GAN-PRIORITY|WANGCHONG-SHUAI|SHI-GUI-LU|ZHONGGUA-2SIDE|JIRUO-WUGEN|JIWANG-HUAIJI|JISHUAI-CONGSHENG|SHIYONG-YUELING-XIANGFU|GE-QUALITY|SHI-ZHU-JI|TIANGAN-XINGQING|YONGSHEN-STRUCTURE|YONGSHEN-FINAL|ZHONG-HE,"眉批：日禄归时格最良，怕官嫌杀喜身强，若见比肩分劫禄，刑冲破害更难当。白话译文归禄格，以甲日出生之人为例：若时柱地支为寅，即构成此格。原因在于甲木之禄（即甲的旺气寄托之地）恰在寅，日主的禄星随时柱""归位""，故称""归禄""。其余天干日主，各依其禄所在之地支，以此类推。此格的关键限制在于：四柱中不宜见官星或杀星（即克制日主的力量），一旦出现，日主便难以安归本禄，格局受损。喜欢行日主身旺之大运，若兼行食神","['身旺', '身强']"
渊海子平,渊海子平-0156,戊辰辛酉辛丑戊子,辛,HEAVY,REN-CAIGUAN|HEAVY-ROOT|YIN-PARTY|BIJIE-PARTY|ROOT-STRUCK|ROOT-GAN-PRIORITY|SHI-GUI-LU|ZHONGGUA-2SIDE|JIRUO-WUGEN|JIWANG-HUAIJI|GE-QING|GE-QUALITY|YONGSHEN-STRUCTURE|YONGSHEN-FINAL|ZHONG-HE,眉批：辛逢戊子最相宜，名利高登折高枝，四季秋生无亥子，荣华富贵正为奇。白话译文六阴朝阳格专为六辛日（即天干为辛的六个日柱）所设。辛属阴金，以丙火为正官（代表权位与功名）。此格的运作机制在于：四柱中若有戊土出现，戊能引动丙火，使辛日之人得以承接官星之力，格局由此成立。行运方向上，西方（金地）最为有利，东南次之，北方（水地）最为不利，因水克火，官星受损。子（水）字宜单现，若多见则子与子之间相冲，反而自,[]
渊海子平,渊海子平-0157,辛卯辛巳辛未辛酉,辛,HEAVY,REN-CAIGUAN|SHISHI-BURUO|HEAVY-ROOT|BIJIE-PARTY|ROOT-STRUCK|ROOT-GAN-PRIORITY|SHI-GUI-LU|ZHONGGUA-2SIDE|JIRUO-WUGEN|GE-QUALITY|YONGSHEN-STRUCTURE|YONGSHEN-FINAL|ZHONG-HE,"、辛亥、辛丑），是此格的适用前提。正官：命局中克制日主且阴阳相异的五行，代表权威、秩序与功名，辛金以丙火为正官。戊来动丙：戊土生丙火，戊的出现起到""激活""作用，使丙火官星力量得以流通至辛日主。子字：地支子水，此格中有特定数量要求，单见为宜，多见则自冲，格局崩解。冲：地支相距六位形成的对冲关系（如子午相冲），力量相抵，结构破坏。现代启示这段文字的核心逻辑是""资源需要中间人激活""——辛金拥有丙火官星，",[]
渊海子平,渊海子平-0158,甲戌甲戌癸酉甲寅,癸,NONE,XIEQI-TAIZHONG|ZHONGGUA-2SIDE|WUGEN-YOUFU|JISHUAI-CONGSHENG|SHIYONG-YUELING-XIANGFU|GE-QUALITY|YUN-SHENG-ROOT|SHI-ZHU-JI|TIANGAN-XINGQING|YONGSHEN-STRUCTURE|YONGSHEN-FINAL,"诗诀：阴水寅时格正清，又愁庚克不能刑，运行若不逢蛇地，方得清高有利名。白话译文刑合格以六癸日（天干为癸水的日柱）生人为主体。癸水以戊土为正气官星（官星，即五行中克制日主之神，癸水属阴水，戊土克水，故戊为癸之正官），但戊土深藏于巳（巳火地支中暗藏戊土），不易直接取用。此格的关键在于：四柱须见甲寅时。寅与巳构成""刑""的关系（寅刑巳），通过刑冲之力将巳中所藏戊土逼出，癸日主便借此得到官星。若时柱为庚寅，",[]
渊海子平,渊海子平-0159,己未辛未癸亥甲寅,癸,HEAVY,REN-CAIGUAN|XIEQI-TAIZHONG|HEAVY-ROOT|ROOT-STRUCK|ROOT-GAN-PRIORITY|HE-HUASHEN-DESHI|ZHONGGUA-2SIDE|JIRUO-WUGEN|JISHUAI-CONGSHENG|GE-QING|GE-QUALITY|SHI-ZHU-JI|TIANGAN-XINGQING|YONGSHEN-STRUCTURE|YONGSHEN-FINAL|ZHONG-HE,"；陈侍郎命造为甲戌、甲戌、癸酉、甲寅。诗诀大意：癸水生于寅时，格局清纯；最怕庚金克甲，使刑机不成；行运若不走巳地（蛇地），格局不受破坏，方能成就清贵之名。---关键词六癸日：天干为癸的六个日柱（癸卯、癸丑、癸亥、癸酉、癸未、癸巳），此格专为此类日主设立。正气官星：五行中克制日主之神，癸水逢戊土为正气正官，代表权威、职位与社会规范。寅刑巳：寅与巳之间的""无恩之刑""关系，借刑冲之力激发地支中所藏的暗神",[]
渊海子平,渊海子平-0160,甲戌甲戌癸酉甲寅,癸,NONE,XIEQI-TAIZHONG|ZHONGGUA-2SIDE|WUGEN-YOUFU|JISHUAI-CONGSHENG|SHIYONG-YUELING-XIANGFU|GE-QUALITY|YUN-SHENG-ROOT|SHI-ZHU-JI|TIANGAN-XINGQING|YONGSHEN-STRUCTURE|YONGSHEN-FINAL,"。诗诀大意：癸水生于寅时，格局清纯；最怕庚金克甲，使刑机不成；行运若不走巳地（蛇地），格局不受破坏，方能成就清贵之名。---关键词六癸日：天干为癸的六个日柱（癸卯、癸丑、癸亥、癸酉、癸未、癸巳），此格专为此类日主设立。正气官星：五行中克制日主之神，癸水逢戊土为正气正官，代表权威、职位与社会规范。寅刑巳：寅与巳之间的""无恩之刑""关系，借刑冲之力激发地支中所藏的暗神（此处为巳中戊土）。飞天禄马格：与刑",[]
渊海子平,渊海子平-0161,癸卯癸丑癸亥癸酉,癸,HEAVY,REN-CAIGUAN|SHISHI-BURUO|HEAVY-ROOT|BIJIE-PARTY|ROOT-STRUCK|ROOT-GAN-PRIORITY|ZHONGGUA-2SIDE|JIRUO-WUGEN|JIWANG-HUAIJI|SHIYONG-YUELING-XIANGFU|GE-QUALITY|CAI-RUO-SHEN-QIANG|TIANGAN-XINGQING|YONGSHEN-STRUCTURE|YONGSHEN-FINAL|ZHONG-HE,"、癸未、癸巳），此格专为此类日主设立。正气官星：五行中克制日主之神，癸水逢戊土为正气正官，代表权威、职位与社会规范。寅刑巳：寅与巳之间的""无恩之刑""关系，借刑冲之力激发地支中所藏的暗神（此处为巳中戊土）。飞天禄马格：与刑合格同类的特殊格局，同属""暗取官禄""之法，非直接透干而得，行运判断规则相通。分数（减分数）：宋元命理对格局品质的量化表述，忌神出现则""减分""，即格局纯度下降、应验力减弱。现代启示刑",[]
渊海子平,渊海子平-0162,庚丑己丑甲寅甲子,甲,HEAVY,REN-CAIGUAN|SHISHI-BURUO|HEAVY-ROOT|BIJIE-PARTY|ROOT-GAN-PRIORITY|HE-HUASHEN-DESHI|ZHONGGUA-2SIDE|RI-BEI-HE|JIRUO-WUGEN|SHIYONG-YUELING-XIANGFU|GE-QING|GE-QUALITY|TIANGAN-XINGQING|YONGSHEN-STRUCTURE|YONGSHEN-FINAL|ZHONG-HE,详云：贵人大忌填实贵位，怕刑冲了日时拱位，又怕四柱有官冲身及七杀之类，皆拱不住，则减分数，岁君大运亦然。如范都事，命不合年月丑字填实，只为白衣。眉批：甲寅甲子拱辛官，此格将为拱贵看，不见刑冲填丑字，进行会合拜玄变。白话译文拱贵格是内十八格之一，指四柱中两个地支如双手合抱，将一个并未实际出现的贵人位置夹于其间。以甲日干为例，甲的天乙贵人落在丑（牛）与未（羊）。若命盘为甲寅日配甲子时，寅与子之间正好虚,[]
渊海子平,渊海子平-0163,丁巳丙午甲寅甲子,甲,HEAVY,REN-CAIGUAN|SHISHI-BURUO|XIEQI-TAIZHONG|HEAVY-ROOT|BIJIE-PARTY|ROOT-STRUCK|ROOT-GAN-PRIORITY|WANGCHONG-SHUAI|ZHONGGUA-2SIDE|JIRUO-WUGEN|JIWANG-HUAIJI|JISHUAI-CONGSHENG|GE-QUALITY|TIANGAN-XINGQING|YONGSHEN-STRUCTURE|YONGSHEN-FINAL|ZHONG-HE,"，拱位完好，仕途顺达；范都事同为甲寅日甲子时，但年柱庚丑、月柱己丑，两个丑字将虚夹之位填实，格局瓦解，终身布衣。---关键词现代启示拱贵格的核心逻辑是""缺席的存在""——正因某个关键要素不在场，才维持了它的张力；一旦它真正出现（填实），格局反而崩塌。这与心理学中的""稀缺效应""高度吻合：人们倾向于对得不到的事物赋予更高价值，期待本身就是一种力量，而过度填满往往令其失效。范都事的案例尤为值得深思：与熊郎",[]
渊海子平,渊海子平-0164,癸卯癸亥戊辰戊午,戊,HEAVY,REN-CAIGUAN|SHISHI-BURUO|HEAVY-ROOT|BIJIE-PARTY|ROOT-STRUCK|ROOT-GAN-PRIORITY|SHI-GUI-LU|ZHONGGUA-2SIDE|RI-BEI-HE|JIRUO-WUGEN|GE-QUALITY|YONGSHEN-STRUCTURE|YONGSHEN-FINAL|ZHONG-HE,"(戊禄在巳，辰午之拱)白衣人，壬子 丁未 丁巳 丁未(丁禄在午，未巳拱，子冲)详云：此格有五日，丁巳日见丁未，己未日见己巳，戊辰见戊午，癸丑见癸亥，癸亥见癸丑。(两半本身皆是我拱藏位，虚中好，只忌填实，更忌官星来克破。)眉批：两绊本身非是我，拱藏一位虚中好，不宜填实见官星，更忌官星来克破。白话译文拱禄格只适用于五个特定日柱，核心在于日柱与时柱之间""夹拱""出一个空位，而该空位恰好是日主的禄位（即天干",[]
渊海子平,渊海子平-0165,壬子丁未丁巳丁未,丁,HEAVY,REN-CAIGUAN|SHISHI-BURUO|HEAVY-ROOT|BIJIE-PARTY|ROOT-STRUCK|ROOT-GAN-PRIORITY|SHI-GUI-LU|ZHONGGUA-2SIDE|RI-BEI-HE|JIRUO-WUGEN|JIWANG-HUAIJI|SHIYONG-YUELING-XIANGFU|GE-QUALITY|TIANGAN-XINGQING|YONGSHEN-STRUCTURE|YONGSHEN-FINAL|ZHONG-HE,"(丁禄在午，未巳拱，子冲)详云：此格有五日，丁巳日见丁未，己未日见己巳，戊辰见戊午，癸丑见癸亥，癸亥见癸丑。(两半本身皆是我拱藏位，虚中好，只忌填实，更忌官星来克破。)眉批：两绊本身非是我，拱藏一位虚中好，不宜填实见官星，更忌官星来克破。白话译文拱禄格只适用于五个特定日柱，核心在于日柱与时柱之间""夹拱""出一个空位，而该空位恰好是日主的禄位（即天干对应的旺气地支）。此格最忌""填实""——若四柱中某一柱",[]
渊海子平,渊海子平-0166,辛酉丙申壬寅辛亥,壬,HEAVY,REN-CAIGUAN|SHISHI-BURUO|HEAVY-ROOT|YIN-PARTY|ROOT-STRUCK|ROOT-GAN-PRIORITY|WANGCHONG-SHUAI|SHI-GUI-LU|ZHONGGUA-2SIDE|JIRUO-WUGEN|JIWANG-HUAIJI|SHIYONG-YUELING-XIANGFU|GE-QUALITY|YONGSHEN-STRUCTURE|YONGSHEN-FINAL|ZHONG-HE,"眉批：有印无财方是福，喜逢官位怕临财，主人囊括文章秀，一举丹墀面帝来。解说：墀：音同迟，宫殿前台阶上面的空地。白话译文印绶格的核心要求是印星旺盛，最忌印星衰死或被克绝，四柱中若同时有官星相配则更为理想。月柱（出生月份所在的柱位）上出现印绶，效力最为显著。行运走到官运或印运时，命主便容易发达显贵。然而一旦走财运，财星克制印星，便会形成""贪财坏印""的格局——表面是财来，实则破坏了格局根基，财运反而不利",['旺相']
渊海子平,渊海子平-0167,庚寅丙戌戊子癸丑,戊,HEAVY,REN-CAIGUAN|DESHI-BUWANG|XIEQI-TAIZHONG|HEAVY-ROOT|YIN-PARTY|ROOT-GAN-PRIORITY|SHI-GUI-LU|ZHONGGUA-2SIDE|RI-BEI-HE|JIRUO-WUGEN|JIWANG-HUAIJI|SHIYONG-YUELING-XIANGFU|GE-QING|GE-QUALITY|WANGJI-SIWO-SHENG|SHI-ZHU-JI|YONGSHEN-STRUCTURE|YONGSHEN-FINAL|ZHONG-HE,"解云：葛侍诏系卖帽梳儿，此命是杂气之中，月令透出丙丁火，乃为印绶，只是还因日时上癸水为有财，行亥子财运，於壬辰运六年而不遂意，第七年岁在戊子年，二月二十八日壬寅日不禄，乃是贪财土也。不可不仔细推之、记之，以为违者鉴。眉批：此统言之，亦忌财运。白话译文杂气印绶格，是指月令落在辰、戌、丑、未（四库之地）的八字中，库藏之气透出天干、形成印绶（印绶：护卫日主的""保护神""，代表学识、贵人、母亲）者。原则是：",[]
渊海子平,渊海子平-0168,壬寅壬寅壬寅壬寅,壬,NONE,ZHONGGUA-2SIDE|WUGEN-YOUFU|SHIYONG-YUELING-XIANGFU|GE-QING|GE-QUALITY|YUN-SHENG-ROOT|SHI-ZHU-JI|YONGSHEN-STRUCTURE|YONGSHEN-FINAL,"，此趋艮之格白话译文壬水（壬，十天干之一，五行属水）作为日主（出生日天干，代表命主本人），若四柱中多次出现寅字，便借助寅中所藏的甲木，暗中引动己土，令其充当壬水的官星（官星：克制日主的十神，象征权威与规范）；又以寅中丙火引来辛金，充当壬水的印绶（印绶：生扶日主的十神，象征学识与庇护资源）。此格忌四柱或运途出现午、申二字与寅相冲，也忌财星、官星的天干直接显露于四柱——一旦""填实""，暗邀的隐性结构即告",[]
渊海子平,渊海子平-0169,癸亥癸亥甲子乙丑,甲,HEAVY,REN-CAIGUAN|SHISHI-BURUO|HEAVY-ROOT|YIN-PARTY|BIJIE-PARTY|ROOT-STRUCK|ROOT-GAN-PRIORITY|ZHONGGUA-2SIDE|JIRUO-WUGEN|JIWANG-HUAIJI|GE-QUALITY|SHI-ZHU-JI|TIANGAN-XINGQING|YONGSHEN-STRUCTURE|YONGSHEN-FINAL|ZHONG-HE,"诗曰：甲日生人喜亥字，趋乾为格正相宜，财官岁运如无见，管取声名达凤池。白话译文乾卦对应亥宫（亥，十二地支之末，居西北方，属水）。凡六甲日（甲子、甲寅、甲辰、甲午、甲申、甲戌六个日柱）所生之人，若八字四柱中亥字出现较多，即可构成此格。但若柱中出现官星或杀星，则不在此格之列。亥为""天门之位""，又称""北极之垣""，是天地气机转换之所。甲木（寅为甲木禄地）得亥水滋养，方能生长茁壮。因此，甲日生人柱中亥字越多",[]
渊海子平,渊海子平-0170,甲子甲寅甲辰甲午,甲,HEAVY,REN-CAIGUAN|HEAVY-ROOT|BIJIE-PARTY|ROOT-GAN-PRIORITY|ZHONGGUA-2SIDE|JIWANG-HUAIJI|GE-QUALITY|SHI-ZHU-JI|TIANGAN-XINGQING|YONGSHEN-STRUCTURE|YONGSHEN-FINAL|ZHONG-HE,"、甲申、甲戌六个日柱）所生之人，若八字四柱中亥字出现较多，即可构成此格。但若柱中出现官星或杀星，则不在此格之列。亥为""天门之位""，又称""北极之垣""，是天地气机转换之所。甲木（寅为甲木禄地）得亥水滋养，方能生长茁壮。因此，甲日生人柱中亥字越多，借天门之气以壮根本，自然容易走向富贵。此格最忌巳字，因巳与亥相冲，破局。又因甲木禄在寅，寅与亥六合，两者相合即为""合禄""，故忌见财星，也忌寅、巳两字出没，行运",[]
渊海子平,渊海子平-0171,丁亥辛亥己卯戊辰,己,HEAVY,REN-CAIGUAN|SHISHI-BURUO|HEAVY-ROOT|BIJIE-PARTY|ROOT-STRUCK|ROOT-GAN-PRIORITY|SHI-GUI-LU|ZHONGGUA-2SIDE|JIRUO-WUGEN|GE-QUALITY|SHI-ZHU-JI|TIANGAN-XINGQING|YONGSHEN-STRUCTURE|YONGSHEN-FINAL|ZHONG-HE,眉批：戊己勾陈得局清，财官相遇两为真，时令岁遇无冲害，富贵双全佐圣明。第 1 2 2 章外十八格-玄武当权格原 文外十八格-玄武当权格渊海子平卷二外十八格 - 玄武当权格且如壬癸二日生，值寅午戌火局为财，辰戌丑未为官是也。正是壬寅、壬午、壬戌；癸巳、癸未、癸丑是也。忌冲破，身弱则不吉。壬癸属水，故为玄武。但得火局，故曰当权，无非水火既济之理而已矣，夫何异哉。得斯道者，主人性格温和，有智慧，有礼貌，,['身弱']
渊海子平,渊海子平-0172,庚戌壬午壬寅辛亥,壬,HEAVY,REN-CAIGUAN|SHISHI-BURUO|HEAVY-ROOT|YIN-PARTY|BIJIE-PARTY|ROOT-STRUCK|ROOT-GAN-PRIORITY|SHI-GUI-LU|ZHONGGUA-2SIDE|JIRUO-WUGEN|GE-QING|GE-QUALITY|YONGSHEN-STRUCTURE|YONGSHEN-FINAL|ZHONG-HE,诗曰：壬癸名为玄武神，财官两见始成真，局无冲破当清贵，辅佐皇家一老臣。白话译文以壬日或癸日出生之人，若四柱（出生年、月、日、时四组干支）中见到寅、午、戌三字合成火局（作为财星），或见辰、戌、丑、未充当官星，便具备了构成此格的条件。具体日柱组合为：壬寅、壬午、壬戌，以及癸巳、癸未、癸丑，均可入格。格局最忌四柱中出现冲破之字；若命主（日主，即代表自身的日柱天干）力量偏弱，此格也难以发挥。壬、癸两干五行,[]
渊海子平,渊海子平-0173,乙未辛巳丙午甲午,丙,HEAVY,REN-CAIGUAN|DESHI-BUWANG|HEAVY-ROOT|YIN-PARTY|ROOT-STRUCK|ROOT-GAN-PRIORITY|SHI-GUI-LU|ZHONGGUA-2SIDE|RI-BEI-HE|JIRUO-WUGEN|JIWANG-HUAIJI|GE-QUALITY|YONGSHEN-STRUCTURE|YONGSHEN-FINAL|ZHONG-HE,眉批：火多炎上气冲天，只此无忧富贵全，一路东方行好运，金冠头顶带腰悬。白话译文炎上格的成立，须以丙日或丁日生人为前提，同时八字地支中出现寅午戌三合火局，或巳午未三会火方，火势聚而成局，方为真格。此格最忌流年、大运行至水旺之地（水克火）或金旺之地（金能制火或泄火之气），皆足以冲散火局、破坏格局。反之，喜行木旺的东方运，因木能生火，可使火势愈盛。另须防地支相冲，冲则火局散乱。命主自身须身旺元气充足，且,['身旺']
渊海子平,渊海子平-0174,庚子庚辰壬申辛亥,壬,HEAVY,REN-CAIGUAN|SHISHI-BURUO|HEAVY-ROOT|YIN-PARTY|ROOT-STRUCK|ROOT-GAN-PRIORITY|SHI-GUI-LU|ZHONGGUA-2SIDE|JIRUO-WUGEN|JIWANG-HUAIJI|GE-QUALITY|CAI-RUO-SHEN-QIANG|YONGSHEN-STRUCTURE|YONGSHEN-FINAL|ZHONG-HE,"眉批：生临壬癸水局中，汪洋又会向流东，若然不遇堤防土，金紫荣身位至公。白话译文壬日（壬水日主）或癸日（癸水日主）出生之人，若地支凑齐申、子、辰三合水局（三支相合化水），或亥、子、丑北方水局，便可构成润下格。此格忌讳辰、戌、丑、未四土当道之运（土克水，称""官乡""），喜行西方金运（金生水，助格），不宜走东方木运或南方火运，最怕冲克破局，流年大运的判断原则与此相同。所谓""润下""，是指天干地支皆为水气，如",[]
渊海子平,渊海子平-0175,戊戌己未戊辰癸丑,戊,HEAVY,REN-CAIGUAN|DESHI-BUWANG|HEAVY-ROOT|BIJIE-PARTY|ROOT-STRUCK|ROOT-GAN-PRIORITY|SHI-GUI-LU|ZHONGGUA-2SIDE|RI-BEI-HE|JIRUO-WUGEN|JIWANG-HUAIJI|SHIYONG-YUELING-XIANGFU|GE-QUALITY|SHI-ZHU-JI|YONGSHEN-STRUCTURE|YONGSHEN-FINAL|ZHONG-HE,眉批：戊己生居四季中，辰戌丑未要全逢，喜逢财地兼官杀，运到东方定有凶。白话译文稼穑格的构成条件是：日主（出生日的天干）为戊或己（均属土），同时八字地支中出现辰、戌、丑、未四个土属性地支。此格最忌大运走东方（木运，因木克土），也忌北方水运——虽然水是土的财星，但水势过旺反而冲泄土气。八字中辰戌丑未齐聚，若得水为财、又无木来克制破局，则为吉祥之局。此格喜走西方（金运，金不克土）和南方（火运，火生土），,[]
渊海子平,渊海子平-0176,甲寅丁卯乙未丙子,乙,HEAVY,REN-CAIGUAN|DESHI-BUWANG|XIEQI-TAIZHONG|HEAVY-ROOT|TENGLUO-XIJIA|BIJIE-PARTY|ROOT-STRUCK|ROOT-GAN-PRIORITY|ZHONGGUA-2SIDE|JIRUO-WUGEN|JIWANG-HUAIJI|GE-QUALITY|WANGJI-SIWO-SHENG|TIANGAN-XINGQING|YONGSHEN-STRUCTURE|YONGSHEN-FINAL|ZHONG-HE,"眉批：甲乙生人寅卯辰，亥卯未全嫌白帝，但从木类正为奇，得此清高仁且寿。白话译文曲直格又称""仁寿格""或""青龙格""，是外十八格之一。取格条件：日干（出生当天天干）须为甲或乙（属木），地支（出生年、月、时的地支）须凑成寅卯辰（东方木局）或亥卯未（木三合局）。最关键的禁忌是不能出现庚、辛（属金）——庚辛对木而言是官杀（克制之神），一旦出现，木气被破，格局即告不成。此格纯以木气一统八字，不借他神，故名""曲直",[]
渊海子平,渊海子平-0177,丙子壬子辛卯丁酉,辛,HEAVY,REN-CAIGUAN|XIEQI-TAIZHONG|HEAVY-ROOT|ROOT-STRUCK|ROOT-GAN-PRIORITY|HE-HUASHEN-DESHI|SHI-GUI-LU|ZHONGGUA-2SIDE|RI-BEI-HE|JIRUO-WUGEN|JIWANG-HUAIJI|JISHUAI-CONGSHENG|GE-QUALITY|YONGSHEN-STRUCTURE|YONGSHEN-FINAL|ZHONG-HE,"日亦是秀气，怕冲克，大运同。白话译文所谓""秀气格""，有两种构成方式。其一，命局天干（八字中上方的四个字）中须出现三个""乙""字，同时地支（下方四个字）中巳、酉、丑三支齐全，方能构成此格；其二，若生于丙子、壬子、辛卯、丁酉这四个日柱（出生当日的干支组合）之一，亦属秀气之命。秀气格最忌讳命局中出现冲克（五行相冲或相克的关系），一旦被冲克，格局即遭破坏。行大运（人生各阶段的运势周期）时，同样适用此忌，运中",[]
渊海子平,渊海子平-0178,丙子壬子辛卯丁酉,辛,HEAVY,REN-CAIGUAN|XIEQI-TAIZHONG|HEAVY-ROOT|ROOT-STRUCK|ROOT-GAN-PRIORITY|HE-HUASHEN-DESHI|SHI-GUI-LU|ZHONGGUA-2SIDE|RI-BEI-HE|JIRUO-WUGEN|JIWANG-HUAIJI|JISHUAI-CONGSHENG|GE-QUALITY|YONGSHEN-STRUCTURE|YONGSHEN-FINAL|ZHONG-HE,这四个日柱（出生当日的干支组合）之一，亦属秀气之命。秀气格最忌讳命局中出现冲克（五行相冲或相克的关系），一旦被冲克，格局即遭破坏。行大运（人生各阶段的运势周期）时，同样适用此忌，运中若见冲克，亦主破格。---关键词天干：八字命盘上方的四个字，取自甲乙丙丁戊己庚辛壬癸十干循环。地支：八字命盘下方的四个字，取自子丑寅卯辰巳午未申酉戌亥十二支循环。巳酉丑三合：巳、酉、丑三支相聚，在五行理论中合化为金局，,[]
渊海子平,渊海子平-0179,庚戌戊子癸酉癸亥,癸,HEAVY,REN-CAIGUAN|DESHI-BUWANG|HEAVY-ROOT|YIN-PARTY|BIJIE-PARTY|ROOT-STRUCK|ROOT-GAN-PRIORITY|SHI-GUI-LU|ZHONGGUA-2SIDE|RI-BEI-HE|JIRUO-WUGEN|JIWANG-HUAIJI|GE-QUALITY|TIANGAN-XINGQING|YONGSHEN-STRUCTURE|YONGSHEN-FINAL|ZHONG-HE,"，以酉亥夹戌火为财。张尚书，丙辰 辛卯 癸酉 癸亥，酉亥夹拱戌火为财。甲子 癸酉 癸酉 癸亥，同上歌曰：夹丘之格少人知，拱夹休填塞库中。不犯柱中官杀位，一生清贵显当时。眉批：金丞相命非夹丘，因年支戌字填实不吉。白话译文夹丘格，又称拱财格，是以日柱地支与时柱地支""夹拱""其间虚位财星来论贵贱的一种格局。所谓""夹拱""，是指财星并不直接出现在四柱之中，而是隐藏在日支与时支相邻的空位上。例如甲寅日、甲子时，",['身旺']
渊海子平,渊海子平-0180,丙辰辛卯癸酉癸亥,癸,HEAVY,REN-CAIGUAN|SHISHI-BURUO|HEAVY-ROOT|YIN-PARTY|BIJIE-PARTY|ROOT-STRUCK|ROOT-GAN-PRIORITY|WANGCHONG-SHUAI|SHI-GUI-LU|ZHONGGUA-2SIDE|JIRUO-WUGEN|JIWANG-HUAIJI|GE-QUALITY|CAI-RUO-SHEN-QIANG|TIANGAN-XINGQING|YONGSHEN-STRUCTURE|YONGSHEN-FINAL|ZHONG-HE,"，酉亥夹拱戌火为财。甲子 癸酉 癸酉 癸亥，同上歌曰：夹丘之格少人知，拱夹休填塞库中。不犯柱中官杀位，一生清贵显当时。眉批：金丞相命非夹丘，因年支戌字填实不吉。白话译文夹丘格，又称拱财格，是以日柱地支与时柱地支""夹拱""其间虚位财星来论贵贱的一种格局。所谓""夹拱""，是指财星并不直接出现在四柱之中，而是隐藏在日支与时支相邻的空位上。例如甲寅日、甲子时，寅与子之间夹着丑位，丑中藏己土，甲木以土为财，故丑",['身旺']
渊海子平,渊海子平-0181,甲子癸酉癸酉癸亥,癸,HEAVY,REN-CAIGUAN|SHISHI-BURUO|XIEQI-TAIZHONG|HEAVY-ROOT|BIJIE-PARTY|ROOT-STRUCK|ROOT-GAN-PRIORITY|SHI-GUI-LU|ZHONGGUA-2SIDE|JIWANG-HUAIJI|JISHUAI-CONGSHENG|GE-QUALITY|CAI-RUO-SHEN-QIANG|TIANGAN-XINGQING|YONGSHEN-STRUCTURE|YONGSHEN-FINAL|ZHONG-HE,"，同上歌曰：夹丘之格少人知，拱夹休填塞库中。不犯柱中官杀位，一生清贵显当时。眉批：金丞相命非夹丘，因年支戌字填实不吉。白话译文夹丘格，又称拱财格，是以日柱地支与时柱地支""夹拱""其间虚位财星来论贵贱的一种格局。所谓""夹拱""，是指财星并不直接出现在四柱之中，而是隐藏在日支与时支相邻的空位上。例如甲寅日、甲子时，寅与子之间夹着丑位，丑中藏己土，甲木以土为财，故丑为甲之财库，此即虚拱财库之象。其余如丁卯配",['身旺']
渊海子平,渊海子平-0182,庚子戊寅戊子丁巳,戊,HEAVY,REN-CAIGUAN|SHISHI-BURUO|XIEQI-TAIZHONG|HEAVY-ROOT|YIN-PARTY|BIJIE-PARTY|ROOT-STRUCK|ROOT-GAN-PRIORITY|SHI-GUI-LU|ZHONGGUA-2SIDE|JIRUO-WUGEN|JISHUAI-CONGSHENG|SHIYONG-YUELING-XIANGFU|GE-QUALITY|YONGSHEN-STRUCTURE|YONGSHEN-FINAL|ZHONG-HE,，生月中之後，月逢七杀，赖有丁火为印绶，寅为长生之地，能生戊土。不合见庚字、巳字，金长生，其二子之水为克丁火生气，反生月中七杀，七杀来克身，身弱难敌，故当年十一月，其子死矣。此为生杀坏印之祸也。又如癸酉 癸亥 己丑 乙亥，此命四柱财重，自分娩几乎俱亡，未岁余，父母亦亡，乃过房继养。其他仿此，无疑也。眉批：小儿惟得中和，旺则不能任，弱则不能禁，只待至年十五，可以分别贵贱。白话译文小儿八字中财星过多，,"['身旺', '身弱', '中和']"
渊海子平,渊海子平-0183,癸酉癸亥己丑乙亥,己,LIGHT,REN-CAIGUAN|LIGHT-ROOT|ROOT-GAN-PRIORITY|ZHONGGUA-2SIDE|JIRUO-WUGEN|SHIYONG-YUELING-XIANGFU|GE-QUALITY|SHI-ZHU-JI|TIANGAN-XINGQING|YONGSHEN-STRUCTURE|YONGSHEN-FINAL|ZHONG-HE,，此命四柱财重，自分娩几乎俱亡，未岁余，父母亦亡，乃过房继养。其他仿此，无疑也。眉批：小儿惟得中和，旺则不能任，弱则不能禁，只待至年十五，可以分别贵贱。白话译文小儿八字中财星过多，多为庶出（非正妻所生子女）或螟蛉（过继养子），且主克害父母；幼年行运进入财旺之地，亦会出现同样情形。小儿命理，最重日元身旺，最喜印绶星（生助自身的五行力量）护扶，忌财星克印。官星、七杀、羊刃、伤官四凶神不宜过旺：身旺时尚,"['身旺', '身弱', '中和']"
渊海子平,渊海子平-0184,庚子戊寅戊子丁巳,戊,HEAVY,REN-CAIGUAN|SHISHI-BURUO|XIEQI-TAIZHONG|HEAVY-ROOT|YIN-PARTY|BIJIE-PARTY|ROOT-STRUCK|ROOT-GAN-PRIORITY|SHI-GUI-LU|ZHONGGUA-2SIDE|JIRUO-WUGEN|JISHUAI-CONGSHENG|SHIYONG-YUELING-XIANGFU|GE-QUALITY|YONGSHEN-STRUCTURE|YONGSHEN-FINAL|ZHONG-HE,。月逢七杀，幸有丁火为印绶、寅为长生之地护身。然命中庚、巳助金势，克制丁火，反令七杀得势克身，日元身弱难支，当年十一月此子夭折。此七杀坏印之祸。例二： 癸酉 癸亥 己丑 乙亥。四柱财星过重，出生时险些母子俱亡，不足周岁父母皆故，遂过继他人抚养。眉批： 小儿以中和为贵，过旺难以承受，过弱难以禁压，须待十五岁后方可论贵贱高低。---关键词财星：克制日主的五行，财多伤身克父，命中过旺则凶。印绶：生助日主,"['身旺', '身弱', '中和']"
渊海子平,渊海子平-0185,癸酉癸亥己丑乙亥,己,LIGHT,REN-CAIGUAN|LIGHT-ROOT|ROOT-GAN-PRIORITY|ZHONGGUA-2SIDE|JIRUO-WUGEN|SHIYONG-YUELING-XIANGFU|GE-QUALITY|SHI-ZHU-JI|TIANGAN-XINGQING|YONGSHEN-STRUCTURE|YONGSHEN-FINAL|ZHONG-HE,。四柱财星过重，出生时险些母子俱亡，不足周岁父母皆故，遂过继他人抚养。眉批： 小儿以中和为贵，过旺难以承受，过弱难以禁压，须待十五岁后方可论贵贱高低。---关键词财星：克制日主的五行，财多伤身克父，命中过旺则凶。印绶：生助日主的五行，如母护子，可化解七杀之克，是小儿命中最重要的保护力量。七杀：强力克制日主之星，过旺而无制化则主凶险，须有印绶化解方可。身旺/身弱：日元（代表自身）在四柱中的强弱，决定,"['身旺', '身弱', '中和']"
渊海子平,渊海子平-0186,己巳庚辰庚戌辛丑,庚,HEAVY,REN-CAIGUAN|SHISHI-BURUO|HEAVY-ROOT|YIN-PARTY|BIJIE-PARTY|ROOT-STRUCK|ROOT-GAN-PRIORITY|SHI-GUI-LU|ZHONGGUA-2SIDE|JIRUO-WUGEN|JIWANG-HUAIJI|SHIYONG-YUELING-XIANGFU|GE-QUALITY|YONGSHEN-STRUCTURE|YONGSHEN-FINAL|ZHONG-HE,、辛未、壬申、癸酉等。地支之气上升於干，则天干力重，参考地支。出癸入甲，如返汗之人，多主不吉。古语云：伤寒换阳，行运换甲，换过是人，换不过是鬼。且如甲戌接癸亥，此乃干支接木。丑运交寅，辰交巳、未交申、戌交亥，此乃转角接木。东南西北，四方转角谓之接木，格局凶者死，格局善者灾，老人大忌，後生差慢。寅卯辰一气，巳午未一气，申酉戌一气，亥子丑一气，气之相连，皆非接木之说，纵遇接甲，亦无大祸。且如甲乙得寅卯,[]
渊海子平,渊海子平-0187,丙寅戊戌庚戌戊寅,庚,LIGHT,REN-CAIGUAN|SHISHI-BURUO|LIGHT-ROOT|YIN-PARTY|ROOT-GAN-PRIORITY|ZHONGGUA-2SIDE|JIRUO-WUGEN|SHIYONG-YUELING-XIANGFU|GE-QING|GE-QUALITY|SHI-ZHU-JI|YONGSHEN-STRUCTURE|YONGSHEN-FINAL|ZHONG-HE,"，二戊生庚印绶，二寅克戊为七杀，寅戌火局，年干透丙，似印非印，是也。白话译文类象，是八字天干地支五行同类汇聚的命理现象。以春季出生之人为例：若天干为甲、乙（属木），地支寅、卯、辰（东方木气）完整排列、未被冲破，称为""东方一片秀气""——木气纯粹，形成合力。此类命局最忌运程走向死绝之地（五行衰败处），秀气一旦被破，吉运随之转衰。反之，若岁运引导至生旺之处，秀气得到加持，则十分吉美。眉批补充：春对应甲乙",[]
渊海子平,渊海子平-0188,丙寅戊戌庚戌戊寅,庚,LIGHT,REN-CAIGUAN|SHISHI-BURUO|LIGHT-ROOT|YIN-PARTY|ROOT-GAN-PRIORITY|ZHONGGUA-2SIDE|JIRUO-WUGEN|SHIYONG-YUELING-XIANGFU|GE-QING|GE-QUALITY|SHI-ZHU-JI|YONGSHEN-STRUCTURE|YONGSHEN-FINAL|ZHONG-HE,"四柱为例：两个戊土生庚金，似有印绶之情；两个寅木克戊土，又带七杀之气；寅戌暗合火局，年干透出丙火——外形像印绶格，实质并非真印，正是""似印非印""之象。---关键词类象：天干地支五行同类高度集中，形成一方气势纯正的命局结构，以木/火/金/水/土各主一方为典型。秀气：某一行五行要素完整汇聚、不被克破，气脉纯粹流畅，是类象命局的理想状态。死绝：五行十二长生中衰败至极的阶段，运程走入此地，类象结构的凝聚力",[]
渊海子平,渊海子平-0189,壬子壬子癸丑癸丑,癸,HEAVY,REN-CAIGUAN|HEAVY-ROOT|BIJIE-PARTY|ROOT-GAN-PRIORITY|SHI-GUI-LU|ZHONGGUA-2SIDE|JIWANG-HUAIJI|SHIYONG-YUELING-XIANGFU|GE-QING|GE-QUALITY|CAI-RUO-SHEN-QIANG|SHI-ZHU-JI|TIANGAN-XINGQING|YONGSHEN-STRUCTURE|YONGSHEN-FINAL|ZHONG-HE,"，二壬夺癸禄，乃僧道之命。乙酉 甲申 乙酉 乙酉，乃都御史之命。白话译文""属象""，指的是天干与地支在五行归属上的呼应关系。以甲乙木为例，若地支中亥、卯、未齐全，便构成木局，天干与地支同气相属，力量倍增。水、火、金、土各行，道理相同。""属""的核心含义，是五行各归其类。主干（日干）落于何方，便受该方之气影响。具体而言：寅卯辰为东方，属木；巳午未为南方，属火；申酉戌为西方，属金；亥子丑为北方，属水——每",[]
渊海子平,渊海子平-0190,乙酉甲申乙酉乙酉,乙,NONE,TENGLUO-XIJIA|ZHONGGUA-2SIDE|WUGEN-YOUFU|GE-QUALITY|YUN-SHENG-ROOT|SHI-ZHU-JI|TIANGAN-XINGQING|YONGSHEN-STRUCTURE|YONGSHEN-FINAL,"，乃都御史之命。白话译文""属象""，指的是天干与地支在五行归属上的呼应关系。以甲乙木为例，若地支中亥、卯、未齐全，便构成木局，天干与地支同气相属，力量倍增。水、火、金、土各行，道理相同。""属""的核心含义，是五行各归其类。主干（日干）落于何方，便受该方之气影响。具体而言：寅卯辰为东方，属木；巳午未为南方，属火；申酉戌为西方，属金；亥子丑为北方，属水——每一方向主宰一种气场，专一而纯粹。书中举两例印证。",[]
渊海子平,渊海子平-0191,壬子壬子癸丑癸丑,癸,HEAVY,REN-CAIGUAN|HEAVY-ROOT|BIJIE-PARTY|ROOT-GAN-PRIORITY|SHI-GUI-LU|ZHONGGUA-2SIDE|JIWANG-HUAIJI|SHIYONG-YUELING-XIANGFU|GE-QING|GE-QUALITY|CAI-RUO-SHEN-QIANG|SHI-ZHU-JI|TIANGAN-XINGQING|YONGSHEN-STRUCTURE|YONGSHEN-FINAL|ZHONG-HE,，四柱皆北方水气，两个壬水争夺癸水的禄神（禄为本气之旺位），资源内耗，无所归附，此为僧道之命——出家避世，方是出路。第二例：乙酉 甲申 乙酉 乙酉，木干坐金支，西方金气集中，金克木而反成制化之局，此人官至都御史（明代最高监察长官之一）。---关键词属象：天干五行与地支五行同类相聚、互相呼应的命理格局。三合局：地支亥卯未、寅午戌、申子辰、巳酉丑各自合成一行之气，力量凝聚。禄：天干本气在地支中最旺的临,[]
渊海子平,渊海子平-0192,甲戌丁卯庚申己卯,庚,HEAVY,REN-CAIGUAN|SHISHI-BURUO|HEAVY-ROOT|YIN-PARTY|ROOT-GAN-PRIORITY|ZHONGGUA-2SIDE|JIRUO-WUGEN|SHIYONG-YUELING-XIANGFU|GE-QING|GE-QUALITY|SHI-ZHU-JI|YONGSHEN-STRUCTURE|YONGSHEN-FINAL|ZHONG-HE,"，庚申金生卯月卯时，木极旺，是妻卯旺而夫从之，主因妻得财，或就妻得财。又曰，无根为从象，如乙酉 壬午 甲申 己巳，甲木无倚，乃能从土。如庚辰 乙酉 乙酉 庚辰，乙木无依，从金而化，庚辰庚戌纳音皆属金，贵命也。白话译文""从象""是指日主（出生当日的天干，代表命主本人）在地支中毫无根基，被四柱中强势五行所""跟从""。如甲乙日主，地支全为金，称""从金""；四柱皆土，称""从土""，余类推。格局清纯有秀气则吉；若天",[]
渊海子平,渊海子平-0193,乙酉壬午甲申己巳,甲,NONE,SHISHI-BURUO|CAIDUO-SHENRUAN|YIN-PARTY|ZHONGGUA-2SIDE|RI-BEI-HE|JIRUO-WUGEN|WUGEN-YOUFU|GE-QING|GE-QUALITY|YUN-SHENG-ROOT|SHI-ZHU-JI|TIANGAN-XINGQING|YONGSHEN-STRUCTURE|YONGSHEN-FINAL|ZHONG-HE,"，甲木无倚，乃能从土。如庚辰 乙酉 乙酉 庚辰，乙木无依，从金而化，庚辰庚戌纳音皆属金，贵命也。白话译文""从象""是指日主（出生当日的天干，代表命主本人）在地支中毫无根基，被四柱中强势五行所""跟从""。如甲乙日主，地支全为金，称""从金""；四柱皆土，称""从土""，余类推。格局清纯有秀气则吉；若天干中再现甲乙同类、或日主在地支中尚有根气，则不宜论从，转为不吉。从火格须行火旺之运方吉，走死绝之地则凶。从象含""",[]
渊海子平,渊海子平-0194,庚辰乙酉乙酉庚辰,乙,LIGHT,REN-CAIGUAN|SHISHI-BURUO|LIGHT-ROOT|BIJIE-PARTY|ROOT-STRUCK|ROOT-GAN-PRIORITY|HE-HUASHEN-DESHI|SHI-GUI-LU|ZHONGGUA-2SIDE|RI-BEI-HE|JIRUO-WUGEN|GE-QUALITY|SHI-ZHU-JI|TIANGAN-XINGQING|YONGSHEN-STRUCTURE|YONGSHEN-FINAL|ZHONG-HE,"，乙木无依，从金而化，庚辰庚戌纳音皆属金，贵命也。白话译文""从象""是指日主（出生当日的天干，代表命主本人）在地支中毫无根基，被四柱中强势五行所""跟从""。如甲乙日主，地支全为金，称""从金""；四柱皆土，称""从土""，余类推。格局清纯有秀气则吉；若天干中再现甲乙同类、或日主在地支中尚有根气，则不宜论从，转为不吉。从火格须行火旺之运方吉，走死绝之地则凶。从象含""夫妻相从""之意：官杀（克制日主的五行）为夫，财",[]
渊海子平,渊海子平-0195,甲戌甲寅癸巳戊午,癸,NONE,SHAZHONG-SHENQING|XIEQI-TAIZHONG|ZHONGGUA-2SIDE|RI-BEI-HE|WUGEN-YOUFU|JISHUAI-CONGSHENG|GE-QUALITY|YUN-SHENG-ROOT|SHI-ZHU-JI|TIANGAN-XINGQING|YONGSHEN-STRUCTURE|YONGSHEN-FINAL,",戊癸化火，生於寅月，临官於巳，旺於午，此化气得时得位。白话译文所谓""化象""，是指以甲日或乙日出生的人，若生于辰、戌、丑、未月（土旺之月），且天干中有一个己字与甲字相合，即构成""甲己化土""之局。此局喜行火运（火能生土，助化气）。但若命局中甲木处于生旺之地，化气便难以成立，反而不吉。若天干中出现两个甲字争抢同一个己字，称为""争合""；若两个甲字并现而己字只有一个，称为""妒合""——两种情形均属破格，化象",[]
渊海子平,渊海子平-0196,戊戌戊午丙午戊戌,丙,HEAVY,REN-CAIGUAN|DESHI-BUWANG|XIEQI-TAIZHONG|HEAVY-ROOT|ROOT-STRUCK|ROOT-GAN-PRIORITY|SHI-GUI-LU|ZHONGGUA-2SIDE|JIRUO-WUGEN|JIWANG-HUAIJI|SHIYONG-YUELING-XIANGFU|GE-QUALITY|WANGJI-SIWO-SHENG|SHI-ZHU-JI|YONGSHEN-STRUCTURE|YONGSHEN-FINAL|ZHONG-HE,"，丙日以戊为食，火又旺生，四柱无伤，午戌亦能冲子辰之官星。又丙戌 癸巳 戊午 丁巳，日干戊土，支成巳午戌火局，年时丙丁，生其戊土，柱中虽有一癸，亦化成火，又化气得时得位，故皆大贵。白话译文所谓""照象""，是指命局中出现特定五行相辅相成的格局。例如，日干（出生日的天干）为丙火之人，若年月日地支中已有巳、午、未（火局），再得时支（出生时辰的地支）一位卯木，木能生火，称为""木火相照""，主大吉。又如壬、癸日",[]
渊海子平,渊海子平-0197,丙戌癸巳戊午丁巳,戊,HEAVY,REN-CAIGUAN|SHISHI-BURUO|HEAVY-ROOT|YIN-PARTY|ROOT-GAN-PRIORITY|HE-HUASHEN-DESHI|SHI-GUI-LU|ZHONGGUA-2SIDE|RI-BEI-HE|JIRUO-WUGEN|JIWANG-HUAIJI|SHIYONG-YUELING-XIANGFU|GE-QING|GE-QUALITY|CAI-RUO-SHEN-QIANG|YONGSHEN-STRUCTURE|YONGSHEN-FINAL|ZHONG-HE,"，日干戊土，支成巳午戌火局，年时丙丁，生其戊土，柱中虽有一癸，亦化成火，又化气得时得位，故皆大贵。白话译文所谓""照象""，是指命局中出现特定五行相辅相成的格局。例如，日干（出生日的天干）为丙火之人，若年月日地支中已有巳、午、未（火局），再得时支（出生时辰的地支）一位卯木，木能生火，称为""木火相照""，主大吉。又如壬、癸日干之人，地支已聚申、子、辰（水局），再得时支一位金，金能生水，称为""金水相照""，同",[]
渊海子平,渊海子平-0198,辛未壬辰丙午癸巳,丙,HEAVY,REN-CAIGUAN|ROOT-GAN-PRIORITY|SHI-GUI-LU|ZHONGGUA-2SIDE|RI-BEI-HE|JIRUO-WUGEN|JIWANG-HUAIJI|SHIYONG-YUELING-XIANGFU|GE-QING|GE-QUALITY|SHI-ZHU-JI|YONGSHEN-STRUCTURE|YONGSHEN-FINAL|ZHONG-HE,"，丙用癸为官，不合有壬来克。丙辛化水，柱中辰巳午未，乃水墓衰绝之地，真返象也。又癸丑 丙辰 丙申 辛卯，丙与辛合，丙火生申无气，辛金坐卯衰行，辛金旺运夫从妻，丙火旺运夫从妻，此命无祖业，一生进退无成。余类推。白话译文所谓""返象""，是指命主所依赖的用神（四柱中最核心的辅助之神），在时柱或流年上恰好落入""绝地""（十二长生中气息断绝之处），形成""看似在用、实则无力发挥""的格局，统称返象。返象程度过重者，",[]
渊海子平,渊海子平-0199,癸丑丙辰丙申辛卯,丙,NONE,CAIDUO-SHENRUAN|SHAZHONG-SHENQING|ZHONGGUA-2SIDE|RI-BEI-HE|JIRUO-WUGEN|WUGEN-YOUFU|JISHUAI-CONGSHENG|SHIYONG-YUELING-XIANGFU|GE-QUALITY|YUN-SHENG-ROOT|YONGSHEN-STRUCTURE|YONGSHEN-FINAL,"，丙与辛合，丙火生申无气，辛金坐卯衰行，辛金旺运夫从妻，丙火旺运夫从妻，此命无祖业，一生进退无成。余类推。白话译文所谓""返象""，是指命主所依赖的用神（四柱中最核心的辅助之神），在时柱或流年上恰好落入""绝地""（十二长生中气息断绝之处），形成""看似在用、实则无力发挥""的格局，统称返象。返象程度过重者，主不吉。另有一说：返象含""绝处逢生""之意，即本应旺盛的化气，因所处环境相悖而无法成立，反归其本。举例：",[]
渊海子平,渊海子平-0200,辛未壬辰丙午癸巳,丙,HEAVY,REN-CAIGUAN|ROOT-GAN-PRIORITY|SHI-GUI-LU|ZHONGGUA-2SIDE|RI-BEI-HE|JIRUO-WUGEN|JIWANG-HUAIJI|SHIYONG-YUELING-XIANGFU|GE-QING|GE-QUALITY|SHI-ZHU-JI|YONGSHEN-STRUCTURE|YONGSHEN-FINAL|ZHONG-HE,。丙火日主以癸水为正官，然壬水在柱中克去癸水，官星受损。丙辛本合化水，但全局地支辰巳午未皆为水之墓、衰、绝之乡，化水不成，是为真正的返象之命。其二：癸丑 丙辰 丙申 辛卯。丙辛相合，然丙火生于申月，气力已衰；辛金坐卯木，同样虚弱。无论行辛金旺运还是丙火旺运，夫妻两方皆需依附对方，互相推让，此命无祖业可承，一生进退无定，难有建树。余者类推。---关键词返象：用神或化气格局落入绝地、衰地，力量无从发挥,[]
渊海子平,渊海子平-0201,癸丑丙辰丙申辛卯,丙,NONE,CAIDUO-SHENRUAN|SHAZHONG-SHENQING|ZHONGGUA-2SIDE|RI-BEI-HE|JIRUO-WUGEN|WUGEN-YOUFU|JISHUAI-CONGSHENG|SHIYONG-YUELING-XIANGFU|GE-QUALITY|YUN-SHENG-ROOT|YONGSHEN-STRUCTURE|YONGSHEN-FINAL,。丙辛相合，然丙火生于申月，气力已衰；辛金坐卯木，同样虚弱。无论行辛金旺运还是丙火旺运，夫妻两方皆需依附对方，互相推让，此命无祖业可承，一生进退无定，难有建树。余者类推。---关键词返象：用神或化气格局落入绝地、衰地，力量无从发挥甚至反向运作的命格现象。用神：四柱八字中对命主最关键的一颗星或五行，是推命的核心支点。化气失局：天干相合本应生出新五行，因地支环境不配合（逢绝地或被克），化气无法成立。衰,[]
渊海子平,渊海子平-0202,癸丑辛酉乙亥辛巳,乙,NONE,SHISHI-BURUO|SHAZHONG-SHENQING|YIN-PARTY|ZHONGGUA-2SIDE|WUGEN-YOUFU|JISHUAI-CONGSHENG|GE-QUALITY|YUN-SHENG-ROOT|SHI-ZHU-JI|TIANGAN-XINGQING|YONGSHEN-STRUCTURE|YONGSHEN-FINAL|ZHONG-HE,"，乙木八月无气，二辛杀旺，故主残疾。又戊辰 癸亥 甲申 庚午，日坐杀星，可值庚时，本身受克，又亥中水旺，木死於午，此漂流命。白话译文所谓""鬼象""，是指甲日或乙日出生之人，生于秋季金气当令之时，地支四柱又全是金，这种格局称为鬼象。此格以鬼（七杀）运行旺地为吉，忌入死绝之乡；若日主（自身）反而旺盛，则不吉。眉批补充：甲乙木生于春季遇金，金为官星（有约束而助贵）；生于秋季遇金，则金为鬼（克伐无情）。身旺","['身旺', '身衰', '日主弱']"
渊海子平,渊海子平-0203,戊辰癸亥甲申庚午,甲,HEAVY,REN-CAIGUAN|SHISHI-BURUO|HEAVY-ROOT|YIN-PARTY|ROOT-STRUCK|ROOT-GAN-PRIORITY|ZHONGGUA-2SIDE|JIRUO-WUGEN|JIWANG-HUAIJI|GE-QUALITY|SHI-ZHU-JI|TIANGAN-XINGQING|YONGSHEN-STRUCTURE|YONGSHEN-FINAL|ZHONG-HE,"，日坐杀星，可值庚时，本身受克，又亥中水旺，木死於午，此漂流命。白话译文所谓""鬼象""，是指甲日或乙日出生之人，生于秋季金气当令之时，地支四柱又全是金，这种格局称为鬼象。此格以鬼（七杀）运行旺地为吉，忌入死绝之乡；若日主（自身）反而旺盛，则不吉。眉批补充：甲乙木生于春季遇金，金为官星（有约束而助贵）；生于秋季遇金，则金为鬼（克伐无情）。身旺则金可为官，身衰则金沦为鬼。进一步说：鬼即七杀，是天干遭杀星","['身旺', '身衰', '日主弱']"
渊海子平,渊海子平-0204,癸丑辛酉乙亥辛巳,乙,NONE,SHISHI-BURUO|SHAZHONG-SHENQING|YIN-PARTY|ZHONGGUA-2SIDE|WUGEN-YOUFU|JISHUAI-CONGSHENG|GE-QUALITY|YUN-SHENG-ROOT|SHI-ZHU-JI|TIANGAN-XINGQING|YONGSHEN-STRUCTURE|YONGSHEN-FINAL|ZHONG-HE,"——乙木生于八月（酉月）无气，二辛七杀当旺，故主伤残之命。又如：戊辰、癸亥、甲申、庚午——日坐申（杀星），时逢庚，日主甲木受克；亥中水虽旺，但木死于午火，此为漂流命格。---关键词鬼（七杀）：克制日主的天干，克制无情者为杀，又称""鬼""，与官星同类但无合化之情。身：即日主，八字中代表命主自身的力量强弱。官：对日主有克制但经合化而温和者，身旺则官为贵，身衰则官变鬼。羊刃：日主旺极之象征，与七杀同时出现","['身旺', '身衰', '日主旺', '旺极']"
渊海子平,渊海子平-0205,戊辰癸亥甲申庚午,甲,HEAVY,REN-CAIGUAN|SHISHI-BURUO|HEAVY-ROOT|YIN-PARTY|ROOT-STRUCK|ROOT-GAN-PRIORITY|ZHONGGUA-2SIDE|JIRUO-WUGEN|JIWANG-HUAIJI|GE-QUALITY|SHI-ZHU-JI|TIANGAN-XINGQING|YONGSHEN-STRUCTURE|YONGSHEN-FINAL|ZHONG-HE,"——日坐申（杀星），时逢庚，日主甲木受克；亥中水虽旺，但木死于午火，此为漂流命格。---关键词鬼（七杀）：克制日主的天干，克制无情者为杀，又称""鬼""，与官星同类但无合化之情。身：即日主，八字中代表命主自身的力量强弱。官：对日主有克制但经合化而温和者，身旺则官为贵，身衰则官变鬼。羊刃：日主旺极之象征，与七杀同时出现可形成""杀刃格""，制化得宜则主武贵。调候：针对五行偏枯偏盛，以适当的克泄之神加以平衡的","['身旺', '身衰', '日主旺', '旺极']"
渊海子平,渊海子平-0206,戊午甲寅戊寅辛酉,戊,HEAVY,REN-CAIGUAN|SHISHI-BURUO|XIEQI-TAIZHONG|HEAVY-ROOT|BIJIE-PARTY|ROOT-GAN-PRIORITY|ZHONGGUA-2SIDE|JISHUAI-CONGSHENG|GE-QING|GE-QUALITY|CAI-RUO-SHEN-QIANG|YONGSHEN-STRUCTURE|YONGSHEN-FINAL|ZHONG-HE,"，戊日被甲寅克之太甚，本身无气，故为手艺之人。白话译文""伏象""的第一层含义，以具体格局为例：若八字中寅、午、戌三支齐备，构成三合火局（寅午戌三合：三个地支相合化为同一五行，此处化火），又恰好生于五月（午月，火旺之时），日干为壬水，但壬水在天干中毫无根气支撑，虽有丁火透露于天干，壬丁相合，壬水被丁火""合去""而潜伏隐藏。这便是伏象之格。此命行运至木、火旺盛之地，皆为吉顺；唯独忌怕水旺之运，对命主不利。",[]
渊海子平,渊海子平-0207,乙丑乙亥壬申乙巳,壬,HEAVY,REN-CAIGUAN|DESHI-BUWANG|XIEQI-TAIZHONG|HEAVY-ROOT|ROOT-STRUCK|ROOT-GAN-PRIORITY|WANGCHONG-SHUAI|ZHONGGUA-2SIDE|JIRUO-WUGEN|JIWANG-HUAIJI|GE-QUALITY|WANGJI-SIWO-SHENG|SHI-ZHU-JI|YONGSHEN-STRUCTURE|YONGSHEN-FINAL|ZHONG-HE,"，运行辛未，丙寅年，日子之壬克太岁之丙，日支申庚克太岁之寅甲，又且寅刑巳、巳刑申、申刑寅，行辛未运会太岁木局之伤官，皆为不吉。其年甲午月火旺，战克己土，乙木生所为战，故死於非命矣。眉批：征者如两君相持不能比和，谓之年征。得胜者吉，不得胜者凶，此只以一年之事断之。经曰：“太岁乃衆煞之主，人命遇之未必为灾。若遇战斗之乡，必主刑於本命。”白话译文""征""，意为交战冲突。如同臣子触犯君主，是以下犯上之象。凡",[]
渊海子平,渊海子平-0208,甲申乙酉庚寅辛卯,庚,HEAVY,REN-CAIGUAN|DESHI-BUWANG|HEAVY-ROOT|BIJIE-PARTY|ROOT-STRUCK|ROOT-GAN-PRIORITY|WANGCHONG-SHUAI|HE-HUASHEN-DESHI|ZHONGGUA-2SIDE|RI-BEI-HE|JIRUO-WUGEN|JIWANG-HUAIJI|GE-QUALITY|SHI-ZHU-JI|YONGSHEN-STRUCTURE|YONGSHEN-FINAL|ZHONG-HE,、壬午、癸未、丙子、丁丑、戊午、己丑。八字虽不入格，富贵亦是盈余。另有福德秀气，各有天神地祗论化之格，化之真者名公巨卿，化之假者孤儿异姓。逢龙即化，飞龙在天，利见大人。又有冬逢炎热，夏草遭霜，阴鼠栖水，神龟宿火。有合无合，後学难知；得一分三，前贤不载。且大论格局者，明有定例；撮口诀者，略举一二。当谓诸贤经旨，无合取用，庶可易运，道合无穷，学无正法。经云：“更能绝虑忘思，鉴命无差无误矣！”眉批：年为,[]
渊海子平,渊海子平-0209,癸未丙子丁丑戊午,丁,HEAVY,REN-CAIGUAN|SHISHI-BURUO|XIEQI-TAIZHONG|HEAVY-ROOT|BIJIE-PARTY|ROOT-STRUCK|ROOT-GAN-PRIORITY|WANGCHONG-SHUAI|SHI-GUI-LU|ZHONGGUA-2SIDE|JIRUO-WUGEN|JISHUAI-CONGSHENG|GE-QUALITY|TIANGAN-XINGQING|YONGSHEN-STRUCTURE|YONGSHEN-FINAL|ZHONG-HE,、己丑。八字虽不入格，富贵亦是盈余。另有福德秀气，各有天神地祗论化之格，化之真者名公巨卿，化之假者孤儿异姓。逢龙即化，飞龙在天，利见大人。又有冬逢炎热，夏草遭霜，阴鼠栖水，神龟宿火。有合无合，後学难知；得一分三，前贤不载。且大论格局者，明有定例；撮口诀者，略举一二。当谓诸贤经旨，无合取用，庶可易运，道合无穷，学无正法。经云：“更能绝虑忘思，鉴命无差无误矣！”眉批：年为祖基，犯伤官则虽富贵不久。月为,[]
渊海子平,渊海子平-0210,丙子丁丑戊寅己卯,戊,HEAVY,REN-CAIGUAN|HEAVY-ROOT|YIN-PARTY|BIJIE-PARTY|ROOT-GAN-PRIORITY|ZHONGGUA-2SIDE|JIWANG-HUAIJI|GE-QUALITY|SHI-ZHU-JI|YONGSHEN-STRUCTURE|YONGSHEN-FINAL|ZHONG-HE,生人，遇此皆因前道。辛巳 壬午 甲申 乙酉俱是坐下财官，逢之富贵不愁。(此印净禅师传也)眉批：“提纲”，月令，领君之命而行之，故曰月令。“四柱”，年月日时也。“身旺无依”，如五行旺相无济之理。日主为身，甲日生子寅，又亥卯未木局逢之，身旺无金制之，必为僧道之流。“三冬”，十月十一月十二月。“驿马”好出路，四方潇洒，苦无栏，主流落他方，寅申巳亥为四马之方。命中取财为妻，又为马，即以论财及妻及马统而相逢,"['身旺', '旺相', '日主旺', '日主弱']"
渊海子平,渊海子平-0211,辛巳壬午甲申乙酉,甲,NONE,SHISHI-BURUO|SHAZHONG-SHENQING|YIN-PARTY|ZHONGGUA-2SIDE|WUGEN-YOUFU|JISHUAI-CONGSHENG|GE-QING|GE-QUALITY|YUN-SHENG-ROOT|SHI-ZHU-JI|TIANGAN-XINGQING|YONGSHEN-STRUCTURE|YONGSHEN-FINAL|ZHONG-HE,俱是坐下财官，逢之富贵不愁。(此印净禅师传也)眉批：“提纲”，月令，领君之命而行之，故曰月令。“四柱”，年月日时也。“身旺无依”，如五行旺相无济之理。日主为身，甲日生子寅，又亥卯未木局逢之，身旺无金制之，必为僧道之流。“三冬”，十月十一月十二月。“驿马”好出路，四方潇洒，苦无栏，主流落他方，寅申巳亥为四马之方。命中取财为妻，又为马，即以论财及妻及马统而相逢以论之。“枭神”，偏印也，乃不仁之鸟，能食,"['身旺', '旺相', '日主旺', '日主弱']"
渊海子平,渊海子平-0212,己酉庚午癸酉丁丑,癸,LIGHT,REN-CAIGUAN|SHISHI-BURUO|LIGHT-ROOT|YIN-PARTY|ROOT-STRUCK|ROOT-GAN-PRIORITY|SHI-GUI-LU|ZHONGGUA-2SIDE|JIRUO-WUGEN|SHIYONG-YUELING-XIANGFU|GE-QUALITY|SHI-ZHU-JI|TIANGAN-XINGQING|YONGSHEN-STRUCTURE|YONGSHEN-FINAL|ZHONG-HE,是财入败地也。寅申巳亥乃四长生，必得聪明妻。财官印得气为妙。元见财官，商旅农家。财多印陷，少年克母，母不贞洁，必重嫁。女人之命，日干同者，若我旺她衰，我为正；她旺我衰，她为正。壬癸之水盛者聪明多智，女多淫滥。时上见财者，必须入舍。支中有官无刑破者，因妻发官；局中有杀无制，因妻致祸。假令壬癸日运逆行者，生於正月、二月，取戊己土为官，故为禄绝，此为背禄；取丙丁为财，四柱不透出财神，此为背禄不贫也，寅卯,[]
渊海子平,渊海子平-0213,丙子丁丑戊寅辛卯,戊,HEAVY,REN-CAIGUAN|DESHI-BUWANG|XIEQI-TAIZHONG|HEAVY-ROOT|YIN-PARTY|ROOT-GAN-PRIORITY|ZHONGGUA-2SIDE|JIRUO-WUGEN|JIWANG-HUAIJI|GE-QUALITY|WANGJI-SIWO-SHENG|SHI-ZHU-JI|YONGSHEN-STRUCTURE|YONGSHEN-FINAL|ZHONG-HE,、壬辰、癸巳、丙午、丁未、戊申、辛酉、壬戌、癸亥，时犯之多因孝病中成亲。眉批：裸形乃脱衣，见其形体。五行乃子午卯酉见之为五行沐浴之地。如用子女之法，不喜入墓库。如子女入库，主无子女。庚日甲为偏财为父，坐申行酉地为财临杀位，父死不归家。阳干女命食神多者为娼，阴乾女命伤官多者为妓，有物去之为良。火至天干多主瘰癧，地支多时生疮。用杀反轻，多为僧道之首。白话译文本章汇集命师口诀，逐条教授推命细则。若命局中,['身旺']
渊海子平,渊海子平-0214,壬辰癸巳丙午丁未,丙,HEAVY,REN-CAIGUAN|DESHI-BUWANG|HEAVY-ROOT|BIJIE-PARTY|ROOT-GAN-PRIORITY|SHI-GUI-LU|ZHONGGUA-2SIDE|JIRUO-WUGEN|JIWANG-HUAIJI|GE-QING|GE-QUALITY|YONGSHEN-STRUCTURE|YONGSHEN-FINAL|ZHONG-HE,、戊申、辛酉、壬戌、癸亥，时犯之多因孝病中成亲。眉批：裸形乃脱衣，见其形体。五行乃子午卯酉见之为五行沐浴之地。如用子女之法，不喜入墓库。如子女入库，主无子女。庚日甲为偏财为父，坐申行酉地为财临杀位，父死不归家。阳干女命食神多者为娼，阴乾女命伤官多者为妓，有物去之为良。火至天干多主瘰癧，地支多时生疮。用杀反轻，多为僧道之首。白话译文本章汇集命师口诀，逐条教授推命细则。若命局中有过继之象，又见七杀与三,['身旺']
渊海子平,渊海子平-0215,戊申辛酉壬戌癸亥,壬,HEAVY,REN-CAIGUAN|SHISHI-BURUO|HEAVY-ROOT|YIN-PARTY|BIJIE-PARTY|ROOT-STRUCK|ROOT-GAN-PRIORITY|SHI-GUI-LU|ZHONGGUA-2SIDE|JIRUO-WUGEN|JIWANG-HUAIJI|GE-QUALITY|YONGSHEN-STRUCTURE|YONGSHEN-FINAL|ZHONG-HE,，时犯之多因孝病中成亲。眉批：裸形乃脱衣，见其形体。五行乃子午卯酉见之为五行沐浴之地。如用子女之法，不喜入墓库。如子女入库，主无子女。庚日甲为偏财为父，坐申行酉地为财临杀位，父死不归家。阳干女命食神多者为娼，阴乾女命伤官多者为妓，有物去之为良。火至天干多主瘰癧，地支多时生疮。用杀反轻，多为僧道之首。白话译文本章汇集命师口诀，逐条教授推命细则。若命局中有过继之象，又见七杀与三刑同现，且母亲信息明显、,['身旺']
渊海子平,渊海子平-0216,丙子丁丑戊寅辛卯,戊,HEAVY,REN-CAIGUAN|DESHI-BUWANG|XIEQI-TAIZHONG|HEAVY-ROOT|YIN-PARTY|ROOT-GAN-PRIORITY|ZHONGGUA-2SIDE|JIRUO-WUGEN|JIWANG-HUAIJI|GE-QUALITY|WANGJI-SIWO-SHENG|SHI-ZHU-JI|YONGSHEN-STRUCTURE|YONGSHEN-FINAL|ZHONG-HE,、壬辰、癸巳、丙午、丁未、戊申、壬戌、癸亥日是也。白话译文推命之法，以日干（出生日天干，代表命主自身）为核心，月令（出生月地支，决定旺衰）为辅，年柱与时柱共同判断吉凶，各种征兆皆不离岁运，综合推断则祸福无遗。五行以纯正为贵，忌刑冲克破；四柱天干地支喜三合六合。寅申巳亥四长生地，藏财官印绶；辰戌丑未四墓库，藏禄马印星。日贵时贵最忌刑冲，拱禄拱贵最怕被填实。伤官格遇官星运不吉，羊刃冲太岁则祸必至。魁罡,"['身弱', '身强', '日主旺']"
渊海子平,渊海子平-0217,丁未戊申壬戌癸亥,壬,HEAVY,REN-CAIGUAN|SHISHI-BURUO|HEAVY-ROOT|BIJIE-PARTY|ROOT-STRUCK|ROOT-GAN-PRIORITY|SHI-GUI-LU|ZHONGGUA-2SIDE|RI-BEI-HE|JIRUO-WUGEN|JIWANG-HUAIJI|SHIYONG-YUELING-XIANGFU|GE-QUALITY|YONGSHEN-STRUCTURE|YONGSHEN-FINAL|ZHONG-HE,日是也。白话译文推命之法，以日干（出生日天干，代表命主自身）为核心，月令（出生月地支，决定旺衰）为辅，年柱与时柱共同判断吉凶，各种征兆皆不离岁运，综合推断则祸福无遗。五行以纯正为贵，忌刑冲克破；四柱天干地支喜三合六合。寅申巳亥四长生地，藏财官印绶；辰戌丑未四墓库，藏禄马印星。日贵时贵最忌刑冲，拱禄拱贵最怕被填实。伤官格遇官星运不吉，羊刃冲太岁则祸必至。魁罡忌官怕七杀，金神日刃喜杀忌刑，偏官须制伏，,"['身弱', '身强', '日主旺']"
渊海子平,渊海子平-0218,庚辰庚戌壬辰戊戌,壬,LIGHT,REN-CAIGUAN|SHISHI-BURUO|LIGHT-ROOT|YIN-PARTY|ROOT-STRUCK|ROOT-GAN-PRIORITY|ZHONGGUA-2SIDE|JIRUO-WUGEN|SHIYONG-YUELING-XIANGFU|GE-QUALITY|SHI-ZHU-JI|YONGSHEN-STRUCTURE|YONGSHEN-FINAL|ZHONG-HE,"），主性格严肃刚直、聪敏有操守。现代启示《相心赋》以五行格局系统对应性格特征，折射出古人对人格类型的直觉归纳。从行为科学角度看，""官星主仁慈宽厚""""七杀主刚猛好斗""与现代大五人格中的""宜人性""""神经质""等维度有着惊人的结构相似——古人用五行语言描述的，正是对人格稳定倾向的长期观察与类型化提炼。尤为值得关注的是，原文并非简单褒贬某种格局，而是呈现每种性情的""双面性""：七杀既有""势压三公""的魄力，也有",[]
渊海子平,渊海子平-0219,己亥癸酉庚午戊寅,庚,HEAVY,REN-CAIGUAN|DESHI-BUWANG|XIEQI-TAIZHONG|HEAVY-ROOT|YIN-PARTY|ROOT-GAN-PRIORITY|ZHONGGUA-2SIDE|JIRUO-WUGEN|JIWANG-HUAIJI|GE-QING|GE-QUALITY|WANGJI-SIWO-SHENG|SHI-ZHU-JI|YONGSHEN-STRUCTURE|YONGSHEN-FINAL|ZHONG-HE,，此造庚日以丙为煞，辛为刃，地支寅午会火局，则丙杀旺也。酉金羊刃得时，又转生岁食神，乃食前杀後，而刃煞双显，主大贵也。戊寅运壬辰年，拜右丞相传国将。中途或丧或危、运扶官旺。平生为富为贵，身杀两停。注释凡命身煞两停者，富贵双全，若偏则贱。乙酉 乙酉 乙酉 甲申，此造乙木生於八月，酉金七煞，与申酉类成金局，乙与时支庚合，从煞为贵也。金方主义，故为人禀性刚毅，为国良臣，乃尚书命也。大贵者用财而不用官。注,[]
渊海子平,渊海子平-0220,乙酉乙酉乙酉甲申,乙,NONE,TENGLUO-XIJIA|ZHONGGUA-2SIDE|WUGEN-YOUFU|GE-QUALITY|YUN-SHENG-ROOT|SHI-ZHU-JI|TIANGAN-XINGQING|YONGSHEN-STRUCTURE|YONGSHEN-FINAL,，此造乙木生於八月，酉金七煞，与申酉类成金局，乙与时支庚合，从煞为贵也。金方主义，故为人禀性刚毅，为国良臣，乃尚书命也。大贵者用财而不用官。注释凡用官者，多受人之制。用财者，盖我克他，所以用财命有贵。辛亥 庚寅 丙子 丁酉，此造六丙生人，自坐官星，喜庚辛酉金为财，乃财旺，则自坐生官，行丁亥运，丙戌年中状元。当权者用杀而不用印。注释凡印绶多生滋官，如月支偏官，时上一位贵格，从煞格，多大贵。己巳 癸酉,[]
渊海子平,渊海子平-0221,辛亥庚寅丙子丁酉,丙,HEAVY,REN-CAIGUAN|SHISHI-BURUO|BIJIE-PARTY|ROOT-STRUCK|ROOT-GAN-PRIORITY|ZHONGGUA-2SIDE|RI-BEI-HE|JIRUO-WUGEN|JIWANG-HUAIJI|GE-QING|GE-QUALITY|SHI-ZHU-JI|YONGSHEN-STRUCTURE|YONGSHEN-FINAL|ZHONG-HE,，此造六丙生人，自坐官星，喜庚辛酉金为财，乃财旺，则自坐生官，行丁亥运，丙戌年中状元。当权者用杀而不用印。注释凡印绶多生滋官，如月支偏官，时上一位贵格，从煞格，多大贵。己巳 癸酉 乙丑 甲申，此建棕府彭剑事命，柱中巳酉丑会局，以从煞论也。印赖杀生。注释此印绶格，如印多见官者，合杀生印者，主大贵也。辛亥 庚子 甲辰 乙亥，此造甲木冬生，地支亥辰，水局生身，行申酉运，庚金七煞临禄乃全盛，而印绶得局，官,[]
渊海子平,渊海子平-0222,己巳癸酉乙丑甲申,乙,NONE,SHISHI-BURUO|CAIDUO-SHENRUAN|TENGLUO-XIJIA|YIN-PARTY|ZHONGGUA-2SIDE|JIRUO-WUGEN|WUGEN-YOUFU|GE-QING|GE-QUALITY|YUN-SHENG-ROOT|SHI-ZHU-JI|TIANGAN-XINGQING|YONGSHEN-STRUCTURE|YONGSHEN-FINAL|ZHONG-HE,，此建棕府彭剑事命，柱中巳酉丑会局，以从煞论也。印赖杀生。注释此印绶格，如印多见官者，合杀生印者，主大贵也。辛亥 庚子 甲辰 乙亥，此造甲木冬生，地支亥辰，水局生身，行申酉运，庚金七煞临禄乃全盛，而印绶得局，官至御史。官因财旺。注释凡官星得令则吉，喜财旺生之。甲寅 己巳 癸巳 癸丑，此造癸日坐巳，为财官，逢寅财旺，官星得生，甲本合己，行西北方运，位至封相拜王。食居先、杀居後，功名两全。注释凡月令有,[]
渊海子平,渊海子平-0223,辛亥庚子甲辰乙亥,甲,HEAVY,REN-CAIGUAN|SHISHI-BURUO|HEAVY-ROOT|BIJIE-PARTY|ROOT-STRUCK|ROOT-GAN-PRIORITY|SHI-GUI-LU|ZHONGGUA-2SIDE|JIRUO-WUGEN|JIWANG-HUAIJI|GE-QUALITY|TIANGAN-XINGQING|YONGSHEN-STRUCTURE|YONGSHEN-FINAL|ZHONG-HE,，此造甲木冬生，地支亥辰，水局生身，行申酉运，庚金七煞临禄乃全盛，而印绶得局，官至御史。官因财旺。注释凡官星得令则吉，喜财旺生之。甲寅 己巳 癸巳 癸丑，此造癸日坐巳，为财官，逢寅财旺，官星得生，甲本合己，行西北方运，位至封相拜王。食居先、杀居後，功名两全。注释凡月令有食种，时上有七煞者，主大贵。戊午 戊午 乙丑 辛巳，此造乙丑、丁巳为财食神，禄於午，以辛金七煞，库於丑，身杀两停，财权兼备，官拜都,[]
渊海子平,渊海子平-0224,甲寅己巳癸巳癸丑,癸,LIGHT,REN-CAIGUAN|SHISHI-BURUO|XIEQI-TAIZHONG|LIGHT-ROOT|BIJIE-PARTY|ROOT-GAN-PRIORITY|SHI-GUI-LU|ZHONGGUA-2SIDE|JIRUO-WUGEN|JISHUAI-CONGSHENG|GE-QUALITY|SHI-ZHU-JI|TIANGAN-XINGQING|YONGSHEN-STRUCTURE|YONGSHEN-FINAL|ZHONG-HE,，此造癸日坐巳，为财官，逢寅财旺，官星得生，甲本合己，行西北方运，位至封相拜王。食居先、杀居後，功名两全。注释凡月令有食种，时上有七煞者，主大贵。戊午 戊午 乙丑 辛巳，此造乙丑、丁巳为财食神，禄於午，以辛金七煞，库於丑，身杀两停，财权兼备，官拜都尉。酉破卯、卯破午，财名双美。注释夫酉破卯者，用支元多见酉字，以酉暗冲卯中乙木为财，运行金乡，如见卯木，则主不吉。卯破午者，用支元无多见午字，以卯破午中,[]
渊海子平,渊海子平-0225,戊午戊午乙丑辛巳,乙,LIGHT,REN-CAIGUAN|LIGHT-ROOT|ROOT-STRUCK|ROOT-GAN-PRIORITY|ZHONGGUA-2SIDE|JIRUO-WUGEN|GE-QUALITY|SHI-ZHU-JI|TIANGAN-XINGQING|YONGSHEN-STRUCTURE|YONGSHEN-FINAL|ZHONG-HE,，此造乙丑、丁巳为财食神，禄於午，以辛金七煞，库於丑，身杀两停，财权兼备，官拜都尉。酉破卯、卯破午，财名双美。注释夫酉破卯者，用支元多见酉字，以酉暗冲卯中乙木为财，运行金乡，如见卯木，则主不吉。卯破午者，用支元无多见午字，以卯破午中己土为财，运会木神为妙，如过午未己土，则不吉。丁酉 己酉 辛酉 丙申，此酉破卯也，又生秋令，官至今令，衣锦还乡。癸亥 乙卯 乙卯 戊寅，此卯破午也，又合真格，八十而卒。,[]
渊海子平,渊海子平-0226,丁酉己酉辛酉丙申,辛,HEAVY,REN-CAIGUAN|HEAVY-ROOT|YIN-PARTY|ROOT-STRUCK|ROOT-GAN-PRIORITY|SHI-GUI-LU|ZHONGGUA-2SIDE|RI-BEI-HE|JIRUO-WUGEN|JIWANG-HUAIJI|GE-QUALITY|CAI-RUO-SHEN-QIANG|YONGSHEN-STRUCTURE|YONGSHEN-FINAL|ZHONG-HE,，此酉破卯也，又生秋令，官至今令，衣锦还乡。癸亥 乙卯 乙卯 戊寅，此卯破午也，又合真格，八十而卒。享福五行归禄。注释凡五行阴阳相均，八字或四柱各归禄，或归禄临生旺之地，或身杀相等，均主人多增福寿温厚造也。丙寅 甲午 己巳 丙寅，此造己土生午月，甲禄寅，丙禄巳，己禄午，乙禄卯，虽不富贵，却一生温良享福，年八十年岁，康健精神。癸丑 癸亥 丁卯 丁未，此乃福建建甯府建安县林寿官八字，讳刊号石庵，英名积,[]
渊海子平,渊海子平-0227,癸亥乙卯乙卯戊寅,乙,HEAVY,REN-CAIGUAN|DESHI-BUWANG|HEAVY-ROOT|YIN-PARTY|BIJIE-PARTY|ROOT-STRUCK|ROOT-GAN-PRIORITY|SHI-GUI-LU|ZHONGGUA-2SIDE|JIRUO-WUGEN|JIWANG-HUAIJI|GE-QING|GE-QUALITY|SHI-ZHU-JI|TIANGAN-XINGQING|YONGSHEN-STRUCTURE|YONGSHEN-FINAL|ZHONG-HE,，此卯破午也，又合真格，八十而卒。享福五行归禄。注释凡五行阴阳相均，八字或四柱各归禄，或归禄临生旺之地，或身杀相等，均主人多增福寿温厚造也。丙寅 甲午 己巳 丙寅，此造己土生午月，甲禄寅，丙禄巳，己禄午，乙禄卯，虽不富贵，却一生温良享福，年八十年岁，康健精神。癸丑 癸亥 丁卯 丁未，此乃福建建甯府建安县林寿官八字，讳刊号石庵，英名积德行善，萧忠尽孝，克勤克俭，已成巨万之家，敦仁厚义，允哪无疆之寿。,[]
渊海子平,渊海子平-0228,丙寅甲午己巳丙寅,己,HEAVY,REN-CAIGUAN|SHISHI-BURUO|HEAVY-ROOT|YIN-PARTY|ROOT-STRUCK|ROOT-GAN-PRIORITY|ZHONGGUA-2SIDE|RI-BEI-HE|JIRUO-WUGEN|JIWANG-HUAIJI|GE-QUALITY|CAI-RUO-SHEN-QIANG|SHI-ZHU-JI|TIANGAN-XINGQING|YONGSHEN-STRUCTURE|YONGSHEN-FINAL|ZHONG-HE,，此造己土生午月，甲禄寅，丙禄巳，己禄午，乙禄卯，虽不富贵，却一生温良享福，年八十年岁，康健精神。癸丑 癸亥 丁卯 丁未，此乃福建建甯府建安县林寿官八字，讳刊号石庵，英名积德行善，萧忠尽孝，克勤克俭，已成巨万之家，敦仁厚义，允哪无疆之寿。生子七人，长子官拜令尹，四子职见省察，其了登痒序者，蔼蔼吉士，问有侍庭闭者，造造良民。生女五人，各配宦门，阶前孙枝二十条，条条挺秀。堂下曾兰一十九叶，叶叶争芒。更,[]
渊海子平,渊海子平-0229,癸丑癸亥丁卯丁未,丁,LIGHT,REN-CAIGUAN|SHISHI-BURUO|LIGHT-ROOT|BIJIE-PARTY|ROOT-STRUCK|ROOT-GAN-PRIORITY|SHI-GUI-LU|ZHONGGUA-2SIDE|JIRUO-WUGEN|GE-QUALITY|TIANGAN-XINGQING|YONGSHEN-STRUCTURE|YONGSHEN-FINAL|ZHONG-HE,，此乃福建建甯府建安县林寿官八字，讳刊号石庵，英名积德行善，萧忠尽孝，克勤克俭，已成巨万之家，敦仁厚义，允哪无疆之寿。生子七人，长子官拜令尹，四子职见省察，其了登痒序者，蔼蔼吉士，问有侍庭闭者，造造良民。生女五人，各配宦门，阶前孙枝二十条，条条挺秀。堂下曾兰一十九叶，叶叶争芒。更有五代之孩提，又遂两眼之快睹。即今年万历十七年算起，寿数九十七，耳目尚精神，齿发更伶俐，饮食如常、动履健顺，言语无颠倒，,['中和']
渊海子平,渊海子平-0230,丁巳壬寅戊辰丙辰,戊,HEAVY,REN-CAIGUAN|SHISHI-BURUO|HEAVY-ROOT|YIN-PARTY|ROOT-STRUCK|ROOT-GAN-PRIORITY|HE-HUASHEN-DESHI|SHI-GUI-LU|ZHONGGUA-2SIDE|JIRUO-WUGEN|SHIYONG-YUELING-XIANGFU|GE-QUALITY|SHI-ZHU-JI|YONGSHEN-STRUCTURE|YONGSHEN-FINAL|ZHONG-HE,，此命火土相停，得癸巳运丁亥年，不禄。晦火无光於稼穑。注释丙丁火非特畏水为凶，若遇上重，以晦其光，俱主不吉之兆。戊戌 戊午 丙午 己丑，此女命丙日生，连午戌火局，四柱土神太重，以掩其光，乃愚蠢人，终为竈下之婢妾。阴木绝气于丙丁。注释凡火盛成局，则木临火地，烟灭灰飞，若阳宫食神多者是。然阳木则乙，阴森欠之。丙戌 丙申 甲午 丙寅，此甲午生於申月，乃偏官格也，年时寅午戌会火局，制伏七然太过，又会失垣，,[]
渊海子平,渊海子平-0231,戊戌戊午丙午己丑,丙,HEAVY,REN-CAIGUAN|DESHI-BUWANG|XIEQI-TAIZHONG|HEAVY-ROOT|ROOT-STRUCK|ROOT-GAN-PRIORITY|ZHONGGUA-2SIDE|JIRUO-WUGEN|JIWANG-HUAIJI|SHIYONG-YUELING-XIANGFU|GE-QUALITY|WANGJI-SIWO-SHENG|SHI-ZHU-JI|YONGSHEN-STRUCTURE|YONGSHEN-FINAL|ZHONG-HE,，此女命丙日生，连午戌火局，四柱土神太重，以掩其光，乃愚蠢人，终为竈下之婢妾。阴木绝气于丙丁。注释凡火盛成局，则木临火地，烟灭灰飞，若阳宫食神多者是。然阳木则乙，阴森欠之。丙戌 丙申 甲午 丙寅，此甲午生於申月，乃偏官格也，年时寅午戌会火局，制伏七然太过，又会失垣，乃一俗人，行寅运丙戌年不禄。火虚有焰。注释凡丙丁日，逢甲乙寅卯木生之，或类火局，皆为火虚有焰而吉也。若被土重掩光，则火实无光。戊戌 乙,[]
渊海子平,渊海子平-0232,丙戌丙申甲午丙寅,甲,HEAVY,REN-CAIGUAN|XIEQI-TAIZHONG|HEAVY-ROOT|JUECHU-FENGSHENG|ROOT-STRUCK|ROOT-GAN-PRIORITY|WANGCHONG-SHUAI|SHI-GUI-LU|ZHONGGUA-2SIDE|JIRUO-WUGEN|JISHUAI-CONGSHENG|SHIYONG-YUELING-XIANGFU|GE-QUALITY|SHI-ZHU-JI|TIANGAN-XINGQING|YONGSHEN-STRUCTURE|YONGSHEN-FINAL|ZHONG-HE,，此甲午生於申月，乃偏官格也，年时寅午戌会火局，制伏七然太过，又会失垣，乃一俗人，行寅运丙戌年不禄。火虚有焰。注释凡丙丁日，逢甲乙寅卯木生之，或类火局，皆为火虚有焰而吉也。若被土重掩光，则火实无光。戊戌 乙卯 丙午 己亥，此李状元命，木火通明，亥生卯，火明木秀。金实无声。注释阳金出土，须有火锻，才能成器。若无火锻炼，则金成块物，而丙産无声也。人命亦然。戊申、庚申、庚申、甲申，此造金生七月，地支纯金,['身旺']
渊海子平,渊海子平-0233,戊戌乙卯丙午己亥,丙,HEAVY,REN-CAIGUAN|SHISHI-BURUO|XIEQI-TAIZHONG|HEAVY-ROOT|YIN-PARTY|ROOT-STRUCK|ROOT-GAN-PRIORITY|ZHONGGUA-2SIDE|JIRUO-WUGEN|JIWANG-HUAIJI|JISHUAI-CONGSHENG|GE-QING|GE-QUALITY|SHI-ZHU-JI|YONGSHEN-STRUCTURE|YONGSHEN-FINAL|ZHONG-HE,，此李状元命，木火通明，亥生卯，火明木秀。金实无声。注释阳金出土，须有火锻，才能成器。若无火锻炼，则金成块物，而丙産无声也。人命亦然。戊申、庚申、庚申、甲申，此造金生七月，地支纯金，类成顽金，而无木火锻炼，又行西方金乡，乃金实无声也。水泛木浮者活木。注释水泛木浮，不分阴阳，用之不验。盖甲木生亥无咎，乙木死于亥，水泛则浮也。辛亥 庚子 乙未 甲申，查此女命以庚金为夫，喜透归禄，夫星得地，年杀又生於子,['身旺']
渊海子平,渊海子平-0234,辛亥庚子乙未甲申,乙,LIGHT,REN-CAIGUAN|SHISHI-BURUO|LIGHT-ROOT|TENGLUO-XIJIA|BIJIE-PARTY|ROOT-STRUCK|ROOT-GAN-PRIORITY|ZHONGGUA-2SIDE|RI-BEI-HE|JIRUO-WUGEN|GE-QUALITY|SHI-ZHU-JI|TIANGAN-XINGQING|YONGSHEN-STRUCTURE|YONGSHEN-FINAL|ZHONG-HE,，查此女命以庚金为夫，喜透归禄，夫星得地，年杀又生於子而得垣。以格论之，为官杀混杀。以理推之，则又不在，取甲木配辛，日主乙与庚合。甲乙互相配合也。行卯运合局，身旺为福。一交甲辰运，申子辰三合水局，又遇丁亥年，壬水太旺，八字运岁，全是水象，庚金沈水，乙木死绝，乃水泛木浮也。如活木无土以培其根，被士水浸掩摇荡其奶矣，果患面目肿浮之病，而不禄矣。土重金埋者阳金。注释凡金宜乎水土滋生，而被土重理者，乃阳金,['身旺']
渊海子平,渊海子平-0235,壬子癸卯壬子庚子,壬,HEAVY,REN-CAIGUAN|SHISHI-BURUO|HEAVY-ROOT|BIJIE-PARTY|ROOT-STRUCK|ROOT-GAN-PRIORITY|SHI-GUI-LU|ZHONGGUA-2SIDE|JIWANG-HUAIJI|GE-QUALITY|CAI-RUO-SHEN-QIANG|YONGSHEN-STRUCTURE|YONGSHEN-FINAL|ZHONG-HE,，此女命泛滥而无土止，更兼羊刃伤官，又行西北运，而流走无定，淫乱太盛，乃下贱也。火明则灭。注释凡火无不明之理，无不灭之象，若非圣人泄机，孰得而知之。是以命贵在得中和，方为上格，太过不及者下格矣。阳金得炼太过、变革奔波。注释凡五行归禄者，不喜见官者。且如阳金归禄，兼火坐库，则金已成器，不必再要见火陶熔，恐变革也。癸卯 庚申 庚戌 甲申，此造庚金，日坐火库，得锻成器，再行丁巳运火乡再锻，反为太过之患矣,"['身旺', '身弱', '中和']"
渊海子平,渊海子平-0236,癸卯庚申庚戌甲申,庚,HEAVY,REN-CAIGUAN|DESHI-BUWANG|XIEQI-TAIZHONG|HEAVY-ROOT|BIJIE-PARTY|ROOT-GAN-PRIORITY|SHI-GUI-LU|ZHONGGUA-2SIDE|JIWANG-HUAIJI|SHIYONG-YUELING-XIANGFU|GE-QING|GE-QUALITY|WANGJI-SIWO-SHENG|YONGSHEN-STRUCTURE|YONGSHEN-FINAL|ZHONG-HE,，此造庚金，日坐火库，得锻成器，再行丁巳运火乡再锻，反为太过之患矣。盖以物元推之，庚申归禄，乃从革而成气之象也。复行火乡，又见损而不成物也。果在此运，事物变革，受其劳旅，再行卯运，及支财神会局，受职州判，大发财利。阴木归垣失令、终为身弱。注释凡五行失令者，纵然归禄得垣，被比劫持势於月令，不作身旺格矣。癸丑 甲寅 乙卯 己卯，此造乙日坐卯，虽禄得坦，奈生於寅月，阳木得令，阴木反弱，累年未遇。古云：“,"['身旺', '身弱']"
渊海子平,渊海子平-0237,癸丑甲寅乙卯己卯,乙,HEAVY,REN-CAIGUAN|DESHI-BUWANG|HEAVY-ROOT|TENGLUO-XIJIA|YIN-PARTY|BIJIE-PARTY|ROOT-GAN-PRIORITY|SHI-GUI-LU|ZHONGGUA-2SIDE|JIRUO-WUGEN|JIWANG-HUAIJI|GE-QING|GE-QUALITY|TIANGAN-XINGQING|YONGSHEN-STRUCTURE|YONGSHEN-FINAL|ZHONG-HE,，此造乙日坐卯，虽禄得坦，奈生於寅月，阳木得令，阴木反弱，累年未遇。古云：“木向春生，作生是论”。却乙在二月得令，甲在正月。若失其时，反为身弱。直运至辛亥，亥卯合局印绶扶身，戊子年中举，会试说下经，授长山县知县。土重而掩火无光，逢木反为有用。注释此土晦火无光同论。癸未 己未 丙戌 己丑，此八字丙日主，干支俱系土象，无木成其火，故掩火无光。水盛则漂木无定，若行土运方荣。注释；此言阳木也。如甲木居於子,"['身弱', '中和']"
渊海子平,渊海子平-0238,癸未己未丙戌己丑,丙,LIGHT,REN-CAIGUAN|XIEQI-TAIZHONG|LIGHT-ROOT|ROOT-STRUCK|ROOT-GAN-PRIORITY|ZHONGGUA-2SIDE|JIRUO-WUGEN|JISHUAI-CONGSHENG|SHIYONG-YUELING-XIANGFU|GE-QUALITY|SHI-ZHU-JI|YONGSHEN-STRUCTURE|YONGSHEN-FINAL|ZHONG-HE,，此八字丙日主，干支俱系土象，无木成其火，故掩火无光。水盛则漂木无定，若行土运方荣。注释；此言阳木也。如甲木居於子，乃木败之乡，而水太盛，无土以止之，主风流无度，好酒色之徒。甲寅 乙亥 甲子 甲子，此造甲日，身坐败地，无土止水，此人虽智巧，能说能为，特虚名一生，功名无成。五行不可太甚，八字须得中和。注释见太过不及皆不吉也，贵乎禀中和之报。人能持引语以为论，刚修齐治平之道，不出乎此，人命亦然。辛亥 ,['中和']
渊海子平,渊海子平-0239,甲寅乙亥甲子甲子,甲,HEAVY,REN-CAIGUAN|SHISHI-BURUO|HEAVY-ROOT|BIJIE-PARTY|ROOT-STRUCK|ROOT-GAN-PRIORITY|ZHONGGUA-2SIDE|JIRUO-WUGEN|JIWANG-HUAIJI|GE-QING|GE-QUALITY|TIANGAN-XINGQING|YONGSHEN-STRUCTURE|YONGSHEN-FINAL|ZHONG-HE,，此造甲日，身坐败地，无土止水，此人虽智巧，能说能为，特虚名一生，功名无成。五行不可太甚，八字须得中和。注释见太过不及皆不吉也，贵乎禀中和之报。人能持引语以为论，刚修齐治平之道，不出乎此，人命亦然。辛亥 戊戌 壬辰 甲子，此造壬禄於亥，子辰全是水象，喜得月令干支纯土止水，一生富贵，寿年九十九而终，得中和之命。土止水流全福寿，土虚木盛必伤残。运会元辰，须当夭折。注释凡水滔滔无土止者，必主飘荡，寿亦不,['中和']
渊海子平,渊海子平-0240,辛亥戊戌壬辰甲子,壬,HEAVY,REN-CAIGUAN|SHISHI-BURUO|XIEQI-TAIZHONG|HEAVY-ROOT|YIN-PARTY|ROOT-STRUCK|ROOT-GAN-PRIORITY|SHI-GUI-LU|ZHONGGUA-2SIDE|JIRUO-WUGEN|JISHUAI-CONGSHENG|GE-QUALITY|YONGSHEN-STRUCTURE|YONGSHEN-FINAL|ZHONG-HE,，此造壬禄於亥，子辰全是水象，喜得月令干支纯土止水，一生富贵，寿年九十九而终，得中和之命。土止水流全福寿，土虚木盛必伤残。运会元辰，须当夭折。注释凡水滔滔无土止者，必主飘荡，寿亦不永矣。丁丑 壬子 壬申 辛丑，此造壬生子月，水局太旦，丑中金土，俱金水象，而无土止，行亥运，十六岁而死。木盛多仁。注释凡造化逢木命而通月令，或从化类成局者，主性敦厚，仁慈富贵，又化角得寅卯辰全尤妙。甲戌 丁卯 壬寅 甲辰,['中和']
渊海子平,渊海子平-0241,丁丑壬子壬申辛丑,壬,HEAVY,REN-CAIGUAN|HEAVY-ROOT|YIN-PARTY|BIJIE-PARTY|ROOT-GAN-PRIORITY|SHI-GUI-LU|ZHONGGUA-2SIDE|RI-BEI-HE|JIRUO-WUGEN|JIWANG-HUAIJI|SHIYONG-YUELING-XIANGFU|GE-QING|GE-QUALITY|CAI-RUO-SHEN-QIANG|SHI-ZHU-JI|YONGSHEN-STRUCTURE|YONGSHEN-FINAL|ZHONG-HE,，此造壬生子月，水局太旦，丑中金土，俱金水象，而无土止，行亥运，十六岁而死。木盛多仁。注释凡造化逢木命而通月令，或从化类成局者，主性敦厚，仁慈富贵，又化角得寅卯辰全尤妙。甲戌 丁卯 壬寅 甲辰，此造寅卯辰全，化像得令，作伤官用财格，乃王剑事命。土薄寡信。注释见土得正令，而无刑害者，其言诚産，若土薄而刑坏者，主人寡信不实。甲寅 甲戌 己酉 己已，此造是赵子昂命，即赵阵兆。己巳 壬申 己酉 甲戌，此造,[]
渊海子平,渊海子平-0242,甲戌丁卯壬寅甲辰,壬,LIGHT,REN-CAIGUAN|XIEQI-TAIZHONG|LIGHT-ROOT|ROOT-STRUCK|ROOT-GAN-PRIORITY|HE-HUASHEN-DESHI|SHI-GUI-LU|ZHONGGUA-2SIDE|RI-BEI-HE|JIRUO-WUGEN|JISHUAI-CONGSHENG|SHIYONG-YUELING-XIANGFU|GE-QUALITY|SHI-ZHU-JI|YONGSHEN-STRUCTURE|YONGSHEN-FINAL|ZHONG-HE,，此造寅卯辰全，化像得令，作伤官用财格，乃王剑事命。土薄寡信。注释见土得正令，而无刑害者，其言诚産，若土薄而刑坏者，主人寡信不实。甲寅 甲戌 己酉 己已，此造是赵子昂命，即赵阵兆。己巳 壬申 己酉 甲戌，此造是刘宦官命，即刘延。水旺居垣须有智。注释见水旺居垣，或化象，或从类得局者，主人有智谋才艺，为人面圆美须。若太不成局者，主性奸猾，不实之人也。金坚主义却能为。注释夫庚辛金者，在五行主义。若以为用,"['身弱', '中和']"
渊海子平,渊海子平-0243,己巳壬申己酉甲戌,己,HEAVY,REN-CAIGUAN|SHISHI-BURUO|HEAVY-ROOT|BIJIE-PARTY|ROOT-STRUCK|ROOT-GAN-PRIORITY|SHI-GUI-LU|ZHONGGUA-2SIDE|RI-BEI-HE|JIRUO-WUGEN|JIWANG-HUAIJI|SHIYONG-YUELING-XIANGFU|GE-QUALITY|TIANGAN-XINGQING|YONGSHEN-STRUCTURE|YONGSHEN-FINAL|ZHONG-HE,，此造是刘宦官命，即刘延。水旺居垣须有智。注释见水旺居垣，或化象，或从类得局者，主人有智谋才艺，为人面圆美须。若太不成局者，主性奸猾，不实之人也。金坚主义却能为。注释夫庚辛金者，在五行主义。若以为用神，或属化从类，得局归垣者，主人必有义，而刚毅豪杰，或刑战夫令局者，无义凶顽也。若阳金运行寅午戌方，是炼大器，若阴金运行子丑亥方，则为佳也。金水聪明而好色。注释夫水主智，金主义，金白水清，聪明好色，如水,"['身弱', '中和']"
渊海子平,渊海子平-0244,壬子癸卯丙子丁酉,丙,NONE,SHAZHONG-SHENQING|WANGCHONG-SHUAI|HE-HUASHEN-DESHI|ZHONGGUA-2SIDE|WUGEN-YOUFU|JISHUAI-CONGSHENG|GE-QUALITY|YUN-SHENG-ROOT|SHI-ZHU-JI|YONGSHEN-STRUCTURE|YONGSHEN-FINAL,，此丙子用金为财禄，不合丁火坐酉中长生之地，财神双被劫，更子卯相刑，故妻不贤，惟薄不修，家道不肃。弃印就财明偏正。注释见印格忌财，此理明矣。若正印居月令，运不可见财。偏印居月令者，却喜年时见财，不妨弃印就财，舍轻就重。丁亥 戊申 壬申 丙午，此造壬生七月，坐长生禄于亥，印身旺也。喜丙丁财透，又行运南方之地，所以弃印就财而贵。弃财就杀论刚柔。注释凡阴乾从地支纯杀者，多贵。盖阴柔能从物，若阳干则次之，,['身旺']
渊海子平,渊海子平-0245,丁亥戊申壬申丙午,壬,HEAVY,REN-CAIGUAN|HEAVY-ROOT|ROOT-STRUCK|ROOT-GAN-PRIORITY|ZHONGGUA-2SIDE|RI-BEI-HE|JIRUO-WUGEN|JIWANG-HUAIJI|GE-QUALITY|SHI-ZHU-JI|YONGSHEN-STRUCTURE|YONGSHEN-FINAL|ZHONG-HE,，此造壬生七月，坐长生禄于亥，印身旺也。喜丙丁财透，又行运南方之地，所以弃印就财而贵。弃财就杀论刚柔。注释凡阴乾从地支纯杀者，多贵。盖阴柔能从物，若阳干则次之，阳干不受制也。己巳 癸酉 乙丑 甲申，此阴木从金也。伤官无财可恃，虽巧必贫。注释夫伤官格者，须要身旺敌财。财要生气，不要盗财之气，便是发福。若无官又无财者，虽巧必贫。丙子 壬辰 辛酉，此造六辛生人，以壬水为伤官，归於子辰水局，乃柱中无一点甲,['身旺']
渊海子平,渊海子平-0246,己巳癸酉乙丑甲申,乙,NONE,SHISHI-BURUO|CAIDUO-SHENRUAN|TENGLUO-XIJIA|YIN-PARTY|ZHONGGUA-2SIDE|JIRUO-WUGEN|WUGEN-YOUFU|GE-QING|GE-QUALITY|YUN-SHENG-ROOT|SHI-ZHU-JI|TIANGAN-XINGQING|YONGSHEN-STRUCTURE|YONGSHEN-FINAL|ZHONG-HE,，此阴木从金也。伤官无财可恃，虽巧必贫。注释夫伤官格者，须要身旺敌财。财要生气，不要盗财之气，便是发福。若无官又无财者，虽巧必贫。丙子 壬辰 辛酉，此造六辛生人，以壬水为伤官，归於子辰水局，乃柱中无一点甲乙寅卯之财，此人至巧而一生贫。己酉 庚午 己卯 乙丑，此造己用庚伤官，归於酉丑金局，柱中又无一点财神，虽巧多能，平生不遂。食神制杀逢枭，不贫则夭。注释凡用食神为福，被枭神克之，不贫则夭。若枭神无食,['身旺']
渊海子平,渊海子平-0247,己酉庚午己卯乙丑,己,HEAVY,REN-CAIGUAN|SHISHI-BURUO|XIEQI-TAIZHONG|HEAVY-ROOT|BIJIE-PARTY|ROOT-STRUCK|ROOT-GAN-PRIORITY|SHI-GUI-LU|ZHONGGUA-2SIDE|JIRUO-WUGEN|JIWANG-HUAIJI|JISHUAI-CONGSHENG|SHIYONG-YUELING-XIANGFU|GE-QUALITY|SHI-ZHU-JI|TIANGAN-XINGQING|YONGSHEN-STRUCTURE|YONGSHEN-FINAL|ZHONG-HE,，此造己用庚伤官，归於酉丑金局，柱中又无一点财神，虽巧多能，平生不遂。食神制杀逢枭，不贫则夭。注释凡用食神为福，被枭神克之，不贫则夭。若枭神无食神者，却作偏印而论。戊寅 丙辰 戊申 丙申，此造以庚金为食神，不合二丙透出，而生於寅，五岁行巳运，巳午会火局，因火惊死。男多羊刃必重婚。注释夫羊刃在命，若无煞，则刃必劫财，而主克妻。或刃旺财弱，而行刃运，决主克妻。女犯伤官须再嫁。注释凡命阳见阳，阴见阴，多,['身旺']
渊海子平,渊海子平-0248,戊寅丙辰戊申丙申,戊,HEAVY,REN-CAIGUAN|HEAVY-ROOT|YIN-PARTY|BIJIE-PARTY|ROOT-STRUCK|ROOT-GAN-PRIORITY|WANGCHONG-SHUAI|SHI-GUI-LU|ZHONGGUA-2SIDE|JIRUO-WUGEN|JIWANG-HUAIJI|SHIYONG-YUELING-XIANGFU|GE-QUALITY|SHI-ZHU-JI|YONGSHEN-STRUCTURE|YONGSHEN-FINAL|ZHONG-HE,，此造以庚金为食神，不合二丙透出，而生於寅，五岁行巳运，巳午会火局，因火惊死。男多羊刃必重婚。注释夫羊刃在命，若无煞，则刃必劫财，而主克妻。或刃旺财弱，而行刃运，决主克妻。女犯伤官须再嫁。注释凡命阳见阳，阴见阴，多无情。若阳见阴，则夫妇和鸣也。如甲见庚为杀，辛为官，见丙为食，丁为伤，犯此主克夫。贫贱者皆因旺处遭刑。注释凡命身旺，再遇归禄生地富贵者，则退身避位。常人命则贫贱夭折。孤寡者只为财神被劫。,['身旺']
渊海子平,渊海子平-0249,甲子己亥庚戌乙丑,庚,LIGHT,REN-CAIGUAN|SHISHI-BURUO|LIGHT-ROOT|YIN-PARTY|ROOT-GAN-PRIORITY|SHI-GUI-LU|ZHONGGUA-2SIDE|RI-BEI-HE|JIRUO-WUGEN|GE-QING|GE-QUALITY|YONGSHEN-STRUCTURE|YONGSHEN-FINAL|ZHONG-HE,之例。丙子辛卯相逢，荒淫滚浪。注释凡八字字天干相合，地支相刑，如丙合辛，子刑卯之类，乃滚浪桃花，男犯之好酒色荒淫，因而丧身，病在膀胱肾经，若子卯岁亦然。如甲寅己巳，一同论之。壬辰 壬子 丙子 辛卯，查此造天干丙辛相合，不合地支子卯刑之，行乙卯运，因贪色病膀胱而亡。眉批：丙子辛卯，无礼之刑。子午卯酉全备、酒色昏迷。注释凡子午卯酉全者，谓之遍野桃花。若入格不失局者，须贵而有财，皆主荒淫酒色薄德之人。眉,['身强']
渊海子平,渊海子平-0250,壬辰壬子丙子辛卯,丙,NONE,SHAZHONG-SHENQING|HE-HUASHEN-DESHI|ZHONGGUA-2SIDE|RI-BEI-HE|JIRUO-WUGEN|WUGEN-YOUFU|JISHUAI-CONGSHENG|GE-QUALITY|YUN-SHENG-ROOT|YONGSHEN-STRUCTURE|YONGSHEN-FINAL,，查此造天干丙辛相合，不合地支子卯刑之，行乙卯运，因贪色病膀胱而亡。眉批：丙子辛卯，无礼之刑。子午卯酉全备、酒色昏迷。注释凡子午卯酉全者，谓之遍野桃花。若入格不失局者，须贵而有财，皆主荒淫酒色薄德之人。眉批：子午卯酉，桃花杀之例。天干杀显，无制者贱。注释凡天干透杀，身有所归，遇食神则贵。如煞显而无食神制之，更冲战者贱也。癸丑 辛酉 乙卯 癸未，此造生於秋令而煞旺，坐卯而身强敌杀，柱中无食神以制杀，,['身强']
渊海子平,渊海子平-0251,癸丑辛酉乙卯癸未,乙,HEAVY,REN-CAIGUAN|SHISHI-BURUO|HEAVY-ROOT|YIN-PARTY|ROOT-STRUCK|ROOT-GAN-PRIORITY|WANGCHONG-SHUAI|SHI-GUI-LU|ZHONGGUA-2SIDE|JIRUO-WUGEN|GE-QUALITY|SHI-ZHU-JI|TIANGAN-XINGQING|YONGSHEN-STRUCTURE|YONGSHEN-FINAL|ZHONG-HE,，此造生於秋令而煞旺，坐卯而身强敌杀，柱中无食神以制杀，更透枭神，卯酉丑未相冲，为性不仁，凶恶好杀，贫乏终身。地支财伏，暗生者奇。注释郭亚云“壬士癸生於寅月，暗藏三阳之火为财，而暗生官，斯为贵命”，若透出丙丁则不妙。顺行喜午未运，逆行喜戌亥运。若申酉运则散，见裸刑夹煞主死。因财致富，羊刃与岁运并临。注释凡月支羊刃，喜见官杀，不要见财，如岁运又见刃，必因财致祸，轻则灾咎，重则丧身。贪食乖疑，命用枭神,['身强']
渊海子平,渊海子平-0252,癸未丁巳丁卯癸卯,丁,HEAVY,REN-CAIGUAN|HEAVY-ROOT|BIJIE-PARTY|ROOT-GAN-PRIORITY|ZHONGGUA-2SIDE|JIWANG-HUAIJI|GE-QING|GE-QUALITY|TIANGAN-XINGQING|YONGSHEN-STRUCTURE|YONGSHEN-FINAL|ZHONG-HE,，此造日坐枭神夺食，有贪食之病。行戊午运戊子年，丁食午中己土，发杀禄於子，与日时卯宫无礼相刑，故初年食耗而退。侄男为嗣，义女为妻。日时相逢卯酉，始生必主迁移。注释夫卯酉，乃日月出入之门户。如卯日生，逢亥月今，又逢时酉，必主有生之日，家居不定，有迁移修造之事。癸丑 辛酉 乙卯 壬午，此造乙辛战斗，而卯日酉月相冲，始生之日，主迁移不定。又主所生之处，左有树木，右有金铺，前有道路。平生敬信神祗，造化因逢,[]
渊海子平,渊海子平-0253,癸丑辛酉乙卯壬午,乙,HEAVY,REN-CAIGUAN|SHISHI-BURUO|HEAVY-ROOT|YIN-PARTY|ROOT-STRUCK|ROOT-GAN-PRIORITY|WANGCHONG-SHUAI|SHI-GUI-LU|ZHONGGUA-2SIDE|JIRUO-WUGEN|GE-QUALITY|SHI-ZHU-JI|TIANGAN-XINGQING|YONGSHEN-STRUCTURE|YONGSHEN-FINAL|ZHONG-HE,，此造乙辛战斗，而卯日酉月相冲，始生之日，主迁移不定。又主所生之处，左有树木，右有金铺，前有道路。平生敬信神祗，造化因逢戍亥。注释夫戌亥为天门，《玉照》云“时逢戌亥，道士僧人”。身坐天门者，若不是僧道，亦主敬信神佛。己酉 丙子 戊戌 癸亥，此命身坐戌戊，一生敬信神祗。阴克阴、阳克阳，财神有用。官多无官，太旺倾危。注释夫官星多者，则化官为杀，人命逢之返凶矣。戊子 丙辰 癸巳 丙辰，此造癸用戊土为官，,"['身旺', '身弱']"
渊海子平,渊海子平-0254,己酉丙子戊戌癸亥,戊,LIGHT,REN-CAIGUAN|SHISHI-BURUO|LIGHT-ROOT|YIN-PARTY|BIJIE-PARTY|ROOT-STRUCK|ROOT-GAN-PRIORITY|ZHONGGUA-2SIDE|RI-BEI-HE|JIRUO-WUGEN|GE-QUALITY|SHI-ZHU-JI|YONGSHEN-STRUCTURE|YONGSHEN-FINAL|ZHONG-HE,，此命身坐戌戊，一生敬信神祗。阴克阴、阳克阳，财神有用。官多无官，太旺倾危。注释夫官星多者，则化官为杀，人命逢之返凶矣。戊子 丙辰 癸巳 丙辰，此造癸用戊土为官，柱中太多，反为不吉。行壬戌运，官多变煞而逝。眉批：官多或合去或制，谓之无官。杀多无杀，反为无害。注释；此即从杀格，若煞旺运，多富贵。甲寅 癸酉 乙酉 乙酉，此造乙木身弱，喜得四柱无一倚靠之神，地支三重酉，只作得从杀看，故富贵也，位至三公太,"['身旺', '身弱']"
渊海子平,渊海子平-0255,戊子丙辰癸巳丙辰,癸,HEAVY,REN-CAIGUAN|HEAVY-ROOT|ROOT-STRUCK|ROOT-GAN-PRIORITY|SHI-GUI-LU|ZHONGGUA-2SIDE|RI-BEI-HE|JIRUO-WUGEN|SHIYONG-YUELING-XIANGFU|GE-QUALITY|SHI-ZHU-JI|TIANGAN-XINGQING|YONGSHEN-STRUCTURE|YONGSHEN-FINAL|ZHONG-HE,，此造癸用戊土为官，柱中太多，反为不吉。行壬戌运，官多变煞而逝。眉批：官多或合去或制，谓之无官。杀多无杀，反为无害。注释；此即从杀格，若煞旺运，多富贵。甲寅 癸酉 乙酉 乙酉，此造乙木身弱，喜得四柱无一倚靠之神，地支三重酉，只作得从杀看，故富贵也，位至三公太保。眉批：杀多或合去或制伏不当令，谓之无杀。财多无财，运逢化杀生灾。注释凡局财多，岁运见财者，谓之财化煞凶也。印多无财，运行比劫旺地。注释凡印,"['身旺', '身弱']"
渊海子平,渊海子平-0256,甲寅癸酉乙酉乙酉,乙,HEAVY,REN-CAIGUAN|SHISHI-BURUO|HEAVY-ROOT|TENGLUO-XIJIA|BIJIE-PARTY|ROOT-GAN-PRIORITY|ZHONGGUA-2SIDE|SHIYONG-YUELING-XIANGFU|GE-QUALITY|SHI-ZHU-JI|TIANGAN-XINGQING|YONGSHEN-STRUCTURE|YONGSHEN-FINAL|ZHONG-HE,，此造乙木身弱，喜得四柱无一倚靠之神，地支三重酉，只作得从杀看，故富贵也，位至三公太保。眉批：杀多或合去或制伏不当令，谓之无杀。财多无财，运逢化杀生灾。注释凡局财多，岁运见财者，谓之财化煞凶也。印多无财，运行比劫旺地。注释凡印绶多得地者，最不宜比肩劫财身旺地。诗云：印绶不以无根论，比劫相逢劫不宜。运行财地并比劫，命行值此主伤悲。又云：印绶不喜行临官，帝旺逢之亦不欢。运行身旺地，未可许荣昌，最喜官煞,"['身旺', '身弱']"
渊海子平,渊海子平-0257,壬申癸丑壬子甲辰,壬,HEAVY,REN-CAIGUAN|SHISHI-BURUO|XIEQI-TAIZHONG|BIJIE-PARTY|ROOT-STRUCK|ROOT-GAN-PRIORITY|SHI-GUI-LU|ZHONGGUA-2SIDE|JIRUO-WUGEN|JIWANG-HUAIJI|JISHUAI-CONGSHENG|SHIYONG-YUELING-XIANGFU|GE-QING|GE-QUALITY|CAI-RUO-SHEN-QIANG|SHI-ZHU-JI|YONGSHEN-STRUCTURE|YONGSHEN-FINAL|ZHONG-HE,，此八字中子辰会水局，而生於丑月，失垣也。其人心胸茅塞，名利无成，行午运冲日干不禄。四柱归垣得令，早岁轩昂。注释凡木局春生，火局夏生，金局秋生，水局冬生，土生四季月，皆为归垣得癸亥木 乙卯木 乙未木 壬午木，曲直格。壬寅火 丙午火 丙戌火 甲午火，炎上格。癸酉金 丙午金 丙戌金 辛巳金，从革格。庚午水 甲申水 壬子水 甲辰水，润下格。木逢类象，荣贵高迁。注释如甲乙天干，生於春月，地支值寅卯辰全，而,[]
渊海子平,渊海子平-0258,癸卯甲寅甲亥乙亥,甲,HEAVY,REN-CAIGUAN|HEAVY-ROOT|YIN-PARTY|BIJIE-PARTY|ROOT-STRUCK|ROOT-GAN-PRIORITY|SHI-GUI-LU|ZHONGGUA-2SIDE|JIRUO-WUGEN|JIWANG-HUAIJI|SHIYONG-YUELING-XIANGFU|GE-QUALITY|TIANGAN-XINGQING|YONGSHEN-STRUCTURE|YONGSHEN-FINAL|ZHONG-HE,，此造木生春月，四柱纯全旺，又非死绝乡，故官至御史。命用枭神、富家营办。注释如甲用丙为食神，而丙来生戊土，则戊乃甲之财也。夫丙既为甲之食神，则为丙之枭神，而丙受甲之役使也。庚子 戊寅 壬子 壬寅，此造庚生壬为偏印，寅为财食，故壬子生寅木，而为庚之财。却赖庚金生身，故为富家掌财也。财官俱败者死。注释凡命以官与财为用者，俱要行财官旺乡为福。如行败地，谓之禄马衰，主死。戊子 丙辰 癸巳 庚申，此造癸用戊,[]
渊海子平,渊海子平-0259,庚子戊寅壬子壬寅,壬,HEAVY,REN-CAIGUAN|SHISHI-BURUO|HEAVY-ROOT|BIJIE-PARTY|ROOT-GAN-PRIORITY|ZHONGGUA-2SIDE|JIWANG-HUAIJI|SHIYONG-YUELING-XIANGFU|GE-QING|GE-QUALITY|SHI-ZHU-JI|YONGSHEN-STRUCTURE|YONGSHEN-FINAL|ZHONG-HE,，此造庚生壬为偏印，寅为财食，故壬子生寅木，而为庚之财。却赖庚金生身，故为富家掌财也。财官俱败者死。注释凡命以官与财为用者，俱要行财官旺乡为福。如行败地，谓之禄马衰，主死。戊子 丙辰 癸巳 庚申，此造癸用戊官丙财，得禄於巳，运行南方受敕令，行酉运不禄。食神逢枭者亡。注释凡食神为福者，柱中不要枭神。如岁运又见枭神，轻则灾咎，重则损身。甲辰 丙寅 壬子 辛亥，此造甲木食神福食，造化可取，不合身坐刃地，,[]
渊海子平,渊海子平-0260,戊子丙辰癸巳庚申,癸,HEAVY,REN-CAIGUAN|SHISHI-BURUO|HEAVY-ROOT|YIN-PARTY|ROOT-GAN-PRIORITY|ZHONGGUA-2SIDE|RI-BEI-HE|JIRUO-WUGEN|JIWANG-HUAIJI|SHIYONG-YUELING-XIANGFU|GE-QING|GE-QUALITY|SHI-ZHU-JI|TIANGAN-XINGQING|YONGSHEN-STRUCTURE|YONGSHEN-FINAL|ZHONG-HE,，此造癸用戊官丙财，得禄於巳，运行南方受敕令，行酉运不禄。食神逢枭者亡。注释凡食神为福者，柱中不要枭神。如岁运又见枭神，轻则灾咎，重则损身。甲辰 丙寅 壬子 辛亥，此造甲木食神福食，造化可取，不合身坐刃地，会水局，夺了两火福食，行庚午运，食神被伤，而一贫彻骨。龙藏亥卯、经商利赂丝缗(音同民)。丁巳孤鸾，合作聪明诗女。日犯裸形沐浴，浊滥淫娼。日禄归时见财，则清高富贵。眉批：甲子、庚午之日，谓之日犯裸,[]
渊海子平,渊海子平-0261,甲辰丙寅壬子辛亥,壬,HEAVY,REN-CAIGUAN|XIEQI-TAIZHONG|ROOT-STRUCK|ROOT-GAN-PRIORITY|SHI-GUI-LU|ZHONGGUA-2SIDE|JIRUO-WUGEN|JIWANG-HUAIJI|JISHUAI-CONGSHENG|SHIYONG-YUELING-XIANGFU|GE-QING|GE-QUALITY|YONGSHEN-STRUCTURE|YONGSHEN-FINAL|ZHONG-HE,，此造甲木食神福食，造化可取，不合身坐刃地，会水局，夺了两火福食，行庚午运，食神被伤，而一贫彻骨。龙藏亥卯、经商利赂丝缗(音同民)。丁巳孤鸾，合作聪明诗女。日犯裸形沐浴，浊滥淫娼。日禄归时见财，则清高富贵。眉批：甲子、庚午之日，谓之日犯裸形沐浴。归禄有财而获福，无财归禄必须贫。注释凡归禄格无官煞，又无财星，不入他财，贪命也。辛丑 庚子 壬申 辛亥，此命无财可倚，而金水太旺，运行西方，卖尽田园而贫。,[]
渊海子平,渊海子平-0262,辛丑庚子壬申辛亥,壬,HEAVY,REN-CAIGUAN|HEAVY-ROOT|YIN-PARTY|ROOT-STRUCK|ROOT-GAN-PRIORITY|SHI-GUI-LU|ZHONGGUA-2SIDE|JIRUO-WUGEN|JIWANG-HUAIJI|GE-QUALITY|CAI-RUO-SHEN-QIANG|YONGSHEN-STRUCTURE|YONGSHEN-FINAL|ZHONG-HE,，此命无财可倚，而金水太旺，运行西方，卖尽田园而贫。财印混杂，终为困穷。偏正浊乱，必致伤残。太岁忌逢战斗。注释此日犯岁君也，若为用神者无咎。如壬日以丙火为财，柱中原有财，虽犯太岁，反为吉也。羊刃不喜刑冲。注释凡羊刃而无杀制者，逢羊刃岁君而多凶。若无财者轻，有财者重，更带伤官冲刑战斗，主祸不浅。癸从戊合，少长无情。多有不仁，庚逢丙扰。岂知遇正官却无俸禄。注释如甲用辛为官，以物元推之，甲乃阳木，辛乃阴,[]
渊海子平,渊海子平-0263,戊辰戊午庚辰丁丑,庚,LIGHT,REN-CAIGUAN|SHISHI-BURUO|LIGHT-ROOT|YIN-PARTY|ROOT-STRUCK|ROOT-GAN-PRIORITY|SHI-GUI-LU|ZHONGGUA-2SIDE|JIRUO-WUGEN|SHIYONG-YUELING-XIANGFU|GE-QUALITY|YONGSHEN-STRUCTURE|YONGSHEN-FINAL|ZHONG-HE,，此造用丁为官，禄於午，惜乎无财，官无生意，行西北方运，财官皆背，名利俱无。盖禄逢七杀乃有声名。注释夫七煞乃权也。以五行之理推之，煞即正官之用，如庚金制甲，甲制戊土之类。如时上贵格，而无损坏，乃一品宰相。甲申 丙寅 乙卯 辛巳，此造源远命，拜将王，一位贵格也。不从不化、淹留仕路之人。得化得从、显达功名之士。注释夫不从不化者，最怕伤了贵气。若得化得从者，其功名必显达也。甲午 丁卯 壬申 乙巳，此造丁,['身旺']
渊海子平,渊海子平-0264,甲申丙寅乙卯辛巳,乙,HEAVY,REN-CAIGUAN|DESHI-BUWANG|XIEQI-TAIZHONG|HEAVY-ROOT|TENGLUO-XIJIA|BIJIE-PARTY|ROOT-STRUCK|ROOT-GAN-PRIORITY|WANGCHONG-SHUAI|ZHONGGUA-2SIDE|JIRUO-WUGEN|JIWANG-HUAIJI|SHIYONG-YUELING-XIANGFU|GE-QUALITY|WANGJI-SIWO-SHENG|SHI-ZHU-JI|TIANGAN-XINGQING|YONGSHEN-STRUCTURE|YONGSHEN-FINAL|ZHONG-HE,，此造源远命，拜将王，一位贵格也。不从不化、淹留仕路之人。得化得从、显达功名之士。注释夫不从不化者，最怕伤了贵气。若得化得从者，其功名必显达也。甲午 丁卯 壬申 乙巳，此造丁壬化木，二月得令，惜乎壬水自坐长生持势，巳申类金局以克木，化木不成，又支元刑冲，乃下造也。辛亥 辛丑 丙子 己亥，此造地支亥子丑，类成水局而化有所贵，故贵，此翰林方状元命。化成禄旺者生。注释凡化成造物者，要行本禄运，如戊癸化火,['身旺']
渊海子平,渊海子平-0265,甲午丁卯壬申乙巳,壬,HEAVY,REN-CAIGUAN|XIEQI-TAIZHONG|HEAVY-ROOT|ROOT-STRUCK|ROOT-GAN-PRIORITY|HE-HUASHEN-DESHI|ZHONGGUA-2SIDE|RI-BEI-HE|JIRUO-WUGEN|JIWANG-HUAIJI|JISHUAI-CONGSHENG|GE-QING|GE-QUALITY|SHI-ZHU-JI|YONGSHEN-STRUCTURE|YONGSHEN-FINAL|ZHONG-HE,，此造丁壬化木，二月得令，惜乎壬水自坐长生持势，巳申类金局以克木，化木不成，又支元刑冲，乃下造也。辛亥 辛丑 丙子 己亥，此造地支亥子丑，类成水局而化有所贵，故贵，此翰林方状元命。化成禄旺者生。注释凡化成造物者，要行本禄运，如戊癸化火局，要行南方运。化成禄绝者死。注释凡化成局者，最怕行禄绝马衰之运。如戊癸化火行水乡，丁壬化木行金乡，轻则残废，重则伤生。处僧道之首，用杀反轻。注释夫煞，乃权星也。若身,['身旺']
渊海子平,渊海子平-0266,辛亥辛丑丙子己亥,丙,NONE,CAIDUO-SHENRUAN|XIEQI-TAIZHONG|ZHONGGUA-2SIDE|RI-BEI-HE|JIRUO-WUGEN|WUGEN-YOUFU|JISHUAI-CONGSHENG|GE-QUALITY|YUN-SHENG-ROOT|SHI-ZHU-JI|YONGSHEN-STRUCTURE|YONGSHEN-FINAL,，此造地支亥子丑，类成水局而化有所贵，故贵，此翰林方状元命。化成禄旺者生。注释凡化成造物者，要行本禄运，如戊癸化火局，要行南方运。化成禄绝者死。注释凡化成局者，最怕行禄绝马衰之运。如戊癸化火行水乡，丁壬化木行金乡，轻则残废，重则伤生。处僧道之首，用杀反轻。注释夫煞，乃权星也。若身旺杀轻者，必为僧道之首。或入格清则贵而富，必是天师。受宪台之职，偏官得地。注释凡煞有制伏，刑冲有用，财食兼备，必受宪台之,['身旺']
渊海子平,渊海子平-0267,己酉丙子丙寅辛卯,丙,HEAVY,REN-CAIGUAN|SHISHI-BURUO|XIEQI-TAIZHONG|HEAVY-ROOT|BIJIE-PARTY|ROOT-GAN-PRIORITY|WANGCHONG-SHUAI|HE-HUASHEN-DESHI|ZHONGGUA-2SIDE|RI-BEI-HE|JIRUO-WUGEN|JISHUAI-CONGSHENG|GE-QUALITY|YONGSHEN-STRUCTURE|YONGSHEN-FINAL|ZHONG-HE,，此造无贵後贱，而子癸生乙木，盗官之气也。丁逢卯木遇己土，枭食之人。亥乃神浆、遇酉金嗜杯之客。财逢旺地人多富。注释如甲乙生人，用戊己为财，八字有火局，则财神有气。或运行南方及长生之地，必发福。官遇长生命必荣。注释；如丁日干，以壬水为官，四柱得壬申字，即官长生也，其命必荣达。丁生酉金、丙辛遇之绝嗣。财临杀地，父死而不归家。注释辛金以火为子，西时乃火死地，有丙字合，化水克火，主无嗣。庚午有甲申字，财临,"['身弱', '身强']"
渊海子平,渊海子平-0268,丙午丁未戊申辛酉,戊,HEAVY,REN-CAIGUAN|DESHI-BUWANG|XIEQI-TAIZHONG|HEAVY-ROOT|YIN-PARTY|ROOT-GAN-PRIORITY|ZHONGGUA-2SIDE|JIRUO-WUGEN|JIWANG-HUAIJI|GE-QING|GE-QUALITY|WANGJI-SIWO-SHENG|YONGSHEN-STRUCTURE|YONGSHEN-FINAL|ZHONG-HE,、壬戌、癸丑、丙子、丁丑、戊寅日是也)。岁月值杀有刑害，公父连伤；日时皆禄无财助，妻儿离散。正财偏财见和合，妻妾奸淫；伤官正官有克破，夫妻刑并。旺妻伤子，必因食宿遭伤；旺子丧夫，乃是官主失位。女逢财旺生官，夫权必夺；男遇财多身弱，妻话偏听。差错居日，外家冷淡；建刃伏年，祖基微浅。财官生时，逢财旺生官，助国兴家之子。正官重见，多生女子少生男；出现偏财，少爱正妻偏爱妾。财星得位，因妻致富成名；官禄归垣,['身弱']
渊海子平,渊海子平-0269,壬戌癸丑丙子丁丑,丙,LIGHT,REN-CAIGUAN|SHISHI-BURUO|LIGHT-ROOT|BIJIE-PARTY|ROOT-GAN-PRIORITY|ZHONGGUA-2SIDE|JIRUO-WUGEN|SHIYONG-YUELING-XIANGFU|GE-QING|GE-QUALITY|SHI-ZHU-JI|YONGSHEN-STRUCTURE|YONGSHEN-FINAL|ZHONG-HE,、戊寅日是也)。岁月值杀有刑害，公父连伤；日时皆禄无财助，妻儿离散。正财偏财见和合，妻妾奸淫；伤官正官有克破，夫妻刑并。旺妻伤子，必因食宿遭伤；旺子丧夫，乃是官主失位。女逢财旺生官，夫权必夺；男遇财多身弱，妻话偏听。差错居日，外家冷淡；建刃伏年，祖基微浅。财官生时，逢财旺生官，助国兴家之子。正官重见，多生女子少生男；出现偏财，少爱正妻偏爱妾。财星得位，因妻致富成名；官禄归垣，显己增荣祖业。年正官月,['身弱']
渊海子平,渊海子平-0270,庚辰庚戌壬辰戊戌,壬,LIGHT,REN-CAIGUAN|SHISHI-BURUO|LIGHT-ROOT|YIN-PARTY|ROOT-STRUCK|ROOT-GAN-PRIORITY|ZHONGGUA-2SIDE|JIRUO-WUGEN|SHIYONG-YUELING-XIANGFU|GE-QUALITY|SHI-ZHU-JI|YONGSHEN-STRUCTURE|YONGSHEN-FINAL|ZHONG-HE,"四日所生之人具备的特殊格局，主心高气傲、灵变机智。现代启示《爱憎赋》的核心逻辑，在现代心理学视角下颇具价值：它将人的性格、才能与外部时机系统关联，与今日""人格与情境交互理论""若合一契——人的行为既取决于内在特质（五行本性），也深受环境节点（大运流年）左右。古人观察到""刑战者愚顽、安静者贤俊""，折射出内部环境稳定对认知与判断的深刻影响；""有情者通，无情者滞""则近似社会资本理论中关系质量决定机遇的核心",[]
渊海子平,渊海子平-0271,癸卯癸巳丁酉丁亥,丁,HEAVY,REN-CAIGUAN|DESHI-BUWANG|HEAVY-ROOT|BIJIE-PARTY|ROOT-STRUCK|ROOT-GAN-PRIORITY|WANGCHONG-SHUAI|ZHONGGUA-2SIDE|JIRUO-WUGEN|JIWANG-HUAIJI|GE-QUALITY|SHI-ZHU-JI|TIANGAN-XINGQING|YONGSHEN-STRUCTURE|YONGSHEN-FINAL|ZHONG-HE,是也，癸卯、癸巳为壬癸兔蛇藏，丁酉、丁亥乃丙丁猪鸡位，贵人就在日支，所以取贵。只忌刑冲破害则伤贵人。白话译文日贵格，是指出生日柱的天干与地支恰好构成天乙贵人（命理中主逢凶化吉的吉神）组合的格局。此格最忌空亡（纳音六十甲子中无天干对应的虚位）与官星遭冲，具备此格者性情仁慈，品德宽广，姿容出众；若大运流年再逢财星会合，地位更形显赫。构成日贵格的四个日柱为：癸卯、癸巳、丁酉、丁亥。丁日以亥（猪）、酉（鸡,[]
渊海子平,渊海子平-0272,癸卯癸巳丁酉丁亥,丁,HEAVY,REN-CAIGUAN|DESHI-BUWANG|HEAVY-ROOT|BIJIE-PARTY|ROOT-STRUCK|ROOT-GAN-PRIORITY|WANGCHONG-SHUAI|ZHONGGUA-2SIDE|JIRUO-WUGEN|JIWANG-HUAIJI|GE-QUALITY|SHI-ZHU-JI|TIANGAN-XINGQING|YONGSHEN-STRUCTURE|YONGSHEN-FINAL|ZHONG-HE,"。丁日以亥（猪）、酉（鸡）为贵人所在，癸日以卯（兔）、巳（蛇）为贵人所在。命局最忌刑、冲、破、害四种克制关系；官星一旦遭刑冲，祸患随之而至。格局纯粹、行事秉持仁德者，方能获得真正的尊荣富贵。贵人恰落于日支之位，正是""日贵""命名的由来。---关键词日贵格：日柱天干地支恰好构成天乙贵人组合的特殊命格，仅限癸卯、癸巳、丁酉、丁亥四日。空亡：六十甲子每旬中两支无天干相配的位置，命局落入此位则力量虚散无依。",[]
渊海子平,渊海子平-0273,癸卯癸巳丁酉丁亥,丁,HEAVY,REN-CAIGUAN|DESHI-BUWANG|HEAVY-ROOT|BIJIE-PARTY|ROOT-STRUCK|ROOT-GAN-PRIORITY|WANGCHONG-SHUAI|ZHONGGUA-2SIDE|JIRUO-WUGEN|JIWANG-HUAIJI|GE-QUALITY|SHI-ZHU-JI|TIANGAN-XINGQING|YONGSHEN-STRUCTURE|YONGSHEN-FINAL|ZHONG-HE,"四日。空亡：六十甲子每旬中两支无天干相配的位置，命局落入此位则力量虚散无依。刑冲破害：地支之间四种不良作用关系，是日贵格最大的忌讳，伤及贵人则格局破损。天乙贵人：传统命理中最重要的吉神之一，主逢凶化吉、遇难呈祥，地位高于一般神煞。临绝：天干十二长生中气势最衰之位，本属不利，但此处指逢绝而又得会合，反而能激活贵格。现代启示日贵格的核心逻辑，是一种""组合优势论""：单一天干的潜质，必须与特定地支环境形成",[]
渊海子平,渊海子平-0274,甲子甲戌甲申甲午,甲,NONE,ZHONGGUA-2SIDE|WUGEN-YOUFU|SHIYONG-YUELING-XIANGFU|GE-QUALITY|YUN-SHENG-ROOT|SHI-ZHU-JI|TIANGAN-XINGQING|YONGSHEN-STRUCTURE|YONGSHEN-FINAL,、甲辰、甲寅）逢巳酉丑时，因巳酉丑三合金局，金神之气尤强，宜以火局制之为贵。---关键词金神：命局特殊格局，专指癸酉、己巳、乙丑三时柱，三合巳酉丑成金局。七杀：日干（出生日天干）所属的克我之星，阴阳相异，象征压力与权威。羊刃：日干旺极所化之星，象征锋芒过盛，兼具杀伤力与助力双重属性。制伏：以相克之五行压制过旺之气，使命局趋于平衡，化凶为吉的核心调节逻辑。火乡：行运至火旺之大运或流年，火克金，可制约,['旺极']
渊海子平,渊海子平-0275,甲寅戊辰丙辰庚辰,丙,HEAVY,REN-CAIGUAN|SHISHI-BURUO|XIEQI-TAIZHONG|HEAVY-ROOT|YIN-PARTY|ROOT-GAN-PRIORITY|ZHONGGUA-2SIDE|JIWANG-HUAIJI|JISHUAI-CONGSHENG|SHIYONG-YUELING-XIANGFU|GE-QUALITY|CAI-RUO-SHEN-QIANG|SHI-ZHU-JI|YONGSHEN-STRUCTURE|YONGSHEN-FINAL|ZHONG-HE,"、壬戌，喜逢居禄生旺之地，忌见刑冲破害之乡，言忌重见之。日德乃清贵之神，又遇魁罡恶曜则伤其贵，不利其重逢，如丙辰又见丙辰之例。日德怕空亡，乃本身落空，惟戊辰丙辰为最忌。白话译文壬戌、庚辰、甲寅、戊辰、丙辰这五个日柱，在命理中称为""日德""（日主坐德，天干之德与地支相配），逢此日出生者，大运若在身旺之地，性情多仁慈宽厚，福禄自然丰厚。然而，若八字中出现刑（地支相刑）、冲（地支相冲）、破、害等煞，官星与",['身旺']
渊海子平,渊海子平-0276,壬戌庚辰甲寅戊辰,甲,HEAVY,REN-CAIGUAN|SHISHI-BURUO|HEAVY-ROOT|YIN-PARTY|ROOT-STRUCK|ROOT-GAN-PRIORITY|SHI-GUI-LU|ZHONGGUA-2SIDE|JIRUO-WUGEN|JIWANG-HUAIJI|SHIYONG-YUELING-XIANGFU|GE-QUALITY|SHI-ZHU-JI|TIANGAN-XINGQING|YONGSHEN-STRUCTURE|YONGSHEN-FINAL|ZHONG-HE,"、丙辰这五个日柱，在命理中称为""日德""（日主坐德，天干之德与地支相配），逢此日出生者，大运若在身旺之地，性情多仁慈宽厚，福禄自然丰厚。然而，若八字中出现刑（地支相刑）、冲（地支相冲）、破、害等煞，官星与财星又旺盛，再逢空亡（天干地支配对的虚位）或魁罡（庚辰、庚戌、壬戌、戊戌四个强烈刚煞日柱）相会，则贵气尽失，主孤贫险厄；即便一时发迹，终究难得善终。日德最忌重复出现同类克制之星：丙辰忌见壬辰，壬戌防",['身旺']
渊海子平,渊海子平-0277,庚辰庚戌壬戌戊戌,壬,LIGHT,REN-CAIGUAN|SHISHI-BURUO|LIGHT-ROOT|YIN-PARTY|ROOT-STRUCK|ROOT-GAN-PRIORITY|ZHONGGUA-2SIDE|JIRUO-WUGEN|SHIYONG-YUELING-XIANGFU|GE-QUALITY|SHI-ZHU-JI|YONGSHEN-STRUCTURE|YONGSHEN-FINAL|ZHONG-HE,四个强烈刚煞日柱）相会，则贵气尽失，主孤贫险厄；即便一时发迹，终究难得善终。日德最忌重复出现同类克制之星：丙辰忌见壬辰，壬戌防遇戊戌，庚辰、庚戌同柱者需警惕，甲寅亦忌庚辰相逢——这些皆属以刚克贵，伤其德性。日德与魁罡性质相背：日德属柔贵，魁罡属刚煞，两者相遇则德化为杀，柱中重见者多病，大运流年再逢，凶险极深。反之，若日德重叠出现，四柱无刑冲破害，官星不与财星混杂，则此人可为朝廷栋梁、一生清贵。--,['身旺']
渊海子平,渊海子平-0278,甲寅戊辰丙辰庚辰,丙,HEAVY,REN-CAIGUAN|SHISHI-BURUO|XIEQI-TAIZHONG|HEAVY-ROOT|YIN-PARTY|ROOT-GAN-PRIORITY|ZHONGGUA-2SIDE|JIWANG-HUAIJI|JISHUAI-CONGSHENG|SHIYONG-YUELING-XIANGFU|GE-QUALITY|CAI-RUO-SHEN-QIANG|SHI-ZHU-JI|YONGSHEN-STRUCTURE|YONGSHEN-FINAL|ZHONG-HE,"、壬戌），代表日主坐于德位，主性善福厚。魁罡：庚辰、庚戌、壬戌、戊戌四日，刚烈之煞，与日德柔贵相克，相遇则伤贵气。刑冲破害：地支之间四种不利关系，破坏命局中吉神的稳定性。空亡：六十甲子中未配地支的两支，日德逢空则本身落虚，以戊辰、丙辰最忌。身旺：大运或原局中日主得到生扶，力量充足，有能力承载吉神发挥效用。现代启示古人对""日德""的观察，本质上是一套关于**性格底色与环境压力交互**的朴素模型。所谓""",['身旺']
渊海子平,渊海子平-0279,庚辰庚戌壬戌戊戌,壬,LIGHT,REN-CAIGUAN|SHISHI-BURUO|LIGHT-ROOT|YIN-PARTY|ROOT-STRUCK|ROOT-GAN-PRIORITY|ZHONGGUA-2SIDE|JIRUO-WUGEN|SHIYONG-YUELING-XIANGFU|GE-QUALITY|SHI-ZHU-JI|YONGSHEN-STRUCTURE|YONGSHEN-FINAL|ZHONG-HE,"四日，刚烈之煞，与日德柔贵相克，相遇则伤贵气。刑冲破害：地支之间四种不利关系，破坏命局中吉神的稳定性。空亡：六十甲子中未配地支的两支，日德逢空则本身落虚，以戊辰、丙辰最忌。身旺：大运或原局中日主得到生扶，力量充足，有能力承载吉神发挥效用。现代启示古人对""日德""的观察，本质上是一套关于**性格底色与环境压力交互**的朴素模型。所谓""运逢身旺心慈善""，接近现代心理学中的资源保存理论：当一个人内在资源充",['身旺']
渊海子平,渊海子平-0280,庚辰庚戌壬辰壬戌,壬,LIGHT,REN-CAIGUAN|SHISHI-BURUO|LIGHT-ROOT|YIN-PARTY|BIJIE-PARTY|ROOT-STRUCK|ROOT-GAN-PRIORITY|ZHONGGUA-2SIDE|JIRUO-WUGEN|SHIYONG-YUELING-XIANGFU|GE-QUALITY|SHI-ZHU-JI|YONGSHEN-STRUCTURE|YONGSHEN-FINAL|ZHONG-HE,，在命理格局中地位最为突出。若八字中魁罡日柱反复出现、互相叠加，则此人往往能掌握权柄、位居要职。然而魁罡之日各有忌讳：庚戌、庚辰日生人忌官星（代表权力与约束）出现；壬戌、壬辰日生人忌财星（代表钱财与物质）显露。一旦所忌之物入命，便会产生牵制与冲突。魁罡格之人性情聪慧机敏，但也带有果决甚至刚烈的习气，行事不易妥协。若命柱中兼逢刑、冲、破、害等煞气，则凶意大增，轻则穷困潦倒，重则受人欺压、备受磨难。总,"['身旺', '身强']"
渊海子平,渊海子平-0281,庚辰庚戌壬辰壬戌,壬,LIGHT,REN-CAIGUAN|SHISHI-BURUO|LIGHT-ROOT|YIN-PARTY|BIJIE-PARTY|ROOT-STRUCK|ROOT-GAN-PRIORITY|ZHONGGUA-2SIDE|JIRUO-WUGEN|SHIYONG-YUELING-XIANGFU|GE-QUALITY|SHI-ZHU-JI|YONGSHEN-STRUCTURE|YONGSHEN-FINAL|ZHONG-HE,"四个日柱，具有强烈的刚锐之气。官星：八字中克制日主（自身）的天干五行，代表权威、规则与外部约束。财星：八字中日主所克的天干五行，代表物质财富及欲望牵引。刑冲破害：四柱地支之间的负面关系，会激发命局中的动荡与损耗。身旺：日主天干五行在命局中得到充分支撑，自身力量强健，足以承载格局能量。现代启示魁罡格的核心逻辑，可以用现代心理学中的""强人格与压力敏感性""来理解。古人观察到某类人聪慧过人、意志刚决，但同",['身旺']
渊海子平,渊海子平-0282,辛酉癸巳丁巳乙巳,丁,HEAVY,REN-CAIGUAN|DESHI-BUWANG|HEAVY-ROOT|ROOT-GAN-PRIORITY|SHI-GUI-LU|ZHONGGUA-2SIDE|JIWANG-HUAIJI|SHIYONG-YUELING-XIANGFU|GE-QING|GE-QUALITY|SHI-ZHU-JI|TIANGAN-XINGQING|YONGSHEN-STRUCTURE|YONGSHEN-FINAL|ZHONG-HE,"，以巳冲亥中壬水为丁之官星是也。日刃如以壬午 壬子 壬子 壬寅，以子冲午宫己土为官星。辛巳 甲午 壬午 丁巳，以巳冲亥中壬水为丁官。如庚寅 壬午 丙戌 戊戌，以午冲子宫癸水为丙官。如丙子 庚寅 丙子 癸巳，须用午冲子为丙官，时犯癸巳，减分数。巳与申相合官，相绊不能冲害之故。白话译文庚日或壬日生人，若四柱中子字（鼠）众多，便能以子冲午，倒冲出午宫所藏官星（丁火或己土），此即""飞天禄马""。格局纯粹则金",[]
渊海子平,渊海子平-0283,壬午壬子壬子壬寅,壬,HEAVY,REN-CAIGUAN|HEAVY-ROOT|BIJIE-PARTY|ROOT-STRUCK|ROOT-GAN-PRIORITY|WANGCHONG-SHUAI|ZHONGGUA-2SIDE|JIRUO-WUGEN|JIWANG-HUAIJI|GE-QUALITY|SHI-ZHU-JI|YONGSHEN-STRUCTURE|YONGSHEN-FINAL|ZHONG-HE,"，以子冲午宫己土为官星。辛巳 甲午 壬午 丁巳，以巳冲亥中壬水为丁官。如庚寅 壬午 丙戌 戊戌，以午冲子宫癸水为丙官。如丙子 庚寅 丙子 癸巳，须用午冲子为丙官，时犯癸巳，减分数。巳与申相合官，相绊不能冲害之故。白话译文庚日或壬日生人，若四柱中子字（鼠）众多，便能以子冲午，倒冲出午宫所藏官星（丁火或己土），此即""飞天禄马""。格局纯粹则金水清贵，但忌大运走南方火地，水气被克则祸事随至。辛癸二日以多亥",[]
渊海子平,渊海子平-0284,辛巳甲午壬午丁巳,壬,NONE,SHISHI-BURUO|CAIDUO-SHENRUAN|YIN-PARTY|ZHONGGUA-2SIDE|RI-BEI-HE|JIRUO-WUGEN|WUGEN-YOUFU|GE-QUALITY|YUN-SHENG-ROOT|SHI-ZHU-JI|YONGSHEN-STRUCTURE|YONGSHEN-FINAL|ZHONG-HE,"，以巳冲亥中壬水为丁官。如庚寅 壬午 丙戌 戊戌，以午冲子宫癸水为丙官。如丙子 庚寅 丙子 癸巳，须用午冲子为丙官，时犯癸巳，减分数。巳与申相合官，相绊不能冲害之故。白话译文庚日或壬日生人，若四柱中子字（鼠）众多，便能以子冲午，倒冲出午宫所藏官星（丁火或己土），此即""飞天禄马""。格局纯粹则金水清贵，但忌大运走南方火地，水气被克则祸事随至。辛癸二日以多亥冲巳取官，丙丁二日以多午或巳冲出官星。此格三忌",[]
渊海子平,渊海子平-0285,庚寅壬午丙戌戊戌,丙,HEAVY,REN-CAIGUAN|DESHI-BUWANG|XIEQI-TAIZHONG|HEAVY-ROOT|ROOT-GAN-PRIORITY|SHI-GUI-LU|ZHONGGUA-2SIDE|JIWANG-HUAIJI|SHIYONG-YUELING-XIANGFU|GE-QING|GE-QUALITY|WANGJI-SIWO-SHENG|SHI-ZHU-JI|YONGSHEN-STRUCTURE|YONGSHEN-FINAL|ZHONG-HE,"，以午冲子宫癸水为丙官。如丙子 庚寅 丙子 癸巳，须用午冲子为丙官，时犯癸巳，减分数。巳与申相合官，相绊不能冲害之故。白话译文庚日或壬日生人，若四柱中子字（鼠）众多，便能以子冲午，倒冲出午宫所藏官星（丁火或己土），此即""飞天禄马""。格局纯粹则金水清贵，但忌大运走南方火地，水气被克则祸事随至。辛癸二日以多亥冲巳取官，丙丁二日以多午或巳冲出官星。此格三忌：一忌""绊神""，地支相合牵绊冲神，冲力瓦解；二忌",[]
渊海子平,渊海子平-0286,丙子庚寅丙子癸巳,丙,HEAVY,REN-CAIGUAN|SHISHI-BURUO|HEAVY-ROOT|BIJIE-PARTY|ROOT-STRUCK|ROOT-GAN-PRIORITY|SHI-GUI-LU|ZHONGGUA-2SIDE|JIRUO-WUGEN|JIWANG-HUAIJI|SHIYONG-YUELING-XIANGFU|GE-QUALITY|SHI-ZHU-JI|YONGSHEN-STRUCTURE|YONGSHEN-FINAL|ZHONG-HE,"，须用午冲子为丙官，时犯癸巳，减分数。巳与申相合官，相绊不能冲害之故。白话译文庚日或壬日生人，若四柱中子字（鼠）众多，便能以子冲午，倒冲出午宫所藏官星（丁火或己土），此即""飞天禄马""。格局纯粹则金水清贵，但忌大运走南方火地，水气被克则祸事随至。辛癸二日以多亥冲巳取官，丙丁二日以多午或巳冲出官星。此格三忌：一忌""绊神""，地支相合牵绊冲神，冲力瓦解；二忌""填实""，被冲之支直接现于四柱，官星坐实，反破格",[]
渊海子平,渊海子平-0287,甲寅丙辰戊戌庚申,戊,HEAVY,REN-CAIGUAN|DESHI-BUWANG|XIEQI-TAIZHONG|HEAVY-ROOT|YIN-PARTY|ROOT-STRUCK|ROOT-GAN-PRIORITY|SHI-GUI-LU|ZHONGGUA-2SIDE|JIRUO-WUGEN|JIWANG-HUAIJI|SHIYONG-YUELING-XIANGFU|GE-QUALITY|WANGJI-SIWO-SHENG|SHI-ZHU-JI|YONGSHEN-STRUCTURE|YONGSHEN-FINAL|ZHONG-HE,"，乙木为官，以杀代之，庚合卯宫列门方是。白话译文本章论述""合禄格""，核心机制是：庚与乙木存在天干六合（乙庚合），而卯中藏乙木，乙木正是戊土之正官——故庚申时柱可""暗合""出官星，此为""合禄""之名的由来。以戊日为日主：时柱逢庚申，若四柱中无官星、印星显露，则以秋冬出生为贵，金气当令，格局更纯。甲、丙、卯、寅、巳诸字为忌——甲乙木克土、卯寅刑冲申金、丙火直克庚金，大运流年再逢此类，格局受损。以癸日为日主",['旺相']
渊海子平,渊海子平-0288,己巳乙亥甲子甲子,甲,HEAVY,REN-CAIGUAN|SHISHI-BURUO|HEAVY-ROOT|BIJIE-PARTY|ROOT-STRUCK|ROOT-GAN-PRIORITY|WANGCHONG-SHUAI|ZHONGGUA-2SIDE|RI-BEI-HE|JIRUO-WUGEN|JIWANG-HUAIJI|GE-QUALITY|TIANGAN-XINGQING|YONGSHEN-STRUCTURE|YONGSHEN-FINAL|ZHONG-HE,"，即合此格。如赵太守，丙子 壬辰 甲子 甲子，亦合此格，所以为贵。或有丑字合子字则遥不成反成下格。白话译文本章专论""甲子遥巳格""——即以甲子日、甲子时为构格基础，借子支遥动巳中藏干以取官星的特殊格局。第一首：甲子日再逢甲子时，不必担忧官星旺相是否合用。若月令能生扶日主、根气深厚，则行运至金旺之地，反而能得非寻常的际遇与功名。第二首：同是甲坐子字、日时俱全，本可比作蟾宫折桂、金榜题名之命。然而，若命",['旺相']
渊海子平,渊海子平-0289,丙子壬辰甲子甲子,甲,LIGHT,REN-CAIGUAN|SHISHI-BURUO|LIGHT-ROOT|YIN-PARTY|BIJIE-PARTY|ROOT-GAN-PRIORITY|ZHONGGUA-2SIDE|JIRUO-WUGEN|SHIYONG-YUELING-XIANGFU|GE-QING|GE-QUALITY|TIANGAN-XINGQING|YONGSHEN-STRUCTURE|YONGSHEN-FINAL|ZHONG-HE,"，亦合此格，所以为贵。或有丑字合子字则遥不成反成下格。白话译文本章专论""甲子遥巳格""——即以甲子日、甲子时为构格基础，借子支遥动巳中藏干以取官星的特殊格局。第一首：甲子日再逢甲子时，不必担忧官星旺相是否合用。若月令能生扶日主、根气深厚，则行运至金旺之地，反而能得非寻常的际遇与功名。第二首：同是甲坐子字、日时俱全，本可比作蟾宫折桂、金榜题名之命。然而，若命中出现丑字绊住子支，或午字冲动官杀星显现，则",['旺相']
渊海子平,渊海子平-0290,癸丑乙丑辛丑戊子,辛,LIGHT,REN-CAIGUAN|SHISHI-BURUO|XIEQI-TAIZHONG|LIGHT-ROOT|YIN-PARTY|ROOT-GAN-PRIORITY|SHI-GUI-LU|ZHONGGUA-2SIDE|JIRUO-WUGEN|JISHUAI-CONGSHENG|SHIYONG-YUELING-XIANGFU|GE-QING|GE-QUALITY|YONGSHEN-STRUCTURE|YONGSHEN-FINAL|ZHONG-HE,"。辛丑 辛丑 辛丑 庚子，主大贵之命也。白话译文以辛日或癸日出生之人，若八字中多见丑字，便构成""丑遥巳格""——丑土能够遥遥牵引地支巳火，从而暗中引出藏于巳中的官星。不要以为此格不喜官星旺盛，恰恰相反，官星如此""暗入""反而能成就功名。辛丑、癸丑两日出生者，丑与巳之间存在遥合关系：巳中藏有丙火（辛之正官）与戊土（癸之正官），丑日在柱中出现越多，格局越为有力。最忌柱中出现子字——子与丑相合，丑被子""牵绊",[]
渊海子平,渊海子平-0291,辛丑辛丑辛丑庚子,辛,LIGHT,REN-CAIGUAN|SHISHI-BURUO|LIGHT-ROOT|BIJIE-PARTY|ROOT-GAN-PRIORITY|SHI-GUI-LU|ZHONGGUA-2SIDE|SHIYONG-YUELING-XIANGFU|GE-QING|GE-QUALITY|YONGSHEN-STRUCTURE|YONGSHEN-FINAL|ZHONG-HE,"，主大贵之命也。白话译文以辛日或癸日出生之人，若八字中多见丑字，便构成""丑遥巳格""——丑土能够遥遥牵引地支巳火，从而暗中引出藏于巳中的官星。不要以为此格不喜官星旺盛，恰恰相反，官星如此""暗入""反而能成就功名。辛丑、癸丑两日出生者，丑与巳之间存在遥合关系：巳中藏有丙火（辛之正官）与戊土（癸之正官），丑日在柱中出现越多，格局越为有力。最忌柱中出现子字——子与丑相合，丑被子""牵绊住""，便无法遥合巳火，格",[]
渊海子平,渊海子平-0292,壬辰甲辰甲辰壬寅,甲,HEAVY,REN-CAIGUAN|SHISHI-BURUO|HEAVY-ROOT|YIN-PARTY|BIJIE-PARTY|ROOT-STRUCK|ROOT-GAN-PRIORITY|SHI-GUI-LU|ZHONGGUA-2SIDE|JIRUO-WUGEN|JIWANG-HUAIJI|SHIYONG-YUELING-XIANGFU|GE-QUALITY|SHI-ZHU-JI|TIANGAN-XINGQING|YONGSHEN-STRUCTURE|YONGSHEN-FINAL|ZHONG-HE,"，为贵命。如壬寅 壬寅 壬辰 壬寅，为富命。正谓辰多则贵，寅多着富。若是戊见甲则不为富矣，却要年月时聚贵。若见官星，不为此格。白话译文壬骑龙背是一种罕见的贵格，凡日干（日柱天干）为壬、地支（earthly branch）带辰者，皆有此格的基础。辰为龙，壬水乘龙而行，故名""骑龙背""。格局喜见四柱中辰多、寅多，辰字积叠则贵气愈厚，寅字重重则财富愈丰——诗中以陶朱公（范蠡）、石崇比喻富贵极限。然而此格有",[]
渊海子平,渊海子平-0293,壬寅壬寅壬辰壬寅,壬,LIGHT,REN-CAIGUAN|SHISHI-BURUO|LIGHT-ROOT|BIJIE-PARTY|ROOT-GAN-PRIORITY|ZHONGGUA-2SIDE|JIRUO-WUGEN|SHIYONG-YUELING-XIANGFU|GE-QING|GE-QUALITY|SHI-ZHU-JI|YONGSHEN-STRUCTURE|YONGSHEN-FINAL|ZHONG-HE,"，为富命。正谓辰多则贵，寅多着富。若是戊见甲则不为富矣，却要年月时聚贵。若见官星，不为此格。白话译文壬骑龙背是一种罕见的贵格，凡日干（日柱天干）为壬、地支（earthly branch）带辰者，皆有此格的基础。辰为龙，壬水乘龙而行，故名""骑龙背""。格局喜见四柱中辰多、寅多，辰字积叠则贵气愈厚，寅字重重则财富愈丰——诗中以陶朱公（范蠡）、石崇比喻富贵极限。然而此格有一大忌：官星入柱，便会破格。所谓官",[]
渊海子平,渊海子平-0294,丙午癸巳甲子丙寅,甲,HEAVY,REN-CAIGUAN|SHISHI-BURUO|XIEQI-TAIZHONG|HEAVY-ROOT|YIN-PARTY|ROOT-STRUCK|ROOT-GAN-PRIORITY|WANGCHONG-SHUAI|SHI-GUI-LU|ZHONGGUA-2SIDE|JIRUO-WUGEN|JIWANG-HUAIJI|JISHUAI-CONGSHENG|SHIYONG-YUELING-XIANGFU|GE-QUALITY|SHI-ZHU-JI|TIANGAN-XINGQING|YONGSHEN-STRUCTURE|YONGSHEN-FINAL|ZHONG-HE,，此格正合，为富贵。行见官运亦凶。白话译文归禄格若能与财星同现，名利皆可兼得；天干（八字年月日时的上方部分）透出财星，也不必忌讳。命主自身强健、四柱无破局，则一生顺遂；最忌大运（人生阶段性运势）中遇到比肩（与日元同类之星），会分夺禄气。日元（出生日天干，代表命主本人）的禄星归藏于时柱（出生时辰柱），需要所临地支处于旺盛之位；食神（日元所生之神，主才华资源）乐于出现，但怕刑冲（地支间的冲突关系）破坏,"['身旺', '身强']"
渊海子平,渊海子平-0295,丙午癸巳甲子丙寅,甲,HEAVY,REN-CAIGUAN|SHISHI-BURUO|XIEQI-TAIZHONG|HEAVY-ROOT|YIN-PARTY|ROOT-STRUCK|ROOT-GAN-PRIORITY|WANGCHONG-SHUAI|SHI-GUI-LU|ZHONGGUA-2SIDE|JIRUO-WUGEN|JIWANG-HUAIJI|JISHUAI-CONGSHENG|SHIYONG-YUELING-XIANGFU|GE-QUALITY|SHI-ZHU-JI|TIANGAN-XINGQING|YONGSHEN-STRUCTURE|YONGSHEN-FINAL|ZHONG-HE,"，正合此格，主富贵；即便行运至官运，亦属不利。---关键词归禄格：日元禄星落在时柱、四柱无官星的特殊格局，以禄自用为核心。比肩：与日元五行属性相同之星，能分夺财禄，归禄格之大忌。刑冲破害：地支间四种不利的冲突关系，均可动摇格局根基。食神：日元所生之星，主才华与财源，归禄格中喜见以引化禄气。官星／七杀：克制日元之星，归禄格以""无官为纯""，见之则格局性质转变。现代启示归禄格的核心逻辑是：将自身优势集中",[]
渊海子平,渊海子平-0296,癸卯癸亥戊辰戊午,戊,HEAVY,REN-CAIGUAN|SHISHI-BURUO|HEAVY-ROOT|BIJIE-PARTY|ROOT-STRUCK|ROOT-GAN-PRIORITY|SHI-GUI-LU|ZHONGGUA-2SIDE|RI-BEI-HE|JIRUO-WUGEN|GE-QUALITY|YONGSHEN-STRUCTURE|YONGSHEN-FINAL|ZHONG-HE,，戊禄在巳，辰午拱之，不宜见巳，填实则凶。拱贵之格，乃甲戌庚午未例，宜虚拱，不要填实，相绊刑冲破害皆拱不成矣，犯者非此格。白话译文拱禄拱贵格在命格中颇为罕见，评断时仍须先看月令地支是否有用神。若月令本身已有用，以月令为重；若月令中无官星，才以此格取贵。得此格者可望腰佩金印、身着紫袍，位列高官。但最怕地支遭刑冲克破，也忌七杀出现于年柱或月柱。所拱的虚位一旦被实际地支填满，格局即破；月支见伤官、命中羊,[]
渊海子平,渊海子平-0297,庚子庚辰壬申辛亥,壬,HEAVY,REN-CAIGUAN|SHISHI-BURUO|HEAVY-ROOT|YIN-PARTY|ROOT-STRUCK|ROOT-GAN-PRIORITY|SHI-GUI-LU|ZHONGGUA-2SIDE|JIRUO-WUGEN|JIWANG-HUAIJI|GE-QUALITY|CAI-RUO-SHEN-QIANG|YONGSHEN-STRUCTURE|YONGSHEN-FINAL|ZHONG-HE,"，得申子辰合亥子水局，合此格，只忌官运。白话译文这两首诗讲述""润下格""的成格条件与富贵走向。第一首： 日干为壬水或癸水的人，最喜出生于冬月（亥、子、丑月），因冬季水气当令，水势本已旺盛。若地支再有申、子、辰三者相合，构成三合水局，则水势愈发充沛，格局更为纯粹；或者地支全为亥、子、丑，凑成北方三会水局，亦可成格。如此，仕途便能不费力气、一步步扶摇直上。第二首： 壬癸日干，置身强大水局之中，水势浩荡如","['身强', '旺极']"
渊海子平,渊海子平-0298,辛酉戊戌庚申辛巳,庚,HEAVY,REN-CAIGUAN|SHISHI-BURUO|HEAVY-ROOT|YIN-PARTY|BIJIE-PARTY|ROOT-STRUCK|ROOT-GAN-PRIORITY|SHI-GUI-LU|ZHONGGUA-2SIDE|JIRUO-WUGEN|JIWANG-HUAIJI|SHIYONG-YUELING-XIANGFU|GE-QUALITY|CAI-RUO-SHEN-QIANG|SHI-ZHU-JI|YONGSHEN-STRUCTURE|YONGSHEN-FINAL|ZHONG-HE,"，乃杨太尉命，忌火喜土，岁运亦然。白话译文秋季出生、四柱天干地支形成纯金格局，命理上称为""从革格""——全局随金气凝聚，五行之力归一，主人心悦诚服。只要命局中没有代表火气的力量前来冲克破坏，此人定能跻身朝廷高位，官至宰辅。金气纯粹、从革格成立，贵人自然钦佩信服；命局清澈不杂，福泽与禄位皆真实可期。然而一旦四柱中混入火的成分，金被克制，格局破败，此人便只能流入宗教或艺术之途，空有才学却难以在仕途上施展",[]
渊海子平,渊海子平-0299,戊戌己未戊辰癸丑,戊,HEAVY,REN-CAIGUAN|DESHI-BUWANG|HEAVY-ROOT|BIJIE-PARTY|ROOT-STRUCK|ROOT-GAN-PRIORITY|SHI-GUI-LU|ZHONGGUA-2SIDE|RI-BEI-HE|JIRUO-WUGEN|JIWANG-HUAIJI|SHIYONG-YUELING-XIANGFU|GE-QUALITY|SHI-ZHU-JI|YONGSHEN-STRUCTURE|YONGSHEN-FINAL|ZHONG-HE,"，乃张真人之命。白话译文戊土、己土生于四季之月（辰、戌、丑、未月），若命局中辰、戌、丑、未四支俱全或多现，便构成""稼穑格""。此格喜见财星（木克土，财为土之所克），厌恶官星与七杀（水克土，官杀耗身），一旦行运至东方木旺之地，土气受制，反主凶险。戊己天干重复出现，夹带杂气（辰戌丑未各藏余气），土极旺盛时只论纯土之势，不杂他物。此时遇财星（甲乙木）则能疏土，反为吉福；若官杀（壬癸水）临身，土反受困，祸患",[]
渊海子平,渊海子平-0300,甲寅丁卯乙未丙子,乙,HEAVY,REN-CAIGUAN|DESHI-BUWANG|XIEQI-TAIZHONG|HEAVY-ROOT|TENGLUO-XIJIA|BIJIE-PARTY|ROOT-STRUCK|ROOT-GAN-PRIORITY|ZHONGGUA-2SIDE|JIRUO-WUGEN|JIWANG-HUAIJI|GE-QUALITY|WANGJI-SIWO-SHENG|TIANGAN-XINGQING|YONGSHEN-STRUCTURE|YONGSHEN-FINAL|ZHONG-HE,"，无官杀，是以为贵。白话译文凡八字日主为甲木或乙木之人，若地支齐备寅、卯、辰（东方木局），便构成""曲直格""（以木气全旺为特征的特殊格局）。此格又称""仁寿格""，意为命主兼具仁厚之德与绵长之寿。若地支凑成亥、卯、未（木之三合局），木气更旺，但此时最忌遇到""白帝""（即庚辛金或申酉戌等金旺之地），因金克木，足以破局。反之，若行运至""坎地""（坎为水，指北方水运），水能生木，命主必得荣华显达。第二段进一步点明",['旺极']
渊海子平,渊海子平-0301,乙未辛巳丙午甲午,丙,HEAVY,REN-CAIGUAN|DESHI-BUWANG|HEAVY-ROOT|YIN-PARTY|ROOT-STRUCK|ROOT-GAN-PRIORITY|SHI-GUI-LU|ZHONGGUA-2SIDE|RI-BEI-HE|JIRUO-WUGEN|JIWANG-HUAIJI|GE-QUALITY|YONGSHEN-STRUCTURE|YONGSHEN-FINAL|ZHONG-HE,，极贵之命，忌金水，喜东南要身旺怕冲。白话译文夏日之火，焰势高张，若命局中没有水来克制，此人便是一代英豪。行运走向火地、木地，格局方能充分发挥，一旦时机成熟，便能脱颖而出、功成名就。火势旺盛、炎腾冲天之命，若又无水星（壬癸、亥子之类）来侵扰克伐，则富贵两全。若行运一路向东方（寅卯木运），木能生火、助旺格局，功名利禄便会接踵而至，官帽与印绶加身。眉批举例：丙丁火，以及巳午未三支齐聚，方构成炎上格。如,['身旺']
渊海子平,渊海子平-0302,庚申己酉丙申己丑,丙,NONE,CAIDUO-SHENRUAN|XIEQI-TAIZHONG|ZHONGGUA-2SIDE|JIRUO-WUGEN|JISHUAI-CONGSHENG|SHIYONG-YUELING-XIANGFU|GE-QING|GE-QUALITY|YUN-SHENG-ROOT|SHI-ZHU-JI|YONGSHEN-STRUCTURE|YONGSHEN-FINAL,"，以金为财，弃命从之，主富，其命以丙断之。白话译文第一首讲：日主（出生日天干，代表命主自身）在八字中毫无根基，财星（命主所克之五行，象征财富）却大量出现、沉重压身。此时若时柱有印星（能生扶日主的五行）来旺盛身宫，一旦行运逢到生扶之地，必能兴旺家业；但若印星反被冲破，一切都归于空。第二首讲：日干毫无气力，全局几乎都是财星，这时顺势""弃命从财""——放弃日主本身的主导，完全跟从强旺的财势——反而是福泽的",[]
渊海子平,渊海子平-0303,庚申己酉丙申己丑,丙,NONE,CAIDUO-SHENRUAN|XIEQI-TAIZHONG|ZHONGGUA-2SIDE|JIRUO-WUGEN|JISHUAI-CONGSHENG|SHIYONG-YUELING-XIANGFU|GE-QING|GE-QUALITY|YUN-SHENG-ROOT|SHI-ZHU-JI|YONGSHEN-STRUCTURE|YONGSHEN-FINAL,"四柱，金气极旺，丙火日主无根，财星（金）独大，弃命从财，以富论断。---关键词日主：八字中出生日的天干，代表命主自身，是全局分析的核心。弃命从财：日主极弱、财星极强时，顺从财势而非抵抗的特殊格局。印星：能直接生扶日主的五行（如水生木，水为木日主之印）。比劫：与日主同五行的干支，从财格中出现会扰乱""从势""结构。破印：印星被冲克制化，失去扶身功能，导致格局崩散。现代启示古人在观察八字强弱时，总结出一个",[]
渊海子平,渊海子平-0304,辛卯辛卯辛卯辛卯,辛,NONE,ZHONGGUA-2SIDE|WUGEN-YOUFU|SHIYONG-YUELING-XIANGFU|GE-QING|GE-QUALITY|YUN-SHENG-ROOT|SHI-ZHU-JI|YONGSHEN-STRUCTURE|YONGSHEN-FINAL,"。己巳 己巳 己巳 己巳。如戊午 戊午 戊午 戊午，关公八字。丁未 丁未 丁未 丁未，忌水。丙申 丙申 丙申 丙申，行北方南方运好。甲戌 甲戌 甲戌 甲戌，癸亥 癸亥 癸亥 癸亥，俱天干地支一气。白话译文""天元一气""是指八字四柱（年、月、日、时）天干完全相同的命格。古人认为此类格局气势纯一，能量不散。壬寅四重：四柱天干均为壬（阳水），地支均为寅（属木），水木相生，但离（火）坎（水）之气相争，旺盛之",['中和']
渊海子平,渊海子平-0305,己巳己巳己巳己巳,己,HEAVY,REN-CAIGUAN|SHISHI-BURUO|HEAVY-ROOT|BIJIE-PARTY|ROOT-GAN-PRIORITY|SHI-GUI-LU|ZHONGGUA-2SIDE|JIWANG-HUAIJI|SHIYONG-YUELING-XIANGFU|GE-QING|GE-QUALITY|CAI-RUO-SHEN-QIANG|TIANGAN-XINGQING|YONGSHEN-STRUCTURE|YONGSHEN-FINAL|ZHONG-HE,"。如戊午 戊午 戊午 戊午，关公八字。丁未 丁未 丁未 丁未，忌水。丙申 丙申 丙申 丙申，行北方南方运好。甲戌 甲戌 甲戌 甲戌，癸亥 癸亥 癸亥 癸亥，俱天干地支一气。白话译文""天元一气""是指八字四柱（年、月、日、时）天干完全相同的命格。古人认为此类格局气势纯一，能量不散。壬寅四重：四柱天干均为壬（阳水），地支均为寅（属木），水木相生，但离（火）坎（水）之气相争，旺盛之气终将胜出。行运走入火乡",['中和']
渊海子平,渊海子平-0306,戊午戊午戊午戊午,戊,HEAVY,REN-CAIGUAN|SHISHI-BURUO|HEAVY-ROOT|BIJIE-PARTY|ROOT-STRUCK|ROOT-GAN-PRIORITY|SHI-GUI-LU|ZHONGGUA-2SIDE|JIWANG-HUAIJI|SHIYONG-YUELING-XIANGFU|GE-QUALITY|CAI-RUO-SHEN-QIANG|YONGSHEN-STRUCTURE|YONGSHEN-FINAL|ZHONG-HE,"，关公八字。丁未 丁未 丁未 丁未，忌水。丙申 丙申 丙申 丙申，行北方南方运好。甲戌 甲戌 甲戌 甲戌，癸亥 癸亥 癸亥 癸亥，俱天干地支一气。白话译文""天元一气""是指八字四柱（年、月、日、时）天干完全相同的命格。古人认为此类格局气势纯一，能量不散。壬寅四重：四柱天干均为壬（阳水），地支均为寅（属木），水木相生，但离（火）坎（水）之气相争，旺盛之气终将胜出。行运走入火乡（南方）则能成就富贵，但须",['中和']
渊海子平,渊海子平-0307,丁未丁未丁未丁未,丁,LIGHT,REN-CAIGUAN|SHISHI-BURUO|LIGHT-ROOT|BIJIE-PARTY|ROOT-GAN-PRIORITY|SHI-GUI-LU|ZHONGGUA-2SIDE|SHIYONG-YUELING-XIANGFU|GE-QING|GE-QUALITY|TIANGAN-XINGQING|YONGSHEN-STRUCTURE|YONGSHEN-FINAL|ZHONG-HE,"，忌水。丙申 丙申 丙申 丙申，行北方南方运好。甲戌 甲戌 甲戌 甲戌，癸亥 癸亥 癸亥 癸亥，俱天干地支一气。白话译文""天元一气""是指八字四柱（年、月、日、时）天干完全相同的命格。古人认为此类格局气势纯一，能量不散。壬寅四重：四柱天干均为壬（阳水），地支均为寅（属木），水木相生，但离（火）坎（水）之气相争，旺盛之气终将胜出。行运走入火乡（南方）则能成就富贵，但须警惕与提刑（对冲之神）相遇。辛卯四",['中和']
渊海子平,渊海子平-0308,丙申丙申丙申丙申,丙,NONE,ZHONGGUA-2SIDE|WUGEN-YOUFU|SHIYONG-YUELING-XIANGFU|GE-QING|GE-QUALITY|YUN-SHENG-ROOT|SHI-ZHU-JI|YONGSHEN-STRUCTURE|YONGSHEN-FINAL,"，行北方南方运好。甲戌 甲戌 甲戌 甲戌，癸亥 癸亥 癸亥 癸亥，俱天干地支一气。白话译文""天元一气""是指八字四柱（年、月、日、时）天干完全相同的命格。古人认为此类格局气势纯一，能量不散。壬寅四重：四柱天干均为壬（阳水），地支均为寅（属木），水木相生，但离（火）坎（水）之气相争，旺盛之气终将胜出。行运走入火乡（南方）则能成就富贵，但须警惕与提刑（对冲之神）相遇。辛卯四重：四柱均为辛卯，天干辛金重叠",['中和']
渊海子平,渊海子平-0309,甲戌甲戌甲戌甲戌,甲,NONE,ZHONGGUA-2SIDE|WUGEN-YOUFU|SHIYONG-YUELING-XIANGFU|GE-QING|GE-QUALITY|YUN-SHENG-ROOT|SHI-ZHU-JI|TIANGAN-XINGQING|YONGSHEN-STRUCTURE|YONGSHEN-FINAL,"，癸亥 癸亥 癸亥 癸亥，俱天干地支一气。白话译文""天元一气""是指八字四柱（年、月、日、时）天干完全相同的命格。古人认为此类格局气势纯一，能量不散。壬寅四重：四柱天干均为壬（阳水），地支均为寅（属木），水木相生，但离（火）坎（水）之气相争，旺盛之气终将胜出。行运走入火乡（南方）则能成就富贵，但须警惕与提刑（对冲之神）相遇。辛卯四重：四柱均为辛卯，天干辛金重叠，日主（命主自身）力量轻薄，福气浅显，一",['中和']
渊海子平,渊海子平-0310,癸亥癸亥癸亥癸亥,癸,HEAVY,REN-CAIGUAN|HEAVY-ROOT|BIJIE-PARTY|ROOT-STRUCK|ROOT-GAN-PRIORITY|SHI-GUI-LU|ZHONGGUA-2SIDE|JIWANG-HUAIJI|SHIYONG-YUELING-XIANGFU|GE-QUALITY|CAI-RUO-SHEN-QIANG|TIANGAN-XINGQING|YONGSHEN-STRUCTURE|YONGSHEN-FINAL|ZHONG-HE,"，俱天干地支一气。白话译文""天元一气""是指八字四柱（年、月、日、时）天干完全相同的命格。古人认为此类格局气势纯一，能量不散。壬寅四重：四柱天干均为壬（阳水），地支均为寅（属木），水木相生，但离（火）坎（水）之气相争，旺盛之气终将胜出。行运走入火乡（南方）则能成就富贵，但须警惕与提刑（对冲之神）相遇。辛卯四重：四柱均为辛卯，天干辛金重叠，日主（命主自身）力量轻薄，福气浅显，一生多事端，恐寿命难坚。甲",['中和']
渊海子平,渊海子平-0311,壬子壬子壬子壬寅,壬,HEAVY,REN-CAIGUAN|HEAVY-ROOT|BIJIE-PARTY|ROOT-GAN-PRIORITY|ZHONGGUA-2SIDE|JIWANG-HUAIJI|GE-QING|GE-QUALITY|SHI-ZHU-JI|YONGSHEN-STRUCTURE|YONGSHEN-FINAL|ZHONG-HE,"，此格生在冬月有贵。戊辰 戊午 戊戌 戊子之例，喜土金。甲子 甲戌 甲寅 甲子，又乙丑 乙酉 乙亥 乙酉也。庚申 庚辰 庚戌 庚戌也。丙寅 丙申 丙午 丙申之例，克父母後，财多健旺可见。白话译文""天元一字""是指八字四柱（年、月、日、时）的天干（即""天元""）皆为同一字的特殊格局。水一字：四柱天干皆为壬或癸，以秋、冬季节出生最为贵显。若行运时逢一位吉神得力，少年时代便能在仕途上脱颖而出，官位高迁。土一",[]
渊海子平,渊海子平-0312,戊辰戊午戊戌戊子,戊,HEAVY,REN-CAIGUAN|SHISHI-BURUO|HEAVY-ROOT|BIJIE-PARTY|ROOT-STRUCK|ROOT-GAN-PRIORITY|WANGCHONG-SHUAI|ZHONGGUA-2SIDE|JIRUO-WUGEN|JIWANG-HUAIJI|GE-QUALITY|SHI-ZHU-JI|YONGSHEN-STRUCTURE|YONGSHEN-FINAL|ZHONG-HE,"之例，喜土金。甲子 甲戌 甲寅 甲子，又乙丑 乙酉 乙亥 乙酉也。庚申 庚辰 庚戌 庚戌也。丙寅 丙申 丙午 丙申之例，克父母後，财多健旺可见。白话译文""天元一字""是指八字四柱（年、月、日、时）的天干（即""天元""）皆为同一字的特殊格局。水一字：四柱天干皆为壬或癸，以秋、冬季节出生最为贵显。若行运时逢一位吉神得力，少年时代便能在仕途上脱颖而出，官位高迁。土一字：四柱天干皆为戊或己，在四季月（辰、戌、",[]
渊海子平,渊海子平-0313,甲子甲戌甲寅甲子,甲,HEAVY,REN-CAIGUAN|SHISHI-BURUO|HEAVY-ROOT|BIJIE-PARTY|ROOT-GAN-PRIORITY|ZHONGGUA-2SIDE|GE-QING|GE-QUALITY|TIANGAN-XINGQING|YONGSHEN-STRUCTURE|YONGSHEN-FINAL|ZHONG-HE,"，又乙丑 乙酉 乙亥 乙酉也。庚申 庚辰 庚戌 庚戌也。丙寅 丙申 丙午 丙申之例，克父母後，财多健旺可见。白话译文""天元一字""是指八字四柱（年、月、日、时）的天干（即""天元""）皆为同一字的特殊格局。水一字：四柱天干皆为壬或癸，以秋、冬季节出生最为贵显。若行运时逢一位吉神得力，少年时代便能在仕途上脱颖而出，官位高迁。土一字：四柱天干皆为戊或己，在四季月（辰、戌、丑、未月，即土旺之时）出生尤为奇特难",[]
渊海子平,渊海子平-0314,乙丑乙酉乙亥乙酉,乙,NONE,SHISHI-BURUO|BIJIE-PARTY|ZHONGGUA-2SIDE|WUGEN-YOUFU|SHIYONG-YUELING-XIANGFU|GE-QUALITY|YUN-SHENG-ROOT|SHI-ZHU-JI|TIANGAN-XINGQING|YONGSHEN-STRUCTURE|YONGSHEN-FINAL|ZHONG-HE,"也。庚申 庚辰 庚戌 庚戌也。丙寅 丙申 丙午 丙申之例，克父母後，财多健旺可见。白话译文""天元一字""是指八字四柱（年、月、日、时）的天干（即""天元""）皆为同一字的特殊格局。水一字：四柱天干皆为壬或癸，以秋、冬季节出生最为贵显。若行运时逢一位吉神得力，少年时代便能在仕途上脱颖而出，官位高迁。土一字：四柱天干皆为戊或己，在四季月（辰、戌、丑、未月，即土旺之时）出生尤为奇特难得。若地支含申、酉，格局更",[]
渊海子平,渊海子平-0315,庚申庚辰庚戌庚戌,庚,HEAVY,REN-CAIGUAN|SHISHI-BURUO|HEAVY-ROOT|BIJIE-PARTY|ROOT-STRUCK|ROOT-GAN-PRIORITY|SHI-GUI-LU|ZHONGGUA-2SIDE|JIRUO-WUGEN|JIWANG-HUAIJI|SHIYONG-YUELING-XIANGFU|GE-QUALITY|SHI-ZHU-JI|YONGSHEN-STRUCTURE|YONGSHEN-FINAL|ZHONG-HE,"也。丙寅 丙申 丙午 丙申之例，克父母後，财多健旺可见。白话译文""天元一字""是指八字四柱（年、月、日、时）的天干（即""天元""）皆为同一字的特殊格局。水一字：四柱天干皆为壬或癸，以秋、冬季节出生最为贵显。若行运时逢一位吉神得力，少年时代便能在仕途上脱颖而出，官位高迁。土一字：四柱天干皆为戊或己，在四季月（辰、戌、丑、未月，即土旺之时）出生尤为奇特难得。若地支含申、酉，格局更佳，此人聪慧俊秀，异于常人",[]
渊海子平,渊海子平-0316,丙寅丙申丙午丙申,丙,HEAVY,REN-CAIGUAN|SHISHI-BURUO|HEAVY-ROOT|BIJIE-PARTY|ROOT-STRUCK|ROOT-GAN-PRIORITY|WANGCHONG-SHUAI|ZHONGGUA-2SIDE|JIRUO-WUGEN|SHIYONG-YUELING-XIANGFU|GE-QUALITY|SHI-ZHU-JI|YONGSHEN-STRUCTURE|YONGSHEN-FINAL|ZHONG-HE,"之例，克父母後，财多健旺可见。白话译文""天元一字""是指八字四柱（年、月、日、时）的天干（即""天元""）皆为同一字的特殊格局。水一字：四柱天干皆为壬或癸，以秋、冬季节出生最为贵显。若行运时逢一位吉神得力，少年时代便能在仕途上脱颖而出，官位高迁。土一字：四柱天干皆为戊或己，在四季月（辰、戌、丑、未月，即土旺之时）出生尤为奇特难得。若地支含申、酉，格局更佳，此人聪慧俊秀，异于常人。木一字：四柱天干皆为甲或",[]
渊海子平,渊海子平-0317,壬子壬子壬子壬寅,壬,HEAVY,REN-CAIGUAN|HEAVY-ROOT|BIJIE-PARTY|ROOT-GAN-PRIORITY|ZHONGGUA-2SIDE|JIWANG-HUAIJI|GE-QING|GE-QUALITY|SHI-ZHU-JI|YONGSHEN-STRUCTURE|YONGSHEN-FINAL|ZHONG-HE,，四柱皆壬，冬月出生，有贵；戊辰、戊午、戊戌、戊子，皆戊土，喜金土并行；甲、乙木一字各有例；庚申、庚辰、庚戌、庚戌为金一字代表；丙寅、丙申、丙午、丙申为火一字，克父母后财多健旺。---关键词天元一字：八字年、月、日、时四柱天干完全相同，极为罕见，是命理中的特殊强格。魁罡：特指庚辰、庚戌、壬辰、戊戌等日柱，传统认为此格刚正果断，福威兼备。传送、登明：十二天将中的吉神，分别配属木、水，出现于命局中主福,[]
渊海子平,渊海子平-0318,戊辰戊午戊戌戊子,戊,HEAVY,REN-CAIGUAN|SHISHI-BURUO|HEAVY-ROOT|BIJIE-PARTY|ROOT-STRUCK|ROOT-GAN-PRIORITY|WANGCHONG-SHUAI|ZHONGGUA-2SIDE|JIRUO-WUGEN|JIWANG-HUAIJI|GE-QUALITY|SHI-ZHU-JI|YONGSHEN-STRUCTURE|YONGSHEN-FINAL|ZHONG-HE,，皆戊土，喜金土并行；甲、乙木一字各有例；庚申、庚辰、庚戌、庚戌为金一字代表；丙寅、丙申、丙午、丙申为火一字，克父母后财多健旺。---关键词天元一字：八字年、月、日、时四柱天干完全相同，极为罕见，是命理中的特殊强格。魁罡：特指庚辰、庚戌、壬辰、戊戌等日柱，传统认为此格刚正果断，福威兼备。传送、登明：十二天将中的吉神，分别配属木、水，出现于命局中主福元显达。大运：每十年一换的运程周期，被视为人生阶段,[]
渊海子平,渊海子平-0319,庚申庚辰庚戌庚戌,庚,HEAVY,REN-CAIGUAN|SHISHI-BURUO|HEAVY-ROOT|BIJIE-PARTY|ROOT-STRUCK|ROOT-GAN-PRIORITY|SHI-GUI-LU|ZHONGGUA-2SIDE|JIRUO-WUGEN|JIWANG-HUAIJI|SHIYONG-YUELING-XIANGFU|GE-QUALITY|SHI-ZHU-JI|YONGSHEN-STRUCTURE|YONGSHEN-FINAL|ZHONG-HE,为金一字代表；丙寅、丙申、丙午、丙申为火一字，克父母后财多健旺。---关键词天元一字：八字年、月、日、时四柱天干完全相同，极为罕见，是命理中的特殊强格。魁罡：特指庚辰、庚戌、壬辰、戊戌等日柱，传统认为此格刚正果断，福威兼备。传送、登明：十二天将中的吉神，分别配属木、水，出现于命局中主福元显达。大运：每十年一换的运程周期，被视为人生阶段性气候，决定格局能否发挥。库刃运：库指财官入库之运，刃指羊刃之运,[]
渊海子平,渊海子平-0320,丙寅丙申丙午丙申,丙,HEAVY,REN-CAIGUAN|SHISHI-BURUO|HEAVY-ROOT|BIJIE-PARTY|ROOT-STRUCK|ROOT-GAN-PRIORITY|WANGCHONG-SHUAI|ZHONGGUA-2SIDE|JIRUO-WUGEN|SHIYONG-YUELING-XIANGFU|GE-QUALITY|SHI-ZHU-JI|YONGSHEN-STRUCTURE|YONGSHEN-FINAL|ZHONG-HE,为火一字，克父母后财多健旺。---关键词天元一字：八字年、月、日、时四柱天干完全相同，极为罕见，是命理中的特殊强格。魁罡：特指庚辰、庚戌、壬辰、戊戌等日柱，传统认为此格刚正果断，福威兼备。传送、登明：十二天将中的吉神，分别配属木、水，出现于命局中主福元显达。大运：每十年一换的运程周期，被视为人生阶段性气候，决定格局能否发挥。库刃运：库指财官入库之运，刃指羊刃之运，两者逢贵可激发潜藏格局之力。现代启,[]
渊海子平,渊海子平-0321,庚辰庚戌壬辰戊戌,壬,LIGHT,REN-CAIGUAN|SHISHI-BURUO|LIGHT-ROOT|YIN-PARTY|ROOT-STRUCK|ROOT-GAN-PRIORITY|ZHONGGUA-2SIDE|JIRUO-WUGEN|SHIYONG-YUELING-XIANGFU|GE-QUALITY|SHI-ZHU-JI|YONGSHEN-STRUCTURE|YONGSHEN-FINAL|ZHONG-HE,"等日柱，传统认为此格刚正果断，福威兼备。传送、登明：十二天将中的吉神，分别配属木、水，出现于命局中主福元显达。大运：每十年一换的运程周期，被视为人生阶段性气候，决定格局能否发挥。库刃运：库指财官入库之运，刃指羊刃之运，两者逢贵可激发潜藏格局之力。现代启示""天元一字""本质上描述的是一种极度纯粹、高度集中的性格能量模型。古人观察到：当一个人的气质特征高度统一、没有内在撕裂时，往往在某一领域展现出异于常",[]
渊海子平,渊海子平-0322,甲子乙丑丙寅丁卯,丙,HEAVY,REN-CAIGUAN|SHISHI-BURUO|HEAVY-ROOT|YIN-PARTY|BIJIE-PARTY|ROOT-GAN-PRIORITY|ZHONGGUA-2SIDE|JIWANG-HUAIJI|GE-QUALITY|YONGSHEN-STRUCTURE|YONGSHEN-FINAL|ZHONG-HE,之类奇格也，年为君，日为主，月时如宾如臣，辅佐贵气，兼似前法有次，朝其纲常，辅其伦序，正其尊严。又云阳欲慎独，阴欲群随，仍察贵煞所加之处。日主最喜先干，日主应嫌次仁。日主先干如甲日见癸之类，此等其益有三：一能合成财资我一也，一能善于长发我二也，一能化其象生我三也，但已往之气稍慢，日主次位，如甲见乙之类，此等其损有四：一能劫妻财空我，一能合煞损我，一能化象以泄我气，一能拦截前路作刃害我，四也。支神前,[]
渊海子平,渊海子平-0323,丙子丁丑戊寅辛卯,戊,HEAVY,REN-CAIGUAN|DESHI-BUWANG|XIEQI-TAIZHONG|HEAVY-ROOT|YIN-PARTY|ROOT-GAN-PRIORITY|ZHONGGUA-2SIDE|JIRUO-WUGEN|JIWANG-HUAIJI|GE-QUALITY|WANGJI-SIWO-SHENG|SHI-ZHU-JI|YONGSHEN-STRUCTURE|YONGSHEN-FINAL|ZHONG-HE,、壬辰、癸巳、丙午、丁未、戊申、辛酉、壬戌、癸亥，犯此日多因孝服官讼二事，临逼结婚或成亲，百日内决主两处亲家忽招讼服，或主无外家力，舅氏不谐，或无外家，或两重父母，或无妻财，或女命两重翁姑，半真半假，带合神桃花，花烛不明，或非良妇，或残房入舍，此六干柱中多者尤紧尤滥，即阴错阳差也，带桃花在帝旺多惹妇人官讼，或豪家亦因妻党婢妾致争，否则儿女官司也。别子贤愚五法：一以妻生而克我者为子，男以偏官为子，女,[]
渊海子平,渊海子平-0324,壬辰癸巳丙午丁未,丙,HEAVY,REN-CAIGUAN|DESHI-BUWANG|HEAVY-ROOT|BIJIE-PARTY|ROOT-GAN-PRIORITY|SHI-GUI-LU|ZHONGGUA-2SIDE|JIRUO-WUGEN|JIWANG-HUAIJI|GE-QING|GE-QUALITY|YONGSHEN-STRUCTURE|YONGSHEN-FINAL|ZHONG-HE,、戊申、辛酉、壬戌、癸亥，犯此日多因孝服官讼二事，临逼结婚或成亲，百日内决主两处亲家忽招讼服，或主无外家力，舅氏不谐，或无外家，或两重父母，或无妻财，或女命两重翁姑，半真半假，带合神桃花，花烛不明，或非良妇，或残房入舍，此六干柱中多者尤紧尤滥，即阴错阳差也，带桃花在帝旺多惹妇人官讼，或豪家亦因妻党婢妾致争，否则儿女官司也。别子贤愚五法：一以妻生而克我者为子，男以偏官为子，女以正官为子。一云，女以我,[]
渊海子平,渊海子平-0325,戊申辛酉壬戌癸亥,壬,HEAVY,REN-CAIGUAN|SHISHI-BURUO|HEAVY-ROOT|YIN-PARTY|BIJIE-PARTY|ROOT-STRUCK|ROOT-GAN-PRIORITY|SHI-GUI-LU|ZHONGGUA-2SIDE|JIRUO-WUGEN|JIWANG-HUAIJI|GE-QUALITY|YONGSHEN-STRUCTURE|YONGSHEN-FINAL|ZHONG-HE,，犯此日多因孝服官讼二事，临逼结婚或成亲，百日内决主两处亲家忽招讼服，或主无外家力，舅氏不谐，或无外家，或两重父母，或无妻财，或女命两重翁姑，半真半假，带合神桃花，花烛不明，或非良妇，或残房入舍，此六干柱中多者尤紧尤滥，即阴错阳差也，带桃花在帝旺多惹妇人官讼，或豪家亦因妻党婢妾致争，否则儿女官司也。别子贤愚五法：一以妻生而克我者为子，男以偏官为子，女以正官为子。一云，女以我生为子，引至时上逢生旺则,[]
渊海子平,渊海子平-0326,壬辰辛亥癸亥癸亥,癸,HEAVY,REN-CAIGUAN|HEAVY-ROOT|BIJIE-PARTY|ROOT-STRUCK|ROOT-GAN-PRIORITY|SHI-GUI-LU|ZHONGGUA-2SIDE|JIRUO-WUGEN|JIWANG-HUAIJI|SHIYONG-YUELING-XIANGFU|GE-QUALITY|CAI-RUO-SHEN-QIANG|TIANGAN-XINGQING|YONGSHEN-STRUCTURE|YONGSHEN-FINAL|ZHONG-HE,，此亦因阳明命而立论。六合有功，权尊六部。三刑得用，威震三边。凡四柱中有刑冲克害，破象本为凶论，得神挽合有力者，即反为祥，其福高远，年月成用大贵，日时成用者次之。刑本不吉，得用者富贵聪明，无用者孤贫凶夭，何以为得用，三刑有气，日主刚强，无用反是。子午端门，双拱歧嶷凭外正。子午二位，正而不偏，故曰端门。若得夹拱无破损者，更有力量，人必聪明，奋立勳业，正拱者，亥丑拱子，巳未拱午。外拱者，申辰拱子，戌寅,[]
渊海子平,渊海子平-0327,戊戌癸亥丁巳辛亥,丁,HEAVY,REN-CAIGUAN|XIEQI-TAIZHONG|HEAVY-ROOT|ROOT-STRUCK|ROOT-GAN-PRIORITY|WANGCHONG-SHUAI|ZHONGGUA-2SIDE|JIRUO-WUGEN|JISHUAI-CONGSHENG|SHIYONG-YUELING-XIANGFU|GE-QUALITY|SHI-ZHU-JI|TIANGAN-XINGQING|YONGSHEN-STRUCTURE|YONGSHEN-FINAL|ZHONG-HE,，交互其气全，乃宰相命也。戊午火得壬子木，中有丁壬真木，戊癸真火。丙申火得乙酉水，中有丙辛真水，乙庚真金。庚寅得己卯土，中有甲己真土，乙庚真金。如庚寅己卯交互全，乃两府命也。凡命先论化气，考五运篇，以甲丙戊庚壬合五阴干为太过，乙丁己辛癸合五阳干为不及，太过不及之间有权存焉。考天元变化书，又分昼夜。如六甲日生木，夜生化土，故六戊人得甲，取日生为鬼，夜生为官用。六乙人日生用金，夜生用木，故六己人见之日,[]
渊海子平,渊海子平-0328,癸亥辛酉癸亥辛酉,癸,HEAVY,REN-CAIGUAN|SHISHI-BURUO|HEAVY-ROOT|YIN-PARTY|BIJIE-PARTY|ROOT-STRUCK|ROOT-GAN-PRIORITY|ZHONGGUA-2SIDE|JIWANG-HUAIJI|SHIYONG-YUELING-XIANGFU|GE-QUALITY|CAI-RUO-SHEN-QIANG|TIANGAN-XINGQING|YONGSHEN-STRUCTURE|YONGSHEN-FINAL|ZHONG-HE,，干支俱金水不杂，水生金月，金助水清，二水二金成象，所谓金白水清，别无夹杂，又合两干不杂，所以尊为天子。如癸酉 癸亥 庚子 辛巳，金生水月，金反泄气，沈于亥子之中，所以不免水厄金。土象不可见木，谓木克土则土不能生金，不成象也。土积成金，土多金少，其福厚实。金重土轻，福出艰辛。金火象不可见水，见水则火灭金沈，不能成器。金重火轻，发迟益寿。金轻火重，发早退速，或主寿亏。金木象不宜见火，活木畏金，见火成,[]
渊海子平,渊海子平-0329,癸酉癸亥庚子辛巳,庚,HEAVY,REN-CAIGUAN|SHISHI-BURUO|XIEQI-TAIZHONG|HEAVY-ROOT|BIJIE-PARTY|ROOT-STRUCK|ROOT-GAN-PRIORITY|WANGCHONG-SHUAI|SHI-GUI-LU|ZHONGGUA-2SIDE|JIRUO-WUGEN|JIWANG-HUAIJI|JISHUAI-CONGSHENG|GE-QUALITY|SHI-ZHU-JI|YONGSHEN-STRUCTURE|YONGSHEN-FINAL|ZHONG-HE,，金生水月，金反泄气，沈于亥子之中，所以不免水厄金。土象不可见木，谓木克土则土不能生金，不成象也。土积成金，土多金少，其福厚实。金重土轻，福出艰辛。金火象不可见水，见水则火灭金沈，不能成器。金重火轻，发迟益寿。金轻火重，发早退速，或主寿亏。金木象不宜见火，活木畏金，见火成秀，死木得金，方成造化。金重木轻，令人骨痛。木重金轻，主损钱财，或肺疾相攻，惟金木相宜则吉。水木象秀而清高，不可见卯巳，以水死绝,[]
渊海子平,渊海子平-0330,戊子戊午己丑己未,己,HEAVY,REN-CAIGUAN|SHISHI-BURUO|HEAVY-ROOT|BIJIE-PARTY|ROOT-STRUCK|ROOT-GAN-PRIORITY|WANGCHONG-SHUAI|SHI-GUI-LU|ZHONGGUA-2SIDE|JIRUO-WUGEN|JIWANG-HUAIJI|SHIYONG-YUELING-XIANGFU|GE-QUALITY|SHI-ZHU-JI|TIANGAN-XINGQING|YONGSHEN-STRUCTURE|YONGSHEN-FINAL|ZHONG-HE,、丁巳、丁亥、丙辰、丙戌、丙丁与戊己相夹，乃火虚土聚。李九万以戊子、己丑、戊午、己未、丙辰、丁巳、丙戌、丁亥皆火土夹杂之象，不可以连珠为贵。时上逢壬癸水，土滞火灭，平生蹇薄。及云：火见土则暗，土见火则虚。土轻火重则燥，己卯日见丙寅时是也。火轻土重不明，丁酉日见戊申时是也。如韩学士，戊戌 丁巳 戊戌 丁巳，火土成象，又为凤凰干支格，故贵。经云：金水多清，金土多厚，以其相生。金火多刚，金木多正，以其相,[]
渊海子平,渊海子平-0331,丁巳丁亥丙辰丙戌,丙,HEAVY,REN-CAIGUAN|SHISHI-BURUO|HEAVY-ROOT|JUECHU-FENGSHENG|BIJIE-PARTY|ROOT-STRUCK|ROOT-GAN-PRIORITY|WANGCHONG-SHUAI|SHI-GUI-LU|ZHONGGUA-2SIDE|JIRUO-WUGEN|GE-QUALITY|SHI-ZHU-JI|YONGSHEN-STRUCTURE|YONGSHEN-FINAL|ZHONG-HE,、丙丁与戊己相夹，乃火虚土聚。李九万以戊子、己丑、戊午、己未、丙辰、丁巳、丙戌、丁亥皆火土夹杂之象，不可以连珠为贵。时上逢壬癸水，土滞火灭，平生蹇薄。及云：火见土则暗，土见火则虚。土轻火重则燥，己卯日见丙寅时是也。火轻土重不明，丁酉日见戊申时是也。如韩学士，戊戌 丁巳 戊戌 丁巳，火土成象，又为凤凰干支格，故贵。经云：金水多清，金土多厚，以其相生。金火多刚，金木多正，以其相克。火土多毒，火木多聪，,[]
渊海子平,渊海子平-0332,戊子己丑戊午己未,戊,HEAVY,REN-CAIGUAN|HEAVY-ROOT|BIJIE-PARTY|ROOT-STRUCK|ROOT-GAN-PRIORITY|SHI-GUI-LU|ZHONGGUA-2SIDE|JIRUO-WUGEN|JIWANG-HUAIJI|SHIYONG-YUELING-XIANGFU|GE-QUALITY|SHI-ZHU-JI|YONGSHEN-STRUCTURE|YONGSHEN-FINAL|ZHONG-HE,、丙辰、丁巳、丙戌、丁亥皆火土夹杂之象，不可以连珠为贵。时上逢壬癸水，土滞火灭，平生蹇薄。及云：火见土则暗，土见火则虚。土轻火重则燥，己卯日见丙寅时是也。火轻土重不明，丁酉日见戊申时是也。如韩学士，戊戌 丁巳 戊戌 丁巳，火土成象，又为凤凰干支格，故贵。经云：金水多清，金土多厚，以其相生。金火多刚，金木多正，以其相克。火土多毒，火木多聪，火水多昧，火金多烈，木火文彩，木水清奇，木金方直，木土毒害，,[]
渊海子平,渊海子平-0333,丙辰丁巳丙戌丁亥,丙,HEAVY,REN-CAIGUAN|HEAVY-ROOT|BIJIE-PARTY|ROOT-STRUCK|ROOT-GAN-PRIORITY|WANGCHONG-SHUAI|ZHONGGUA-2SIDE|JIRUO-WUGEN|JIWANG-HUAIJI|GE-QUALITY|SHI-ZHU-JI|YONGSHEN-STRUCTURE|YONGSHEN-FINAL|ZHONG-HE,皆火土夹杂之象，不可以连珠为贵。时上逢壬癸水，土滞火灭，平生蹇薄。及云：火见土则暗，土见火则虚。土轻火重则燥，己卯日见丙寅时是也。火轻土重不明，丁酉日见戊申时是也。如韩学士，戊戌 丁巳 戊戌 丁巳，火土成象，又为凤凰干支格，故贵。经云：金水多清，金土多厚，以其相生。金火多刚，金木多正，以其相克。火土多毒，火木多聪，火水多昧，火金多烈，木火文彩，木水清奇，木金方直，木土毒害，水火智慧，水木智仁，水金,[]
渊海子平,渊海子平-0334,戊戌丁巳戊戌丁巳,戊,HEAVY,REN-CAIGUAN|SHISHI-BURUO|HEAVY-ROOT|YIN-PARTY|BIJIE-PARTY|ROOT-GAN-PRIORITY|SHI-GUI-LU|ZHONGGUA-2SIDE|JIWANG-HUAIJI|SHIYONG-YUELING-XIANGFU|GE-QING|GE-QUALITY|CAI-RUO-SHEN-QIANG|YONGSHEN-STRUCTURE|YONGSHEN-FINAL|ZHONG-HE,，火土成象，又为凤凰干支格，故贵。经云：金水多清，金土多厚，以其相生。金火多刚，金木多正，以其相克。火土多毒，火木多聪，火水多昧，火金多烈，木火文彩，木水清奇，木金方直，木土毒害，水火智慧，水木智仁，水金秀丽，水土重浊，各以五行之性推之。凡命怕同类相破，如己未见甲辰，甲辰见己丑，己丑见甲戌，甲戌见己未。凡在四冲之地，纳音同类，逐两位逆数之，寅申巳亥，子午卯酉亦以此取，主平生不足，多不成器。道经云：,[]
渊海子平,渊海子平-0335,己未乙亥丙寅辛卯,丙,HEAVY,REN-CAIGUAN|SHISHI-BURUO|XIEQI-TAIZHONG|HEAVY-ROOT|JUECHU-FENGSHENG|YIN-PARTY|ROOT-STRUCK|ROOT-GAN-PRIORITY|HE-HUASHEN-DESHI|ZHONGGUA-2SIDE|RI-BEI-HE|JIRUO-WUGEN|JISHUAI-CONGSHENG|GE-QING|GE-QUALITY|CAI-RUO-SHEN-QIANG|YONGSHEN-STRUCTURE|YONGSHEN-FINAL|ZHONG-HE,，逢三合生更遇寅卯为己入官乡，丙与辛合，大贵，奈己阴土逢乙木作鬼，又遇辛作乙木之鬼，变寅卯之官作己土鬼，在亥卯未三合位遇是鬼克，犯鬼啸也，故主恶死。经曰：五行切忌下贼上，平生不足事相索。又曰：鬼啸分明格局恶，更加刑煞祸不差，纵使以前逢富贵，定知日后厌年华。凡看命，取胎生旺库为四贵，死绝病败为四忌，余为四平。以太岁干为主，配于五行，取四贵、四平、四忌之位而分贵贱，遇贵多则贵，遇贱多则贱。四贵之中又分,[]
渊海子平,渊海子平-0336,甲申丙寅己亥辛巳,己,HEAVY,REN-CAIGUAN|SHISHI-BURUO|XIEQI-TAIZHONG|HEAVY-ROOT|YIN-PARTY|ROOT-STRUCK|ROOT-GAN-PRIORITY|WANGCHONG-SHUAI|SHI-GUI-LU|ZHONGGUA-2SIDE|RI-BEI-HE|JIRUO-WUGEN|JISHUAI-CONGSHENG|SHIYONG-YUELING-XIANGFU|GE-QUALITY|TIANGAN-XINGQING|YONGSHEN-STRUCTURE|YONGSHEN-FINAL|ZHONG-HE,、戊申，皆五行自长生，不论四时，超然得自生之理。人命禀之，敏快高明。贵者得之，其进以渐。富者得之，亦将向荣而得其所以生也。丙子、戊午、辛卯、癸酉、庚子，皆五行自旺，不待四时而能自致其旺，福力奋发无与比拟。癸未、壬辰、丙辰、甲戌、乙丑，皆五行自墓，乃归根复命之时。凡库之所在，必欲物聚之，则其库充，如壬辰水欲得众水交归，然后为旺，更有金往来相生，当得重权说。水制火，火制金，夏天中临之，是为负印不起，主,[]
渊海子平,渊海子平-0337,癸未壬辰丙辰甲戌,丙,LIGHT,REN-CAIGUAN|SHISHI-BURUO|LIGHT-ROOT|YIN-PARTY|ROOT-STRUCK|ROOT-GAN-PRIORITY|SHI-GUI-LU|ZHONGGUA-2SIDE|JIRUO-WUGEN|SHIYONG-YUELING-XIANGFU|GE-QUALITY|SHI-ZHU-JI|YONGSHEN-STRUCTURE|YONGSHEN-FINAL|ZHONG-HE,、乙丑，皆五行自墓，乃归根复命之时。凡库之所在，必欲物聚之，则其库充，如壬辰水欲得众水交归，然后为旺，更有金往来相生，当得重权说。水制火，火制金，夏天中临之，是为负印不起，主贫贱。乙卯、丁酉、壬午、甲子、己卯，此五行自死者也。生则劳，死则息，其理自然。不有死之地，其物无自而归。所谓自死者，得其真归之理焉。凡命遇此，颖特高明，多慧少福，以静默为体，而不利有为，以淡薄为事，而不利兴起，惟可学道访仙，超,[]
渊海子平,渊海子平-0338,癸巳乙亥庚申壬寅,庚,HEAVY,REN-CAIGUAN|XIEQI-TAIZHONG|ROOT-STRUCK|ROOT-GAN-PRIORITY|WANGCHONG-SHUAI|ZHONGGUA-2SIDE|RI-BEI-HE|JIRUO-WUGEN|JIWANG-HUAIJI|JISHUAI-CONGSHENG|SHIYONG-YUELING-XIANGFU|GE-QUALITY|SHI-ZHU-JI|YONGSHEN-STRUCTURE|YONGSHEN-FINAL|ZHONG-HE,、丁巳，此五行自绝者也。天之道无可绝焉，干支适会已绝则更生，凡遇此者，忧喜未定，如癸巳绝水得癸酉旺金扶之，是谓绝水逢生，尤为吉庆。凡命上带死绝、生旺、库墓等，不可就以所带言之，须看月令以辨清浊。清者有制伏之谓，如水病见土则浊，却非土堤防则不能止息，既止息则清之有渐也。浊者无制伏之谓，如水多无土则泛滥无归，而水极生木，权则变，变则通也。盖五行尚其变而不尚其常，贵其隐而不贵其显。死绝有救则为还魂，多以,[]
渊海子平,渊海子平-0339,壬子丙午丙午壬子,丙,HEAVY,REN-CAIGUAN|DESHI-BUWANG|HEAVY-ROOT|BIJIE-PARTY|ROOT-STRUCK|ROOT-GAN-PRIORITY|WANGCHONG-SHUAI|ZHONGGUA-2SIDE|JIRUO-WUGEN|JIWANG-HUAIJI|GE-QUALITY|CAI-RUO-SHEN-QIANG|SHI-ZHU-JI|YONGSHEN-STRUCTURE|YONGSHEN-FINAL|ZHONG-HE,水木精神，阴阳纯粹，余位无助，亦非常器，加以季秀之气则旷世无忌，大德有容，乃丈夫也。卯酉日出入之地，子午阴阳始分之宫，遇之者令人往来不定，岁运亦然。巳亥为两极之地，地天斡旋。寅申为三停之方，邮递往来，如人遇之，多不执一。丑未迟迟，辰戌速速，遇之令人执方，性不通变。辰戌有气，却能建立大事。丙子人四柱有壬寅，是壬入丙家就破，不美。庚子见庚午，是五鬼临门。戊寅见甲寅，甲克其戊，戊寅随势克甲寅，是支干纳音,[]
渊海子平,渊海子平-0340,乙丑乙未庚辰庚戌,庚,LIGHT,REN-CAIGUAN|SHISHI-BURUO|LIGHT-ROOT|BIJIE-PARTY|ROOT-STRUCK|ROOT-GAN-PRIORITY|SHI-GUI-LU|ZHONGGUA-2SIDE|RI-BEI-HE|JIRUO-WUGEN|SHIYONG-YUELING-XIANGFU|GE-QUALITY|SHI-ZHU-JI|YONGSHEN-STRUCTURE|YONGSHEN-FINAL|ZHONG-HE,，见戊寅大好，运亦然。经曰：如得刚金济戊寅，欲绝不绝成福力。乙卯见戊寅，戊寅见乙卯，是大好命。丹阳书云：三奇之际，尚有虚声。死绝之中，尤存生旺。盖三合三奇不合月分则不贵，如甲戊庚有子午时方贵，乙丙丁有寅卯时方贵。天元变化书云：乙丙丁正爱酉亥，更看纳音有无交涉。又云：凡三奇三合带月令中秀气，入贵格，亦不免庶出过房作赘。又云：凡命见三合三奇而本年不带，在四孟生而得四仲四季月日时，四仲四季同论，及胎月日,[]
渊海子平,渊海子平-0341,戊戌辛酉己未甲戌,己,HEAVY,REN-CAIGUAN|SHISHI-BURUO|XIEQI-TAIZHONG|HEAVY-ROOT|BIJIE-PARTY|ROOT-STRUCK|ROOT-GAN-PRIORITY|SHI-GUI-LU|ZHONGGUA-2SIDE|RI-BEI-HE|JIRUO-WUGEN|JIWANG-HUAIJI|JISHUAI-CONGSHENG|SHIYONG-YUELING-XIANGFU|GE-QUALITY|CAI-RUO-SHEN-QIANG|TIANGAN-XINGQING|YONGSHEN-STRUCTURE|YONGSHEN-FINAL|ZHONG-HE,，八字果应。淮王云孙壅七公相，亦占嗣于江文通祠，梦始出疲赤犬，再见肥黄狗在路傍，及白马立平地木左，复赌赭猪联咬犬尾入屋上土，公相自忖度，乃丙戌 戊戌 庚午 丁亥，年月日时成化。岁次，暮秋朔后夜半，甫生子，果验。又元文式五师生大德，丁未岁正月十七日壬午申时，至明洪武己未元旦，梦中得黄羊触数七十有三，至斯际果逝。其子式敬筹六老，梦数白兔入内，姜沈围怀，及顺帝十一年仲春，甲辰昧爽，产淑、正，求二者四柱，,[]
渊海子平,渊海子平-0342,丙戌戊戌庚午丁亥,庚,LIGHT,REN-CAIGUAN|SHISHI-BURUO|LIGHT-ROOT|YIN-PARTY|ROOT-GAN-PRIORITY|ZHONGGUA-2SIDE|JIRUO-WUGEN|GE-QING|GE-QUALITY|SHI-ZHU-JI|YONGSHEN-STRUCTURE|YONGSHEN-FINAL|ZHONG-HE,，年月日时成化。岁次，暮秋朔后夜半，甫生子，果验。又元文式五师生大德，丁未岁正月十七日壬午申时，至明洪武己未元旦，梦中得黄羊触数七十有三，至斯际果逝。其子式敬筹六老，梦数白兔入内，姜沈围怀，及顺帝十一年仲春，甲辰昧爽，产淑、正，求二者四柱，皆辛卯。后人有记云：历周追忆古人心，仰止高山直到今，院兔两双生梦兆，四重辛卯又逢阴。又白鸡、银鼠应辛酉、庚子之祥，白鸡在酉，值太岁不起之兆。由上数事观之，人之生,[]
渊海子平,渊海子平-0343,甲寅丁巳戊申辛亥,戊,HEAVY,REN-CAIGUAN|SHISHI-BURUO|XIEQI-TAIZHONG|HEAVY-ROOT|YIN-PARTY|ROOT-STRUCK|ROOT-GAN-PRIORITY|WANGCHONG-SHUAI|ZHONGGUA-2SIDE|JIRUO-WUGEN|JIWANG-HUAIJI|JISHUAI-CONGSHENG|GE-QUALITY|SHI-ZHU-JI|YONGSHEN-STRUCTURE|YONGSHEN-FINAL|ZHONG-HE,等日，坐四生之地，最多聪明。裸形、沐浴即子午卯酉四败之地也，月时犯无妨，只怕日干自坐。如甲子、庚午、丁卯、癸酉等日，身坐桃花煞，再遇带合，故主浊滥荒淫。丁逢卯日，遇己土饕(音同涛)食之人。亥乃浆神，逢酉金嗜杯之客。丁干坐卯木为枭，若遇己为食，故主贪食，或因食生灾。亥为登明，酉加水为酒，酉日生人，逢亥必生贪杯，更带刑冲，主落魄或酒死。归禄得财而获福，无财归禄必须贫。归禄身旺故用财，无财而专归禄无用，,['身旺']
渊海子平,渊海子平-0344,甲子庚午丁卯癸酉,丁,HEAVY,REN-CAIGUAN|DESHI-BUWANG|HEAVY-ROOT|YIN-PARTY|ROOT-STRUCK|ROOT-GAN-PRIORITY|WANGCHONG-SHUAI|SHI-GUI-LU|ZHONGGUA-2SIDE|JIRUO-WUGEN|JIWANG-HUAIJI|GE-QUALITY|SHI-ZHU-JI|TIANGAN-XINGQING|YONGSHEN-STRUCTURE|YONGSHEN-FINAL|ZHONG-HE,等日，身坐桃花煞，再遇带合，故主浊滥荒淫。丁逢卯日，遇己土饕(音同涛)食之人。亥乃浆神，逢酉金嗜杯之客。丁干坐卯木为枭，若遇己为食，故主贪食，或因食生灾。亥为登明，酉加水为酒，酉日生人，逢亥必生贪杯，更带刑冲，主落魄或酒死。归禄得财而获福，无财归禄必须贫。归禄身旺故用财，无财而专归禄无用，得伤官食神生财月吉，又怕见官煞窃财之气。财印混杂，终为受困。偏正错乱，必致伤身。贪财坏印，故忌混杂，若先财後印,['身旺']
渊海子平,渊海子平-0345,丁亥己酉壬午辛亥,壬,HEAVY,REN-CAIGUAN|SHISHI-BURUO|HEAVY-ROOT|YIN-PARTY|ROOT-STRUCK|ROOT-GAN-PRIORITY|SHI-GUI-LU|ZHONGGUA-2SIDE|RI-BEI-HE|JIRUO-WUGEN|JIWANG-HUAIJI|GE-QUALITY|YONGSHEN-STRUCTURE|YONGSHEN-FINAL|ZHONG-HE,，是日禄归时，午中亦有官星，却得酉月为印合格。月刃日刃及时刃，逢官煞荣神，功名盖世。此三刃格，要官煞印绶相制化。荣神，印绶异名。有官煞无印、有煞无官俱得，有印化煞尤佳。只怕羁绊，如有官不可见伤，有印不可见财，有煞不可见食，伤压之或制去、合去皆不成正格。如壬申 壬子 戊午 乙卯，日刃有乙卯制伏，丙戌 癸巳 戊午 丁巳，日刃有印绶变化，故皆贵。月令专制七煞，身健鹰扬。喜忌篇云：若乃时逢七煞，见之未必为,['身弱']
渊海子平,渊海子平-0346,壬申壬子戊午乙卯,戊,HEAVY,REN-CAIGUAN|HEAVY-ROOT|ROOT-STRUCK|ROOT-GAN-PRIORITY|WANGCHONG-SHUAI|ZHONGGUA-2SIDE|JIRUO-WUGEN|GE-QUALITY|SHI-ZHU-JI|YONGSHEN-STRUCTURE|YONGSHEN-FINAL|ZHONG-HE,，日刃有乙卯制伏，丙戌 癸巳 戊午 丁巳，日刃有印绶变化，故皆贵。月令专制七煞，身健鹰扬。喜忌篇云：若乃时逢七煞，见之未必为凶。月制干强，其煞反为权印。即解此义也。一云：时上偏官通月气主旺，鹰扬与此少异。运元生发三财，命强豹变。正官格喜羊刃及财印相资，有伤官则克，有刑冲则破，无印无刃，只有财星资助亦吉，岁同。财官生旺逢印绶，拜薇垣宪府之尊。三合印财会局全，登五马诸侯之贵。财官生旺格，柱有偏正印，再,['身弱']
渊海子平,渊海子平-0347,丙戌癸巳戊午丁巳,戊,HEAVY,REN-CAIGUAN|SHISHI-BURUO|HEAVY-ROOT|YIN-PARTY|ROOT-GAN-PRIORITY|HE-HUASHEN-DESHI|SHI-GUI-LU|ZHONGGUA-2SIDE|RI-BEI-HE|JIRUO-WUGEN|JIWANG-HUAIJI|SHIYONG-YUELING-XIANGFU|GE-QING|GE-QUALITY|CAI-RUO-SHEN-QIANG|YONGSHEN-STRUCTURE|YONGSHEN-FINAL|ZHONG-HE,，日刃有印绶变化，故皆贵。月令专制七煞，身健鹰扬。喜忌篇云：若乃时逢七煞，见之未必为凶。月制干强，其煞反为权印。即解此义也。一云：时上偏官通月气主旺，鹰扬与此少异。运元生发三财，命强豹变。正官格喜羊刃及财印相资，有伤官则克，有刑冲则破，无印无刃，只有财星资助亦吉，岁同。财官生旺逢印绶，拜薇垣宪府之尊。三合印财会局全，登五马诸侯之贵。财官生旺格，柱有偏正印，再三合印局或财局，吉。伤官逢劫刃，兼将相於,['身弱']
渊海子平,渊海子平-0348,丙午丁巳辛亥癸亥,辛,NONE,SHAZHONG-SHENQING|XIEQI-TAIZHONG|WANGCHONG-SHUAI|ZHONGGUA-2SIDE|RI-BEI-HE|WUGEN-YOUFU|JISHUAI-CONGSHENG|GE-QUALITY|YUN-SHENG-ROOT|SHI-ZHU-JI|YONGSHEN-STRUCTURE|YONGSHEN-FINAL,等日，柱有偏印，又行财食运为贵，忌填实官煞不中。赋又云：倒冲带印，早岁成名。财食兼资，身迈丹墀是也。岁德扶干，喜财星而嫌制伏。印星在运，会羊刃而掌兵刑。年干七煞为岁德，不宜重见，最喜财星及印绶、羊刃，不可制伏，岁运同。如甲申 己巳 戊子 癸亥，岁德无制，有财生煞得用，有印化煞助身，有刃合煞扶身，故大贵。二德配官，王陵为汉朝之相。如辛日生九月，以丙为天月二德，又为正官，喜财星资助、忌伤官克制。赋又云,[]
渊海子平,渊海子平-0349,甲申己巳戊子癸亥,戊,HEAVY,REN-CAIGUAN|SHISHI-BURUO|HEAVY-ROOT|BIJIE-PARTY|ROOT-STRUCK|ROOT-GAN-PRIORITY|WANGCHONG-SHUAI|HE-HUASHEN-DESHI|ZHONGGUA-2SIDE|RI-BEI-HE|JIRUO-WUGEN|JIWANG-HUAIJI|GE-QUALITY|SHI-ZHU-JI|YONGSHEN-STRUCTURE|YONGSHEN-FINAL|ZHONG-HE,，岁德无制，有财生煞得用，有印化煞助身，有刃合煞扶身，故大贵。二德配官，王陵为汉朝之相。如辛日生九月，以丙为天月二德，又为正官，喜财星资助、忌伤官克制。赋又云：平邦国统六师，赖官变为二德是也。如乙亥 丙戌 辛丑 戊子合格，又官变德，居官无祸，财变德，得善中财帛，印变德，主受祖父贻庆无祸，日干变德，则主本身。财星德秀，谢安为晋代之公。如戊己以甲乙为官，壬癸为财，二德透干为德秀之辰，无庚辛制伏，不被比,[]
渊海子平,渊海子平-0350,乙亥丙戌辛丑戊子,辛,LIGHT,REN-CAIGUAN|SHISHI-BURUO|LIGHT-ROOT|YIN-PARTY|ROOT-GAN-PRIORITY|SHI-GUI-LU|ZHONGGUA-2SIDE|RI-BEI-HE|JIRUO-WUGEN|GE-QING|GE-QUALITY|YONGSHEN-STRUCTURE|YONGSHEN-FINAL|ZHONG-HE,合格，又官变德，居官无祸，财变德，得善中财帛，印变德，主受祖父贻庆无祸，日干变德，则主本身。财星德秀，谢安为晋代之公。如戊己以甲乙为官，壬癸为财，二德透干为德秀之辰，无庚辛制伏，不被比劫争夺，大贵。又如乙日以庚为官，生巳酉丑月，丙丁用庚辛为财，生巳酉丑月之例。赋又云：王商扶汉，因财官而为德秀之荣是也。或以德秀为福德秀气，更逢财官尤妙。伤官多而见官，顽石産玉。原有官而再见，灾祸连绵。伤官格要柱中重见,[]
渊海子平,渊海子平-0351,甲子癸酉甲辰甲子,甲,LIGHT,REN-CAIGUAN|SHISHI-BURUO|LIGHT-ROOT|YIN-PARTY|BIJIE-PARTY|ROOT-GAN-PRIORITY|ZHONGGUA-2SIDE|JIRUO-WUGEN|GE-QING|GE-QUALITY|TIANGAN-XINGQING|YONGSHEN-STRUCTURE|YONGSHEN-FINAL|ZHONG-HE,合格，庚午年卒，平生正气君子。调元赞化，因三奇自旺而自生。正官、正印、正财为三奇，乙日以庚为正官，得巳字长生，壬为正印，生於申，戊土正财，生於申，入斯象大贵。如谭论尚书庚辰 甲申 丁未 丙午，财官印俱旺。胡宗宪尚书壬申 辛亥 丁酉 壬寅，财官建禄印长生，火自生於酉，为贵神之地，又化木成象，所以威制四省，官居一品。栏叉得印禄之相助，官居补衷阿衡。火劫兼岁运之不和，反作贫穷而下贱。此格控中有禄神偏正印,[]
渊海子平,渊海子平-0352,庚辰甲申丁未丙午,丁,HEAVY,REN-CAIGUAN|SHISHI-BURUO|HEAVY-ROOT|YIN-PARTY|BIJIE-PARTY|ROOT-GAN-PRIORITY|SHI-GUI-LU|ZHONGGUA-2SIDE|GE-QING|GE-QUALITY|TIANGAN-XINGQING|YONGSHEN-STRUCTURE|YONGSHEN-FINAL|ZHONG-HE,，财官印俱旺。胡宗宪尚书壬申 辛亥 丁酉 壬寅，财官建禄印长生，火自生於酉，为贵神之地，又化木成象，所以威制四省，官居一品。栏叉得印禄之相助，官居补衷阿衡。火劫兼岁运之不和，反作贫穷而下贱。此格控中有禄神偏正印，天干得财印为妙，若见火神劫刃太重，岁运不和，贫贱。禄逢财印，青年及第登科。岁运刑冲，官煞逢之不妙。归禄格岁月时中有印有财，地支三合为妙，运行财印之地吉，忌刑冲破害官煞破格。金水清澄被伤，文,[]
渊海子平,渊海子平-0353,壬申辛亥丁酉壬寅,丁,LIGHT,REN-CAIGUAN|LIGHT-ROOT|ROOT-GAN-PRIORITY|WANGCHONG-SHUAI|ZHONGGUA-2SIDE|RI-BEI-HE|JIRUO-WUGEN|SHIYONG-YUELING-XIANGFU|GE-QUALITY|TIANGAN-XINGQING|YONGSHEN-STRUCTURE|YONGSHEN-FINAL|ZHONG-HE,，财官建禄印长生，火自生於酉，为贵神之地，又化木成象，所以威制四省，官居一品。栏叉得印禄之相助，官居补衷阿衡。火劫兼岁运之不和，反作贫穷而下贱。此格控中有禄神偏正印，天干得财印为妙，若见火神劫刃太重，岁运不和，贫贱。禄逢财印，青年及第登科。岁运刑冲，官煞逢之不妙。归禄格岁月时中有印有财，地支三合为妙，运行财印之地吉，忌刑冲破害官煞破格。金水清澄被伤，文章显达而寿算难延。往中已酉丑金局、申子辰水高，,[]
渊海子平,渊海子平-0354,壬子癸丑庚午丙子,庚,LIGHT,REN-CAIGUAN|XIEQI-TAIZHONG|LIGHT-ROOT|ROOT-STRUCK|ROOT-GAN-PRIORITY|WANGCHONG-SHUAI|ZHONGGUA-2SIDE|JIRUO-WUGEN|JISHUAI-CONGSHENG|SHIYONG-YUELING-XIANGFU|GE-QUALITY|YONGSHEN-STRUCTURE|YONGSHEN-FINAL|ZHONG-HE,，余命壬午 癸丑 庚寅 丙戌，俱合斯象。龟蛇持剑，兼金刃而贾复名高。壬癸日生，柱中丙火多，或寅午戌、申子辰二局，水属龟，火属蛇，名龟蛇持剑之象，柱若无金，其剑不出。庚辛重而时见巳亥，虎啸风生。得戊己以相资，官居极品。庚辛日生再见庚辛干，岁月时中得一巳为巽风，或得亥亦可喜，甲乙亥卯未运行东南，权高禄重，行北方富，入西祸莫测。一气相生，称五行之顺食，位近三台。一气相生，即甲生丙、丙生戊、戊生庚，五行顺,['身强']
渊海子平,渊海子平-0355,壬午癸丑庚寅丙戌,庚,LIGHT,REN-CAIGUAN|XIEQI-TAIZHONG|LIGHT-ROOT|ROOT-STRUCK|ROOT-GAN-PRIORITY|SHI-GUI-LU|ZHONGGUA-2SIDE|JIRUO-WUGEN|JISHUAI-CONGSHENG|SHIYONG-YUELING-XIANGFU|GE-QUALITY|SHI-ZHU-JI|YONGSHEN-STRUCTURE|YONGSHEN-FINAL|ZHONG-HE,，俱合斯象。龟蛇持剑，兼金刃而贾复名高。壬癸日生，柱中丙火多，或寅午戌、申子辰二局，水属龟，火属蛇，名龟蛇持剑之象，柱若无金，其剑不出。庚辛重而时见巳亥，虎啸风生。得戊己以相资，官居极品。庚辛日生再见庚辛干，岁月时中得一巳为巽风，或得亥亦可喜，甲乙亥卯未运行东南，权高禄重，行北方富，入西祸莫测。一气相生，称五行之顺食，位近三台。一气相生，即甲生丙、丙生戊、戊生庚，五行顺食，更地支互益者，大贵，或以,['身强']
渊海子平,渊海子平-0356,戊申戊午丙辰己丑,丙,HEAVY,REN-CAIGUAN|DESHI-BUWANG|XIEQI-TAIZHONG|HEAVY-ROOT|ROOT-STRUCK|ROOT-GAN-PRIORITY|ZHONGGUA-2SIDE|JIRUO-WUGEN|JIWANG-HUAIJI|SHIYONG-YUELING-XIANGFU|GE-QUALITY|WANGJI-SIWO-SHENG|SHI-ZHU-JI|YONGSHEN-STRUCTURE|YONGSHEN-FINAL|ZHONG-HE,合格。赋又云：六丙时逢己丑，日在地上为极显是也。时辛亥而日逢丁，乃时三奇而科名早中。六丁日见辛亥时，辛为偏财，亥中甲木正印，壬水正官，谓之时上三奇，必主少年登科，富贵长久。赋又云：阴火时亥，富贵悠悠是也。月建申而岁时遇子，为坤坎顺而将相可期。欲知富贵，先观月令乃提纲，月建申，属坤为地，年支子，居坎为水，地水师卦，水不外乎地，兵不外乎民，得此象看大贵，子时亦然，日支子者则非。时离岁巽，日阴金透甲乙，,[]
渊海子平,渊海子平-0357,癸酉己未壬子庚子,壬,HEAVY,REN-CAIGUAN|SHISHI-BURUO|HEAVY-ROOT|YIN-PARTY|BIJIE-PARTY|ROOT-STRUCK|ROOT-GAN-PRIORITY|SHI-GUI-LU|ZHONGGUA-2SIDE|JIRUO-WUGEN|GE-QUALITY|YONGSHEN-STRUCTURE|YONGSHEN-FINAL|ZHONG-HE,，合格。财官双美，透财印而居台省之尊。运至比肩，更刑冲而抱守株之拙。癸巳日坐向四月，壬午日坐向午月，天干透财印贵，不宜北方运，又怕刑冲，宜斟酌。财官生旺，天干透露为奇而曳紫拖朱。四柱财星旺，不必正官透财，自生官绝奇或财官两透，居生旺之地，皆主大贵。财旺生官，印刃相扶为妙而三台八座。柱中财星旺，得令，又印劫扶持，大贵，再莫行财乡运。干食神而时骑禄马，初年题虎榜之荣名。庚日见壬午时，辛日见癸巳时是也。,[]
渊海子平,渊海子平-0358,甲申丙寅乙卯辛巳,乙,HEAVY,REN-CAIGUAN|DESHI-BUWANG|XIEQI-TAIZHONG|HEAVY-ROOT|TENGLUO-XIJIA|BIJIE-PARTY|ROOT-STRUCK|ROOT-GAN-PRIORITY|WANGCHONG-SHUAI|ZHONGGUA-2SIDE|JIRUO-WUGEN|JIWANG-HUAIJI|SHIYONG-YUELING-XIANGFU|GE-QUALITY|WANGJI-SIWO-SHENG|SHI-ZHU-JI|TIANGAN-XINGQING|YONGSHEN-STRUCTURE|YONGSHEN-FINAL|ZHONG-HE,，乙用庚为官，辛为煞，庚官在申得寅冲去，丙合辛煞，乙木生旺，故贵。甲寅 丁卯 癸丑 丁巳，是身克煞，身弱财旺，力不能任其财官，故夭。如乙丑 辛巳 丁巳 己酉，身旺财亦旺，可任其财，所以至富。如甲子 辛未 乙卯 甲申，乙日用庚官，以辛为煞，庚在申内，六月生，官旺煞衰，此是正官得位，七煞失所，又喜身旺，变鬼为官，故贵。辛丑 庚寅 乙巳 甲申，官衰煞盛，乙木无力，化官为煞，一生嗜酒落魂，至乙酉运第五年丙,"['身旺', '身弱']"
渊海子平,渊海子平-0359,甲寅丁卯癸丑丁巳,癸,LIGHT,REN-CAIGUAN|XIEQI-TAIZHONG|LIGHT-ROOT|ROOT-GAN-PRIORITY|ZHONGGUA-2SIDE|JIRUO-WUGEN|JISHUAI-CONGSHENG|GE-QUALITY|SHI-ZHU-JI|TIANGAN-XINGQING|YONGSHEN-STRUCTURE|YONGSHEN-FINAL|ZHONG-HE,，是身克煞，身弱财旺，力不能任其财官，故夭。如乙丑 辛巳 丁巳 己酉，身旺财亦旺，可任其财，所以至富。如甲子 辛未 乙卯 甲申，乙日用庚官，以辛为煞，庚在申内，六月生，官旺煞衰，此是正官得位，七煞失所，又喜身旺，变鬼为官，故贵。辛丑 庚寅 乙巳 甲申，官衰煞盛，乙木无力，化官为煞，一生嗜酒落魂，至乙酉运第五年丙申岁八月十九日死。内有杂气财官相兼偏正两印，同宫禄马号为内外三奇。此正指神煞相绊，乃八字,"['身旺', '身弱']"
渊海子平,渊海子平-0360,乙丑辛巳丁巳己酉,丁,HEAVY,REN-CAIGUAN|DESHI-BUWANG|XIEQI-TAIZHONG|HEAVY-ROOT|ROOT-GAN-PRIORITY|SHI-GUI-LU|ZHONGGUA-2SIDE|JIWANG-HUAIJI|GE-QING|GE-QUALITY|WANGJI-SIWO-SHENG|SHI-ZHU-JI|TIANGAN-XINGQING|YONGSHEN-STRUCTURE|YONGSHEN-FINAL|ZHONG-HE,，身旺财亦旺，可任其财，所以至富。如甲子 辛未 乙卯 甲申，乙日用庚官，以辛为煞，庚在申内，六月生，官旺煞衰，此是正官得位，七煞失所，又喜身旺，变鬼为官，故贵。辛丑 庚寅 乙巳 甲申，官衰煞盛，乙木无力，化官为煞，一生嗜酒落魂，至乙酉运第五年丙申岁八月十九日死。内有杂气财官相兼偏正两印，同宫禄马号为内外三奇。此正指神煞相绊，乃八字中有财有官，有偏正二印，或同宫或异位，或包藏或透出，相绊难论吉凶，要,['身旺']
渊海子平,渊海子平-0361,甲子辛未乙卯甲申,乙,HEAVY,REN-CAIGUAN|SHISHI-BURUO|HEAVY-ROOT|TENGLUO-XIJIA|BIJIE-PARTY|ROOT-STRUCK|ROOT-GAN-PRIORITY|ZHONGGUA-2SIDE|JIRUO-WUGEN|JIWANG-HUAIJI|GE-QUALITY|SHI-ZHU-JI|TIANGAN-XINGQING|YONGSHEN-STRUCTURE|YONGSHEN-FINAL|ZHONG-HE,，乙日用庚官，以辛为煞，庚在申内，六月生，官旺煞衰，此是正官得位，七煞失所，又喜身旺，变鬼为官，故贵。辛丑 庚寅 乙巳 甲申，官衰煞盛，乙木无力，化官为煞，一生嗜酒落魂，至乙酉运第五年丙申岁八月十九日死。内有杂气财官相兼偏正两印，同宫禄马号为内外三奇。此正指神煞相绊，乃八字中有财有官，有偏正二印，或同宫或异位，或包藏或透出，相绊难论吉凶，要轻重较量用之，故曰内有三奇。歌曰：寅午戌酉是三奇，兔蛇随猴,['身旺']
渊海子平,渊海子平-0362,辛丑庚寅乙巳甲申,乙,HEAVY,REN-CAIGUAN|DESHI-BUWANG|HEAVY-ROOT|TENGLUO-XIJIA|BIJIE-PARTY|ROOT-STRUCK|ROOT-GAN-PRIORITY|WANGCHONG-SHUAI|ZHONGGUA-2SIDE|RI-BEI-HE|JIRUO-WUGEN|JIWANG-HUAIJI|SHIYONG-YUELING-XIANGFU|GE-QUALITY|SHI-ZHU-JI|TIANGAN-XINGQING|YONGSHEN-STRUCTURE|YONGSHEN-FINAL|ZHONG-HE,，官衰煞盛，乙木无力，化官为煞，一生嗜酒落魂，至乙酉运第五年丙申岁八月十九日死。内有杂气财官相兼偏正两印，同宫禄马号为内外三奇。此正指神煞相绊，乃八字中有财有官，有偏正二印，或同宫或异位，或包藏或透出，相绊难论吉凶，要轻重较量用之，故曰内有三奇。歌曰：寅午戌酉是三奇，兔蛇随猴不可移，巳酉丑中逢子妙，马猴见猪好光辉，辰巳子逢即奇处，午亥见寅是贵墀，猪来赶兔马当欢，寅酉见巳喜相宜，猪逐马儿蛇後援，水鼠,[]
渊海子平,渊海子平-0363,己丑丁卯壬午癸卯,壬,LIGHT,REN-CAIGUAN|SHISHI-BURUO|LIGHT-ROOT|BIJIE-PARTY|ROOT-STRUCK|ROOT-GAN-PRIORITY|HE-HUASHEN-DESHI|ZHONGGUA-2SIDE|RI-BEI-HE|JIRUO-WUGEN|SHIYONG-YUELING-XIANGFU|GE-QUALITY|YONGSHEN-STRUCTURE|YONGSHEN-FINAL|ZHONG-HE,、壬用己为官，丁为财，丁己归禄於午，是此格也，故主大贵。真官时遇命强，早受金紫之封。此月令正官格也，以下详言格局，如戊申 甲寅 己丑 丙寅，翁仲益进土。良马月乘时健，末迁银青之职。此月令正财格也，财官二格，官当取贵，财当取富，今俱以贵言，是从日干取得月内支干之财无所冲克者言之，其福与正官同。诗云：日干爱取月支财，金玉家藏看积堆，更看天干财为贵，纷纷金帛自天来是也。月印附日，无财气为黄榜招贤。此月令,[]
渊海子平,渊海子平-0364,戊申甲寅己丑丙寅,己,LIGHT,REN-CAIGUAN|SHISHI-BURUO|LIGHT-ROOT|YIN-PARTY|BIJIE-PARTY|ROOT-GAN-PRIORITY|WANGCHONG-SHUAI|ZHONGGUA-2SIDE|RI-BEI-HE|JIRUO-WUGEN|SHIYONG-YUELING-XIANGFU|GE-QUALITY|SHI-ZHU-JI|TIANGAN-XINGQING|YONGSHEN-STRUCTURE|YONGSHEN-FINAL|ZHONG-HE,，翁仲益进土。良马月乘时健，末迁银青之职。此月令正财格也，财官二格，官当取贵，财当取富，今俱以贵言，是从日干取得月内支干之财无所冲克者言之，其福与正官同。诗云：日干爱取月支财，金玉家藏看积堆，更看天干财为贵，纷纷金帛自天来是也。月印附日，无财气为黄榜招贤。此月令正印格也。《喜忌篇》云：月生日干无天财，乃印绶之名。又云：印绶生月，岁时忌见财星。运入财乡，却宜退身避职。印绶畏财，须天干岁时无财方取。又,[]
渊海子平,渊海子平-0365,癸卯乙卯己巳乙丑,己,HEAVY,REN-CAIGUAN|HEAVY-ROOT|ROOT-GAN-PRIORITY|SHI-GUI-LU|ZHONGGUA-2SIDE|GE-QING|GE-QUALITY|SHI-ZHU-JI|TIANGAN-XINGQING|YONGSHEN-STRUCTURE|YONGSHEN-FINAL|ZHONG-HE,；癸卯 丁巳 壬寅 甲辰；壬寅 乙巳 庚寅 丙子；俱身强煞旺有制，所以大贵。《喜忌篇》云：五行遇月支偏官，岁时中亦宜制伏，所以救赋之偏也。时上偏财而财命并旺，须出白屋公卿。此时上偏财格也。只一位为吉，见合不为福，忌比肩兄弟争夺、刑冲克破，如丙戌 戊戌 戊子 壬子，戊克癸为正财，重有子字，壬字为偏财透露。又如丁亥 戊申 壬申 丙午，虽年有丁火，喜有合制，又阴火能夺阳火权，故贵。《喜忌篇》云：时上偏财,['身强']
渊海子平,渊海子平-0366,癸卯丁巳壬寅甲辰,壬,LIGHT,REN-CAIGUAN|SHISHI-BURUO|XIEQI-TAIZHONG|LIGHT-ROOT|JUECHU-FENGSHENG|BIJIE-PARTY|ROOT-STRUCK|ROOT-GAN-PRIORITY|SHI-GUI-LU|ZHONGGUA-2SIDE|RI-BEI-HE|JIRUO-WUGEN|JISHUAI-CONGSHENG|SHIYONG-YUELING-XIANGFU|GE-QUALITY|SHI-ZHU-JI|YONGSHEN-STRUCTURE|YONGSHEN-FINAL|ZHONG-HE,；壬寅 乙巳 庚寅 丙子；俱身强煞旺有制，所以大贵。《喜忌篇》云：五行遇月支偏官，岁时中亦宜制伏，所以救赋之偏也。时上偏财而财命并旺，须出白屋公卿。此时上偏财格也。只一位为吉，见合不为福，忌比肩兄弟争夺、刑冲克破，如丙戌 戊戌 戊子 壬子，戊克癸为正财，重有子字，壬字为偏财透露。又如丁亥 戊申 壬申 丙午，虽年有丁火，喜有合制，又阴火能夺阳火权，故贵。《喜忌篇》云：时上偏财，别宫忌见，所以补赋未备,['身强']
渊海子平,渊海子平-0367,壬寅乙巳庚寅丙子,庚,HEAVY,REN-CAIGUAN|XIEQI-TAIZHONG|HEAVY-ROOT|ROOT-STRUCK|ROOT-GAN-PRIORITY|ZHONGGUA-2SIDE|RI-BEI-HE|JIRUO-WUGEN|JISHUAI-CONGSHENG|GE-QUALITY|YONGSHEN-STRUCTURE|YONGSHEN-FINAL|ZHONG-HE,；俱身强煞旺有制，所以大贵。《喜忌篇》云：五行遇月支偏官，岁时中亦宜制伏，所以救赋之偏也。时上偏财而财命并旺，须出白屋公卿。此时上偏财格也。只一位为吉，见合不为福，忌比肩兄弟争夺、刑冲克破，如丙戌 戊戌 戊子 壬子，戊克癸为正财，重有子字，壬字为偏财透露。又如丁亥 戊申 壬申 丙午，虽年有丁火，喜有合制，又阴火能夺阳火权，故贵。《喜忌篇》云：时上偏财，别宫忌见，所以补赋未备之义也。建禄坐禄或归禄，,['身强']
渊海子平,渊海子平-0368,丙戌戊戌戊子壬子,戊,LIGHT,REN-CAIGUAN|DESHI-BUWANG|LIGHT-ROOT|YIN-PARTY|BIJIE-PARTY|ROOT-GAN-PRIORITY|ZHONGGUA-2SIDE|JIRUO-WUGEN|GE-QING|GE-QUALITY|SHI-ZHU-JI|YONGSHEN-STRUCTURE|YONGSHEN-FINAL|ZHONG-HE,，戊克癸为正财，重有子字，壬字为偏财透露。又如丁亥 戊申 壬申 丙午，虽年有丁火，喜有合制，又阴火能夺阳火权，故贵。《喜忌篇》云：时上偏财，别宫忌见，所以补赋未备之义也。建禄坐禄或归禄，遇财官印绶，富贵长年。建禄以月言，坐禄以日言，归禄以时言，此三禄格本身健旺，故独遇财则富，独遇官则贵，独遇印则秀，以其干旺，又主长命，安享福禄，若三者兼有，亦妙。如丁亥 己酉 壬午 辛亥，是日禄归时，午中亦有官星，,[]
渊海子平,渊海子平-0369,丁亥戊申壬申丙午,壬,HEAVY,REN-CAIGUAN|HEAVY-ROOT|ROOT-STRUCK|ROOT-GAN-PRIORITY|ZHONGGUA-2SIDE|RI-BEI-HE|JIRUO-WUGEN|JIWANG-HUAIJI|GE-QUALITY|SHI-ZHU-JI|YONGSHEN-STRUCTURE|YONGSHEN-FINAL|ZHONG-HE,，虽年有丁火，喜有合制，又阴火能夺阳火权，故贵。《喜忌篇》云：时上偏财，别宫忌见，所以补赋未备之义也。建禄坐禄或归禄，遇财官印绶，富贵长年。建禄以月言，坐禄以日言，归禄以时言，此三禄格本身健旺，故独遇财则富，独遇官则贵，独遇印则秀，以其干旺，又主长命，安享福禄，若三者兼有，亦妙。如丁亥 己酉 壬午 辛亥，是日禄归时，午中亦有官星，却得酉月为印，合格。月刃日刃及时刃，逢官煞荣神，功名盖世。此三刃格，,[]
渊海子平,渊海子平-0370,丁亥己酉壬午辛亥,壬,HEAVY,REN-CAIGUAN|SHISHI-BURUO|HEAVY-ROOT|YIN-PARTY|ROOT-STRUCK|ROOT-GAN-PRIORITY|SHI-GUI-LU|ZHONGGUA-2SIDE|RI-BEI-HE|JIRUO-WUGEN|JIWANG-HUAIJI|GE-QUALITY|YONGSHEN-STRUCTURE|YONGSHEN-FINAL|ZHONG-HE,，是日禄归时，午中亦有官星，却得酉月为印，合格。月刃日刃及时刃，逢官煞荣神，功名盖世。此三刃格，要官煞印绶相制化。荣神，印绶异名。有官煞无印，有煞无官，俱得，有印化煞尤佳。只怕羁绊，如有官不可见伤，有印不可见财，有煞不可见食伤压之，或制去合去，皆不成正格。如壬申 壬子 戊午 乙卯，日刃有乙卯制伏，丙戌 癸巳 戊午 丁巳，日刃有印绶变化，故皆贵。月令专制七煞，身健鹰扬。《喜忌篇》云：若乃时逢七煞，见,['身强']
渊海子平,渊海子平-0371,丙戌癸巳戊午丁巳,戊,HEAVY,REN-CAIGUAN|SHISHI-BURUO|HEAVY-ROOT|YIN-PARTY|ROOT-GAN-PRIORITY|HE-HUASHEN-DESHI|SHI-GUI-LU|ZHONGGUA-2SIDE|RI-BEI-HE|JIRUO-WUGEN|JIWANG-HUAIJI|SHIYONG-YUELING-XIANGFU|GE-QING|GE-QUALITY|CAI-RUO-SHEN-QIANG|YONGSHEN-STRUCTURE|YONGSHEN-FINAL|ZHONG-HE,，日刃有印绶变化，故皆贵。月令专制七煞，身健鹰扬。《喜忌篇》云：若乃时逢七煞，见之未必为凶。月制干强，其煞反为权印，即解此义也。一云：时上偏官通月气，主旺，鹰扬少异。运元生发三财，命强豹变。运元，月令也。三财，禄命身也。此是日干背禄，即伤食格也，喜逢财星，如甲日逢巳午月，须干头透出戊字，丑戌未日时，日主健旺，行东方运必然大发财禄，白手成家。一云：月中正禄会财源，身强豹变，与此少异。年见正禄正印正财,['身强']
渊海子平,渊海子平-0372,丙子丁亥辛巳庚午,辛,LIGHT,REN-CAIGUAN|SHISHI-BURUO|LIGHT-ROOT|BIJIE-PARTY|ROOT-STRUCK|ROOT-GAN-PRIORITY|WANGCHONG-SHUAI|HE-HUASHEN-DESHI|ZHONGGUA-2SIDE|RI-BEI-HE|JIRUO-WUGEN|GE-QUALITY|SHI-ZHU-JI|YONGSHEN-STRUCTURE|YONGSHEN-FINAL|ZHONG-HE,等日为真官，丁酉、癸巳、癸卯、丁亥等日为真贵，甲子、乙亥时日为真印，柱中无破，有助为福。月内偏财而无败无煞，富出人间。此月令偏财格，与时上偏财大同，怕比劫相克、七煞泄气。日下正马而有助有生，名扬天下。乃甲午、戊子等日，甲戌、乙丑等日则偏，与日坐真贵格同论，有助是别支财，有生是别支食伤。身清坐煞，运行身旺之乡发财发福。坐煞乃甲申、乙酉等日，柱中无土，为身清，行寅卯运大发财禄。此格喜印绶忌食神，正官犯,['身旺']
渊海子平,渊海子平-0373,丁酉癸巳癸卯丁亥,癸,HEAVY,REN-CAIGUAN|SHISHI-BURUO|HEAVY-ROOT|BIJIE-PARTY|ROOT-STRUCK|ROOT-GAN-PRIORITY|WANGCHONG-SHUAI|SHI-GUI-LU|ZHONGGUA-2SIDE|JIRUO-WUGEN|GE-QUALITY|TIANGAN-XINGQING|YONGSHEN-STRUCTURE|YONGSHEN-FINAL|ZHONG-HE,等日为真贵，甲子、乙亥时日为真印，柱中无破，有助为福。月内偏财而无败无煞，富出人间。此月令偏财格，与时上偏财大同，怕比劫相克、七煞泄气。日下正马而有助有生，名扬天下。乃甲午、戊子等日，甲戌、乙丑等日则偏，与日坐真贵格同论，有助是别支财，有生是别支食伤。身清坐煞，运行身旺之乡发财发福。坐煞乃甲申、乙酉等日，柱中无土，为身清，行寅卯运大发财禄。此格喜印绶忌食神，正官犯之非身清，下等命也。独主临官，运至,['身旺']
渊海子平,渊海子平-0374,戊辰丁巳壬辰甲辰,壬,LIGHT,REN-CAIGUAN|XIEQI-TAIZHONG|LIGHT-ROOT|JUECHU-FENGSHENG|ROOT-STRUCK|ROOT-GAN-PRIORITY|SHI-GUI-LU|ZHONGGUA-2SIDE|RI-BEI-HE|JIRUO-WUGEN|JISHUAI-CONGSHENG|SHIYONG-YUELING-XIANGFU|GE-QUALITY|SHI-ZHU-JI|YONGSHEN-STRUCTURE|YONGSHEN-FINAL|ZHONG-HE,，贵而且寿，丁未 丙午 甲午 丙寅，食神化作脱局，丁伤辛官，飞来不得，故贫夭。主本临官，没官星煞败为弟袭兄班。乃丁巳、癸亥日得寅戌月类也，无官煞比肩兄弟，本身自旺，必得高长之班，兴家立业。何者，丁之禄在午，癸之禄在子。癸亥为水正旺之乡，乃壬家之禄也，丁巳为火临官之地，乃丙家之禄也。得此格者，谓丁癸乃丙壬之弟，而巳亥为丙壬之禄位，故曰弟就兄班，必因兄有为，高兄一班。又丙午、壬子亦是纯粹，尤贵。驳杂者,[]
渊海子平,渊海子平-0375,丁未丙午甲午丙寅,甲,HEAVY,REN-CAIGUAN|XIEQI-TAIZHONG|HEAVY-ROOT|ROOT-GAN-PRIORITY|SHI-GUI-LU|ZHONGGUA-2SIDE|JIWANG-HUAIJI|JISHUAI-CONGSHENG|GE-QUALITY|SHI-ZHU-JI|TIANGAN-XINGQING|YONGSHEN-STRUCTURE|YONGSHEN-FINAL|ZHONG-HE,，食神化作脱局，丁伤辛官，飞来不得，故贫夭。主本临官，没官星煞败为弟袭兄班。乃丁巳、癸亥日得寅戌月类也，无官煞比肩兄弟，本身自旺，必得高长之班，兴家立业。何者，丁之禄在午，癸之禄在子。癸亥为水正旺之乡，乃壬家之禄也，丁巳为火临官之地，乃丙家之禄也。得此格者，谓丁癸乃丙壬之弟，而巳亥为丙壬之禄位，故曰弟就兄班，必因兄有为，高兄一班。又丙午、壬子亦是纯粹，尤贵。驳杂者不入格。若有兄弟比肩，干支驳杂，为,[]
渊海子平,渊海子平-0376,庚子戊子庚子丙子,庚,NONE,ZHONGGUA-2SIDE|WUGEN-YOUFU|SHIYONG-YUELING-XIANGFU|GE-QING|GE-QUALITY|YUN-SHENG-ROOT|YONGSHEN-STRUCTURE|YONGSHEN-FINAL,是此格也。胎生元命无财星，为赤子承恩之宠。此庚寅、辛卯、甲申、乙酉等日，皆本主天元自坐绝地，为胎生之首，即胞胎格也。其生甚微，所以喜印绶，怕财克，主少年招受皇恩，大概与印格同论，如乙酉 乙酉 乙酉 甲申是此格也。《喜忌篇》云：五行绝处，即是胎元，生日逢之，名曰受气是也。岁月正官七煞混淆，人下贱。时日独强专制，职重权高。月时七煞正官杂乱，病交侵。岁运冲开合去，官清名显。犹嫌过制，最忌争强。《喜忌篇》,['身旺']
渊海子平,渊海子平-0377,庚寅辛卯甲申乙酉,甲,HEAVY,REN-CAIGUAN|DESHI-BUWANG|HEAVY-ROOT|BIJIE-PARTY|ROOT-STRUCK|ROOT-GAN-PRIORITY|WANGCHONG-SHUAI|ZHONGGUA-2SIDE|JIRUO-WUGEN|JIWANG-HUAIJI|GE-QUALITY|SHI-ZHU-JI|TIANGAN-XINGQING|YONGSHEN-STRUCTURE|YONGSHEN-FINAL|ZHONG-HE,等日，皆本主天元自坐绝地，为胎生之首，即胞胎格也。其生甚微，所以喜印绶，怕财克，主少年招受皇恩，大概与印格同论，如乙酉 乙酉 乙酉 甲申是此格也。《喜忌篇》云：五行绝处，即是胎元，生日逢之，名曰受气是也。岁月正官七煞混淆，人下贱。时日独强专制，职重权高。月时七煞正官杂乱，病交侵。岁运冲开合去，官清名显。犹嫌过制，最忌争强。《喜忌篇》云：四柱纯煞有制，定居一品之尊。略见一位正官，官煞混杂，反贱。类有,['身旺']
渊海子平,渊海子平-0378,乙酉乙酉乙酉甲申,乙,NONE,TENGLUO-XIJIA|ZHONGGUA-2SIDE|WUGEN-YOUFU|GE-QUALITY|YUN-SHENG-ROOT|SHI-ZHU-JI|TIANGAN-XINGQING|YONGSHEN-STRUCTURE|YONGSHEN-FINAL,是此格也。《喜忌篇》云：五行绝处，即是胎元，生日逢之，名曰受气是也。岁月正官七煞混淆，人下贱。时日独强专制，职重权高。月时七煞正官杂乱，病交侵。岁运冲开合去，官清名显。犹嫌过制，最忌争强。《喜忌篇》云：四柱纯煞有制，定居一品之尊。略见一位正官，官煞混杂，反贱。类有去官留煞，亦有去煞留官。又云：四柱煞旺运纯，身旺为官清贵。又云：月令虽逢建禄，切忌会煞为凶。官星七煞交差，却有合煞为贵是也。此二格各有所,['身旺']
渊海子平,渊海子平-0379,壬子甲辰己卯壬申,己,HEAVY,REN-CAIGUAN|DESHI-BUWANG|HEAVY-ROOT|ROOT-STRUCK|ROOT-GAN-PRIORITY|HE-HUASHEN-DESHI|ZHONGGUA-2SIDE|RI-BEI-HE|JIRUO-WUGEN|JIWANG-HUAIJI|SHIYONG-YUELING-XIANGFU|GE-QUALITY|SHI-ZHU-JI|TIANGAN-XINGQING|YONGSHEN-STRUCTURE|YONGSHEN-FINAL|ZHONG-HE,，月时正官，日下卯为七煞，得申内庚金合卯中乙木之煞为贵。又如张侍郎八字，乙日以庚为正官，申内庚金近七月生，庚旺辛衰，六月丁火旺，为去煞留官，故贵。又如丙午 丙申 甲寅 丁卯，丙丁虽多，不敌月令之煞，又行官旺运，身旺变鬼为官，故贵。天元无气，却宜中下兴隆。此印绶格也。如甲乙生於冬月，天元无气，地支有亥子水生木，为兴隆之象。又如丁亥、丁丑等日，丁火无气，又有壬癸来克，亥子得之为党，反能生出甲水，为地支,['身旺']
渊海子平,渊海子平-0380,丙午丙申甲寅丁卯,甲,HEAVY,REN-CAIGUAN|XIEQI-TAIZHONG|HEAVY-ROOT|JUECHU-FENGSHENG|ROOT-STRUCK|ROOT-GAN-PRIORITY|WANGCHONG-SHUAI|SHI-GUI-LU|ZHONGGUA-2SIDE|JIRUO-WUGEN|JISHUAI-CONGSHENG|GE-QUALITY|TIANGAN-XINGQING|YONGSHEN-STRUCTURE|YONGSHEN-FINAL|ZHONG-HE,，丙丁虽多，不敌月令之煞，又行官旺运，身旺变鬼为官，故贵。天元无气，却宜中下兴隆。此印绶格也。如甲乙生於冬月，天元无气，地支有亥子水生木，为兴隆之象。又如丁亥、丁丑等日，丁火无气，又有壬癸来克，亥子得之为党，反能生出甲水，为地支兴隆，喜土来克财，丑中得之为财，亦利之类。古人论中下以日时支言，如日干月令无气，若所坐之支及时得地，亦成实之。命若无气而日时又在衰败之乡，则终身偃蹇可知矣。《喜忌篇》云：凡,['身旺']
渊海子平,渊海子平-0381,丁巳丁未辛巳壬辰,辛,NONE,SHAZHONG-SHENQING|XIEQI-TAIZHONG|ZHONGGUA-2SIDE|WUGEN-YOUFU|JISHUAI-CONGSHENG|SHIYONG-YUELING-XIANGFU|GE-QING|GE-QUALITY|YUN-SHENG-ROOT|SHI-ZHU-JI|YONGSHEN-STRUCTURE|YONGSHEN-FINAL,，喜一壬合二丁为制，乙卯 丙子 己卯 丁卯，喜丁丙化去三乙，皆主贵，但克害终不能免。或云：七煞多根，切忌始终克害，亦通。阳刃极喜偏官，削平祸乱。此阳刃格也。大抵阳刃忌财，以刃破财，财生煞，煞克身及刑冲、三合、六合，喜煞制伏，而煞自制者又作凶断。金神只宜制伏，降肃奸雄。此金神格也，大抵金神不畏过制，只忌破制与失制，岁运同。甲己日得此三时，惟甲日得之为正。阳德阴贵，旺则荣显而弱可保名。阳德，天月二德及,[]
渊海子平,渊海子平-0382,乙卯丙子己卯丁卯,己,NONE,SHAZHONG-SHENQING|ZHONGGUA-2SIDE|WUGEN-YOUFU|JISHUAI-CONGSHENG|GE-QUALITY|YUN-SHENG-ROOT|SHI-ZHU-JI|TIANGAN-XINGQING|YONGSHEN-STRUCTURE|YONGSHEN-FINAL,，喜丁丙化去三乙，皆主贵，但克害终不能免。或云：七煞多根，切忌始终克害，亦通。阳刃极喜偏官，削平祸乱。此阳刃格也。大抵阳刃忌财，以刃破财，财生煞，煞克身及刑冲、三合、六合，喜煞制伏，而煞自制者又作凶断。金神只宜制伏，降肃奸雄。此金神格也，大抵金神不畏过制，只忌破制与失制，岁运同。甲己日得此三时，惟甲日得之为正。阳德阴贵，旺则荣显而弱可保名。阳德，天月二德及日德。阴贵，天乙贵神及日贵格也。弱虽不如强,[]
渊海子平,渊海子平-0383,癸亥戊午戊午戊午,戊,HEAVY,REN-CAIGUAN|SHISHI-BURUO|HEAVY-ROOT|BIJIE-PARTY|ROOT-STRUCK|ROOT-GAN-PRIORITY|HE-HUASHEN-DESHI|SHI-GUI-LU|ZHONGGUA-2SIDE|RI-BEI-HE|JIRUO-WUGEN|JIWANG-HUAIJI|SHIYONG-YUELING-XIANGFU|GE-QUALITY|YONGSHEN-STRUCTURE|YONGSHEN-FINAL|ZHONG-HE,，此命正合此论。丙日丑时，非为背禄，支干金旺，反作资财。时当时指月令也。丙日生逢丑月，丑中己土伤官背禄，主贫，得干支庚辛金气旺盛，土能生金，却为财断，须丙日健，或寅午戌火局亦旺，可任其财。时支是丑，支中巳酉合庚辛透出丙火生旺者，亦合此格。如丙日本身自旺，单见丑月，无庚辛透露及巳酉丑局，真背禄也。官坐刃头终被刑，贵压三刑须执政。如甲日见辛卯月及辛卯时，官不得令，反被卯中丁火伤克，岁运又见，定然遭刑。,[]
渊海子平,渊海子平-0384,甲戌戊辰庚辰丙子,庚,LIGHT,REN-CAIGUAN|SHISHI-BURUO|LIGHT-ROOT|YIN-PARTY|ROOT-STRUCK|ROOT-GAN-PRIORITY|ZHONGGUA-2SIDE|JIRUO-WUGEN|SHIYONG-YUELING-XIANGFU|GE-QUALITY|YONGSHEN-STRUCTURE|YONGSHEN-FINAL|ZHONG-HE,，甲戌 戊辰 庚辰 丁丑，俱是清高长老之命。控邀隔角，逢生旺必过房舍，绝则终守鳏孀。控神、邀神是孤寡煞也，假令寅卯辰人见巳辰人谓之控神煞，又谓之邀神煞，见丑寅人谓之窥神煞，又谓之追神煞，余仿此，更值岁运不和，三元刑战，为凶尤甚。吞啖全排，家人消散，空亡偏见，亲属离伤。吞啖、空亡二煞，乃克害孤寡之辰也，须全排偏见，方如经断。若食遇吞啖，财食贵禄等格见空亡，尤为不吉。财印双伤，断其必无上下。官煞俱去，,[]
渊海子平,渊海子平-0385,甲戌戊辰庚辰丁丑,庚,LIGHT,REN-CAIGUAN|SHISHI-BURUO|LIGHT-ROOT|YIN-PARTY|ROOT-STRUCK|ROOT-GAN-PRIORITY|SHI-GUI-LU|ZHONGGUA-2SIDE|JIRUO-WUGEN|SHIYONG-YUELING-XIANGFU|GE-QUALITY|YONGSHEN-STRUCTURE|YONGSHEN-FINAL|ZHONG-HE,，俱是清高长老之命。控邀隔角，逢生旺必过房舍，绝则终守鳏孀。控神、邀神是孤寡煞也，假令寅卯辰人见巳辰人谓之控神煞，又谓之邀神煞，见丑寅人谓之窥神煞，又谓之追神煞，余仿此，更值岁运不和，三元刑战，为凶尤甚。吞啖全排，家人消散，空亡偏见，亲属离伤。吞啖、空亡二煞，乃克害孤寡之辰也，须全排偏见，方如经断。若食遇吞啖，财食贵禄等格见空亡，尤为不吉。财印双伤，断其必无上下。官煞俱去，知其少失爷娘。此二节专论,[]
渊海子平,渊海子平-0386,甲子庚午甲子庚午,甲,NONE,WANGCHONG-SHUAI|ZHONGGUA-2SIDE|WUGEN-YOUFU|SHIYONG-YUELING-XIANGFU|GE-QUALITY|YUN-SHENG-ROOT|SHI-ZHU-JI|TIANGAN-XINGQING|YONGSHEN-STRUCTURE|YONGSHEN-FINAL,，甲用辛为官，庚煞透出，又不得令，甲用饲为财，发禄，午月子午对冲，财又不成，作不仁不义断之。又如甲午 甲戌 甲午 甲子，三甲并见，用官官不显，财印俱冲，并无所托，当是贪图无厌，不认六条，薄情背礼之人也。衰受衆枭，乃是寄食长工，绝逢重食，宜作屠行牙侩。枭与食相反，故并举之，其身嫌衰绝一也，衰而逢枭，难作偏印，绝而逢食，难作寿星，故皆不吉。寄食长工，因枭难得饱食。屠行牙侩，因食虽得饱而贱。若也纯官纯煞,['身旺']
渊海子平,渊海子平-0387,甲午甲戌甲午甲子,甲,NONE,WANGCHONG-SHUAI|ZHONGGUA-2SIDE|WUGEN-YOUFU|GE-QUALITY|YUN-SHENG-ROOT|TIANGAN-XINGQING|YONGSHEN-STRUCTURE|YONGSHEN-FINAL,，三甲并见，用官官不显，财印俱冲，并无所托，当是贪图无厌，不认六条，薄情背礼之人也。衰受衆枭，乃是寄食长工，绝逢重食，宜作屠行牙侩。枭与食相反，故并举之，其身嫌衰绝一也，衰而逢枭，难作偏印，绝而逢食，难作寿星，故皆不吉。寄食长工，因枭难得饱食。屠行牙侩，因食虽得饱而贱。若也纯官纯煞纯马纯财，身旺无杂则官居极品。凡命以纯粹不杂为上，偏枯混乱为下。且如甲日以辛为官，柱中只有酉辛字，是谓纯官。以庚为煞，,['身旺']
渊海子平,渊海子平-0388,癸卯乙卯己巳乙丑,己,HEAVY,REN-CAIGUAN|HEAVY-ROOT|ROOT-GAN-PRIORITY|SHI-GUI-LU|ZHONGGUA-2SIDE|GE-QING|GE-QUALITY|SHI-ZHU-JI|TIANGAN-XINGQING|YONGSHEN-STRUCTURE|YONGSHEN-FINAL|ZHONG-HE,，此命纯煞，乃能尽善，亦贵为极品。又如甲戌 丁卯 己巳 乙亥，官煞混杂，赖甲己合化为贵，因杂化力过不得善终。全印全冲全制全食，命强无破则禄受千锺。全印如甲日见子癸壬亥，或正或偏，无所驳杂。全冲如地支纯亥、纯巳、纯子、纯午之类，冲出禄马，或寅申巳亥、子午卯酉、辰戌丑未皆是。全制如甲日见丁字或午字，伤尽官星，虚空生出土来为财。全食如甲见丙，柱中纯寅之类，须得日主生旺，正库临官月日时者，皆贵人也。如己未,"['身旺', '身弱', '身衰', '中和']"
渊海子平,渊海子平-0389,甲戌丁卯己巳乙亥,己,HEAVY,REN-CAIGUAN|SHISHI-BURUO|HEAVY-ROOT|YIN-PARTY|ROOT-STRUCK|ROOT-GAN-PRIORITY|ZHONGGUA-2SIDE|RI-BEI-HE|JIRUO-WUGEN|GE-QUALITY|SHI-ZHU-JI|TIANGAN-XINGQING|YONGSHEN-STRUCTURE|YONGSHEN-FINAL|ZHONG-HE,，官煞混杂，赖甲己合化为贵，因杂化力过不得善终。全印全冲全制全食，命强无破则禄受千锺。全印如甲日见子癸壬亥，或正或偏，无所驳杂。全冲如地支纯亥、纯巳、纯子、纯午之类，冲出禄马，或寅申巳亥、子午卯酉、辰戌丑未皆是。全制如甲日见丁字或午字，伤尽官星，虚空生出土来为财。全食如甲见丙，柱中纯寅之类，须得日主生旺，正库临官月日时者，皆贵人也。如己未 乙亥 丙寅 辛卯，此全印剥杂，又有辛财克刑，运行身旺则贵显,"['身旺', '身弱', '身衰', '中和']"
渊海子平,渊海子平-0390,己未乙亥丙寅辛卯,丙,HEAVY,REN-CAIGUAN|SHISHI-BURUO|XIEQI-TAIZHONG|HEAVY-ROOT|JUECHU-FENGSHENG|YIN-PARTY|ROOT-STRUCK|ROOT-GAN-PRIORITY|HE-HUASHEN-DESHI|ZHONGGUA-2SIDE|RI-BEI-HE|JIRUO-WUGEN|JISHUAI-CONGSHENG|GE-QING|GE-QUALITY|CAI-RUO-SHEN-QIANG|YONGSHEN-STRUCTURE|YONGSHEN-FINAL|ZHONG-HE,，此全印剥杂，又有辛财克刑，运行身旺则贵显，行身衰则刑陷。如辛亥 己亥 辛亥 己亥，四柱纯亥，冲出饲中丙戊，全冲为贵。日子太旺无依，若不为僧固宜为道。天元羸弱无辅，若不为技则当为巫。此言太过，不及皆不为吉也。太过则财官死绝，所以主孤，不及则财官难任，所以主艺。见造化贵中和也。若有依有辅，则不可以是论。《喜忌篇》云：柱中官星太旺，天元羸弱之名，日干旺甚无依，若不为僧即为道是也。身弱有生必发，忌财马以,"['身旺', '身弱', '身衰', '中和']"
渊海子平,渊海子平-0391,辛亥己亥辛亥己亥,辛,NONE,ZHONGGUA-2SIDE|WUGEN-YOUFU|SHIYONG-YUELING-XIANGFU|GE-QUALITY|YUN-SHENG-ROOT|SHI-ZHU-JI|YONGSHEN-STRUCTURE|YONGSHEN-FINAL,，四柱纯亥，冲出饲中丙戊，全冲为贵。日子太旺无依，若不为僧固宜为道。天元羸弱无辅，若不为技则当为巫。此言太过，不及皆不为吉也。太过则财官死绝，所以主孤，不及则财官难任，所以主艺。见造化贵中和也。若有依有辅，则不可以是论。《喜忌篇》云：柱中官星太旺，天元羸弱之名，日干旺甚无依，若不为僧即为道是也。身弱有生必发，忌财马以相伤。此身弱用印，忌财伤印，为贵。财坏印之说，须分财印轻重言之。《喜忌篇》云：日干,"['身弱', '中和']"
渊海子平,渊海子平-0392,丙子庚寅丙午癸巳,丙,HEAVY,REN-CAIGUAN|SHISHI-BURUO|HEAVY-ROOT|BIJIE-PARTY|ROOT-STRUCK|ROOT-GAN-PRIORITY|WANGCHONG-SHUAI|SHI-GUI-LU|ZHONGGUA-2SIDE|JIRUO-WUGEN|JIWANG-HUAIJI|SHIYONG-YUELING-XIANGFU|GE-QUALITY|SHI-ZHU-JI|YONGSHEN-STRUCTURE|YONGSHEN-FINAL|ZHONG-HE,；庚寅 壬午 丙午 戊戌；二命喜寅午戌全。如辛酉 癸巳 丁巳 乙巳；癸卯 丁巳 丁巳 乙巳；二命喜巳字多，不论有合无合，皆吉。惟忌辰字绊住，则不能冲，却喜巳酉丑全，是正冲格也。《喜忌篇》云：若逢伤官月建，如凶处未必为凶。内有正倒禄飞，忌官星亦嫌羁绊是也。六辛日而无午字，得戌子时辛合丙官为贵此六阴朝阳格也，如戊辰 辛酉 辛丑 戊子；戊辰 辛酉 辛酉 戊子；乙丑 庚辰 辛酉 戊子；是此格也。《喜忌篇》,[]
渊海子平,渊海子平-0393,庚寅壬午丙午戊戌,丙,HEAVY,REN-CAIGUAN|DESHI-BUWANG|XIEQI-TAIZHONG|HEAVY-ROOT|ROOT-STRUCK|ROOT-GAN-PRIORITY|SHI-GUI-LU|ZHONGGUA-2SIDE|JIRUO-WUGEN|JIWANG-HUAIJI|SHIYONG-YUELING-XIANGFU|GE-QUALITY|WANGJI-SIWO-SHENG|SHI-ZHU-JI|YONGSHEN-STRUCTURE|YONGSHEN-FINAL|ZHONG-HE,；二命喜寅午戌全。如辛酉 癸巳 丁巳 乙巳；癸卯 丁巳 丁巳 乙巳；二命喜巳字多，不论有合无合，皆吉。惟忌辰字绊住，则不能冲，却喜巳酉丑全，是正冲格也。《喜忌篇》云：若逢伤官月建，如凶处未必为凶。内有正倒禄飞，忌官星亦嫌羁绊是也。六辛日而无午字，得戌子时辛合丙官为贵此六阴朝阳格也，如戊辰 辛酉 辛丑 戊子；戊辰 辛酉 辛酉 戊子；乙丑 庚辰 辛酉 戊子；是此格也。《喜忌篇》云：六辛日时逢戊子，嫌午,[]
渊海子平,渊海子平-0394,辛酉癸巳丁巳乙巳,丁,HEAVY,REN-CAIGUAN|DESHI-BUWANG|HEAVY-ROOT|ROOT-GAN-PRIORITY|SHI-GUI-LU|ZHONGGUA-2SIDE|JIWANG-HUAIJI|SHIYONG-YUELING-XIANGFU|GE-QING|GE-QUALITY|SHI-ZHU-JI|TIANGAN-XINGQING|YONGSHEN-STRUCTURE|YONGSHEN-FINAL|ZHONG-HE,；癸卯 丁巳 丁巳 乙巳；二命喜巳字多，不论有合无合，皆吉。惟忌辰字绊住，则不能冲，却喜巳酉丑全，是正冲格也。《喜忌篇》云：若逢伤官月建，如凶处未必为凶。内有正倒禄飞，忌官星亦嫌羁绊是也。六辛日而无午字，得戌子时辛合丙官为贵此六阴朝阳格也，如戊辰 辛酉 辛丑 戊子；戊辰 辛酉 辛酉 戊子；乙丑 庚辰 辛酉 戊子；是此格也。《喜忌篇》云：六辛日时逢戊子，嫌午位运喜西方是也。六癸日而无干土，得甲寅时寅,[]
渊海子平,渊海子平-0395,癸卯丁巳丁巳乙巳,丁,HEAVY,REN-CAIGUAN|HEAVY-ROOT|YIN-PARTY|BIJIE-PARTY|ROOT-GAN-PRIORITY|SHI-GUI-LU|ZHONGGUA-2SIDE|JIWANG-HUAIJI|SHIYONG-YUELING-XIANGFU|GE-QING|GE-QUALITY|SHI-ZHU-JI|TIANGAN-XINGQING|YONGSHEN-STRUCTURE|YONGSHEN-FINAL|ZHONG-HE,；二命喜巳字多，不论有合无合，皆吉。惟忌辰字绊住，则不能冲，却喜巳酉丑全，是正冲格也。《喜忌篇》云：若逢伤官月建，如凶处未必为凶。内有正倒禄飞，忌官星亦嫌羁绊是也。六辛日而无午字，得戌子时辛合丙官为贵此六阴朝阳格也，如戊辰 辛酉 辛丑 戊子；戊辰 辛酉 辛酉 戊子；乙丑 庚辰 辛酉 戊子；是此格也。《喜忌篇》云：六辛日时逢戊子，嫌午位运喜西方是也。六癸日而无干土，得甲寅时寅刑巳格尤奇。此刑合格也。,[]
渊海子平,渊海子平-0396,戊辰辛酉辛丑戊子,辛,HEAVY,REN-CAIGUAN|HEAVY-ROOT|YIN-PARTY|BIJIE-PARTY|ROOT-STRUCK|ROOT-GAN-PRIORITY|SHI-GUI-LU|ZHONGGUA-2SIDE|JIRUO-WUGEN|JIWANG-HUAIJI|GE-QING|GE-QUALITY|YONGSHEN-STRUCTURE|YONGSHEN-FINAL|ZHONG-HE,；戊辰 辛酉 辛酉 戊子；乙丑 庚辰 辛酉 戊子；是此格也。《喜忌篇》云：六辛日时逢戊子，嫌午位运喜西方是也。六癸日而无干土，得甲寅时寅刑巳格尤奇。此刑合格也。此格主性气刚而见快太察，如己未 甲申 癸酉 甲寅，嫌申中庚伤甲木，寅申对冲，故虽贵而减分数，利厚名低。《喜忌篇》云：六癸日时逢寅位，岁月怕己戊二方是也。癸无丙火戊己庚申，时合一己之财官。此专印合禄格也，与专食同看。壬有子午卯酉正气，柱兼四季,[]
渊海子平,渊海子平-0397,戊辰辛酉辛酉戊子,辛,HEAVY,REN-CAIGUAN|HEAVY-ROOT|YIN-PARTY|BIJIE-PARTY|ROOT-STRUCK|ROOT-GAN-PRIORITY|SHI-GUI-LU|ZHONGGUA-2SIDE|JIRUO-WUGEN|JIWANG-HUAIJI|GE-QUALITY|YONGSHEN-STRUCTURE|YONGSHEN-FINAL|ZHONG-HE,；乙丑 庚辰 辛酉 戊子；是此格也。《喜忌篇》云：六辛日时逢戊子，嫌午位运喜西方是也。六癸日而无干土，得甲寅时寅刑巳格尤奇。此刑合格也。此格主性气刚而见快太察，如己未 甲申 癸酉 甲寅，嫌申中庚伤甲木，寅申对冲，故虽贵而减分数，利厚名低。《喜忌篇》云：六癸日时逢寅位，岁月怕己戊二方是也。癸无丙火戊己庚申，时合一己之财官。此专印合禄格也，与专食同看。壬有子午卯酉正气，柱兼四季之士禄。壬日为主，既无官,[]
渊海子平,渊海子平-0398,乙丑庚辰辛酉戊子,辛,HEAVY,REN-CAIGUAN|SHISHI-BURUO|YIN-PARTY|BIJIE-PARTY|ROOT-STRUCK|ROOT-GAN-PRIORITY|SHI-GUI-LU|ZHONGGUA-2SIDE|JIRUO-WUGEN|JIWANG-HUAIJI|SHIYONG-YUELING-XIANGFU|GE-QING|GE-QUALITY|YONGSHEN-STRUCTURE|YONGSHEN-FINAL|ZHONG-HE,；是此格也。《喜忌篇》云：六辛日时逢戊子，嫌午位运喜西方是也。六癸日而无干土，得甲寅时寅刑巳格尤奇。此刑合格也。此格主性气刚而见快太察，如己未 甲申 癸酉 甲寅，嫌申中庚伤甲木，寅申对冲，故虽贵而减分数，利厚名低。《喜忌篇》云：六癸日时逢寅位，岁月怕己戊二方是也。癸无丙火戊己庚申，时合一己之财官。此专印合禄格也，与专食同看。壬有子午卯酉正气，柱兼四季之士禄。壬日为主，既无官煞，却得子午卯酉为四正，,[]
渊海子平,渊海子平-0399,己未甲申癸酉甲寅,癸,NONE,SHAZHONG-SHENQING|XIEQI-TAIZHONG|WANGCHONG-SHUAI|ZHONGGUA-2SIDE|WUGEN-YOUFU|JISHUAI-CONGSHENG|SHIYONG-YUELING-XIANGFU|GE-QUALITY|YUN-SHENG-ROOT|SHI-ZHU-JI|TIANGAN-XINGQING|YONGSHEN-STRUCTURE|YONGSHEN-FINAL,，嫌申中庚伤甲木，寅申对冲，故虽贵而减分数，利厚名低。《喜忌篇》云：六癸日时逢寅位，岁月怕己戊二方是也。癸无丙火戊己庚申，时合一己之财官。此专印合禄格也，与专食同看。壬有子午卯酉正气，柱兼四季之士禄。壬日为主，既无官煞，却得子午卯酉为四正，能合出辰戌丑未为官禄，不须四正俱会，但得四字全为妙。癸日同上，土曜莫侵。得之者利害交并，官高身病。遇之者刑惠确实，职重家贫。癸日为主，却嫌土禄，见子午卯酉与壬日,[]
渊海子平,渊海子平-0400,丁巳癸亥丙午壬子,丙,HEAVY,REN-CAIGUAN|SHISHI-BURUO|HEAVY-ROOT|JUECHU-FENGSHENG|BIJIE-PARTY|ROOT-STRUCK|ROOT-GAN-PRIORITY|WANGCHONG-SHUAI|ZHONGGUA-2SIDE|JIRUO-WUGEN|GE-QUALITY|SHI-ZHU-JI|YONGSHEN-STRUCTURE|YONGSHEN-FINAL|ZHONG-HE,等日，自坐临官帝旺之宫，支神多能冲出对官官禄，与上文义同。阴木独遇子时，没官星乙镇鼠窠最贵。此六乙鼠贵格也，《喜忌篇》文义同。如甲寅 戊辰 乙亥 丙子，四柱别无他格动摇，丙子亦不动摇，安然为贵。经云：用神不可动摇是也。如甲寅 癸酉 乙亥 丙子，月令偏官伤身，赖日下印旺，亦不失为衣禄。如辛亥 甲午 乙亥 丙子，此命贵被午破，两亥自刑，本身既在死地，又见自刑，两无所依，故主贫贱。阳水叠逢辰位，无冲克壬,[]
渊海子平,渊海子平-0401,甲寅戊辰乙亥丙子,乙,HEAVY,REN-CAIGUAN|SHISHI-BURUO|XIEQI-TAIZHONG|HEAVY-ROOT|TENGLUO-XIJIA|BIJIE-PARTY|ROOT-STRUCK|ROOT-GAN-PRIORITY|ZHONGGUA-2SIDE|JIRUO-WUGEN|JIWANG-HUAIJI|JISHUAI-CONGSHENG|SHIYONG-YUELING-XIANGFU|GE-QING|GE-QUALITY|TIANGAN-XINGQING|YONGSHEN-STRUCTURE|YONGSHEN-FINAL|ZHONG-HE,，四柱别无他格动摇，丙子亦不动摇，安然为贵。经云：用神不可动摇是也。如甲寅 癸酉 乙亥 丙子，月令偏官伤身，赖日下印旺，亦不失为衣禄。如辛亥 甲午 乙亥 丙子，此命贵被午破，两亥自刑，本身既在死地，又见自刑，两无所依，故主贫贱。阳水叠逢辰位，无冲克壬骑龙背非常。此壬骑龙背格也，《喜忌篇》文义同。如壬辰 甲辰 壬辰 壬寅，壬用己为正官，丁为正财，辰字多冲出戌中官库，虚合午中财官，寅午戌三合火局，壬日,[]
渊海子平,渊海子平-0402,甲寅癸酉乙亥丙子,乙,HEAVY,REN-CAIGUAN|SHISHI-BURUO|XIEQI-TAIZHONG|HEAVY-ROOT|TENGLUO-XIJIA|YIN-PARTY|BIJIE-PARTY|ROOT-STRUCK|ROOT-GAN-PRIORITY|ZHONGGUA-2SIDE|JIRUO-WUGEN|JISHUAI-CONGSHENG|GE-QING|GE-QUALITY|TIANGAN-XINGQING|YONGSHEN-STRUCTURE|YONGSHEN-FINAL|ZHONG-HE,，月令偏官伤身，赖日下印旺，亦不失为衣禄。如辛亥 甲午 乙亥 丙子，此命贵被午破，两亥自刑，本身既在死地，又见自刑，两无所依，故主贫贱。阳水叠逢辰位，无冲克壬骑龙背非常。此壬骑龙背格也，《喜忌篇》文义同。如壬辰 甲辰 壬辰 壬寅，壬用己为正官，丁为正财，辰字多冲出戌中官库，虚合午中财官，寅午戌三合火局，壬日得之为贵。如壬寅 壬寅 壬辰 壬寅，壬日见丙火生在寅，已是财了，又寅字多合起午戌财官，故利胜,[]
渊海子平,渊海子平-0403,辛亥甲午乙亥丙子,乙,LIGHT,REN-CAIGUAN|SHISHI-BURUO|XIEQI-TAIZHONG|LIGHT-ROOT|TENGLUO-XIJIA|BIJIE-PARTY|ROOT-STRUCK|ROOT-GAN-PRIORITY|WANGCHONG-SHUAI|ZHONGGUA-2SIDE|JIRUO-WUGEN|JISHUAI-CONGSHENG|GE-QUALITY|TIANGAN-XINGQING|YONGSHEN-STRUCTURE|YONGSHEN-FINAL|ZHONG-HE,，此命贵被午破，两亥自刑，本身既在死地，又见自刑，两无所依，故主贫贱。阳水叠逢辰位，无冲克壬骑龙背非常。此壬骑龙背格也，《喜忌篇》文义同。如壬辰 甲辰 壬辰 壬寅，壬用己为正官，丁为正财，辰字多冲出戌中官库，虚合午中财官，寅午戌三合火局，壬日得之为贵。如壬寅 壬寅 壬辰 壬寅，壬日见丙火生在寅，已是财了，又寅字多合起午戌财官，故利胜於名。庚日全逢润下，忌壬癸巳午之方，时遇子申，其福减半。此井栏叉格,[]
渊海子平,渊海子平-0404,壬辰甲辰壬辰壬寅,壬,LIGHT,REN-CAIGUAN|SHISHI-BURUO|XIEQI-TAIZHONG|LIGHT-ROOT|BIJIE-PARTY|ROOT-STRUCK|ROOT-GAN-PRIORITY|ZHONGGUA-2SIDE|JIRUO-WUGEN|JISHUAI-CONGSHENG|SHIYONG-YUELING-XIANGFU|GE-QUALITY|SHI-ZHU-JI|YONGSHEN-STRUCTURE|YONGSHEN-FINAL|ZHONG-HE,，壬用己为正官，丁为正财，辰字多冲出戌中官库，虚合午中财官，寅午戌三合火局，壬日得之为贵。如壬寅 壬寅 壬辰 壬寅，壬日见丙火生在寅，已是财了，又寅字多合起午戌财官，故利胜於名。庚日全逢润下，忌壬癸巳午之方，时遇子申，其福减半。此井栏叉格也，《喜忌篇》文义同。合官合财作公卿，防休囚克害之辱。合官如乙日见庚之例，合财如甲日见己之例，乃十干变化之道也。赋云：化之真者，名公巨卿。化之假者，孤儿异姓。如乙,['身弱']
渊海子平,渊海子平-0405,壬寅壬寅壬辰壬寅,壬,LIGHT,REN-CAIGUAN|SHISHI-BURUO|LIGHT-ROOT|BIJIE-PARTY|ROOT-GAN-PRIORITY|ZHONGGUA-2SIDE|JIRUO-WUGEN|SHIYONG-YUELING-XIANGFU|GE-QING|GE-QUALITY|SHI-ZHU-JI|YONGSHEN-STRUCTURE|YONGSHEN-FINAL|ZHONG-HE,，壬日见丙火生在寅，已是财了，又寅字多合起午戌财官，故利胜於名。庚日全逢润下，忌壬癸巳午之方，时遇子申，其福减半。此井栏叉格也，《喜忌篇》文义同。合官合财作公卿，防休囚克害之辱。合官如乙日见庚之例，合财如甲日见己之例，乃十干变化之道也。赋云：化之真者，名公巨卿。化之假者，孤儿异姓。如乙庚化金，见水地则休囚，见火地则克害。凡带合或独旺不肯自就，或合中见冲破，或一边破克，皆合不成，或化在休囚死绝之地，,['身弱']
渊海子平,渊海子平-0406,甲辰戊辰己巳辛未,己,HEAVY,REN-CAIGUAN|DESHI-BUWANG|XIEQI-TAIZHONG|HEAVY-ROOT|BIJIE-PARTY|ROOT-STRUCK|ROOT-GAN-PRIORITY|HE-HUASHEN-DESHI|SHI-GUI-LU|ZHONGGUA-2SIDE|RI-BEI-HE|JIRUO-WUGEN|JIWANG-HUAIJI|SHIYONG-YUELING-XIANGFU|GE-QUALITY|WANGJI-SIWO-SHENG|SHI-ZHU-JI|TIANGAN-XINGQING|YONGSHEN-STRUCTURE|YONGSHEN-FINAL|ZHONG-HE,，己日得甲为在官，三月通气，引子未上，兼为正印，故主极贵。如戊申 庚申 癸亥 戊午，癸生七月印旺天德之地，合成为官，引子午时火旺之地，又能资戊土之官，官印俱旺，故主大贵。拱贵拱禄为将相，忌刑冲填实之凶。此拱贵拱禄格也，《喜忌篇》文义同。如丁巳 丙午 甲寅 甲子，拱丑贵。壬子 丁未 丁巳 丁未，年支子字冲出午字，故大贵。癸卯 庚申 戊辰 戊午，拱巳禄。如辛丑 辛丑 甲寅 甲子，有丑字填实，却以辛为正,[]
渊海子平,渊海子平-0407,戊申庚申癸亥戊午,癸,HEAVY,REN-CAIGUAN|SHISHI-BURUO|HEAVY-ROOT|YIN-PARTY|ROOT-STRUCK|ROOT-GAN-PRIORITY|ZHONGGUA-2SIDE|RI-BEI-HE|JIRUO-WUGEN|JIWANG-HUAIJI|GE-QUALITY|SHI-ZHU-JI|TIANGAN-XINGQING|YONGSHEN-STRUCTURE|YONGSHEN-FINAL|ZHONG-HE,，癸生七月印旺天德之地，合成为官，引子午时火旺之地，又能资戊土之官，官印俱旺，故主大贵。拱贵拱禄为将相，忌刑冲填实之凶。此拱贵拱禄格也，《喜忌篇》文义同。如丁巳 丙午 甲寅 甲子，拱丑贵。壬子 丁未 丁巳 丁未，年支子字冲出午字，故大贵。癸卯 庚申 戊辰 戊午，拱巳禄。如辛丑 辛丑 甲寅 甲子，有丑字填实，却以辛为正官论。己未 戊辰 戊寅 戊午，官煞多，寅字冲申为冲开，则拱不成。又如壬辰 戊申 己,[]
渊海子平,渊海子平-0408,丁巳丙午甲寅甲子,甲,HEAVY,REN-CAIGUAN|SHISHI-BURUO|XIEQI-TAIZHONG|HEAVY-ROOT|BIJIE-PARTY|ROOT-STRUCK|ROOT-GAN-PRIORITY|WANGCHONG-SHUAI|ZHONGGUA-2SIDE|JIRUO-WUGEN|JIWANG-HUAIJI|JISHUAI-CONGSHENG|GE-QUALITY|TIANGAN-XINGQING|YONGSHEN-STRUCTURE|YONGSHEN-FINAL|ZHONG-HE,，拱丑贵。壬子 丁未 丁巳 丁未，年支子字冲出午字，故大贵。癸卯 庚申 戊辰 戊午，拱巳禄。如辛丑 辛丑 甲寅 甲子，有丑字填实，却以辛为正官论。己未 戊辰 戊寅 戊午，官煞多，寅字冲申为冲开，则拱不成。又如壬辰 戊申 己未 己巳，是此格也，故大贵。官印暗合天地，其贵可知。福德隐在支中，其德尤萃。官印暗合即食神暗合正官、偏财暗合正印，如甲用辛官，丙盛能暗合辛未为官，用癸为印，戊旺能暗合癸丑为印，更,[]
渊海子平,渊海子平-0409,壬子丁未丁巳丁未,丁,HEAVY,REN-CAIGUAN|SHISHI-BURUO|HEAVY-ROOT|BIJIE-PARTY|ROOT-STRUCK|ROOT-GAN-PRIORITY|SHI-GUI-LU|ZHONGGUA-2SIDE|RI-BEI-HE|JIRUO-WUGEN|JIWANG-HUAIJI|SHIYONG-YUELING-XIANGFU|GE-QUALITY|TIANGAN-XINGQING|YONGSHEN-STRUCTURE|YONGSHEN-FINAL|ZHONG-HE,，年支子字冲出午字，故大贵。癸卯 庚申 戊辰 戊午，拱巳禄。如辛丑 辛丑 甲寅 甲子，有丑字填实，却以辛为正官论。己未 戊辰 戊寅 戊午，官煞多，寅字冲申为冲开，则拱不成。又如壬辰 戊申 己未 己巳，是此格也，故大贵。官印暗合天地，其贵可知。福德隐在支中，其德尤萃。官印暗合即食神暗合正官、偏财暗合正印，如甲用辛官，丙盛能暗合辛未为官，用癸为印，戊旺能暗合癸丑为印，更得地支有子合丑，有午合未，方是福,[]
渊海子平,渊海子平-0410,癸卯庚申戊辰戊午,戊,HEAVY,REN-CAIGUAN|SHISHI-BURUO|XIEQI-TAIZHONG|HEAVY-ROOT|BIJIE-PARTY|ROOT-STRUCK|ROOT-GAN-PRIORITY|SHI-GUI-LU|ZHONGGUA-2SIDE|RI-BEI-HE|JIRUO-WUGEN|JIWANG-HUAIJI|JISHUAI-CONGSHENG|GE-QUALITY|YONGSHEN-STRUCTURE|YONGSHEN-FINAL|ZHONG-HE,，拱巳禄。如辛丑 辛丑 甲寅 甲子，有丑字填实，却以辛为正官论。己未 戊辰 戊寅 戊午，官煞多，寅字冲申为冲开，则拱不成。又如壬辰 戊申 己未 己巳，是此格也，故大贵。官印暗合天地，其贵可知。福德隐在支中，其德尤萃。官印暗合即食神暗合正官、偏财暗合正印，如甲用辛官，丙盛能暗合辛未为官，用癸为印，戊旺能暗合癸丑为印，更得地支有子合丑，有午合未，方是福德隐藏。福即福星贵，德即天月德，或指福德秀气，或指,[]
渊海子平,渊海子平-0411,辛丑辛丑甲寅甲子,甲,HEAVY,REN-CAIGUAN|SHISHI-BURUO|HEAVY-ROOT|BIJIE-PARTY|ROOT-GAN-PRIORITY|ZHONGGUA-2SIDE|SHIYONG-YUELING-XIANGFU|GE-QING|GE-QUALITY|TIANGAN-XINGQING|YONGSHEN-STRUCTURE|YONGSHEN-FINAL|ZHONG-HE,，有丑字填实，却以辛为正官论。己未 戊辰 戊寅 戊午，官煞多，寅字冲申为冲开，则拱不成。又如壬辰 戊申 己未 己巳，是此格也，故大贵。官印暗合天地，其贵可知。福德隐在支中，其德尤萃。官印暗合即食神暗合正官、偏财暗合正印，如甲用辛官，丙盛能暗合辛未为官，用癸为印，戊旺能暗合癸丑为印，更得地支有子合丑，有午合未，方是福德隐藏。福即福星贵，德即天月德，或指福德秀气，或指天乙贵人，以藏在支中为妙。如甲戊庚,[]
渊海子平,渊海子平-0412,己未戊辰戊寅戊午,戊,HEAVY,REN-CAIGUAN|HEAVY-ROOT|BIJIE-PARTY|ROOT-GAN-PRIORITY|SHI-GUI-LU|ZHONGGUA-2SIDE|JIWANG-HUAIJI|GE-QING|GE-QUALITY|YONGSHEN-STRUCTURE|YONGSHEN-FINAL|ZHONG-HE,，官煞多，寅字冲申为冲开，则拱不成。又如壬辰 戊申 己未 己巳，是此格也，故大贵。官印暗合天地，其贵可知。福德隐在支中，其德尤萃。官印暗合即食神暗合正官、偏财暗合正印，如甲用辛官，丙盛能暗合辛未为官，用癸为印，戊旺能暗合癸丑为印，更得地支有子合丑，有午合未，方是福德隐藏。福即福星贵，德即天月德，或指福德秀气，或指天乙贵人，以藏在支中为妙。如甲戊庚不见丑未，但得己字即是见己，在丑未宫尤妙，柱无卯乙破,[]
渊海子平,渊海子平-0413,壬辰戊申己未己巳,己,HEAVY,REN-CAIGUAN|SHISHI-BURUO|HEAVY-ROOT|BIJIE-PARTY|ROOT-STRUCK|ROOT-GAN-PRIORITY|SHI-GUI-LU|ZHONGGUA-2SIDE|JIRUO-WUGEN|JIWANG-HUAIJI|SHIYONG-YUELING-XIANGFU|GE-QING|GE-QUALITY|TIANGAN-XINGQING|YONGSHEN-STRUCTURE|YONGSHEN-FINAL|ZHONG-HE,，是此格也，故大贵。官印暗合天地，其贵可知。福德隐在支中，其德尤萃。官印暗合即食神暗合正官、偏财暗合正印，如甲用辛官，丙盛能暗合辛未为官，用癸为印，戊旺能暗合癸丑为印，更得地支有子合丑，有午合未，方是福德隐藏。福即福星贵，德即天月德，或指福德秀气，或指天乙贵人，以藏在支中为妙。如甲戊庚不见丑未，但得己字即是见己，在丑未宫尤妙，柱无卯乙破，更生四季月，己土得令，主贵人见喜前程，尊显妻貌及得妻财。又云,[]
渊海子平,渊海子平-0414,丙戌丁酉辛酉乙未,辛,HEAVY,REN-CAIGUAN|DESHI-BUWANG|HEAVY-ROOT|ROOT-STRUCK|ROOT-GAN-PRIORITY|ZHONGGUA-2SIDE|RI-BEI-HE|JIRUO-WUGEN|JIWANG-HUAIJI|GE-QUALITY|SHI-ZHU-JI|YONGSHEN-STRUCTURE|YONGSHEN-FINAL|ZHONG-HE,，壬申年死是也。中下灭绝，如壬戌日为坐财，又坐煞，日支能有之是则寿，若行壬辰运，壬癸水聚於辰，克破戌中火土，别无可救即夭。此名倒冲命元。土旺则水旺，土身自崩坏，何暇救之，水旺则火灭，故云：中下绝灭，中下者，即地元人元中下之分也，余仿此推。伤官见官祸患百端，逐马逢马劳苦千般。此独犯所忌，故不吉。伤官见官，惟有财星可以解伤之毒，劝官之怒，转祸为祥。逐马逢马，惟有官煞可以制刃之劫，虽劳亦得其财。若比肩多,"['身弱', '弱极']"
渊海子平,渊海子平-0415,壬午癸丑庚寅丙戌,庚,LIGHT,REN-CAIGUAN|XIEQI-TAIZHONG|LIGHT-ROOT|ROOT-STRUCK|ROOT-GAN-PRIORITY|SHI-GUI-LU|ZHONGGUA-2SIDE|JIRUO-WUGEN|JISHUAI-CONGSHENG|SHIYONG-YUELING-XIANGFU|GE-QUALITY|SHI-ZHU-JI|YONGSHEN-STRUCTURE|YONGSHEN-FINAL|ZHONG-HE,，行丁巳运遇癸亥流年，癸伤丁，亥冲巳，是岁冲运也，其年罢官丧母，受祸最惨，可以例推矣。阴气终而阳气断，未死堪嗟。阳数极而阴命追，不殂(音同粗)何待。甲见辰、丙见未、戊见丑、庚见戌、壬见丑，为阳气极，乙见戌、丁见丑、己癸见未、辛见辰，为阴数终，岁运见之尤凶。又云：乙辰 丁未 己丑 辛戌，亦是阴符来追，阳数先断，若止当生，四柱无害，最怕生既犯，岁运又见，立死。又云；阴乾遇阳极为阴遇阳关，阳干遇阴终为阳,"['身旺', '身弱']"
渊海子平,渊海子平-0416,乙辰丁未己丑辛戌,己,HEAVY,REN-CAIGUAN|DESHI-BUWANG|XIEQI-TAIZHONG|HEAVY-ROOT|YIN-PARTY|ROOT-STRUCK|ROOT-GAN-PRIORITY|SHI-GUI-LU|ZHONGGUA-2SIDE|JIRUO-WUGEN|JIWANG-HUAIJI|SHIYONG-YUELING-XIANGFU|GE-QUALITY|WANGJI-SIWO-SHENG|TIANGAN-XINGQING|YONGSHEN-STRUCTURE|YONGSHEN-FINAL|ZHONG-HE,，亦是阴符来追，阳数先断，若止当生，四柱无害，最怕生既犯，岁运又见，立死。又云；阴乾遇阳极为阴遇阳关，阳干遇阴终为阳遇阴关，身弱无力皆夭，身旺得比肩党助则无害。五行有救，当忧不忧，四时逢空，闻喜不喜。言人命遇岁运之凶，以上冲克、气终数极之类，如五行有救，则当忧不忧。四时逢空，是流年太岁遇吉神，却值空亡，则闻喜不喜。或曰：甲忧庚，得乙可救。春无土，不怕土为凶，不喜土为福之类。经云：庚辛来伤甲乙，丙丁,"['身旺', '身弱']"
渊海子平,渊海子平-0417,丙戌辛丑丁巳壬寅,丁,HEAVY,REN-CAIGUAN|SHISHI-BURUO|HEAVY-ROOT|BIJIE-PARTY|ROOT-STRUCK|ROOT-GAN-PRIORITY|ZHONGGUA-2SIDE|RI-BEI-HE|JIRUO-WUGEN|JIWANG-HUAIJI|GE-QUALITY|TIANGAN-XINGQING|YONGSHEN-STRUCTURE|YONGSHEN-FINAL|ZHONG-HE,，丙辛合、丁壬合、寅戌合、丑巳合，若鸳鸯之比翼联飞也。有壬水在柱而又丙辛化水，是江湖之家，可以遂其栖迟之性矣。或曰：鸳鸯比翼，只取其两两相合，即德合双鸯格也，江湖字不必拘。蝴蝶双飞，逢园囿方为得所。如辛未 戊戌 辛未 戊戌，未为木库，戊戌纳音又为平地木，乃园囿之所，故合格而贵，若无一点木气，岂非虚名虚利之人乎。采精金于青沙黄碛(音同气)，别利器於错节盘根。甲午日见己巳时，乙未日见戊寅时，盖甲午、乙,[]
渊海子平,渊海子平-0418,辛未戊戌辛未戊戌,辛,LIGHT,REN-CAIGUAN|SHISHI-BURUO|LIGHT-ROOT|YIN-PARTY|BIJIE-PARTY|ROOT-STRUCK|ROOT-GAN-PRIORITY|SHI-GUI-LU|ZHONGGUA-2SIDE|JIRUO-WUGEN|SHIYONG-YUELING-XIANGFU|GE-QING|GE-QUALITY|SHI-ZHU-JI|YONGSHEN-STRUCTURE|YONGSHEN-FINAL|ZHONG-HE,，未为木库，戊戌纳音又为平地木，乃园囿之所，故合格而贵，若无一点木气，岂非虚名虚利之人乎。采精金于青沙黄碛(音同气)，别利器於错节盘根。甲午日见己巳时，乙未日见戊寅时，盖甲午、乙未本是沙中金，而戊寅则青沙，己巳乃黄碛也。甲乙生卯月木旺之时，柱带壬申、癸酉剑锋之金，正合此格，余金则非。我生者岂若生我者之为安，克我者曾如我克者之为显。此言伤官不及印绶，用煞不如用财也。盖伤官七煞虽或大贵，然多有得其祸者,[]
渊海子平,渊海子平-0419,壬子丙午壬子丙午,壬,HEAVY,REN-CAIGUAN|SHISHI-BURUO|HEAVY-ROOT|BIJIE-PARTY|ROOT-STRUCK|ROOT-GAN-PRIORITY|WANGCHONG-SHUAI|ZHONGGUA-2SIDE|JIRUO-WUGEN|SHIYONG-YUELING-XIANGFU|GE-QUALITY|SHI-ZHU-JI|YONGSHEN-STRUCTURE|YONGSHEN-FINAL|ZHONG-HE,，既济之格也。丁卯 丙午 丙戌 甲午，未济之格也。二者皆大贵。如以俗眼观之，则前一命嫌於冲并，後一命嫌於无依矣。或以未济以火在上，水在下，柱中太旺为解，即聚精会神之格也。内有三正三偏，不必生扶不必透露。六壬生四月，巳中戊为偏官，丙为偏财，长生金为偏印，故谓之三偏。癸生巳月，则为正官、正财、正印，乃三正也。水虽绝巳，金长生则水不终绝，是以不必生扶也。翕(音同细)聚则气专，发散，是以不必透露也。或以生,['衰弱']
渊海子平,渊海子平-0420,丁卯丙午丙戌甲午,丙,HEAVY,REN-CAIGUAN|HEAVY-ROOT|YIN-PARTY|BIJIE-PARTY|ROOT-STRUCK|ROOT-GAN-PRIORITY|SHI-GUI-LU|ZHONGGUA-2SIDE|JIRUO-WUGEN|JIWANG-HUAIJI|SHIYONG-YUELING-XIANGFU|GE-QUALITY|YONGSHEN-STRUCTURE|YONGSHEN-FINAL|ZHONG-HE,，未济之格也。二者皆大贵。如以俗眼观之，则前一命嫌於冲并，後一命嫌於无依矣。或以未济以火在上，水在下，柱中太旺为解，即聚精会神之格也。内有三正三偏，不必生扶不必透露。六壬生四月，巳中戊为偏官，丙为偏财，长生金为偏印，故谓之三偏。癸生巳月，则为正官、正财、正印，乃三正也。水虽绝巳，金长生则水不终绝，是以不必生扶也。翕(音同细)聚则气专，发散，是以不必透露也。或以生扶指财官印言，若日干衰弱则不可不生扶,['衰弱']
渊海子平,渊海子平-0421,丙寅甲午乙巳己卯,乙,HEAVY,REN-CAIGUAN|SHISHI-BURUO|XIEQI-TAIZHONG|HEAVY-ROOT|TENGLUO-XIJIA|BIJIE-PARTY|ROOT-STRUCK|ROOT-GAN-PRIORITY|SHI-GUI-LU|ZHONGGUA-2SIDE|JIRUO-WUGEN|JIWANG-HUAIJI|JISHUAI-CONGSHENG|GE-QUALITY|TIANGAN-XINGQING|YONGSHEN-STRUCTURE|YONGSHEN-FINAL|ZHONG-HE,，丙禄居巳，甲禄居寅，乙禄居卯，己禄居午，天干各有所归，此人一生富而且寿，即《消息赋》享福五行归禄，眉寿八字均停之意。木衰火旺复行西，天年夭折。如甲午日生四五月，木不南奔，又见金砍伐，宜夭折也，行东北运则否。水冷金寒兼拱北，身世浮沈。金水伤官，只宜东南运行吉。甲春乙秋，偏宜官煞重叠。甲生春木旺，赖金斫削方成器。乙生秋，或化或煞，皆吉，是以宜多煞。假若甲生秋而重受克，必主大凶，乙生春而煞多，亦不宜。,[]
渊海子平,渊海子平-0422,壬申辛亥己巳丙寅,己,HEAVY,REN-CAIGUAN|SHISHI-BURUO|XIEQI-TAIZHONG|YIN-PARTY|ROOT-STRUCK|ROOT-GAN-PRIORITY|WANGCHONG-SHUAI|HE-HUASHEN-DESHI|ZHONGGUA-2SIDE|JIRUO-WUGEN|JISHUAI-CONGSHENG|SHIYONG-YUELING-XIANGFU|GE-QUALITY|SHI-ZHU-JI|TIANGAN-XINGQING|YONGSHEN-STRUCTURE|YONGSHEN-FINAL|ZHONG-HE,，壬以巳为贵，辛以寅为贵，己以申为贵，丙以亥为贵也。一旬和气，乐以忘忧。年月日时共出一旬，如甲子 壬申 己巳 癸酉，俱出甲子旬中也。归禄爱财星，见官则损寿。财为养命之源，归禄之格，身旺爱财，直忌官星，窃财气故也。正官得时令，有印不如财。官印固妙两全，苟无财星，官失其生意，印亦何用。从革复出乎三奇，血食迄千年而未艾。日干庚辛，地支巳酉丑或申酉戌全者，乃从革之象。庚日干头再有甲戊，辛日干头再有壬癸，其,['身旺']
渊海子平,渊海子平-0423,甲子壬申己巳癸酉,己,HEAVY,REN-CAIGUAN|HEAVY-ROOT|ROOT-STRUCK|ROOT-GAN-PRIORITY|SHI-GUI-LU|ZHONGGUA-2SIDE|RI-BEI-HE|JIRUO-WUGEN|JIWANG-HUAIJI|GE-QING|GE-QUALITY|TIANGAN-XINGQING|YONGSHEN-STRUCTURE|YONGSHEN-FINAL|ZHONG-HE,，俱出甲子旬中也。归禄爱财星，见官则损寿。财为养命之源，归禄之格，身旺爱财，直忌官星，窃财气故也。正官得时令，有印不如财。官印固妙两全，苟无财星，官失其生意，印亦何用。从革复出乎三奇，血食迄千年而未艾。日干庚辛，地支巳酉丑或申酉戌全者，乃从革之象。庚日干头再有甲戊，辛日干头再有壬癸，其人死当庙食於百世矣。何以言之，夫金之为用也刚而其为质也固，刚者义气之发，固者可久之道。人之秉义者，生为忠臣，死必为,['身旺']
渊海子平,渊海子平-0424,庚申己丑丁亥壬寅,丁,NONE,CAIDUO-SHENRUAN|SHAZHONG-SHENQING|XIEQI-TAIZHONG|ZHONGGUA-2SIDE|RI-BEI-HE|JIRUO-WUGEN|WUGEN-YOUFU|JISHUAI-CONGSHENG|GE-QUALITY|YUN-SHENG-ROOT|TIANGAN-XINGQING|YONGSHEN-STRUCTURE|YONGSHEN-FINAL,是也。三刑带鬼，始终克子伤夫。三刑者，寅刑巳、巳刑申、申刑寅、丑刑戌、戌刑未、未刑丑、子刑卯、卯刑子、辰刑午、午刑亥之类。如带三刑，又见七煞者，主刑夫克子之造。杨妃貌美，禄旁桃花。桃花煞，一名咸池。此煞主人清秀美貌，如寅午戌生人见卯是，巳酉丑生人见午是，申子辰生人见酉是，亥卯未生人见子是。殊不知桃花煞，年月带之为园中之花，与官星合禄主贵，堪为良妇。若时上带之，谓之墙外桃花，任人扳折，反为下贱。所以,[]
渊海子平,渊海子平-0425,丙子丁丑戊寅辛卯,戊,HEAVY,REN-CAIGUAN|DESHI-BUWANG|XIEQI-TAIZHONG|HEAVY-ROOT|YIN-PARTY|ROOT-GAN-PRIORITY|ZHONGGUA-2SIDE|JIRUO-WUGEN|JIWANG-HUAIJI|GE-QUALITY|WANGJI-SIWO-SHENG|SHI-ZHU-JI|YONGSHEN-STRUCTURE|YONGSHEN-FINAL|ZHONG-HE,、壬辰、癸巳、丙午、丁未、戊申、壬戌、癸亥。阳日为阳差，阴日为阴错，女子逢之，公姑寡合，妯娌不足。日月时两重，或三重犯之极验，只日家犯之犹重。妇人犯之，故主夫家零落。五马六财，穷败比肩之地。马即财也。甲子生人，以己为财，自甲至己乃六，为财之母，倘比肩兄弟多者，则劫而分之，故云穷败。妇人无财以事夫，亦中谓穷矣。八官七杀，分离刑害之乡。甲子生人，以庚午为杀、辛未为官。自甲至庚午为七杀，辛未为八官。七杀,['旺相']
渊海子平,渊海子平-0426,壬辰癸巳丙午丁未,丙,HEAVY,REN-CAIGUAN|DESHI-BUWANG|HEAVY-ROOT|BIJIE-PARTY|ROOT-GAN-PRIORITY|SHI-GUI-LU|ZHONGGUA-2SIDE|JIRUO-WUGEN|JIWANG-HUAIJI|GE-QING|GE-QUALITY|YONGSHEN-STRUCTURE|YONGSHEN-FINAL|ZHONG-HE,、戊申、壬戌、癸亥。阳日为阳差，阴日为阴错，女子逢之，公姑寡合，妯娌不足。日月时两重，或三重犯之极验，只日家犯之犹重。妇人犯之，故主夫家零落。五马六财，穷败比肩之地。马即财也。甲子生人，以己为财，自甲至己乃六，为财之母，倘比肩兄弟多者，则劫而分之，故云穷败。妇人无财以事夫，亦中谓穷矣。八官七杀，分离刑害之乡。甲子生人，以庚午为杀、辛未为官。自甲至庚午为七杀，辛未为八官。七杀为偏夫，八官为正夫，倘遇,['旺相']
渊海子平,渊海子平-0427,癸巳戊午辛酉丙申,辛,HEAVY,REN-CAIGUAN|SHISHI-BURUO|XIEQI-TAIZHONG|HEAVY-ROOT|YIN-PARTY|ROOT-STRUCK|ROOT-GAN-PRIORITY|HE-HUASHEN-DESHI|SHI-GUI-LU|ZHONGGUA-2SIDE|RI-BEI-HE|JIRUO-WUGEN|JISHUAI-CONGSHENG|GE-QING|GE-QUALITY|CAI-RUO-SHEN-QIANG|YONGSHEN-STRUCTURE|YONGSHEN-FINAL|ZHONG-HE,，本身专禄，旺不从化，辛用丙官为夫星，五月火旺夫健，丙用癸为官坐贵，见戌为食，同归禄於巳。辛金生壬水为子，引入申时长生之地，天干癸戊辛丙，水火既济，地支巳午酉申，拱夹财库，所以嫁夫为官而食天禄，夫荣子贵之命。又癸亥 甲寅 丙戌 甲午，丙用癸为夫，临官在亥，甲为印，坐寅建禄，自身坐库，己土为子，归禄于午，居时子息之位，甲木为己土之官，四柱纯一不杂，故主贵。余仿此推。和和者，恬静也。如身柔弱，独有一位,['中和']
渊海子平,渊海子平-0428,癸亥甲寅丙戌甲午,丙,HEAVY,REN-CAIGUAN|SHISHI-BURUO|YIN-PARTY|ROOT-STRUCK|ROOT-GAN-PRIORITY|SHI-GUI-LU|ZHONGGUA-2SIDE|JIRUO-WUGEN|JIWANG-HUAIJI|GE-QING|GE-QUALITY|YONGSHEN-STRUCTURE|YONGSHEN-FINAL|ZHONG-HE,，丙用癸为夫，临官在亥，甲为印，坐寅建禄，自身坐库，己土为子，归禄于午，居时子息之位，甲木为己土之官，四柱纯一不杂，故主贵。余仿此推。和和者，恬静也。如身柔弱，独有一位夫星，柱无冲破攻击之神，禀其中和之气则为和也。如壬辰 辛亥 己卯 己巳，己用甲为夫，亥乃长生之地，得天时地利，甲以辛为官，金生於巳，己以金为子，亦生於巳，谓之夫得官星，子得长生，故主益夫旺子。虽自坐卯支为煞，有巳中庚制，为去煞留官之,['中和']
渊海子平,渊海子平-0429,壬辰辛亥己卯己巳,己,HEAVY,REN-CAIGUAN|SHISHI-BURUO|XIEQI-TAIZHONG|HEAVY-ROOT|BIJIE-PARTY|ROOT-STRUCK|ROOT-GAN-PRIORITY|WANGCHONG-SHUAI|SHI-GUI-LU|ZHONGGUA-2SIDE|JIRUO-WUGEN|JISHUAI-CONGSHENG|GE-QUALITY|TIANGAN-XINGQING|YONGSHEN-STRUCTURE|YONGSHEN-FINAL|ZHONG-HE,，己用甲为夫，亥乃长生之地，得天时地利，甲以辛为官，金生於巳，己以金为子，亦生於巳，谓之夫得官星，子得长生，故主益夫旺子。虽自坐卯支为煞，有巳中庚制，为去煞留官之论，女命之贵也。又丁丑 壬寅 丁酉 己酉，丁用壬为夫，甲为印，乃夫之食禄，丁酉日贵，生己酉之子，壬水得己土为官，主夫贵，己土得甲为官，主子贵，酉中财旺，荣夫荫子之造。余仿此推。清清者，洁净之称。女命或一官一煞，不相混杂，谓之清。要夫星得时,[]
渊海子平,渊海子平-0430,丁丑壬寅丁酉己酉,丁,LIGHT,REN-CAIGUAN|SHISHI-BURUO|XIEQI-TAIZHONG|LIGHT-ROOT|BIJIE-PARTY|ROOT-STRUCK|ROOT-GAN-PRIORITY|HE-HUASHEN-DESHI|SHI-GUI-LU|ZHONGGUA-2SIDE|RI-BEI-HE|JIRUO-WUGEN|JISHUAI-CONGSHENG|GE-QUALITY|SHI-ZHU-JI|TIANGAN-XINGQING|YONGSHEN-STRUCTURE|YONGSHEN-FINAL|ZHONG-HE,，丁用壬为夫，甲为印，乃夫之食禄，丁酉日贵，生己酉之子，壬水得己土为官，主夫贵，己土得甲为官，主子贵，酉中财旺，荣夫荫子之造。余仿此推。清清者，洁净之称。女命或一官一煞，不相混杂，谓之清。要夫星得时，柱有财生官，有印助身，无一点混浊之气，方为清贵。如己未 壬申 乙未 甲申，乙以庚为夫，庚禄到申，以丁为子，丁旺於未，以壬为印，壬生於申，又坐下支神为乙木之财，财旺则能生官，四柱无刑冲破败。经云：财官印,[]
渊海子平,渊海子平-0431,己未壬申乙未甲申,乙,LIGHT,REN-CAIGUAN|SHISHI-BURUO|LIGHT-ROOT|TENGLUO-XIJIA|YIN-PARTY|BIJIE-PARTY|ROOT-GAN-PRIORITY|ZHONGGUA-2SIDE|JIRUO-WUGEN|SHIYONG-YUELING-XIANGFU|GE-QING|GE-QUALITY|SHI-ZHU-JI|TIANGAN-XINGQING|YONGSHEN-STRUCTURE|YONGSHEN-FINAL|ZHONG-HE,，乙以庚为夫，庚禄到申，以丁为子，丁旺於未，以壬为印，壬生於申，又坐下支神为乙木之财，财旺则能生官，四柱无刑冲破败。经云：财官印绶三般物，女命逢之必旺夫。故有两国之封，夫人之命。又甲寅 癸酉 丙寅 戊子，丙用癸为夫，坐酉自生，癸得戊为官，癸禄居子，夫得禄者贵。丙火得戊土，为子登龙池凤阁，主子贵。余仿此推。龙池煞，申子辰人龙午凤酉，寅午戌人龙子凤卯，巳酉丑人龙卯凤子，亥卯未人龙酉凤午。贵贵者，尊荣之,[]
渊海子平,渊海子平-0432,甲寅癸酉丙寅戊子,丙,HEAVY,REN-CAIGUAN|SHISHI-BURUO|XIEQI-TAIZHONG|HEAVY-ROOT|YIN-PARTY|ROOT-GAN-PRIORITY|ZHONGGUA-2SIDE|JIRUO-WUGEN|JISHUAI-CONGSHENG|GE-QING|GE-QUALITY|SHI-ZHU-JI|YONGSHEN-STRUCTURE|YONGSHEN-FINAL|ZHONG-HE,，丙用癸为夫，坐酉自生，癸得戊为官，癸禄居子，夫得禄者贵。丙火得戊土，为子登龙池凤阁，主子贵。余仿此推。龙池煞，申子辰人龙午凤酉，寅午戌人龙子凤卯，巳酉丑人龙卯凤子，亥卯未人龙酉凤午。贵贵者，尊荣之号。命中有官星，得财气以相资，三奇得其宗，四柱不值鬼病，乃女命尧舜也。经云：无煞女人之命，一贵可作良人。又云：女命无煞逢二德，可两国之封。二德者，非独天月二德，即财为一德，官为一德，加之印食，愈为贵也。,[]
渊海子平,渊海子平-0433,甲午丙寅丁未壬寅,丁,HEAVY,REN-CAIGUAN|SHISHI-BURUO|HEAVY-ROOT|YIN-PARTY|BIJIE-PARTY|ROOT-GAN-PRIORITY|HE-HUASHEN-DESHI|ZHONGGUA-2SIDE|RI-BEI-HE|JIRUO-WUGEN|JIWANG-HUAIJI|SHIYONG-YUELING-XIANGFU|GE-QING|GE-QUALITY|CAI-RUO-SHEN-QIANG|TIANGAN-XINGQING|YONGSHEN-STRUCTURE|YONGSHEN-FINAL|ZHONG-HE,，丁以壬为官，壬食甲为印，壬用丙为财，壬以亥为禄，得二寅暗合，虽夫星失时，喜行西北夫旺之运，故主大贵。又乙亥 丙戌 辛卯 癸巳，辛用乙为财，旺於亥，丙为夫星，坐库归禄，巳上癸水为夫之官，辛金生癸为子坐巳上，与夫禄同位，又是贵神，又为财官双美，乃得夫子俱贵，封两国夫人。余仿此推。浊浊者，混也。乃五行失位，水土互伤，其身太旺，正夫不显，偏夫外杂，柱多分别，无财官印食，为下贱低浊或娼妓婢妾、淫巧之人。如,[]
渊海子平,渊海子平-0434,乙亥丙戌辛卯癸巳,辛,LIGHT,REN-CAIGUAN|XIEQI-TAIZHONG|LIGHT-ROOT|ROOT-GAN-PRIORITY|ZHONGGUA-2SIDE|RI-BEI-HE|JIRUO-WUGEN|JISHUAI-CONGSHENG|SHIYONG-YUELING-XIANGFU|GE-QUALITY|SHI-ZHU-JI|YONGSHEN-STRUCTURE|YONGSHEN-FINAL|ZHONG-HE,，辛用乙为财，旺於亥，丙为夫星，坐库归禄，巳上癸水为夫之官，辛金生癸为子坐巳上，与夫禄同位，又是贵神，又为财官双美，乃得夫子俱贵，封两国夫人。余仿此推。浊浊者，混也。乃五行失位，水土互伤，其身太旺，正夫不显，偏夫外杂，柱多分别，无财官印食，为下贱低浊或娼妓婢妾、淫巧之人。如己亥 乙亥 癸丑 己未，癸水生十月，太泛，癸以戊为夫，不显，时引己未是偏夫，嫌丑未皆有土混杂，柱中无财，乙木为食神干旺，己土受,[]
渊海子平,渊海子平-0435,己亥乙亥癸丑己未,癸,HEAVY,REN-CAIGUAN|DESHI-BUWANG|XIEQI-TAIZHONG|HEAVY-ROOT|ROOT-STRUCK|ROOT-GAN-PRIORITY|ZHONGGUA-2SIDE|JIRUO-WUGEN|JIWANG-HUAIJI|GE-QUALITY|WANGJI-SIWO-SHENG|SHI-ZHU-JI|TIANGAN-XINGQING|YONGSHEN-STRUCTURE|YONGSHEN-FINAL|ZHONG-HE,，癸水生十月，太泛，癸以戊为夫，不显，时引己未是偏夫，嫌丑未皆有土混杂，柱中无财，乙木为食神干旺，己土受克，鬼败临身，五行失位，主先清後浊，不能享福。又癸未、甲寅、辛酉、乙未，辛酉八专自旺，用丙火为夫，长生於寅，夫旺本好，但辛贪乙未库中财，惹起未中丁火为暗夫，两库暗夫重过明夫，明暗交集，虽有正夫，未免暗中偷夫得财，乃浊乱之象。余仿此推。滥滥者，婪也。谓柱中明有夫多，暗中财旺，干支又多带煞，必因酒色,[]
渊海子平,渊海子平-0436,庚寅丙戌庚申丁亥,庚,HEAVY,REN-CAIGUAN|SHISHI-BURUO|HEAVY-ROOT|BIJIE-PARTY|ROOT-STRUCK|ROOT-GAN-PRIORITY|ZHONGGUA-2SIDE|JIRUO-WUGEN|JIWANG-HUAIJI|GE-QUALITY|SHI-ZHU-JI|YONGSHEN-STRUCTURE|YONGSHEN-FINAL|ZHONG-HE,，庚申八专自旺，丙火为夫，寅戌会局，时干又丁，爱重火情，庚申金暗克寅亥木为财，亥中壬水为食生财，其人虽美貌有福，不免滥而得财。又戊子 甲寅 己未 丁卯，正月甲木旺，卯未会局，偏正夫多，子上又有旺财，己合甲官，阴阳匹配，故虽聪明秀丽，不免失之於滥，况倒插桃花，上坐娣妹，不是官星，岂为良妇。又己酉 丁丑 癸丑 壬戍，柱中明有己夫，二丑一戌三夫暗藏，丁为财，归库於戌，与丑相刑，二阳得令，火亦进气，是夫多,['身旺']
渊海子平,渊海子平-0437,戊子甲寅己未丁卯,己,HEAVY,REN-CAIGUAN|SHISHI-BURUO|HEAVY-ROOT|YIN-PARTY|BIJIE-PARTY|ROOT-STRUCK|ROOT-GAN-PRIORITY|ZHONGGUA-2SIDE|RI-BEI-HE|JIRUO-WUGEN|GE-QUALITY|SHI-ZHU-JI|TIANGAN-XINGQING|YONGSHEN-STRUCTURE|YONGSHEN-FINAL|ZHONG-HE,，正月甲木旺，卯未会局，偏正夫多，子上又有旺财，己合甲官，阴阳匹配，故虽聪明秀丽，不免失之於滥，况倒插桃花，上坐娣妹，不是官星，岂为良妇。又己酉 丁丑 癸丑 壬戍，柱中明有己夫，二丑一戌三夫暗藏，丁为财，归库於戌，与丑相刑，二阳得令，火亦进气，是夫多财旺，丁壬太过。又甲辰、癸酉、丙子、辛卯，丙子日犯阴阳煞，主男子挑诱，丙以癸为夫，辰子会水，夫多，日时丙辛合子卯，支刑干合，犯荒淫滚浪，酒色昏迷，酉中,['身旺']
渊海子平,渊海子平-0438,甲辰癸酉丙子辛卯,丙,NONE,SHISHI-BURUO|CAIDUO-SHENRUAN|SHAZHONG-SHENQING|YIN-PARTY|WANGCHONG-SHUAI|ZHONGGUA-2SIDE|RI-BEI-HE|JIRUO-WUGEN|WUGEN-YOUFU|JISHUAI-CONGSHENG|GE-QUALITY|YUN-SHENG-ROOT|YONGSHEN-STRUCTURE|YONGSHEN-FINAL|ZHONG-HE,，丙子日犯阴阳煞，主男子挑诱，丙以癸为夫，辰子会水，夫多，日时丙辛合子卯，支刑干合，犯荒淫滚浪，酒色昏迷，酉中财旺，癸夫专坐。二命俱妓，卖奸得财。余仿此推。娼娼者，妓也。乃身旺夫绝，官衰食盛，食柱中不见官煞，或有而伤官伤尽，或官煞混杂而食神盛旺，此必娼妓之命，否则为师尼婢妾，克夫淫奔。如丁亥 庚戌 戊辰 庚申，戊以甲为夫，九月失时无气，又被庚克绝，时引入申，以庚为食，建禄在申，戊辰魁罡生申太旺，亥,['身旺']
渊海子平,渊海子平-0439,丁亥庚戌戊辰庚申,戊,HEAVY,REN-CAIGUAN|DESHI-BUWANG|XIEQI-TAIZHONG|HEAVY-ROOT|YIN-PARTY|ROOT-STRUCK|ROOT-GAN-PRIORITY|SHI-GUI-LU|ZHONGGUA-2SIDE|JIRUO-WUGEN|JIWANG-HUAIJI|SHIYONG-YUELING-XIANGFU|GE-QUALITY|WANGJI-SIWO-SHENG|SHI-ZHU-JI|YONGSHEN-STRUCTURE|YONGSHEN-FINAL|ZHONG-HE,，戊以甲为夫，九月失时无气，又被庚克绝，时引入申，以庚为食，建禄在申，戊辰魁罡生申太旺，亥中壬财亦旺，谓之身旺逢生，贪食贪财，夫绝而为秀丽娼也。又乙亥 丙戌 甲子 丙寅，甲以庚辛为夫，九月金衰气退，时引食神长生木地会局，甲木归禄身旺，庚金引至寅地，绝而无气，二丙食神太旺，伤其金夫，谓之自旺食盛，衣食虽好，不免风尘娼妓。又癸丑 庚申 戊辰 庚申，戊用乙夫，绝在申，戌日得庚申为食神，月时重见，谓之食旺,['身旺']
渊海子平,渊海子平-0440,乙亥丙戌甲子丙寅,甲,HEAVY,REN-CAIGUAN|SHISHI-BURUO|XIEQI-TAIZHONG|HEAVY-ROOT|BIJIE-PARTY|ROOT-STRUCK|ROOT-GAN-PRIORITY|SHI-GUI-LU|ZHONGGUA-2SIDE|JIRUO-WUGEN|JISHUAI-CONGSHENG|SHIYONG-YUELING-XIANGFU|GE-QING|GE-QUALITY|SHI-ZHU-JI|TIANGAN-XINGQING|YONGSHEN-STRUCTURE|YONGSHEN-FINAL|ZHONG-HE,，甲以庚辛为夫，九月金衰气退，时引食神长生木地会局，甲木归禄身旺，庚金引至寅地，绝而无气，二丙食神太旺，伤其金夫，谓之自旺食盛，衣食虽好，不免风尘娼妓。又癸丑 庚申 戊辰 庚申，戊用乙夫，绝在申，戌日得庚申为食神，月时重见，谓之食旺夫绝，故主为娼。凡阳干女命食神多者为娼，阴乾女命食神多者为妓。余仿此推。淫淫者，泆(音同易)也。乃本身得地，夫星明暗交集，谓日干自任，柱中皆官煞是也。在干者为明，支者为,['身旺']
渊海子平,渊海子平-0441,癸丑庚申戊辰庚申,戊,HEAVY,REN-CAIGUAN|XIEQI-TAIZHONG|HEAVY-ROOT|ROOT-STRUCK|ROOT-GAN-PRIORITY|SHI-GUI-LU|ZHONGGUA-2SIDE|RI-BEI-HE|JIRUO-WUGEN|JIWANG-HUAIJI|JISHUAI-CONGSHENG|SHIYONG-YUELING-XIANGFU|GE-QING|GE-QUALITY|SHI-ZHU-JI|YONGSHEN-STRUCTURE|YONGSHEN-FINAL|ZHONG-HE,，戊用乙夫，绝在申，戌日得庚申为食神，月时重见，谓之食旺夫绝，故主为娼。凡阳干女命食神多者为娼，阴乾女命食神多者为妓。余仿此推。淫淫者，泆(音同易)也。乃本身得地，夫星明暗交集，谓日干自任，柱中皆官煞是也。在干者为明，支者为暗，四柱太过。如一丁见三壬，及辰子多之例，谓之交集，於人无所不纳也。如戊辰、壬辰、壬戌、癸亥，壬辰、癸亥本自得地，明有戊土为正夫，暗有辰戌为偏夫。又庚戌 戊子 乙酉 甲申，乙以,[]
渊海子平,渊海子平-0442,戊辰壬辰壬戌癸亥,壬,HEAVY,REN-CAIGUAN|SHISHI-BURUO|HEAVY-ROOT|BIJIE-PARTY|ROOT-STRUCK|ROOT-GAN-PRIORITY|SHI-GUI-LU|ZHONGGUA-2SIDE|JIRUO-WUGEN|JIWANG-HUAIJI|GE-QUALITY|YONGSHEN-STRUCTURE|YONGSHEN-FINAL|ZHONG-HE,，壬辰、癸亥本自得地，明有戊土为正夫，暗有辰戌为偏夫。又庚戌 戊子 乙酉 甲申，乙以庚为明夫，而身坐酉支，时又引申为暗夫，运行西方金旺之地。二命俱夫星明暗交集，淫不可言。又癸亥 壬子 丁丑 壬寅，丁火纯于衆水之中，明暗夫多，淫乱无耻。经曰：丁遇壬而太过，必犯淫讹之乱是也。又癸卯 甲子 己卯 乙亥，己用甲为夫，甲败在子，卯为暗夫，坐于支下，又亥卯多明暗交集，正夫不能主张禁制，暗夫得势而入，正夫反回避,[]
渊海子平,渊海子平-0443,庚戌戊子乙酉甲申,乙,NONE,CAIDUO-SHENRUAN|SHAZHONG-SHENQING|TENGLUO-XIJIA|ZHONGGUA-2SIDE|RI-BEI-HE|JIRUO-WUGEN|WUGEN-YOUFU|JISHUAI-CONGSHENG|GE-QUALITY|YUN-SHENG-ROOT|SHI-ZHU-JI|TIANGAN-XINGQING|YONGSHEN-STRUCTURE|YONGSHEN-FINAL,，乙以庚为明夫，而身坐酉支，时又引申为暗夫，运行西方金旺之地。二命俱夫星明暗交集，淫不可言。又癸亥 壬子 丁丑 壬寅，丁火纯于衆水之中，明暗夫多，淫乱无耻。经曰：丁遇壬而太过，必犯淫讹之乱是也。又癸卯 甲子 己卯 乙亥，己用甲为夫，甲败在子，卯为暗夫，坐于支下，又亥卯多明暗交集，正夫不能主张禁制，暗夫得势而入，正夫反回避也。余仿此推。旺夫伤子夫女人有旺夫伤子者何，此法皆时上推之。时为归宿之地，夫子,[]
渊海子平,渊海子平-0444,癸亥壬子丁丑壬寅,丁,NONE,SHAZHONG-SHENQING|ZHONGGUA-2SIDE|RI-BEI-HE|WUGEN-YOUFU|JISHUAI-CONGSHENG|GE-QING|GE-QUALITY|YUN-SHENG-ROOT|TIANGAN-XINGQING|YONGSHEN-STRUCTURE|YONGSHEN-FINAL,，丁火纯于衆水之中，明暗夫多，淫乱无耻。经曰：丁遇壬而太过，必犯淫讹之乱是也。又癸卯 甲子 己卯 乙亥，己用甲为夫，甲败在子，卯为暗夫，坐于支下，又亥卯多明暗交集，正夫不能主张禁制，暗夫得势而入，正夫反回避也。余仿此推。旺夫伤子夫女人有旺夫伤子者何，此法皆时上推之。时为归宿之地，夫子二星引归於时，夫星生旺，子呈衰败是也。且如丙戌 丙申 丁巳 辛亥，丁坐巳自旺，以壬水为夫，时上乃是夫星临官之地，月支,[]
渊海子平,渊海子平-0445,癸卯甲子己卯乙亥,己,NONE,CAIDUO-SHENRUAN|SHAZHONG-SHENQING|ZHONGGUA-2SIDE|RI-BEI-HE|JIRUO-WUGEN|JISHUAI-CONGSHENG|GE-QUALITY|YUN-SHENG-ROOT|SHI-ZHU-JI|TIANGAN-XINGQING|YONGSHEN-STRUCTURE|YONGSHEN-FINAL,，己用甲为夫，甲败在子，卯为暗夫，坐于支下，又亥卯多明暗交集，正夫不能主张禁制，暗夫得势而入，正夫反回避也。余仿此推。旺夫伤子夫女人有旺夫伤子者何，此法皆时上推之。时为归宿之地，夫子二星引归於时，夫星生旺，子呈衰败是也。且如丙戌 丙申 丁巳 辛亥，丁坐巳自旺，以壬水为夫，时上乃是夫星临官之地，月支申金乃夫星长生之地，以辛金为财，七月金旺，二丙相比，皆坐夫之财印，故主夫聪秀富贵。丁以戊为子息之垣，引,[]
渊海子平,渊海子平-0446,丙戌丙申丁巳辛亥,丁,HEAVY,REN-CAIGUAN|SHISHI-BURUO|HEAVY-ROOT|BIJIE-PARTY|ROOT-STRUCK|ROOT-GAN-PRIORITY|ZHONGGUA-2SIDE|JIRUO-WUGEN|SHIYONG-YUELING-XIANGFU|GE-QUALITY|SHI-ZHU-JI|TIANGAN-XINGQING|YONGSHEN-STRUCTURE|YONGSHEN-FINAL|ZHONG-HE,，丁坐巳自旺，以壬水为夫，时上乃是夫星临官之地，月支申金乃夫星长生之地，以辛金为财，七月金旺，二丙相比，皆坐夫之财印，故主夫聪秀富贵。丁以戊为子息之垣，引至时上见亥，亥中甲水能克戊土，乃子星被克而难得也，故主旺夫伤子。余仿此推。旺子伤夫有旺子伤夫者何，此法专以月时推之。谓克我者为官为夫，有气得时，则夫发福，若支干失位，不得月气，柱中又逢冲克，时上又无旺气，而己生之子引至时上，逢长生临官帝旺之地，又,[]
渊海子平,渊海子平-0447,己卯甲戌乙卯戊寅,乙,HEAVY,REN-CAIGUAN|SHISHI-BURUO|HEAVY-ROOT|TENGLUO-XIJIA|BIJIE-PARTY|ROOT-GAN-PRIORITY|HE-HUASHEN-DESHI|SHI-GUI-LU|ZHONGGUA-2SIDE|JIRUO-WUGEN|SHIYONG-YUELING-XIANGFU|GE-QING|GE-QUALITY|SHI-ZHU-JI|TIANGAN-XINGQING|YONGSHEN-STRUCTURE|YONGSHEN-FINAL|ZHONG-HE,，乙用庚为夫，九月庚金无气，乙用丙为子，丙火长生於寅，与戌会局，皆属火，月令既无金气，时引绝地，又被火克，是伤其夫星，旺其子息，故曰旺子伤夫。余仿此推。伤夫克子伤夫克子者，乃夫星干支失位，生月失时，柱中又逢冲克，时支亦不生扶，兼且印绶重逢，盗夫之气，克子之甚，夫子不能旺，反绝於时是也。且如丙子 庚子 乙亥 丙子，乙木以庚金为夫星，十一月金寒水冷，又金死子地，支亥子水盗金气尽，柱无土生助，伤官太多，,['身旺']
渊海子平,渊海子平-0448,丙子庚子乙亥丙子,乙,NONE,ZHONGGUA-2SIDE|RI-BEI-HE|WUGEN-YOUFU|SHIYONG-YUELING-XIANGFU|GE-QING|GE-QUALITY|YUN-SHENG-ROOT|TIANGAN-XINGQING|YONGSHEN-STRUCTURE|YONGSHEN-FINAL,，乙木以庚金为夫星，十一月金寒水冷，又金死子地，支亥子水盗金气尽，柱无土生助，伤官太多，故伤其夫。乙木以丙火为子，引至子时，乃水旺火灭之地，虽年时干二火，被群水相克，夫子皆亡，故曰伤夫克子。余仿此推。安静守分安静守分者，乃夫星有气，日干自旺，相停无克，不值刑冲，财食得所者是也。且如癸巳 庚申 乙卯 丁亥，乙坐卯专禄自旺，又得时支亥字合局，是本身旺也，以庚金为夫，七月庚禄到申，又得年支巳火为金长生之,"['身旺', '身弱']"
渊海子平,渊海子平-0449,癸巳庚申乙卯丁亥,乙,HEAVY,REN-CAIGUAN|SHISHI-BURUO|XIEQI-TAIZHONG|HEAVY-ROOT|YIN-PARTY|ROOT-GAN-PRIORITY|HE-HUASHEN-DESHI|ZHONGGUA-2SIDE|RI-BEI-HE|JIRUO-WUGEN|JISHUAI-CONGSHENG|SHIYONG-YUELING-XIANGFU|GE-QUALITY|TIANGAN-XINGQING|YONGSHEN-STRUCTURE|YONGSHEN-FINAL|ZHONG-HE,，乙坐卯专禄自旺，又得时支亥字合局，是本身旺也，以庚金为夫，七月庚禄到申，又得年支巳火为金长生之地，是夫星旺也，亥中壬水，夫之食神天厨，故主夫食天禄，此乃自己夫星两不相伤，各乘旺气，无混杂相侵，夫妇和谐，安静守分格也。横夭少年夫横夭少年者，造化之穷绝，格局之变异也。有悬梁溺水，血産少亡，被人杀死。若此者何，乃身弱而遇煞重，煞多克身，又带刑冲破败之类，或命中无有官星受伤，行运复遇官乡，或无官见伤，运,"['身旺', '身弱']"
渊海子平,渊海子平-0450,丁卯癸丑庚辰丙子,庚,LIGHT,REN-CAIGUAN|XIEQI-TAIZHONG|LIGHT-ROOT|ROOT-STRUCK|ROOT-GAN-PRIORITY|ZHONGGUA-2SIDE|JIRUO-WUGEN|JISHUAI-CONGSHENG|SHIYONG-YUELING-XIANGFU|GE-QUALITY|YONGSHEN-STRUCTURE|YONGSHEN-FINAL|ZHONG-HE,，庚用丁为官，被癸水子辰伤官叠遇，克之太重，水多金沈，一交丁巳运，伤官见官，又会丙煞克身，故有溺水之害。又乙酉 戊子 丙寅 己亥，日干丙火长生於寅，冬生亥子，官煞太重，谓之旺火投于盛水，故生産而亡。又壬子 癸卯 甲戌 丁卯，月令羊刃，时丁卯伤官羊刃，子刑成合，柱中又无夫星财星，癸酉年乙丑月己卯日，犯奸杀死。凡女命官煞太重，羊刃无情，非淫滥则凶亡。余仿此推。福寿两备夫福寿两备者，造化之中和，格局之纯,"['身旺', '中和']"
渊海子平,渊海子平-0451,乙酉戊子丙寅己亥,丙,HEAVY,REN-CAIGUAN|SHISHI-BURUO|XIEQI-TAIZHONG|HEAVY-ROOT|YIN-PARTY|ROOT-STRUCK|ROOT-GAN-PRIORITY|ZHONGGUA-2SIDE|JIRUO-WUGEN|JISHUAI-CONGSHENG|GE-QING|GE-QUALITY|SHI-ZHU-JI|YONGSHEN-STRUCTURE|YONGSHEN-FINAL|ZHONG-HE,，日干丙火长生於寅，冬生亥子，官煞太重，谓之旺火投于盛水，故生産而亡。又壬子 癸卯 甲戌 丁卯，月令羊刃，时丁卯伤官羊刃，子刑成合，柱中又无夫星财星，癸酉年乙丑月己卯日，犯奸杀死。凡女命官煞太重，羊刃无情，非淫滥则凶亡。余仿此推。福寿两备夫福寿两备者，造化之中和，格局之纯粹也。有享用一生，永锡难老。若此者何，乃身坐旺多，通於月气，支干相辅，更带财官印绶，各得其位，不行脱财坏印伤官之局，尤喜食神天厨,"['身旺', '中和']"
渊海子平,渊海子平-0452,壬子癸卯甲戌丁卯,甲,HEAVY,REN-CAIGUAN|DESHI-BUWANG|XIEQI-TAIZHONG|HEAVY-ROOT|YIN-PARTY|ROOT-STRUCK|ROOT-GAN-PRIORITY|HE-HUASHEN-DESHI|SHI-GUI-LU|ZHONGGUA-2SIDE|JIRUO-WUGEN|JIWANG-HUAIJI|SHIYONG-YUELING-XIANGFU|GE-QUALITY|WANGJI-SIWO-SHENG|TIANGAN-XINGQING|YONGSHEN-STRUCTURE|YONGSHEN-FINAL|ZHONG-HE,，月令羊刃，时丁卯伤官羊刃，子刑成合，柱中又无夫星财星，癸酉年乙丑月己卯日，犯奸杀死。凡女命官煞太重，羊刃无情，非淫滥则凶亡。余仿此推。福寿两备夫福寿两备者，造化之中和，格局之纯粹也。有享用一生，永锡难老。若此者何，乃身坐旺多，通於月气，支干相辅，更带财官印绶，各得其位，不行脱财坏印伤官之局，尤喜食神天厨。若身旺而运行财食之乡，此皆福寿两备之命也。且如丙午 庚子 辛酉 癸巳，辛坐酉支，专禄自胜，时,"['身旺', '身衰', '中和']"
渊海子平,渊海子平-0453,丙午庚子辛酉癸巳,辛,HEAVY,REN-CAIGUAN|SHISHI-BURUO|XIEQI-TAIZHONG|HEAVY-ROOT|BIJIE-PARTY|ROOT-STRUCK|ROOT-GAN-PRIORITY|WANGCHONG-SHUAI|HE-HUASHEN-DESHI|ZHONGGUA-2SIDE|RI-BEI-HE|JIRUO-WUGEN|JIWANG-HUAIJI|JISHUAI-CONGSHENG|GE-QUALITY|CAI-RUO-SHEN-QIANG|SHI-ZHU-JI|YONGSHEN-STRUCTURE|YONGSHEN-FINAL|ZHONG-HE,，辛坐酉支，专禄自胜，时癸归禄於子，为食神寿星，子星得地，辛用丙火为官，丙禄归於巳，为夫星得地，又十一月生人，乃金白水清之象，兼支干上下相辅，俱无伤损，身不从化，故主为人美貌端正，夫子相停，福寿两备。余仿此推。正偏自处夫正偏自处者何也，乃夫妇相合，复遇比肩分争，如一位夫星，有两位妻星相合，谓之争合，若本身自旺，彼身值衰，四柱不冲，则我正而彼为偏，若彼旺我衰，四柱冲我，则彼为正而我为偏矣。盖我身旺有,"['身旺', '身衰']"
渊海子平,渊海子平-0454,壬子丙午辛酉辛卯,辛,HEAVY,REN-CAIGUAN|SHISHI-BURUO|XIEQI-TAIZHONG|HEAVY-ROOT|BIJIE-PARTY|ROOT-STRUCK|ROOT-GAN-PRIORITY|WANGCHONG-SHUAI|ZHONGGUA-2SIDE|RI-BEI-HE|JIRUO-WUGEN|JISHUAI-CONGSHENG|GE-QUALITY|SHI-ZHU-JI|YONGSHEN-STRUCTURE|YONGSHEN-FINAL|ZHONG-HE,，辛用丙为夫星，身坐酉支，专禄自旺，虽时引辛卯之金，彼却无力，故我为正而彼为偏，此为二女争夫，正偏自处。又癸未 壬戌 癸巳 壬子，癸用土为夫，癸巳水弱，壬子水旺，弱不能胜旺，被壬水争去戊土正夫，乃彼胜我衰，我只得为偏，但壬水重而太泛，又带桃花，不能自处。余仿此推。招嫁不定夫招嫁不定者何也，乃月令中有夫星透干，与己相合，己身从伏，其夫星却无气，时引夫星或煞星却乘旺地来克己身，又从伏偏夫，故谓之招嫁不,[]
渊海子平,渊海子平-0455,癸未壬戌癸巳壬子,癸,HEAVY,REN-CAIGUAN|SHISHI-BURUO|HEAVY-ROOT|BIJIE-PARTY|ROOT-STRUCK|ROOT-GAN-PRIORITY|SHI-GUI-LU|ZHONGGUA-2SIDE|JIRUO-WUGEN|GE-QUALITY|TIANGAN-XINGQING|YONGSHEN-STRUCTURE|YONGSHEN-FINAL|ZHONG-HE,，癸用土为夫，癸巳水弱，壬子水旺，弱不能胜旺，被壬水争去戊土正夫，乃彼胜我衰，我只得为偏，但壬水重而太泛，又带桃花，不能自处。余仿此推。招嫁不定夫招嫁不定者何也，乃月令中有夫星透干，与己相合，己身从伏，其夫星却无气，时引夫星或煞星却乘旺地来克己身，又从伏偏夫，故谓之招嫁不定。若夫星不旺或受克制，必嫁夫迟，或嫁夫不明，或夫不济事，或有外情。且如癸酉 甲子 己未 乙亥，己用甲为夫，生於十一月，失时不旺,[]
渊海子平,渊海子平-0456,癸酉甲子己未乙亥,己,HEAVY,REN-CAIGUAN|HEAVY-ROOT|ROOT-STRUCK|ROOT-GAN-PRIORITY|ZHONGGUA-2SIDE|RI-BEI-HE|JIRUO-WUGEN|GE-QUALITY|SHI-ZHU-JI|TIANGAN-XINGQING|YONGSHEN-STRUCTURE|YONGSHEN-FINAL|ZHONG-HE,"，己用甲为夫，生於十一月，失时不旺，时逢亥字，乃甲水长生，是夫旺也，却不合又被乙木制己未，未为乙木库地，甲生子月，夫坐败地不显，时逢乙亥，亥中又有长生之甲，欲甲而又招乙也，此为招嫁不定。余仿此推。白话译文妇人命运，以夫星为先。丈夫命好，妻子随之兴旺；丈夫命困，妻子也随之受苦。女命以""克我者""为夫（官星、七煞），以""我所生者""为子（食神、伤官），二者皆需得时得势。官煞只取一位为佳，官中不杂煞，煞中不",['身旺']
渊海子平,渊海子平-0457,丙午庚寅壬子癸卯,壬,HEAVY,REN-CAIGUAN|SHISHI-BURUO|HEAVY-ROOT|BIJIE-PARTY|ROOT-STRUCK|ROOT-GAN-PRIORITY|ZHONGGUA-2SIDE|JIRUO-WUGEN|JIWANG-HUAIJI|GE-QUALITY|YONGSHEN-STRUCTURE|YONGSHEN-FINAL|ZHONG-HE,，是年刃与日刃相冲。食神犯破是逢枭也，如丙申、庚子、戊戌、丙辰，月於庚食被时丙克之。官临死绝知夫丧，枭遇驱除断子来。何知夫得贵，孰察子得官，食附官而可知，官即食而可见。如己未日辛亥时，甲与己合，辛附甲官，食神健旺子贵，逢破则子不肖。先後兴衰，倚夫星之好恶。始终盛替，察子运之荣枯。如一命戊日生春甲寅时，偏官乃戊之夫，虽壮不见财星，行至东方，又无金制其木，其夫无名无利，交到午运，夫星正值食得所，却是甲,[]
渊海子平,渊海子平-0458,甲寅己巳己卯辛未,己,HEAVY,REN-CAIGUAN|SHISHI-BURUO|XIEQI-TAIZHONG|HEAVY-ROOT|BIJIE-PARTY|ROOT-STRUCK|ROOT-GAN-PRIORITY|SHI-GUI-LU|ZHONGGUA-2SIDE|RI-BEI-HE|JIRUO-WUGEN|JIWANG-HUAIJI|JISHUAI-CONGSHENG|GE-QUALITY|CAI-RUO-SHEN-QIANG|SHI-ZHU-JI|TIANGAN-XINGQING|YONGSHEN-STRUCTURE|YONGSHEN-FINAL|ZHONG-HE,，此命日主己坐卯上，柔弱无力，己巳比肩同类，生四月火土印旺，天时比肩得地，年上甲为夫星，月上己巳合去，日主衰弱无用，此妇平生被妾夺权，不得丈夫和气。余仿此推。又云：凡看女命，须五行清淡，不要生旺，不居暴败，不犯临官，得四柱和气为佳，休囚死绝为上，不带贵人、驿马、旺禄、合神为良。若犯生旺、临官，兼有贵人、驿马、旺禄、合神皆为不美，犯亡神、劫煞、三刑、六害、羊刃、飞刃皆为不善。《神白经》云：驿马遇贵神,['衰弱']
渊海子平,渊海子平-0459,丙子庚子戊午癸酉,戊,HEAVY,REN-CAIGUAN|SHISHI-BURUO|XIEQI-TAIZHONG|HEAVY-ROOT|YIN-PARTY|ROOT-STRUCK|ROOT-GAN-PRIORITY|WANGCHONG-SHUAI|ZHONGGUA-2SIDE|RI-BEI-HE|JIRUO-WUGEN|JISHUAI-CONGSHENG|GE-QUALITY|YONGSHEN-STRUCTURE|YONGSHEN-FINAL|ZHONG-HE,、辛卯等日，名曰承旺，夫不下贱，多克夫。若带十分福德，则是内人，五六分则贵官左右，三五分则近贵上游娼，次则尼妾，甚者克夫淫荡。或曰：戊午多贵，癸酉、辛卯次之，丙子、庚子下贱。又云：戊午、癸酉、辛卯，大美小疵。若壬癸生人，见丙子、癸亥，申子辰人重重见王登，名曰流水煞，主下贱不贞洁。多水而无土主淫。多火而无水主淫。犯八专胎月日时，主淫乱及虚劳之疾。犯九丑多者，主淫荡及産厄恶死。犯沐浴咸池，乃酒色神，主,[]
渊海子平,渊海子平-0460,庚申己丑丁亥壬寅,丁,NONE,CAIDUO-SHENRUAN|SHAZHONG-SHENQING|XIEQI-TAIZHONG|ZHONGGUA-2SIDE|RI-BEI-HE|JIRUO-WUGEN|WUGEN-YOUFU|JISHUAI-CONGSHENG|GE-QUALITY|YUN-SHENG-ROOT|TIANGAN-XINGQING|YONGSHEN-STRUCTURE|YONGSHEN-FINAL,是也。生月那堪合上宫，更兼时合衆凶同，外容尊重非真实，内乱尤防不善终。如乙亥 甲申 己巳 乙亥是也。命值咸池洗日星，为人性巧更多能，男人得此多相识，女子逢之犯衆憎。上宫切忌带廉贞，己不淫兮妻必淫，设使夫妻皆正大，官事因妻及女人。上宫，日干所坐是。女子咸池日上加，聪明守义不奸邪，却愁夫婚多颠倒，赌博呼游也破家。如甲戌 乙亥 乙卯 丁亥，有丁亥之旺土制乙卯之败水，却生大族，自己不淫，其夫游荡破家。咸池,[]
渊海子平,渊海子平-0461,乙亥甲申己巳乙亥,己,HEAVY,REN-CAIGUAN|HEAVY-ROOT|ROOT-STRUCK|ROOT-GAN-PRIORITY|WANGCHONG-SHUAI|ZHONGGUA-2SIDE|RI-BEI-HE|JIRUO-WUGEN|JIWANG-HUAIJI|SHIYONG-YUELING-XIANGFU|GE-QUALITY|SHI-ZHU-JI|TIANGAN-XINGQING|YONGSHEN-STRUCTURE|YONGSHEN-FINAL|ZHONG-HE,是也。命值咸池洗日星，为人性巧更多能，男人得此多相识，女子逢之犯衆憎。上宫切忌带廉贞，己不淫兮妻必淫，设使夫妻皆正大，官事因妻及女人。上宫，日干所坐是。女子咸池日上加，聪明守义不奸邪，却愁夫婚多颠倒，赌博呼游也破家。如甲戌 乙亥 乙卯 丁亥，有丁亥之旺土制乙卯之败水，却生大族，自己不淫，其夫游荡破家。咸池一煞最乖戾，克我生我皆不利，比和也是贱星名，好色贪财难致贵。如癸酉 己未 丙午 庚寅，自贪色，,[]
渊海子平,渊海子平-0462,甲戌乙亥乙卯丁亥,乙,HEAVY,REN-CAIGUAN|SHISHI-BURUO|XIEQI-TAIZHONG|HEAVY-ROOT|TENGLUO-XIJIA|BIJIE-PARTY|ROOT-GAN-PRIORITY|ZHONGGUA-2SIDE|JIWANG-HUAIJI|JISHUAI-CONGSHENG|SHIYONG-YUELING-XIANGFU|GE-QUALITY|TIANGAN-XINGQING|YONGSHEN-STRUCTURE|YONGSHEN-FINAL|ZHONG-HE,，有丁亥之旺土制乙卯之败水，却生大族，自己不淫，其夫游荡破家。咸池一煞最乖戾，克我生我皆不利，比和也是贱星名，好色贪财难致贵。如癸酉 己未 丙午 庚寅，自贪色，妻亦淫。又甲戌、癸卯日者，夫多学无成，淫荡。咸池尽道主邪淫，须看其中有浅深，有制克他方作福，惺惺不得衆人情。孛与桃花四正临，那堪驿马更同音，巧言令色难和衆，小智奸邪枉用心。亥子重逢不可当，公姑妯娌致参商，男子丈母应重拜，方免妻家败一场。上宫,[]
渊海子平,渊海子平-0463,癸酉己未丙午庚寅,丙,HEAVY,REN-CAIGUAN|XIEQI-TAIZHONG|ROOT-GAN-PRIORITY|SHI-GUI-LU|ZHONGGUA-2SIDE|JIWANG-HUAIJI|JISHUAI-CONGSHENG|GE-QING|GE-QUALITY|YONGSHEN-STRUCTURE|YONGSHEN-FINAL|ZHONG-HE,，自贪色，妻亦淫。又甲戌、癸卯日者，夫多学无成，淫荡。咸池尽道主邪淫，须看其中有浅深，有制克他方作福，惺惺不得衆人情。孛与桃花四正临，那堪驿马更同音，巧言令色难和衆，小智奸邪枉用心。亥子重逢不可当，公姑妯娌致参商，男子丈母应重拜，方免妻家败一场。上宫亡劫更刑冲，男女逢之一例凶，宝月修真非一度，朱弦再续必重逢。如甲子 丙寅 己巳 丁卯，再醮。羊刃亡劫落上官，克妻生病最为凶，进神若也同来到，死别生离疾,[]
渊海子平,渊海子平-0464,甲子丙寅己巳丁卯,己,HEAVY,REN-CAIGUAN|SHISHI-BURUO|HEAVY-ROOT|YIN-PARTY|ROOT-STRUCK|ROOT-GAN-PRIORITY|ZHONGGUA-2SIDE|RI-BEI-HE|JIRUO-WUGEN|GE-QUALITY|SHI-ZHU-JI|TIANGAN-XINGQING|YONGSHEN-STRUCTURE|YONGSHEN-FINAL|ZHONG-HE,，再醮。羊刃亡劫落上官，克妻生病最为凶，进神若也同来到，死别生离疾似风。孤寡双辰并隔宿，时日逢之刑骨肉，假子招郎何足言，仍忌男女遭耻辱。如丁未 戊申 戊申 丙辰，其男为盗，其女淫奔。女人羊刃不宜多，合克罗纹带倒戈，揭起萧墙流粉黛，华容难避马嵬(音同为)坡。如丙戌 壬辰 戊午 壬子，因讼奔出，流落风尘。又戊午 己卯 癸未 戊午，是合羊刃，竟凶死。一重羊刃为权柄，三两重来凶最甚，荒淫奸妒多为娼，凶暴恶,[]
渊海子平,渊海子平-0465,丁未戊申戊申丙辰,戊,HEAVY,REN-CAIGUAN|SHISHI-BURUO|HEAVY-ROOT|YIN-PARTY|BIJIE-PARTY|ROOT-GAN-PRIORITY|SHI-GUI-LU|ZHONGGUA-2SIDE|JIWANG-HUAIJI|SHIYONG-YUELING-XIANGFU|GE-QING|GE-QUALITY|SHI-ZHU-JI|YONGSHEN-STRUCTURE|YONGSHEN-FINAL|ZHONG-HE,，其男为盗，其女淫奔。女人羊刃不宜多，合克罗纹带倒戈，揭起萧墙流粉黛，华容难避马嵬(音同为)坡。如丙戌 壬辰 戊午 壬子，因讼奔出，流落风尘。又戊午 己卯 癸未 戊午，是合羊刃，竟凶死。一重羊刃为权柄，三两重来凶最甚，荒淫奸妒多为娼，凶暴恶亡仍短命。妇人亡劫最非祥，时日逢之性必刚，死绝常多兼克主，合起相生亦祸殃，妯娌公姑皆寡合，官司内起丑声扬。年月日时分战降，命宫全带喜风光，男如崔子寻花柳，女似杨,[]
渊海子平,渊海子平-0466,丙戌壬辰戊午壬子,戊,HEAVY,REN-CAIGUAN|DESHI-BUWANG|HEAVY-ROOT|YIN-PARTY|ROOT-STRUCK|ROOT-GAN-PRIORITY|ZHONGGUA-2SIDE|JIRUO-WUGEN|JIWANG-HUAIJI|SHIYONG-YUELING-XIANGFU|GE-QUALITY|SHI-ZHU-JI|YONGSHEN-STRUCTURE|YONGSHEN-FINAL|ZHONG-HE,，因讼奔出，流落风尘。又戊午 己卯 癸未 戊午，是合羊刃，竟凶死。一重羊刃为权柄，三两重来凶最甚，荒淫奸妒多为娼，凶暴恶亡仍短命。妇人亡劫最非祥，时日逢之性必刚，死绝常多兼克主，合起相生亦祸殃，妯娌公姑皆寡合，官司内起丑声扬。年月日时分战降，命宫全带喜风光，男如崔子寻花柳，女似杨妃睡海棠。子午卯酉全带，准上文。女人天乙两三重，多贵番成吉作凶，弦管丛中为活计，死绝休囚又不同。一座贵人为好命，两座贵人,[]
渊海子平,渊海子平-0467,戊午己卯癸未戊午,癸,LIGHT,REN-CAIGUAN|LIGHT-ROOT|ROOT-STRUCK|ROOT-GAN-PRIORITY|ZHONGGUA-2SIDE|RI-BEI-HE|JIRUO-WUGEN|GE-QUALITY|SHI-ZHU-JI|TIANGAN-XINGQING|YONGSHEN-STRUCTURE|YONGSHEN-FINAL|ZHONG-HE,，是合羊刃，竟凶死。一重羊刃为权柄，三两重来凶最甚，荒淫奸妒多为娼，凶暴恶亡仍短命。妇人亡劫最非祥，时日逢之性必刚，死绝常多兼克主，合起相生亦祸殃，妯娌公姑皆寡合，官司内起丑声扬。年月日时分战降，命宫全带喜风光，男如崔子寻花柳，女似杨妃睡海棠。子午卯酉全带，准上文。女人天乙两三重，多贵番成吉作凶，弦管丛中为活计，死绝休囚又不同。一座贵人为好命，两座贵人心不定，三座贵人定作祸，晚年或作豪家正。如丙子,[]
渊海子平,渊海子平-0468,丙子己亥己亥乙亥,己,NONE,SHAZHONG-SHENQING|ZHONGGUA-2SIDE|WUGEN-YOUFU|JISHUAI-CONGSHENG|SHIYONG-YUELING-XIANGFU|GE-QUALITY|YUN-SHENG-ROOT|SHI-ZHU-JI|TIANGAN-XINGQING|YONGSHEN-STRUCTURE|YONGSHEN-FINAL,，娼也。又丁酉 辛亥 己亥 乙亥，年过不嫁，老而无子。色因倾国是登明，期我桑中太乙星，驿马更兼逢六合，一生不免有淫声。如乙亥 甲申 己已 乙亥，有色而淫死三夭，又犯服内之奸。紫木罗阳四正排，贵人兼印煞冲开，夫荣子贵人端厚，两国诰封天上来。禄马咸池夹贵来，太阳紫木并三台，聪明性巧人和顺，卷耳情怀柳絮才。牡丹自古号花王，占断风流艳一方，堪笑好花难结子，年年虚度好时光。贵人禄马定分毫，时上逢之産凤毛，卓,[]
渊海子平,渊海子平-0469,丁酉辛亥己亥乙亥,己,LIGHT,REN-CAIGUAN|XIEQI-TAIZHONG|LIGHT-ROOT|ROOT-GAN-PRIORITY|ZHONGGUA-2SIDE|JIRUO-WUGEN|JISHUAI-CONGSHENG|SHIYONG-YUELING-XIANGFU|GE-QUALITY|SHI-ZHU-JI|TIANGAN-XINGQING|YONGSHEN-STRUCTURE|YONGSHEN-FINAL|ZHONG-HE,，年过不嫁，老而无子。色因倾国是登明，期我桑中太乙星，驿马更兼逢六合，一生不免有淫声。如乙亥 甲申 己已 乙亥，有色而淫死三夭，又犯服内之奸。紫木罗阳四正排，贵人兼印煞冲开，夫荣子贵人端厚，两国诰封天上来。禄马咸池夹贵来，太阳紫木并三台，聪明性巧人和顺，卷耳情怀柳絮才。牡丹自古号花王，占断风流艳一方，堪笑好花难结子，年年虚度好时光。贵人禄马定分毫，时上逢之産凤毛，卓荦英豪皆异衆，惟歧惟嶷福坚牢。贵,[]
渊海子平,渊海子平-0470,癸未癸亥乙酉癸未,乙,LIGHT,REN-CAIGUAN|SHISHI-BURUO|LIGHT-ROOT|YIN-PARTY|ROOT-GAN-PRIORITY|SHI-GUI-LU|ZHONGGUA-2SIDE|JIRUO-WUGEN|GE-QING|GE-QUALITY|SHI-ZHU-JI|TIANGAN-XINGQING|YONGSHEN-STRUCTURE|YONGSHEN-FINAL|ZHONG-HE,，此命行南方火土运，财食之地，以财制枭，食神无损，生七子显达，夫妻偕老。一命壬午时，亦生五子，刑夫失节。杂气格中禄最佳，干头便混也堪夸，运行财地无伤劫，嫁得才郎享福遐。甲乙丑月之例，俱藏夫星，干头不忌混杂，此以月言也。壬辰壬戌坐中夫，庚戌庚寅亦自殊，壬午甲申戊寅日，妇人得此福偏俱。此数日，坐下夫星只宜一位为福，此以日言也。一命庚申 己丑 庚寅 庚辰，大富，八子，寿五十余。丙庚子午各分推，已上偏於卯,"['身旺', '身衰']"
渊海子平,渊海子平-0471,庚申己丑庚寅庚辰,庚,HEAVY,REN-CAIGUAN|SHISHI-BURUO|HEAVY-ROOT|YIN-PARTY|BIJIE-PARTY|ROOT-STRUCK|ROOT-GAN-PRIORITY|ZHONGGUA-2SIDE|JIRUO-WUGEN|JIWANG-HUAIJI|SHIYONG-YUELING-XIANGFU|GE-QUALITY|SHI-ZHU-JI|YONGSHEN-STRUCTURE|YONGSHEN-FINAL|ZHONG-HE,，大富，八子，寿五十余。丙庚子午各分推，已上偏於卯未宜，乙日更堪巳酉丑，癸临己未亦当时。此数日亦坐下夫星不宜破支，独见乃吉。煞星独印格中清，身主清高富贵成，不有官星来混格，号封恭淑重呼名。女命煞印最吉，如上。己卯、己未、癸丑、乙丑、乙酉、癸未、辛未、甲申、庚寅、戊寅、壬戌、壬辰、丙寅等日，不宜再混夫星为贵。五阴妇女要身衰，若遇刚强灾病来，岁运再行身旺地，花前风雨恨相摧。五阴日宜弱，强多生灾，行建禄,"['身旺', '身衰']"
渊海子平,渊海子平-0472,己卯己未癸丑乙丑,癸,LIGHT,REN-CAIGUAN|XIEQI-TAIZHONG|LIGHT-ROOT|ROOT-STRUCK|ROOT-GAN-PRIORITY|SHI-GUI-LU|ZHONGGUA-2SIDE|JIRUO-WUGEN|JISHUAI-CONGSHENG|SHIYONG-YUELING-XIANGFU|GE-QUALITY|SHI-ZHU-JI|TIANGAN-XINGQING|YONGSHEN-STRUCTURE|YONGSHEN-FINAL|ZHONG-HE,、乙酉、癸未、辛未、甲申、庚寅、戊寅、壬戌、壬辰、丙寅等日，不宜再混夫星为贵。五阴妇女要身衰，若遇刚强灾病来，岁运再行身旺地，花前风雨恨相摧。五阴日宜弱，强多生灾，行建禄会旺地，柱无官煞，伤夫害子。孤鸾日犯本无儿，一见官显得子奇，运遇旺多多姊妹，临风惆怅绿楼时。孤鸾日柱中若见官星，反得其子，阴日更好，不可混以无儿断之。运行身旺及比肩争夺，真孤鸾。夫星得地子多余，姊妹交加反是虚，财旺更逢儿位吉，伤官,"['身旺', '身衰']"
渊海子平,渊海子平-0473,乙酉癸未辛未甲申,辛,HEAVY,REN-CAIGUAN|XIEQI-TAIZHONG|HEAVY-ROOT|ROOT-GAN-PRIORITY|SHI-GUI-LU|ZHONGGUA-2SIDE|JIWANG-HUAIJI|JISHUAI-CONGSHENG|GE-QING|GE-QUALITY|YONGSHEN-STRUCTURE|YONGSHEN-FINAL|ZHONG-HE,、庚寅、戊寅、壬戌、壬辰、丙寅等日，不宜再混夫星为贵。五阴妇女要身衰，若遇刚强灾病来，岁运再行身旺地，花前风雨恨相摧。五阴日宜弱，强多生灾，行建禄会旺地，柱无官煞，伤夫害子。孤鸾日犯本无儿，一见官显得子奇，运遇旺多多姊妹，临风惆怅绿楼时。孤鸾日柱中若见官星，反得其子，阴日更好，不可混以无儿断之。运行身旺及比肩争夺，真孤鸾。夫星得地子多余，姊妹交加反是虚，财旺更逢儿位吉，伤官相见又如初。妇人以夫为主,"['身旺', '身衰']"
渊海子平,渊海子平-0474,庚寅戊寅壬戌壬辰,壬,LIGHT,REN-CAIGUAN|SHISHI-BURUO|LIGHT-ROOT|YIN-PARTY|BIJIE-PARTY|ROOT-STRUCK|ROOT-GAN-PRIORITY|SHI-GUI-LU|ZHONGGUA-2SIDE|JIRUO-WUGEN|SHIYONG-YUELING-XIANGFU|GE-QUALITY|SHI-ZHU-JI|YONGSHEN-STRUCTURE|YONGSHEN-FINAL|ZHONG-HE,、丙寅等日，不宜再混夫星为贵。五阴妇女要身衰，若遇刚强灾病来，岁运再行身旺地，花前风雨恨相摧。五阴日宜弱，强多生灾，行建禄会旺地，柱无官煞，伤夫害子。孤鸾日犯本无儿，一见官显得子奇，运遇旺多多姊妹，临风惆怅绿楼时。孤鸾日柱中若见官星，反得其子，阴日更好，不可混以无儿断之。运行身旺及比肩争夺，真孤鸾。夫星得地子多余，姊妹交加反是虚，财旺更逢儿位吉，伤官相见又如初。妇人以夫为主，夫星得时必多子息。若见,"['身旺', '身衰']"
渊海子平,渊海子平-0475,癸未乙卯庚子庚辰,庚,NONE,CAIDUO-SHENRUAN|XIEQI-TAIZHONG|ZHONGGUA-2SIDE|RI-BEI-HE|JIRUO-WUGEN|WUGEN-YOUFU|JISHUAI-CONGSHENG|SHIYONG-YUELING-XIANGFU|GE-QUALITY|YUN-SHENG-ROOT|SHI-ZHU-JI|YONGSHEN-STRUCTURE|YONGSHEN-FINAL,，伤官用财，嫁贵夫受封，一子。妇人格局要清和，夫气休囚困苦多，运逢财官重旺相，着罗衣锦笑呵呵。假如辛日生於酉月，干头虚见丙火，虽官无用，主巧而贫。再辛壬互见，克夫。若得行煞官及财运，生起火木，则吉。余照此。伤官性重有权舆，比劫重逢礼不疏，印绶日寻清慎独，丁壬化合晓诗书。此言伤官性情乖觉，女中丈夫也。金水相涵秀丽佳，比肩也作金水夸，丙逢壬制顔如玉，甲逢金克貌如花。金水涵秀，故多美貌，若壬克丙，甲见金,['旺相']
渊海子平,渊海子平-0476,辛未甲午己未甲戌,己,HEAVY,REN-CAIGUAN|XIEQI-TAIZHONG|HEAVY-ROOT|ROOT-STRUCK|ROOT-GAN-PRIORITY|SHI-GUI-LU|ZHONGGUA-2SIDE|RI-BEI-HE|JIRUO-WUGEN|JIWANG-HUAIJI|JISHUAI-CONGSHENG|SHIYONG-YUELING-XIANGFU|GE-QING|GE-QUALITY|CAI-RUO-SHEN-QIANG|TIANGAN-XINGQING|YONGSHEN-STRUCTURE|YONGSHEN-FINAL|ZHONG-HE,，王妃。丙午 辛丑 己未 甲子，进士女，王妃。庚夫金水月建丁，壬丙干头两见争，富贵春风衾枕冷，伤官支上怕分情。庚以丁为官，秋冬遇壬，金水得时，乃前夫被克，又从丙火，若丙戌时，其夫入墓，子时其夫被伤，虽居富贵，终是寡居，子亦少。甲夫巳午及寅宫，遇丙合辛被火熔，身旺食神家富足，独眠孤枕怨春风。甲日以辛为夫，辛生春夏失时，又遇丙火，难以吉论。盖妇人以夫为主，官既受害，虽财食赢余，不免伤夫。若柱无辛，见丙,['身旺']
渊海子平,渊海子平-0477,丙午辛丑己未甲子,己,HEAVY,REN-CAIGUAN|DESHI-BUWANG|XIEQI-TAIZHONG|HEAVY-ROOT|YIN-PARTY|ROOT-STRUCK|ROOT-GAN-PRIORITY|HE-HUASHEN-DESHI|ZHONGGUA-2SIDE|RI-BEI-HE|JIRUO-WUGEN|JIWANG-HUAIJI|SHIYONG-YUELING-XIANGFU|GE-QUALITY|WANGJI-SIWO-SHENG|SHI-ZHU-JI|TIANGAN-XINGQING|YONGSHEN-STRUCTURE|YONGSHEN-FINAL|ZHONG-HE,，进士女，王妃。庚夫金水月建丁，壬丙干头两见争，富贵春风衾枕冷，伤官支上怕分情。庚以丁为官，秋冬遇壬，金水得时，乃前夫被克，又从丙火，若丙戌时，其夫入墓，子时其夫被伤，虽居富贵，终是寡居，子亦少。甲夫巳午及寅宫，遇丙合辛被火熔，身旺食神家富足，独眠孤枕怨春风。甲日以辛为夫，辛生春夏失时，又遇丙火，难以吉论。盖妇人以夫为主，官既受害，虽财食赢余，不免伤夫。若柱无辛，见丙丁，运行见辛亦吉。丙夫夏癸月藏,['身旺']
渊海子平,渊海子平-0478,庚辰癸未癸酉戊午,癸,LIGHT,REN-CAIGUAN|SHISHI-BURUO|LIGHT-ROOT|YIN-PARTY|BIJIE-PARTY|ROOT-GAN-PRIORITY|ZHONGGUA-2SIDE|RI-BEI-HE|JIRUO-WUGEN|SHIYONG-YUELING-XIANGFU|GE-QING|GE-QUALITY|SHI-ZHU-JI|TIANGAN-XINGQING|YONGSHEN-STRUCTURE|YONGSHEN-FINAL|ZHONG-HE,，嫁富贵俊雅之夫，生四子，受封。甲乙秋生夫正时，煞官若混细分之，舒配去留成格吉，丁丙引强困又离。甲乙用金为夫星，庚辛秋令得时，若官煞重见，分配去留，不相混杂，聪明富贵。见丁丙重，时引强地，则又伤金为害。戊己春生木正青，煞官多处便为情，支干遇合方成吉，会水重金又一评。戊己春生有二论，己日虽官煞混杂，有甲合为贵，戊日宜清乃贵，都利煞为用，皆怕金水多，水渗其土，金多害木，南运不忌。庚辛夏月丙丁藏，不透干,[]
渊海子平,渊海子平-0479,丁丑癸丑己未甲子,己,HEAVY,REN-CAIGUAN|DESHI-BUWANG|HEAVY-ROOT|YIN-PARTY|ROOT-STRUCK|ROOT-GAN-PRIORITY|HE-HUASHEN-DESHI|ZHONGGUA-2SIDE|RI-BEI-HE|JIRUO-WUGEN|JIWANG-HUAIJI|SHIYONG-YUELING-XIANGFU|GE-QUALITY|SHI-ZHU-JI|TIANGAN-XINGQING|YONGSHEN-STRUCTURE|YONGSHEN-FINAL|ZHONG-HE,，嫁贵夫，三子受封而寿不永。一命丁酉 癸丑 己巳 甲子，受封生子，与上同。白话译文本章综论女命八字的婚育、性情与富贵判断。五行平和无偏、性情温厚诚恳，是得福的根基。印绶（正印、偏印，代表保护与母性力量）旺盛而能遇夫星（官星，代表丈夫），运行至夫星旺地则子息丰盛。印绶过多本主无子，但若运行财官之地，财星制住枭神（偏印），食神得保，反能多子——如癸未癸亥乙酉癸未命，行南方火土运，生七子，夫妻偕老。杂气,"['身旺', '身弱']"
渊海子平,渊海子平-0480,丁酉癸丑己巳甲子,己,HEAVY,REN-CAIGUAN|DESHI-BUWANG|HEAVY-ROOT|YIN-PARTY|ROOT-STRUCK|ROOT-GAN-PRIORITY|HE-HUASHEN-DESHI|ZHONGGUA-2SIDE|RI-BEI-HE|JIRUO-WUGEN|JIWANG-HUAIJI|SHIYONG-YUELING-XIANGFU|GE-QING|GE-QUALITY|SHI-ZHU-JI|TIANGAN-XINGQING|YONGSHEN-STRUCTURE|YONGSHEN-FINAL|ZHONG-HE,，受封生子，与上同。白话译文本章综论女命八字的婚育、性情与富贵判断。五行平和无偏、性情温厚诚恳，是得福的根基。印绶（正印、偏印，代表保护与母性力量）旺盛而能遇夫星（官星，代表丈夫），运行至夫星旺地则子息丰盛。印绶过多本主无子，但若运行财官之地，财星制住枭神（偏印），食神得保，反能多子——如癸未癸亥乙酉癸未命，行南方火土运，生七子，夫妻偕老。杂气格（月支辰戌丑未藏干）以夫星藏于支中为佳，天干混杂亦无,"['身旺', '身弱']"
千里命稿,千里命稿-0001,癸卯丁巳甲寅甲子,甲,HEAVY,REN-CAIGUAN|SHISHI-BURUO|XIEQI-TAIZHONG|HEAVY-ROOT|YIN-PARTY|BIJIE-PARTY|ROOT-STRUCK|ROOT-GAN-PRIORITY|ZHONGGUA-2SIDE|JIRUO-WUGEN|JIWANG-HUAIJI|JISHUAI-CONGSHENG|GE-QUALITY|TIANGAN-XINGQING|YONGSHEN-STRUCTURE|YONGSHEN-FINAL|ZHONG-HE,八字中水木居六，土金全无，当以身强无克制为患，然巳中藏有戊土并庚金，土能克水，金能制木，是天干地支虽属无用，而支中所藏人元，亦可辅助其不逮也。（二）可以增加天干地支之力量，例如：,['身强']
千里命稿,千里命稿-0002,甲寅壬申甲寅甲子,甲,HEAVY,REN-CAIGUAN|SHISHI-BURUO|HEAVY-ROOT|JUECHU-FENGSHENG|YIN-PARTY|BIJIE-PARTY|ROOT-STRUCK|ROOT-GAN-PRIORITY|WANGCHONG-SHUAI|ZHONGGUA-2SIDE|JIRUO-WUGEN|GE-QUALITY|TIANGAN-XINGQING|YONGSHEN-STRUCTURE|YONGSHEN-FINAL|ZHONG-HE,三甲二寅，木如林立，又有壬水子水之生木，则木更繁重，自喜申金之克制，但一金五木只力难胜，则不得不赖申中寅中所藏戊土，以生金克木，是取戊土人元以增加申金之力量也。人元之害（一）帮助天干地支之为虐，例如：,[]
千里命稿,千里命稿-0003,戊申庚申甲申庚午,甲,NONE,CAIDUO-SHENRUAN|SHAZHONG-SHENQING|JUECHU-FENGSHENG|ZHONGGUA-2SIDE|JIRUO-WUGEN|WUGEN-YOUFU|JISHUAI-CONGSHENG|GE-QING|GE-QUALITY|YUN-SHENG-ROOT|SHI-ZHU-JI|TIANGAN-XINGQING|YONGSHEN-STRUCTURE|YONGSHEN-FINAL,独甲为五金所克，其衰可知，何堪申中再藏戊土，午中再藏己土，用戊己土之人元，再去生金，岂非专助庚申金之为虐乎。（二）破坏天干地支之精采。例如：,[]
千里命稿,千里命稿-0004,乙未戊寅戊辰庚申,戊,HEAVY,REN-CAIGUAN|SHISHI-BURUO|XIEQI-TAIZHONG|HEAVY-ROOT|BIJIE-PARTY|ROOT-STRUCK|ROOT-GAN-PRIORITY|WANGCHONG-SHUAI|SHI-GUI-LU|ZHONGGUA-2SIDE|JIRUO-WUGEN|JISHUAI-CONGSHENG|SHIYONG-YUELING-XIANGFU|GE-QUALITY|SHI-ZHU-JI|YONGSHEN-STRUCTURE|YONGSHEN-FINAL|ZHONG-HE,戊土甚重，当泄秀气于庚申二金，岂不甚美，奈何寅中所藏丙火，既能克去时干上之庚金，而时支申中所有庚金，亦被寅中之丙火冲去，岂非精采尽为破坏乎。人元力量之分析（一）最重：月支内之人元属月之本气者（例如申月之庚，庚与申皆属金，庚即为申中之本气），力量最重。（二）次重：月支内所暗藏之人元（例如申月，申中暗藏之壬），虽非申月本气，但得月令相生，力量则次重。（三）稍轻：年日时支内所藏之人元，与月支之人元相较，,['身旺']
千里命稿,千里命稿-0005,甲寅丁卯甲子甲子,甲,HEAVY,REN-CAIGUAN|DESHI-BUWANG|XIEQI-TAIZHONG|HEAVY-ROOT|BIJIE-PARTY|ROOT-STRUCK|ROOT-GAN-PRIORITY|ZHONGGUA-2SIDE|JIRUO-WUGEN|JIWANG-HUAIJI|GE-QUALITY|WANGJI-SIWO-SHENG|TIANGAN-XINGQING|YONGSHEN-STRUCTURE|YONGSHEN-FINAL|ZHONG-HE,甲木旺于春月，又卯为帝旺，故当令四柱，又有四木两水帮扶之，故成最强。（二）中强：仅多帮扶而失令（失令即月令衰弱）。例如：,['衰弱']
千里命稿,千里命稿-0006,甲寅癸酉乙亥丙子,乙,HEAVY,REN-CAIGUAN|SHISHI-BURUO|XIEQI-TAIZHONG|HEAVY-ROOT|TENGLUO-XIJIA|YIN-PARTY|BIJIE-PARTY|ROOT-STRUCK|ROOT-GAN-PRIORITY|ZHONGGUA-2SIDE|JIRUO-WUGEN|JISHUAI-CONGSHENG|GE-QING|GE-QUALITY|TIANGAN-XINGQING|YONGSHEN-STRUCTURE|YONGSHEN-FINAL|ZHONG-HE,乙木死于秋酉月。又为绝地，故失令。然四柱有三水座。木帮扶，故成中强。仅得令而少帮扶。例如：,[]
千里命稿,千里命稿-0007,甲寅丙子壬寅丙午,壬,HEAVY,REN-CAIGUAN|DESHI-BUWANG|XIEQI-TAIZHONG|HEAVY-ROOT|ROOT-STRUCK|ROOT-GAN-PRIORITY|WANGCHONG-SHUAI|ZHONGGUA-2SIDE|JIRUO-WUGEN|JIWANG-HUAIJI|GE-QUALITY|WANGJI-SIWO-SHENG|SHI-ZHU-JI|YONGSHEN-STRUCTURE|YONGSHEN-FINAL|ZHONG-HE,壬水旺于冬，子月又为帝旺，故得令，然四柱全无别位金水帮扶，故亦成中强。（三）次强：既不当令，又少帮扶，但年日时支得气。例如：,[]
千里命稿,千里命稿-0008,辛亥丁酉甲寅丁卯,甲,HEAVY,REN-CAIGUAN|XIEQI-TAIZHONG|HEAVY-ROOT|ROOT-STRUCK|ROOT-GAN-PRIORITY|WANGCHONG-SHUAI|SHI-GUI-LU|ZHONGGUA-2SIDE|JIRUO-WUGEN|JISHUAI-CONGSHENG|GE-QUALITY|TIANGAN-XINGQING|YONGSHEN-STRUCTURE|YONGSHEN-FINAL|ZHONG-HE,甲木死于秋，故失令，天干又全无水木帮扶，仅亥年长生寅日临官，卯时帝旺，酉月受胎，皆得气，故成为次强耳。身强之喜忌身强喜抑，抑之构成原因有四：（一）受克：即克我，如甲木见金克。（二）被泄：即我生，如甲木见火泄。（三）被分：即我克，如甲木见土分。（四）气衰：如甲木见辰巳午未申酉戌（见甲木篇论气）。身强忌扶，扶之构成原因有三：（一）受生：即生我，如甲木见水。（二）得助：即同我，如甲木见木。（三）气盛：如,"['身弱', '身强', '衰弱']"
千里命稿,千里命稿-0009,戊申庚申甲午庚午,甲,NONE,CAIDUO-SHENRUAN|SHAZHONG-SHENQING|JUECHU-FENGSHENG|ZHONGGUA-2SIDE|JIRUO-WUGEN|WUGEN-YOUFU|JISHUAI-CONGSHENG|GE-QUALITY|YUN-SHENG-ROOT|SHI-ZHU-JI|TIANGAN-XINGQING|YONGSHEN-STRUCTURE|YONGSHEN-FINAL,甲木死于秋（最衰）。故失令，四柱又有午火之泄，四金之克。故成为最弱。（二）中弱：仅多克泄，而当令。例如：,[]
千里命稿,千里命稿-0010,丙辰庚寅甲午庚午,甲,HEAVY,REN-CAIGUAN|DESHI-BUWANG|XIEQI-TAIZHONG|HEAVY-ROOT|ROOT-GAN-PRIORITY|ZHONGGUA-2SIDE|JIWANG-HUAIJI|GE-QUALITY|WANGJI-SIWO-SHENG|SHI-ZHU-JI|TIANGAN-XINGQING|YONGSHEN-STRUCTURE|YONGSHEN-FINAL|ZHONG-HE,甲木日干，四柱虽有三火之泄，两金一克，然甲木旺于春（最旺），颇当令，故即成为中弱。仅失令而少克泄。例如：,[]
千里命稿,千里命稿-0011,甲寅丙子丁卯乙巳,丁,HEAVY,REN-CAIGUAN|SHISHI-BURUO|HEAVY-ROOT|YIN-PARTY|BIJIE-PARTY|ROOT-STRUCK|ROOT-GAN-PRIORITY|SHI-GUI-LU|ZHONGGUA-2SIDE|JIRUO-WUGEN|GE-QUALITY|SHI-ZHU-JI|TIANGAN-XINGQING|YONGSHEN-STRUCTURE|YONGSHEN-FINAL|ZHONG-HE,丁火虽死于冬（最弱）。而失令，然四柱并不复见水克与土泄，且有四木两火之帮扶，故亦成为中弱。（三）次弱：既不失令，又少克泄，但年日时支无气。例如：,[]
千里命稿,千里命稿-0012,辛巳辛丑壬寅癸卯,壬,LIGHT,REN-CAIGUAN|SHISHI-BURUO|LIGHT-ROOT|YIN-PARTY|BIJIE-PARTY|ROOT-GAN-PRIORITY|ZHONGGUA-2SIDE|JIRUO-WUGEN|GE-QUALITY|YONGSHEN-STRUCTURE|YONGSHEN-FINAL|ZHONG-HE,"壬水旺于冬，当令，天干又有两金一水之帮扶，仅巳年壬绝。寅日壬病，卯时壬死，丑月壬衰。四支失气，故即成为次弱。身弱之喜忌身弱喜扶，扶之构成，见前论身强之喜忌。身弱忌抑，抑之构成，见前论身强之喜忌。白话译文命理学以出生日的天干（简称""日干""，又称""身""，代表命主自身）作为分析命局的核心基准。日干的强弱，是判断命局走势的首要依据，故本篇首先论述。身强的形成有三个条件：一是""月令旺相""，即日干恰好在出生月","['身弱', '身强', '衰弱', '旺相']"
千里命稿,千里命稿-0013,癸丑乙卯乙亥丙子,乙,HEAVY,REN-CAIGUAN|HEAVY-ROOT|YIN-PARTY|BIJIE-PARTY|ROOT-STRUCK|ROOT-GAN-PRIORITY|ZHONGGUA-2SIDE|JIRUO-WUGEN|JIWANG-HUAIJI|GE-QUALITY|WANGJI-SIWO-SHENG|TIANGAN-XINGQING|YONGSHEN-STRUCTURE|YONGSHEN-FINAL|ZHONG-HE,乙木春生，又多水木之生扶，自喜时上丙火伤官之泄身吐秀，否则一顽木耳。生财：身强财弱，尤爱伤官。伤官能流通日干之气。生起财来。俾为己用，例如：,['身强']
千里命稿,千里命稿-0014,戊寅甲寅乙亥丙子,乙,HEAVY,REN-CAIGUAN|DESHI-BUWANG|XIEQI-TAIZHONG|HEAVY-ROOT|TENGLUO-XIJIA|BIJIE-PARTY|ROOT-STRUCK|ROOT-GAN-PRIORITY|ZHONGGUA-2SIDE|JIRUO-WUGEN|JIWANG-HUAIJI|GE-QING|GE-QUALITY|WANGJI-SIWO-SHENG|TIANGAN-XINGQING|YONGSHEN-STRUCTURE|YONGSHEN-FINAL|ZHONG-HE,旺木成林，戊土之财，受克太深，幸喜丙火伤官泄木生土，流通日干之旺气，而又救护财星之不足，居功伟矣。敌杀：杀重身轻，举动尽为牵制，亦爱伤官。伤官能敌杀存身，使一身得以自由。例如：戊子 辛西 乙酉 丙子秋本凋零，最畏辛金七杀之克伐。幸有丙火伤官制敌杀，稍解日元之危。损官：官重身轻，举动尽为束缚。亦爱伤官，伤官能损官存身，使一身得以舒适。例如：,[]
千里命稿,千里命稿-0015,庚申甲申乙卯丙戌,乙,HEAVY,REN-CAIGUAN|SHISHI-BURUO|XIEQI-TAIZHONG|HEAVY-ROOT|TENGLUO-XIJIA|BIJIE-PARTY|ROOT-GAN-PRIORITY|HE-HUASHEN-DESHI|ZHONGGUA-2SIDE|RI-BEI-HE|JIRUO-WUGEN|JISHUAI-CONGSHENG|SHIYONG-YUELING-XIANGFU|GE-QING|GE-QUALITY|SHI-ZHU-JI|TIANGAN-XINGQING|YONGSHEN-STRUCTURE|YONGSHEN-FINAL|ZHONG-HE,初秋乙木，叠见阳金之克，最忌官重身轻。丙火伤官，可以制金抑官。虽无扶弱之能，却有锄强之功，亦足取焉。伤官之弊泄身：日干弱，遂怕伤官。一身自顾不暇，何堪再见伤官耗盗。例如：辛丑 丁酉 乙卯 丙戊乙木日元，见金之克伐，火之耗盗，土之磨折，又当仲秋死令，衰弱可知，然则丙火伤官之泄身，自亦忌神耳。生财：财太旺，尤怕伤官。身且不能任财，何堪再见伤官生财。例如：丙申 戊戌 乙旺 乙卯土重木折，财旺身轻。丙火伤,"['身旺', '身强', '衰弱']"
千里命稿,千里命稿-0016,丙寅辛卯乙亥癸未,乙,HEAVY,REN-CAIGUAN|DESHI-BUWANG|XIEQI-TAIZHONG|HEAVY-ROOT|YIN-PARTY|ROOT-STRUCK|ROOT-GAN-PRIORITY|SHI-GUI-LU|ZHONGGUA-2SIDE|JIRUO-WUGEN|JIWANG-HUAIJI|SHIYONG-YUELING-XIANGFU|GE-QING|GE-QUALITY|WANGJI-SIWO-SHENG|SHI-ZHU-JI|TIANGAN-XINGQING|YONGSHEN-STRUCTURE|YONGSHEN-FINAL|ZHONG-HE,春木本旺，地支成木局。月上辛金七杀，斧斤以时入山林。材木不可胜用。乃又为丙火伤官所敌，减色非轻。损官：身重官轻，亦怕伤官。身旺以官为尊，何堪再见伤官损害。例如：,['身旺']
千里命稿,千里命稿-0017,甲寅丙寅乙卯庚辰,乙,HEAVY,REN-CAIGUAN|DESHI-BUWANG|XIEQI-TAIZHONG|HEAVY-ROOT|TENGLUO-XIJIA|BIJIE-PARTY|ROOT-STRUCK|ROOT-GAN-PRIORITY|SHI-GUI-LU|ZHONGGUA-2SIDE|RI-BEI-HE|JIRUO-WUGEN|JIWANG-HUAIJI|SHIYONG-YUELING-XIANGFU|GE-QUALITY|WANGJI-SIWO-SHENG|SHI-ZHU-JI|TIANGAN-XINGQING|YONGSHEN-STRUCTURE|YONGSHEN-FINAL|ZHONG-HE,八字中木居其五。林林总总，全恃时上庚金正官，伐木成材，不幸丙火伤官克庚，与上例同一遗憾。伤官所喜生身：日干强，爱伤官，既见伤。喜见财以流通之。日干弱。怕伤官。既见伤，喜印绶以制伏之。生财：身强则弱，爱伤官，既见伤，喜财多以生发之。身弱财多，忌伤官，既见伤，喜印绶以制之。敌杀：杀重身轻，爱伤官，既见伤，喜比劫食伤以生助之。身强杀浅，怕伤官，即见伤，喜见财以和解之。损官：官重身轻，爱伤官，既见伤，喜比,"['身弱', '身强']"
千里命稿,千里命稿-0018,丁卯甲辰辛卯戊子,辛,LIGHT,REN-CAIGUAN|SHISHI-BURUO|LIGHT-ROOT|YIN-PARTY|ROOT-STRUCK|ROOT-GAN-PRIORITY|SHI-GUI-LU|ZHONGGUA-2SIDE|JIRUO-WUGEN|SHIYONG-YUELING-XIANGFU|GE-QUALITY|YONGSHEN-STRUCTURE|YONGSHEN-FINAL|ZHONG-HE,辛金囚于春，群木旺于春，一望而知其为财重身轻。戊虽生辛乃被克于甲，则唯丁火七杀，耗甲木之旺财，生戊土之衰印，独建其功矣。生印：身印并衰，最爱七杀，杀能生印，使印再生身也。例如：,[]
千里命稿,千里命稿-0019,戊寅甲寅辛卯丁酉,辛,HEAVY,REN-CAIGUAN|SHISHI-BURUO|HEAVY-ROOT|YIN-PARTY|ROOT-STRUCK|ROOT-GAN-PRIORITY|WANGCHONG-SHUAI|SHI-GUI-LU|ZHONGGUA-2SIDE|JIRUO-WUGEN|GE-QUALITY|YONGSHEN-STRUCTURE|YONGSHEN-FINAL|ZHONG-HE,春日之金无力。虽有酉金戊土帮扶，乃戊为甲克，卯为酉冲而又旺木成林。以财多身弱为患，所幸丁火七杀泄甲木之旺财，生戊土之衰印，使印再生身。极尽补偏救弊之妙矣。攻身：目干旺甚，过旺则身无所依，即爱七杀。七杀虽攻身，身力能任，可以假作权威也。例如：,['身弱']
千里命稿,千里命稿-0020,辛酉丁酉辛酉甲午,辛,HEAVY,REN-CAIGUAN|DESHI-BUWANG|HEAVY-ROOT|BIJIE-PARTY|ROOT-STRUCK|ROOT-GAN-PRIORITY|ZHONGGUA-2SIDE|JIRUO-WUGEN|JIWANG-HUAIJI|GE-QUALITY|CAI-RUO-SHEN-QIANG|SHI-ZHU-JI|YONGSHEN-STRUCTURE|YONGSHEN-FINAL|ZHONG-HE,秋月辛金，再见三酉一辛，强旺达于极点，妙有丁火七杀。炼金而成器，攻身以作威，从此为有价值之命局矣。制劫：身强财弱，复见劫财，克财之极，亦爱七杀。七杀能制伏劫财，使不败也。例如：,['身强']
千里命稿,千里命稿-0021,丁酉庚戌辛酉甲午,辛,HEAVY,REN-CAIGUAN|SHISHI-BURUO|HEAVY-ROOT|BIJIE-PARTY|ROOT-STRUCK|ROOT-GAN-PRIORITY|ZHONGGUA-2SIDE|JIRUO-WUGEN|JIWANG-HUAIJI|SHIYONG-YUELING-XIANGFU|GE-QUALITY|CAI-RUO-SHEN-QIANG|SHI-ZHU-JI|YONGSHEN-STRUCTURE|YONGSHEN-FINAL|ZHONG-HE,一重甲木正财，为当令之庚金劫财，掠夺殆尽，幸有丁火七杀制劫财，论其功用，制劫为第一，救财为第二，换之制劫即所以救财也。七杀之弊耗财：日强印重财轻，即怕七杀，杀既耗财，又助印也。例如：,[]
千里命稿,千里命稿-0022,丁丑庚戌辛丑乙未,辛,LIGHT,REN-CAIGUAN|SHISHI-BURUO|LIGHT-ROOT|BIJIE-PARTY|ROOT-STRUCK|ROOT-GAN-PRIORITY|ZHONGGUA-2SIDE|JIRUO-WUGEN|SHIYONG-YUELING-XIANGFU|GE-QUALITY|SHI-ZHU-JI|YONGSHEN-STRUCTURE|YONGSHEN-FINAL|ZHONG-HE,辛见重土，幸有月上庚金协助，未遭埋没，而称身印两强。乙木偏财，以丁火七杀之耗。致未遂疏土之功，八字仍属偏枯。则七杀耗财之咎，在所难辞焉。生印：日弱印强，尤怕七杀，印多则身寡，而成母多子病。何堪再见七杀生印克身。例如：,[]
千里命稿,千里命稿-0023,戊戌己未辛未丁酉,辛,HEAVY,REN-CAIGUAN|SHISHI-BURUO|HEAVY-ROOT|YIN-PARTY|ROOT-STRUCK|ROOT-GAN-PRIORITY|SHI-GUI-LU|ZHONGGUA-2SIDE|JIRUO-WUGEN|JIWANG-HUAIJI|GE-QUALITY|YONGSHEN-STRUCTURE|YONGSHEN-FINAL|ZHONG-HE,土旺而多，有如山崩。日元之辛，母旺子虚，为埋金无疑矣。丁火七杀，生土印以助虐，克弱日而欺主，其滋蔓祸患，为何如哉。攻身：日干衰弱，即怕七杀，日弱既主萎靡，何堪再见七杀之攻。例如：,['衰弱']
千里命稿,千里命稿-0024,丁卯乙巳辛卯乙未,辛,NONE,CAIDUO-SHENRUAN|SHAZHONG-SHENQING|ZHONGGUA-2SIDE|JIRUO-WUGEN|WUGEN-YOUFU|JISHUAI-CONGSHENG|GE-QING|GE-QUALITY|YUN-SHENG-ROOT|SHI-ZHU-JI|YONGSHEN-STRUCTURE|YONGSHEN-FINAL,辛生巳月，已患失令。群木旺火，争相摧残。又少帮扶之字，其弱可知。或以丁火七杀攻身之弊，与众财挫主之患，较量轻重，则正如五十步与百步耳。制劫：日弱赖劫，亦怕七杀。身方恃劫维持，何堪再见七杀制去？例如：甲辰 丁卯 辛未 庚庚以失令之辛金敌得时之众木，岂敌可乎？庚金劫财，能帮辛金，亦能克木。正喜不乏援助，讵料丁火七杀，制住庚金。总臂扼喉，抱憾甚矣。七杀所喜耗财：身弱印轻财重，爱七杀，既见杀，喜印比之帮身,"['身弱', '身强']"
千里命稿,千里命稿-0025,乙巳辛巳丙子癸巳,丙,HEAVY,REN-CAIGUAN|DESHI-BUWANG|HEAVY-ROOT|ROOT-GAN-PRIORITY|SHI-GUI-LU|ZHONGGUA-2SIDE|RI-BEI-HE|JIRUO-WUGEN|JIWANG-HUAIJI|SHIYONG-YUELING-XIANGFU|GE-QING|GE-QUALITY|SHI-ZHU-JI|YONGSHEN-STRUCTURE|YONGSHEN-FINAL|ZHONG-HE,初夏丙火，三见巳禄，可谓旺矣。辛金之财，不免火多焦熔，还赖癸水正官克火救金，是即所谓引财也。生印：身强印弱。尤爱正官。正官能拘束日干、滋生印绶也。例如：,['身强']
千里命稿,千里命稿-0026,辛巳癸巳丙子乙未,丙,HEAVY,REN-CAIGUAN|DESHI-BUWANG|HEAVY-ROOT|YIN-PARTY|ROOT-STRUCK|ROOT-GAN-PRIORITY|SHI-GUI-LU|ZHONGGUA-2SIDE|RI-BEI-HE|JIRUO-WUGEN|JIWANG-HUAIJI|GE-QUALITY|YONGSHEN-STRUCTURE|YONGSHEN-FINAL|ZHONG-HE,退气之乙木，远不如当旺之丙火。何况丙得两禄，岂不患子多母弱哉。月头癸水正官，敛火之威，助木之势，生印之功，居功至伟矣。拘身：日干旺甚，过旺则身无所依，即爱正官。正官能拘束日干，不敢为非作恶也。例如：,[]
千里命稿,千里命稿-0027,辛卯癸巳丙午丙申,丙,HEAVY,REN-CAIGUAN|DESHI-BUWANG|HEAVY-ROOT|BIJIE-PARTY|ROOT-STRUCK|ROOT-GAN-PRIORITY|ZHONGGUA-2SIDE|RI-BEI-HE|JIRUO-WUGEN|JIWANG-HUAIJI|SHIYONG-YUELING-XIANGFU|GE-QING|GE-QUALITY|SHI-ZHU-JI|YONGSHEN-STRUCTURE|YONGSHEN-FINAL|ZHONG-HE,丙日旺甚。幸喜癸水正官之克火，稍杀其炎，拘身有功，或憾乎杯水车薪。然有辛申两金之生，癸水虽弱，尚有源头，仍可取焉。制劫：日干既旺，复垒见劫财，劫盛即助身为虐，亦爱正官。正官能制去劫财，使日干洁身自好也。例如：癸巳 丁已 丙子 丁酉日主既旺，益以两比两劫，酉金之财星危矣。癸水正官，克制巳火比肩，固较欠强。然得禄于子，受生于酉，亦足以去两丁之劫财，不可与扬汤止沸同论也。正官之弊引财：身弱财强，遂怕正官,['身弱']
千里命稿,千里命稿-0028,癸丑辛酉丙子丙申,丙,NONE,CAIDUO-SHENRUAN|SHAZHONG-SHENQING|ZHONGGUA-2SIDE|RI-BEI-HE|JIRUO-WUGEN|WUGEN-YOUFU|JISHUAI-CONGSHENG|GE-QING|GE-QUALITY|YUN-SHENG-ROOT|SHI-ZHU-JI|YONGSHEN-STRUCTURE|YONGSHEN-FINAL,金多火少，时在深秋，日元为丙，自属财强身弱，再见癸水正官，引旺财。克衰主，是更危如垒卵，固以财为病之源，亦以官为病之表耳。生印：身弱印强，尤怕正官。印多则身寡，母多子病，何堪再见正官拘身生印。例如：,['身弱']
千里命稿,千里命稿-0029,癸卯乙卯丙子乙未,丙,LIGHT,REN-CAIGUAN|SHISHI-BURUO|LIGHT-ROOT|YIN-PARTY|ROOT-STRUCK|ROOT-GAN-PRIORITY|SHI-GUI-LU|ZHONGGUA-2SIDE|JIRUO-WUGEN|SHIYONG-YUELING-XIANGFU|GE-QUALITY|YONGSHEN-STRUCTURE|YONGSHEN-FINAL|ZHONG-HE,丙火生于春令，又见四木，印多而旺，即不免母多子病。癸水正官克身固非喜，然其生印不啻助桀为虐，尤可憎也。拘身：日干衰弱，即怕正官。身弱既主萎靡，何堪再见正官拘身？例如:,"['身弱', '衰弱']"
千里命稿,千里命稿-0030,庚辰庚辰丙子丙申,丙,NONE,CAIDUO-SHENRUAN|ZHONGGUA-2SIDE|JIRUO-WUGEN|WUGEN-YOUFU|SHIYONG-YUELING-XIANGFU|GE-QUALITY|YUN-SHENG-ROOT|SHI-ZHU-JI|YONGSHEN-STRUCTURE|YONGSHEN-FINAL,丙火日元，除时上一重比肩为帮身外，余皆泄克之神，弱而不堪任财。申子辰会局，官星结党，其拘身之祸最为猖獗，不啻洪水猛兽耶。制劫：身弱用劫。亦怕正官。身弱赖劫维持。何堪再见正官制去。例如：,['身弱']
千里命稿,千里命稿-0031,丁酉癸丑丙子丁酉,丙,NONE,SHAZHONG-SHENQING|ZHONGGUA-2SIDE|WUGEN-YOUFU|JISHUAI-CONGSHENG|SHIYONG-YUELING-XIANGFU|GE-QUALITY|YUN-SHENG-ROOT|SHI-ZHU-JI|YONGSHEN-STRUCTURE|YONGSHEN-FINAL,丙虽失令于冬，幸有丁火劫财，两透干头，而可倚以为帮身，讵料癸水正官，制去劫财，精华尽失，正如病犯绝症，其势殆矣。正官所喜引财：身强财弱爱正官，既见官，喜财旺以生之。财多身弱怕正官，既见官，喜印旺以泄之。生印：身强印弱爱正官，既见官，喜官旺生印。身弱印强怕正官，既见官，喜食财以两制之。拘身：日干强，爱正官，既见官，喜财旺以生之。日干弱，怕正官，既见官，喜印旺以解之。制劫：身强有劫，爱正官，即见官，喜,"['身弱', '身强']"
千里命稿,千里命稿-0032,癸丑乙卯甲子丙寅,甲,HEAVY,REN-CAIGUAN|DESHI-BUWANG|XIEQI-TAIZHONG|HEAVY-ROOT|YIN-PARTY|BIJIE-PARTY|ROOT-STRUCK|ROOT-GAN-PRIORITY|SHI-GUI-LU|ZHONGGUA-2SIDE|JIRUO-WUGEN|JIWANG-HUAIJI|GE-QUALITY|WANGJI-SIWO-SHENG|SHI-ZHU-JI|TIANGAN-XINGQING|YONGSHEN-STRUCTURE|YONGSHEN-FINAL|ZHONG-HE,甲乙寅卯东方全，况在莺啼蝶舞之候。春木正旺，身强可知，益以癸子两水之生木。更嫌太过，全局了无精彩，唯喜丙火食神，发泄秀气，尚不致为顽木耳。生财：身强财弱，尤爱食神，食神能吐秀气生财也。例如,['身强']
千里命稿,千里命稿-0033,己卯丙寅甲子乙亥,甲,HEAVY,REN-CAIGUAN|DESHI-BUWANG|XIEQI-TAIZHONG|HEAVY-ROOT|BIJIE-PARTY|ROOT-STRUCK|ROOT-GAN-PRIORITY|SHI-GUI-LU|ZHONGGUA-2SIDE|RI-BEI-HE|JIRUO-WUGEN|JIWANG-HUAIJI|SHIYONG-YUELING-XIANGFU|GE-QUALITY|WANGJI-SIWO-SHENG|TIANGAN-XINGQING|YONGSHEN-STRUCTURE|YONGSHEN-FINAL|ZHONG-HE,干甲乙，支寅卯。劫比如林，己土正财，剥夺殆尽。若无丙火食神之生财，势将身旺无所寄。为下命决矣。制杀：杀重身轻，举动尽为牵制。即爱食神，食神能制伏七杀。一将当关，群邪自服。而身得以自由矣。例如：,['身旺']
千里命稿,千里命稿-0034,庚申甲申甲戌丙寅,甲,HEAVY,REN-CAIGUAN|SHISHI-BURUO|XIEQI-TAIZHONG|HEAVY-ROOT|JUECHU-FENGSHENG|BIJIE-PARTY|ROOT-STRUCK|ROOT-GAN-PRIORITY|WANGCHONG-SHUAI|SHI-GUI-LU|ZHONGGUA-2SIDE|JIRUO-WUGEN|JISHUAI-CONGSHENG|SHIYONG-YUELING-XIANGFU|GE-QUALITY|SHI-ZHU-JI|TIANGAN-XINGQING|YONGSHEN-STRUCTURE|YONGSHEN-FINAL|ZHONG-HE,三木三金，以质量论，无分轩轾。然而秋金当旺，秋木凋零，以势力论。木自不敌于金，杀乃强过于身。而需乎丙火食之制杀矣。损官：官强身弱，举动尽为束缚，亦爱食神。食神能合官存身，使身渐得舒适，例如：,['身弱']
千里命稿,千里命稿-0035,辛酉丙申甲戌丙寅,甲,HEAVY,REN-CAIGUAN|XIEQI-TAIZHONG|HEAVY-ROOT|JUECHU-FENGSHENG|ROOT-STRUCK|ROOT-GAN-PRIORITY|WANGCHONG-SHUAI|SHI-GUI-LU|ZHONGGUA-2SIDE|JIRUO-WUGEN|JISHUAI-CONGSHENG|SHIYONG-YUELING-XIANGFU|GE-QUALITY|SHI-ZHU-JI|TIANGAN-XINGQING|YONGSHEN-STRUCTURE|YONGSHEN-FINAL|ZHONG-HE,秋月甲木，见申酉戌辛，官旺可畏。丙火食神，克合辛金，使金势稍抑，日主稍扬，则损官即所以救主也。食神之弊泄身：日干弱，遂怕食神。已身尚不健全，何堪再见食神泄气。例如：,[]
千里命稿,千里命稿-0036,乙酉丙戌甲戌乙丑,甲,NONE,XIEQI-TAIZHONG|ZHONGGUA-2SIDE|WUGEN-YOUFU|JISHUAI-CONGSHENG|SHIYONG-YUELING-XIANGFU|GE-QUALITY|YUN-SHENG-ROOT|SHI-ZHU-JI|TIANGAN-XINGQING|YONGSHEN-STRUCTURE|YONGSHEN-FINAL,天干甲乙丙，地支丑戌酉，时在九秋。土金占优势，甲日仍患财官之旺，则丙火食神，既生财，又泄身，洵非弱主所喜也。生财：财官身弱，尤怕食神。身既不能旺财，何堪再见食神泄身生财。制杀：身强杀浅，即怕食神。身方假杀为权，何堪再见食神制去。例如：,"['身弱', '身强']"
千里命稿,千里命稿-0037,庚寅丙戌甲寅乙亥,甲,HEAVY,REN-CAIGUAN|SHISHI-BURUO|XIEQI-TAIZHONG|HEAVY-ROOT|BIJIE-PARTY|ROOT-STRUCK|ROOT-GAN-PRIORITY|SHI-GUI-LU|ZHONGGUA-2SIDE|JIRUO-WUGEN|JISHUAI-CONGSHENG|GE-QING|GE-QUALITY|TIANGAN-XINGQING|YONGSHEN-STRUCTURE|YONGSHEN-FINAL|ZHONG-HE,甲虽失时于秋，乃两见寅禄，时得长生。形与气既不为弱，且嫌繁盛，正庚金七之克伐，何期丙火食神，制住庚金。未竟斧凿之功，岂成栋梁之材？损官：身旺官弱，亦怕食神。身旺以官为尊，何堪再见食神合去。例如：,['身旺']
千里命稿,千里命稿-0038,丙戌辛卯甲子乙亥,甲,HEAVY,REN-CAIGUAN|DESHI-BUWANG|XIEQI-TAIZHONG|HEAVY-ROOT|BIJIE-PARTY|ROOT-STRUCK|ROOT-GAN-PRIORITY|SHI-GUI-LU|ZHONGGUA-2SIDE|JIRUO-WUGEN|JIWANG-HUAIJI|GE-QUALITY|WANGJI-SIWO-SHENG|TIANGAN-XINGQING|YONGSHEN-STRUCTURE|YONGSHEN-FINAL|ZHONG-HE,春木而又多帮扶，既旺且强。去抚存菁，端赖辛金正官，然有丙火食神之克合，辛乃用武无地，一官受损，以致八字平凡，减色为何如哉。食神所喜泄身：日干强，爱食神，既见食，喜财以流通之。日干弱，怕食神，既见食，喜印以合制之。生财：身强财弱，爱食神，既见食，喜财多生发。身弱财强，怕食神，既见食，喜印助身旺。制杀：杀重身轻，爱食神，既见食，喜比劫食伤生助。身强杀浅，怕食神，既见食，喜见财以和解之。损官：官多身弱，,"['身旺', '身弱', '身强']"
千里命稿,千里命稿-0039,丁卯辛亥戊子丙辰,戊,HEAVY,REN-CAIGUAN|HEAVY-ROOT|ROOT-STRUCK|ROOT-GAN-PRIORITY|HE-HUASHEN-DESHI|SHI-GUI-LU|ZHONGGUA-2SIDE|JIRUO-WUGEN|GE-QUALITY|SHI-ZHU-JI|YONGSHEN-STRUCTURE|YONGSHEN-FINAL|ZHONG-HE,亥卯半木局，子辰半水局，时在初冬水令，则偏重于水木才官，而戊土轻矣。妙有丁火正印，丙火偏印，协力生身，使日主可以任财任官。其功益岂浅鲜哉。泄官杀：日干弱。官杀力强。身不能任。当赖印绶泄官杀而助身。例如：,[]
千里命稿,千里命稿-0040,癸卯乙卯戊子丁巳,戊,HEAVY,REN-CAIGUAN|SHISHI-BURUO|HEAVY-ROOT|YIN-PARTY|ROOT-GAN-PRIORITY|SHI-GUI-LU|ZHONGGUA-2SIDE|RI-BEI-HE|JIRUO-WUGEN|GE-QUALITY|YONGSHEN-STRUCTURE|YONGSHEN-FINAL|ZHONG-HE,官重身轻，以乙木正官之得令，戊土日元失时，设非丁火正印，盗泄旺官，生助弱主，几成危局。此所以印绶之大有造于斯命也。御伤：日干弱伤官力重。全赖印绶驾御伤官。例如：,[]
千里命稿,千里命稿-0041,戊戌辛酉戊申丁巳,戊,HEAVY,REN-CAIGUAN|SHISHI-BURUO|XIEQI-TAIZHONG|HEAVY-ROOT|YIN-PARTY|BIJIE-PARTY|ROOT-STRUCK|ROOT-GAN-PRIORITY|SHI-GUI-LU|ZHONGGUA-2SIDE|JIRUO-WUGEN|JIWANG-HUAIJI|JISHUAI-CONGSHENG|GE-QUALITY|YONGSHEN-STRUCTURE|YONGSHEN-FINAL|ZHONG-HE,金多而又在金令，其耗盗戊土，猛烈非常，虽有年柱两比，可以帮身。然而丁巳两印之御制伤官，其功尤伟。谚谓扬汤止沸，不如斧底抽薪，即此意也。挫食：日干弱。食神太重。当赖印之挫食滋身。例如：,[]
千里命稿,千里命稿-0042,丙申丙申戊戌庚申,戊,LIGHT,REN-CAIGUAN|SHISHI-BURUO|XIEQI-TAIZHONG|LIGHT-ROOT|YIN-PARTY|ROOT-GAN-PRIORITY|SHI-GUI-LU|ZHONGGUA-2SIDE|JIRUO-WUGEN|JISHUAI-CONGSHENG|SHIYONG-YUELING-XIANGFU|GE-QING|GE-QUALITY|SHI-ZHU-JI|YONGSHEN-STRUCTURE|YONGSHEN-FINAL|ZHONG-HE,戊见一庚三申。泄气可憎，自喜丙火偏印之滋身挫食，而以情势权衡 ，挫食之事。更比化杀滋身为重要，若拘于食神不宜枭夺之说，则忌矣。偏正印之弊生身：日干强，财官力薄，更怕印绶助身。例如：,[]
千里命稿,千里命稿-0043,丙辰戊戌戊午壬戌,戊,HEAVY,REN-CAIGUAN|DESHI-BUWANG|HEAVY-ROOT|YIN-PARTY|BIJIE-PARTY|ROOT-STRUCK|ROOT-GAN-PRIORITY|SHI-GUI-LU|ZHONGGUA-2SIDE|JIRUO-WUGEN|JIWANG-HUAIJI|SHIYONG-YUELING-XIANGFU|GE-QUALITY|YONGSHEN-STRUCTURE|YONGSHEN-FINAL|ZHONG-HE,重土重火，日干强极，而官藏无力。财露被劫，自属下命。然则何需乎丙午两印之生身耶，印之为害既甚。当先谋去之之道，为上策矣。泄官杀：日干强。官杀力薄。更怕印绶泄之。例如：,[]
千里命稿,千里命稿-0044,乙未丙戌戊午己未,戊,HEAVY,REN-CAIGUAN|DESHI-BUWANG|HEAVY-ROOT|YIN-PARTY|BIJIE-PARTY|ROOT-STRUCK|ROOT-GAN-PRIORITY|SHI-GUI-LU|ZHONGGUA-2SIDE|JIRUO-WUGEN|JIWANG-HUAIJI|SHIYONG-YUELING-XIANGFU|GE-QING|GE-QUALITY|CAI-RUO-SHEN-QIANG|SHI-ZHU-JI|YONGSHEN-STRUCTURE|YONGSHEN-FINAL|ZHONG-HE,八字中土计其五，比劫既多，日主自强，幸有乙木正官之疏土拘身。乃又有丙火午火，印绶泄官。致官不能直接克日，岂非全功尽弃乎？御伤：日干强。伤官力薄。更怕印绶御去伤官。例如：丙戌 辛旺 戊戌 戊午土旺身强，所赖辛金伤官，发泄秀气，然丙火枭印，御去辛金致日主旺无所依。命局之不可收拾，即为此一印耳。挫食：日干强。食神力薄。更怕印之挫食。例如：,"['身强', '日主旺']"
千里命稿,千里命稿-0045,庚子丙戌戊戌戊午,戊,HEAVY,REN-CAIGUAN|DESHI-BUWANG|XIEQI-TAIZHONG|HEAVY-ROOT|YIN-PARTY|BIJIE-PARTY|ROOT-STRUCK|ROOT-GAN-PRIORITY|SHI-GUI-LU|ZHONGGUA-2SIDE|JIRUO-WUGEN|JIWANG-HUAIJI|SHIYONG-YUELING-XIANGFU|GE-QUALITY|WANGJI-SIWO-SHENG|YONGSHEN-STRUCTURE|YONGSHEN-FINAL|ZHONG-HE,此命与上例相仿，旺土赖庚金食神以吐秀，所憾丙火枭印，挫制食神，亦病重药轻之造。土重为病，丙火为病中之病也。偏正印之喜生身：日干弱，有印绶生身，最喜官星生印。日干强，又有印绶生身，即喜财以制之。泄官杀：日干弱，官杀强，有印绶泄官杀。喜印身两旺。日干强，官杀弱，又有印绶泄官杀，喜财扶官杀。御伤：日干弱，伤官强，有印绶驾御伤官。喜印旺御伤助身。日干强，伤官弱，又有印绶驾御伤官。喜财旺克印以制之。挫食：日,['身旺']
千里命稿,千里命稿-0046,癸卯庚申庚子庚辰,庚,HEAVY,REN-CAIGUAN|DESHI-BUWANG|XIEQI-TAIZHONG|HEAVY-ROOT|BIJIE-PARTY|ROOT-GAN-PRIORITY|ZHONGGUA-2SIDE|JIWANG-HUAIJI|SHIYONG-YUELING-XIANGFU|GE-QUALITY|WANGJI-SIWO-SHENG|SHI-ZHU-JI|YONGSHEN-STRUCTURE|YONGSHEN-FINAL|ZHONG-HE,初秋三庚，支全申子辰，年上透癸，金水并行，母强子健，庚因生水，而秀气发越，癸水伤官，以卯木正财之泄，而亦有所寄托，生生不息矣。制枭：日干强，偏印力亦强，身旺何劳印绶？当赖偏财制去枭神。使枭不来生身，例如：,['身旺']
千里命稿,千里命稿-0047,甲辰戊辰庚申甲申,庚,HEAVY,REN-CAIGUAN|SHISHI-BURUO|HEAVY-ROOT|YIN-PARTY|ROOT-GAN-PRIORITY|SHI-GUI-LU|ZHONGGUA-2SIDE|JIWANG-HUAIJI|SHIYONG-YUELING-XIANGFU|GE-QUALITY|YONGSHEN-STRUCTURE|YONGSHEN-FINAL|ZHONG-HE,庚金两得申禄，不愁孱弱，一戊二辰之枭印生身，反为骈枝。不如借甲木偏财以去之清净也。坏印：日干强，正印力亦强，身旺不须正印。当赖正财破坏之，使身不过旺。例如：乙亥 已丑 庚申 乙酉庚日得禄于申，乘旺于酉，投库于丑，根基极深，固不喜再见帮扶。然则乙木正财，破坏己土正印，正所以去繁就简也，何憾之有耶。偏正财之弊生官杀：日干弱，最怕财旺生官杀，来克日干。例如：,['身旺']
千里命稿,千里命稿-0048,甲寅丁卯庚午乙酉,庚,HEAVY,REN-CAIGUAN|HEAVY-ROOT|ROOT-STRUCK|ROOT-GAN-PRIORITY|WANGCHONG-SHUAI|SHI-GUI-LU|ZHONGGUA-2SIDE|RI-BEI-HE|JIRUO-WUGEN|GE-QUALITY|YONGSHEN-STRUCTURE|YONGSHEN-FINAL|ZHONG-HE,木旺金衰，财多身弱，最憾财再生官，使官来克身，形势尤危，乃木火财官，狼狈为奸，欲避祸患，更不易矣。泄伤食：日干弱，最怕伤食泄财。以分日干之力。例如：,['身弱']
千里命稿,千里命稿-0049,癸未乙卯庚子庚辰,庚,NONE,CAIDUO-SHENRUAN|XIEQI-TAIZHONG|ZHONGGUA-2SIDE|RI-BEI-HE|JIRUO-WUGEN|WUGEN-YOUFU|JISHUAI-CONGSHENG|SHIYONG-YUELING-XIANGFU|GE-QUALITY|YUN-SHENG-ROOT|SHI-ZHU-JI|YONGSHEN-STRUCTURE|YONGSHEN-FINAL,庚金失令，援助又少，固畏群水之泄气。然若单见水星，耗盗尚有，岂可又见木来泄水，转辗分力。则财之泄伤食而挫日。与夫生官杀而克身，其为害乃异途而同归也。制枭：日干弱，最怕财星制去枭神，以绝日干之生。例如：,[]
千里命稿,千里命稿-0050,戊辰甲子庚寅甲申,庚,HEAVY,REN-CAIGUAN|SHISHI-BURUO|HEAVY-ROOT|YIN-PARTY|ROOT-STRUCK|ROOT-GAN-PRIORITY|SHI-GUI-LU|ZHONGGUA-2SIDE|JIRUO-WUGEN|JIWANG-HUAIJI|GE-QUALITY|YONGSHEN-STRUCTURE|YONGSHEN-FINAL|ZHONG-HE,水木成群，庚金泄而无止。戊土枭印虽生庚，奈生受制于甲财。财神非仅耗身，且能害母，铲除根本。为祸更甚于泄伤食，生官杀也。坏印：日干弱，最怕财星，破坏正印，绝其滋助，例如：,[]
千里命稿,千里命稿-0051,乙未己卯庚子甲申,庚,HEAVY,REN-CAIGUAN|SHISHI-BURUO|HEAVY-ROOT|YIN-PARTY|ROOT-GAN-PRIORITY|SHI-GUI-LU|ZHONGGUA-2SIDE|RI-BEI-HE|JIRUO-WUGEN|GE-QUALITY|YONGSHEN-STRUCTURE|YONGSHEN-FINAL|ZHONG-HE,庚金陷于水木之包围，己土正印，因乙财之破坏。似有若无。势大适为我敌，势小难为我助，与上述之命，同一抱撼耳。偏正财之喜生官杀：日干强，有财生官杀，喜官杀旺则成功。日干弱，有财生官杀，喜印生比劫以制之。泄伤食：日干强，伤食重，有财泄伤食，喜财旺生发。日干弱，伤食轻，有财泄伤食，喜比劫以制财。制枭：日干强，不须枭神生身，喜财来制枭。日干弱，有财星制枭，喜比劫以解之。坏印：日干强，不劳印绶再助身，喜伤食生,[]
千里命稿,千里命稿-0052,己巳丙寅壬子壬寅,壬,HEAVY,REN-CAIGUAN|SHISHI-BURUO|HEAVY-ROOT|BIJIE-PARTY|ROOT-GAN-PRIORITY|ZHONGGUA-2SIDE|JIWANG-HUAIJI|SHIYONG-YUELING-XIANGFU|GE-QUALITY|SHI-ZHU-JI|YONGSHEN-STRUCTURE|YONGSHEN-FINAL|ZHONG-HE,财官食神虽美，乃日主虚弱，如人之富贵而病，岂能享受荣华。还以摄身进补为是。壬为壬水双肩，子水劫刃，能帮吾身，为可贵矣。任官杀：日干弱，见官则受拘束，见杀则为压制。望官即畏惮之甚，安足胜任？苟得比劫禄刃敌官杀，而不畏惮，反足任之以有为矣。例如：,[]
千里命稿,千里命稿-0053,戊子戊午壬戌壬寅,壬,HEAVY,REN-CAIGUAN|SHISHI-BURUO|HEAVY-ROOT|BIJIE-PARTY|ROOT-STRUCK|ROOT-GAN-PRIORITY|WANGCHONG-SHUAI|ZHONGGUA-2SIDE|JIRUO-WUGEN|GE-QUALITY|SHI-ZHU-JI|YONGSHEN-STRUCTURE|YONGSHEN-FINAL|ZHONG-HE,壬水惮于重土之压，是即杀重身轻。既有壬水比肩，子水劫刃协力抵敌，日主可能任杀矣。或畏火土远过于水星，仍患身弱，此乃另一问题，非在本条讨论范围之内也。代泄：日干弱，见伤官不为我福，而反足以盗泄，比劫禄刃，可以代我受泄，则伤食反为福神矣。例如：,['身弱']
千里命稿,千里命稿-0054,乙卯癸未壬子乙巳,壬,HEAVY,REN-CAIGUAN|SHISHI-BURUO|XIEQI-TAIZHONG|HEAVY-ROOT|BIJIE-PARTY|ROOT-STRUCK|ROOT-GAN-PRIORITY|ZHONGGUA-2SIDE|JIRUO-WUGEN|JISHUAI-CONGSHENG|GE-QUALITY|SHI-ZHU-JI|YONGSHEN-STRUCTURE|YONGSHEN-FINAL|ZHONG-HE,众木盗水，幸癸子两劫，代日主受泄，则乙食神，始为忌神而终为福星。为忌神者，惮其狂泄也，为福星者，既有劫财代泄，不为我害。可以安然任之，且或有生财制杀之利耳。制财：日干弱，见财则身益弱，得比劫禄刃之制财。则不为财役矣。例如：,[]
千里命稿,千里命稿-0055,壬申丙午壬寅丙午,壬,HEAVY,REN-CAIGUAN|SHISHI-BURUO|HEAVY-ROOT|BIJIE-PARTY|ROOT-STRUCK|ROOT-GAN-PRIORITY|ZHONGGUA-2SIDE|JIRUO-WUGEN|SHIYONG-YUELING-XIANGFU|GE-QUALITY|SHI-ZHU-JI|YONGSHEN-STRUCTURE|YONGSHEN-FINAL|ZHONG-HE,火炎水灼，财重身轻，不倚印比之生扶，却喜壬水比肩之制财。制财而有力，是为我除害也。胜于同气相助多矣。比劫禄刃之弊帮身：日干强，怕比劫禄刃帮扶，盖至强则无依矣。例如：,[]
千里命稿,千里命稿-0056,癸巳癸亥壬申壬寅,壬,HEAVY,REN-CAIGUAN|HEAVY-ROOT|BIJIE-PARTY|ROOT-STRUCK|ROOT-GAN-PRIORITY|WANGCHONG-SHUAI|ZHONGGUA-2SIDE|JIRUO-WUGEN|JIWANG-HUAIJI|SHIYONG-YUELING-XIANGFU|GE-QUALITY|SHI-ZHU-JI|YONGSHEN-STRUCTURE|YONGSHEN-FINAL|ZHONG-HE,壬水生于亥月，坐于申金临旺乡，何需干头比劫之帮身，则比劫非惟为忌。且足以促成身旺无依之危险，可畏也。任官杀：日干强，喜官杀为我用，怕比劫禄刃敌官杀，而分官杀之力。例如：,['身旺']
千里命稿,千里命稿-0057,己亥壬申壬子丙午,壬,HEAVY,REN-CAIGUAN|SHISHI-BURUO|HEAVY-ROOT|BIJIE-PARTY|ROOT-STRUCK|ROOT-GAN-PRIORITY|WANGCHONG-SHUAI|ZHONGGUA-2SIDE|JIRUO-WUGEN|JIWANG-HUAIJI|GE-QUALITY|SHI-ZHU-JI|YONGSHEN-STRUCTURE|YONGSHEN-FINAL|ZHONG-HE,壬生申月，源远流长。正喜己土正官之拘身筑堤。乃月上壬比，年支亥禄。以及日下子刃，推波助澜，冲击堤岸。其分任正官，使日主漫无节制，为害岂浅鲜哉。代泄：日干强，见伤食则秀气可吐，怕比劫禄刃竞代受泄。分我秀气。例如：,[]
千里命稿,千里命稿-0058,癸亥癸亥壬申乙巳,壬,HEAVY,REN-CAIGUAN|DESHI-BUWANG|XIEQI-TAIZHONG|HEAVY-ROOT|BIJIE-PARTY|ROOT-STRUCK|ROOT-GAN-PRIORITY|WANGCHONG-SHUAI|ZHONGGUA-2SIDE|JIRUO-WUGEN|JIWANG-HUAIJI|GE-QUALITY|WANGJI-SIWO-SHENG|SHI-ZHU-JI|YONGSHEN-STRUCTURE|YONGSHEN-FINAL|ZHONG-HE,乙木伤官，泄旺壬而吐秀，只以水多木漂功效尽弃。故身强之造不喜重重劫比之代泄，其唯一理由，盖即母多子虚。亦如人之补身太过反多流弊耳。制财：日干强，最喜财，怕比劫禄刃制财。例如：,['身强']
千里命稿,千里命稿-0059,壬午壬子壬子丙午,壬,HEAVY,REN-CAIGUAN|DESHI-BUWANG|HEAVY-ROOT|BIJIE-PARTY|ROOT-STRUCK|ROOT-GAN-PRIORITY|WANGCHONG-SHUAI|ZHONGGUA-2SIDE|JIRUO-WUGEN|JIWANG-HUAIJI|GE-QUALITY|SHI-ZHU-JI|YONGSHEN-STRUCTURE|YONGSHEN-FINAL|ZHONG-HE,冬日可爱，壬水自喜丙火午火，况又倚以为养命之财耶。不幸劫比林立，劫夺一空，如资财拮据之人。而又遍地损财，其有不贫乎？比劫禄刃之喜帮身：日干弱，有比劫禄刃帮身，喜身旺生发。日干旺，有比劫禄刃帮身，喜官杀以制之。任官杀：日干弱，有比劫禄刃敌官杀，喜身杀两相停。（停者，平均也）日干强，又有比劫禄刃敌官杀，喜财旺生官杀。代泄：日干弱，食伤多。有比劫禄刃代为受泄，喜印制伤食而生身。日干强，又有比劫禄刃代受伤,['身旺']
千里命稿,千里命稿-0060,壬寅癸卯甲辰甲子,甲,HEAVY,REN-CAIGUAN|HEAVY-ROOT|YIN-PARTY|BIJIE-PARTY|ROOT-STRUCK|ROOT-GAN-PRIORITY|ZHONGGUA-2SIDE|JIRUO-WUGEN|JIWANG-HUAIJI|GE-QUALITY|TIANGAN-XINGQING|YONGSHEN-STRUCTURE|YONGSHEN-FINAL|ZHONG-HE,甲木生于卯月，支全寅卯辰东方一片秀气天干又得壬癸甲资生比辅，全无庚辛申酉之冲克，是为曲直格。再如：,[]
千里命稿,千里命稿-0061,癸亥乙卯乙卯癸未,乙,HEAVY,REN-CAIGUAN|HEAVY-ROOT|YIN-PARTY|BIJIE-PARTY|ROOT-GAN-PRIORITY|SHI-GUI-LU|ZHONGGUA-2SIDE|JIWANG-HUAIJI|SHIYONG-YUELING-XIANGFU|GE-QING|GE-QUALITY|SHI-ZHU-JI|TIANGAN-XINGQING|YONGSHEN-STRUCTURE|YONGSHEN-FINAL|ZHONG-HE,乙木生于卯月，地支亥卯未结成木局，天干又得癸乙资生比辅，全无庚辛申酉之冲克，亦为曲直格。曲直格之用神既已格成曲直格，则其秀气完全萃聚于日木之木。即以木为用神。忌金克伐。喜水木相助，见火吐秀亦善，逢土为财有火则不妨。炎上格炎上格之构成丙丁日干，生临夏月，地支全巳午未南方。或寅午戌结成火局，无壬癸亥子等字。例如：,[]
千里命稿,千里命稿-0062,丁巳丙午丙寅乙未,丙,HEAVY,REN-CAIGUAN|HEAVY-ROOT|YIN-PARTY|BIJIE-PARTY|ROOT-STRUCK|ROOT-GAN-PRIORITY|SHI-GUI-LU|ZHONGGUA-2SIDE|JIRUO-WUGEN|JIWANG-HUAIJI|SHIYONG-YUELING-XIANGFU|GE-QUALITY|YONGSHEN-STRUCTURE|YONGSHEN-FINAL|ZHONG-HE,丙火生于午月，支全巳午未南方，一片木火之气，天干又得乙丙丁资生比辅，全无壬癸亥子之冲克，是为炎上格。再如：,[]
千里命稿,千里命稿-0063,丙戌甲午丁卯壬寅,丁,HEAVY,REN-CAIGUAN|HEAVY-ROOT|YIN-PARTY|BIJIE-PARTY|ROOT-STRUCK|ROOT-GAN-PRIORITY|ZHONGGUA-2SIDE|RI-BEI-HE|JIRUO-WUGEN|JIWANG-HUAIJI|GE-QING|GE-QUALITY|TIANGAN-XINGQING|YONGSHEN-STRUCTURE|YONGSHEN-FINAL|ZHONG-HE,丁火生于午月，柱中全无水气虽有壬水，且与日干丁火作合，地支寅午戌结成火局，天干又得甲丙资生比辅，无癸水子水，亦为炎上格。炎上格之用神既已构成炎上格，则其秀气完全萃聚于日干之火。即以火为用神，忌水克火。喜木火相助，见土吐秀亦善。逢金为财，有土财不妨。稼穑格稼穑格之构成戊己日干，生于四季月，地支全辰戌丑未，或四柱纯土，而无甲乙寅卯等字。如：,[]
千里命稿,千里命稿-0064,戊戌己未戊辰癸丑,戊,HEAVY,REN-CAIGUAN|DESHI-BUWANG|HEAVY-ROOT|BIJIE-PARTY|ROOT-STRUCK|ROOT-GAN-PRIORITY|SHI-GUI-LU|ZHONGGUA-2SIDE|RI-BEI-HE|JIRUO-WUGEN|JIWANG-HUAIJI|SHIYONG-YUELING-XIANGFU|GE-QUALITY|SHI-ZHU-JI|YONGSHEN-STRUCTURE|YONGSHEN-FINAL|ZHONG-HE,戊土生于未月，支全辰戌丑未一片土气，天干又得戊己比辅，无甲乙寅卯之冲克，是为稼穑格。再如：,[]
千里命稿,千里命稿-0065,戊辰己未己未戊辰,己,HEAVY,REN-CAIGUAN|HEAVY-ROOT|BIJIE-PARTY|ROOT-STRUCK|ROOT-GAN-PRIORITY|SHI-GUI-LU|ZHONGGUA-2SIDE|JIRUO-WUGEN|JIWANG-HUAIJI|SHIYONG-YUELING-XIANGFU|GE-QUALITY|SHI-ZHU-JI|TIANGAN-XINGQING|YONGSHEN-STRUCTURE|YONGSHEN-FINAL|ZHONG-HE,己土日生于未月，地支辰未皆是土位，天干又成戊己一片土气，并无甲乙寅卯之冲克，亦为稼穑格。稼穑格之用神既已构成稼穑格，则其秀气完全萃聚于日干之土，即以土为神。忌木克土，喜火土相助，见金秀亦妙。逢水为财，有金则不妨。从革格从革格之构成庚辛日干，生于秋月，地支全申酉戌西方，或巳酉丑合成金局，无丙丁巳午等字。如：,[]
千里命稿,千里命稿-0066,戊申辛酉庚戌乙酉,庚,HEAVY,REN-CAIGUAN|HEAVY-ROOT|YIN-PARTY|BIJIE-PARTY|ROOT-STRUCK|ROOT-GAN-PRIORITY|HE-HUASHEN-DESHI|SHI-GUI-LU|ZHONGGUA-2SIDE|RI-BEI-HE|JIRUO-WUGEN|JIWANG-HUAIJI|SHIYONG-YUELING-XIANGFU|GE-QUALITY|CAI-RUO-SHEN-QIANG|YONGSHEN-STRUCTURE|YONGSHEN-FINAL|ZHONG-HE,庚金生于酉月，地支全申酉戌西方，一片金气。天干戊辛又资生比畏全无丙丁午未之冲克，是为从革格。再如：戊戌 辛酉 辛己 己丑辛金生于酉月，地支巳酉丑合成金局。天干又得戊己辛资生比辅，无丙丁午未之冲克。亦为从革格。从革格之用神既已构成从革格，则其秀气完全萃聚於日干之金。即以金为神，忌火克，喜土金相助，见水吐秀亦妙。逢木为财，有水财不妨。润下格润下格之构成壬癸日干，生于冬月。地支全亥子丑北方，或申子辰结成,[]
千里命稿,千里命稿-0067,壬申壬子壬辰庚子,壬,HEAVY,REN-CAIGUAN|HEAVY-ROOT|YIN-PARTY|BIJIE-PARTY|ROOT-GAN-PRIORITY|SHI-GUI-LU|ZHONGGUA-2SIDE|JIWANG-HUAIJI|SHIYONG-YUELING-XIANGFU|GE-QING|GE-QUALITY|CAI-RUO-SHEN-QIANG|YONGSHEN-STRUCTURE|YONGSHEN-FINAL|ZHONG-HE,壬水生于子月，地支申子辰合成水局。天干又得庚壬资生比辅，无戊己未戌之冲克，是为润下格。再如：,[]
千里命稿,千里命稿-0068,辛亥庚子癸丑癸丑,癸,HEAVY,REN-CAIGUAN|HEAVY-ROOT|YIN-PARTY|BIJIE-PARTY|ROOT-GAN-PRIORITY|SHI-GUI-LU|ZHONGGUA-2SIDE|JIWANG-HUAIJI|SHIYONG-YUELING-XIANGFU|GE-QING|GE-QUALITY|CAI-RUO-SHEN-QIANG|SHI-ZHU-JI|TIANGAN-XINGQING|YONGSHEN-STRUCTURE|YONGSHEN-FINAL|ZHONG-HE,癸水生于子月，地支全亥子丑北方。天干又得庚辛癸资生比辅，无戊己未戌等冲克，亦为润下格。润下格之用神既已构成润下格，则其秀气完全萃聚于日干之水，即以水为用神。忌土克，喜金水相助，见木吐秀亦妙。逢火为财，有木则不妨。从财格从财格之构成日主衰弱，生当财月，理取正偏财为格。而地支纯属财地，或结财局。天干再透出生财之字，日干却无一点生旺之气，不能任财，只得从之。例如：,['衰弱']
千里命稿,千里命稿-0069,庚戌乙酉丙申己丑,丙,LIGHT,REN-CAIGUAN|XIEQI-TAIZHONG|LIGHT-ROOT|ROOT-STRUCK|ROOT-GAN-PRIORITY|HE-HUASHEN-DESHI|ZHONGGUA-2SIDE|JIRUO-WUGEN|JISHUAI-CONGSHENG|SHIYONG-YUELING-XIANGFU|GE-QUALITY|SHI-ZHU-JI|YONGSHEN-STRUCTURE|YONGSHEN-FINAL|ZHONG-HE,丙火日干生于酉月死地，正财提纲地支又全成申酉戌财地，天干乙木被庚合，己土又生财，日干全无一点生气，难以任财，是为从财格。再如：,[]
千里命稿,千里命稿-0070,戊申辛酉丁巳辛丑,丁,HEAVY,REN-CAIGUAN|XIEQI-TAIZHONG|HEAVY-ROOT|ROOT-STRUCK|ROOT-GAN-PRIORITY|ZHONGGUA-2SIDE|JIRUO-WUGEN|JISHUAI-CONGSHENG|SHIYONG-YUELING-XIANGFU|GE-QING|GE-QUALITY|SHI-ZHU-JI|TIANGAN-XINGQING|YONGSHEN-STRUCTURE|YONGSHEN-FINAL|ZHONG-HE,丁火日干，生于酉月财地，地支巳酉丑申会成财局，天干戊辛，又资生比辅财星，日干无气，亦作从财论。从财格之用神既已构成从财格，财其秀气完全萃聚于所从之财，即以财为用神。喜伤食财之帮扶，忌比劫剥夺。亦忌印之助身，逢官不妨。从杀格从杀格之构成日主衰弱，杀旺而多，无印滋身，身实不能任杀，只得从之。例如：,['衰弱']
千里命稿,千里命稿-0071,戊戌辛酉乙酉乙酉,乙,NONE,CAIDUO-SHENRUAN|SHAZHONG-SHENQING|ZHONGGUA-2SIDE|JIRUO-WUGEN|WUGEN-YOUFU|JISHUAI-CONGSHENG|SHIYONG-YUELING-XIANGFU|GE-QUALITY|YUN-SHENG-ROOT|SHI-ZHU-JI|TIANGAN-XINGQING|YONGSHEN-STRUCTURE|YONGSHEN-FINAL,乙木日干，生于酉月绝地，年日时支又皆墓绝之乡。七杀当令，而又众多，乙木全无生气，岂能任之？只得从杀，是即从杀格也。从杀格之用神既已构成从杀格，则其势力完全在于杀。即以杀为用神。惟与八格用杀者不同，盖独喜财杀滋生，忌印之泄杀生身，劫比抗杀亦非宜。按日主衰弱，官旺而多，无印滋身，身实不能任官，可作从官格论。其用神之喜忌，与从杀格同。从儿格从儿格之构成日主衰弱，无印生身，伤食当旺，或且天干结党。地支会局,['衰弱']
千里命稿,千里命稿-0072,丁卯壬寅癸卯丙辰,癸,LIGHT,REN-CAIGUAN|SHISHI-BURUO|LIGHT-ROOT|BIJIE-PARTY|ROOT-STRUCK|ROOT-GAN-PRIORITY|HE-HUASHEN-DESHI|SHI-GUI-LU|ZHONGGUA-2SIDE|JIRUO-WUGEN|SHIYONG-YUELING-XIANGFU|GE-QUALITY|SHI-ZHU-JI|TIANGAN-XINGQING|YONGSHEN-STRUCTURE|YONGSHEN-FINAL|ZHONG-HE,癸水生于孟春，木旺乘权。支全寅卯辰东方一气，四柱绝金。日主有泄无生，实不能任此旺木。不得已而从之，从儿格成矣。从儿格之用神既己构成从儿格，既以伤食为秀气，为用神可也，不怕比劫。盖比劫仍去生助伤食也。喜逢财星，谓之儿又生儿，仍得转辗生育，秀气流行矣。逢官杀不利，盖官杀克身，势必为害耳。况官杀与伤食，又属冰炭不容乎？最忌印绶，因印能克制伤食也。逢伤食为助用，自亦可爱。从旺格从旺格之构成四柱皆比劫。绝无,[]
千里命稿,千里命稿-0073,癸卯乙卯甲寅乙亥,甲,HEAVY,REN-CAIGUAN|HEAVY-ROOT|YIN-PARTY|BIJIE-PARTY|ROOT-STRUCK|ROOT-GAN-PRIORITY|SHI-GUI-LU|ZHONGGUA-2SIDE|JIRUO-WUGEN|JIWANG-HUAIJI|GE-QING|GE-QUALITY|TIANGAN-XINGQING|YONGSHEN-STRUCTURE|YONGSHEN-FINAL|ZHONG-HE,甲木生于仲春，支逢两卯之旺，寅之禄，亥之生，干有乙之劫，癸之印，旺之极矣。无财官伤食可取，唯有作从旺论焉。从旺格之用神既己构成从旺格，既以比劫为用神，喜印绶比劫之生助。逢官杀谓之犯旺。凶祸立至。遇财星众劫相争，九死一生。若局中印轻，逢伤食不妨。从强格从强格之构成四柱印绶重重，比劫亦多，日主又不失令，绝无一毫财星官杀之气，谓之二人同心。宜顺而不宜逆，则即从强可也。例如：,[]
千里命稿,千里命稿-0074,壬子癸卯甲子甲子,甲,HEAVY,REN-CAIGUAN|HEAVY-ROOT|YIN-PARTY|BIJIE-PARTY|ROOT-STRUCK|ROOT-GAN-PRIORITY|ZHONGGUA-2SIDE|JIWANG-HUAIJI|GE-QUALITY|CAI-RUO-SHEN-QIANG|TIANGAN-XINGQING|YONGSHEN-STRUCTURE|YONGSHEN-FINAL|ZHONG-HE,甲生卯月，值最旺之乡，干见壬癸之印，甲木之比，地支又子水三朋，财官绝迹，强之极矣。舍从强之外，无其他善策。从强格之用神既己构成从强格，即以强神为用神（可以印绶与比劫并用）。逢比劫印绶顺其强神，最为吉利。食伤以有印绶冲克而必凶，-见财星官杀，谓之触怒强神，势尤殆矣。化气格化气格之构成甲日己时，己日甲时，甲日己月，己月甲日，生辰戌丑未月，不见木，为化土格。乙月庚时，庚日乙时，乙日庚月，庚日乙月，生巳酉,[]
千里命稿,千里命稿-0075,戊辰壬戌甲辰己巳,甲,LIGHT,REN-CAIGUAN|SHISHI-BURUO|LIGHT-ROOT|YIN-PARTY|ROOT-STRUCK|ROOT-GAN-PRIORITY|HE-HUASHEN-DESHI|ZHONGGUA-2SIDE|RI-BEI-HE|JIRUO-WUGEN|SHIYONG-YUELING-XIANGFU|GE-QUALITY|SHI-ZHU-JI|TIANGAN-XINGQING|YONGSHEN-STRUCTURE|YONGSHEN-FINAL|ZHONG-HE,甲木生于九秋，土旺乘权，甲己合而化土，不见他木，则无克破，而格局纯粹矣。,[]
千里命稿,千里命稿-0076,甲申癸酉乙丑庚辰,乙,LIGHT,REN-CAIGUAN|SHISHI-BURUO|LIGHT-ROOT|TENGLUO-XIJIA|YIN-PARTY|BIJIE-PARTY|ROOT-STRUCK|ROOT-GAN-PRIORITY|HE-HUASHEN-DESHI|SHI-GUI-LU|ZHONGGUA-2SIDE|RI-BEI-HE|JIRUO-WUGEN|GE-QING|GE-QUALITY|SHI-ZHU-JI|TIANGAN-XINGQING|YONGSHEN-STRUCTURE|YONGSHEN-FINAL|ZHONG-HE,乙庚合而化金，时在仲秋，化神得令，四柱无火之克破，殆杰出之造也。,[]
千里命稿,千里命稿-0077,甲辰丙子辛丑壬辰,辛,LIGHT,REN-CAIGUAN|XIEQI-TAIZHONG|LIGHT-ROOT|ROOT-STRUCK|ROOT-GAN-PRIORITY|HE-HUASHEN-DESHI|ZHONGGUA-2SIDE|RI-BEI-HE|JIRUO-WUGEN|JISHUAI-CONGSHENG|SHIYONG-YUELING-XIANGFU|GE-QUALITY|SHI-ZHU-JI|YONGSHEN-STRUCTURE|YONGSHEN-FINAL|ZHONG-HE,冬水方旺，丙辛合而化水，又见壬水元神透干。辰丑皆润土，不以克破论也。,[]
千里命稿,千里命稿-0078,乙卯丁卯壬午癸卯,壬,NONE,CAIDUO-SHENRUAN|XIEQI-TAIZHONG|HE-HUASHEN-DESHI|ZHONGGUA-2SIDE|RI-BEI-HE|JIRUO-WUGEN|WUGEN-YOUFU|JISHUAI-CONGSHENG|SHIYONG-YUELING-XIANGFU|GE-QING|GE-QUALITY|YUN-SHENG-ROOT|YONGSHEN-STRUCTURE|YONGSHEN-FINAL,丁壬合而化木，因在仲春，为木之最旺时令，格局更粹，八字无金，尤为可贵耳。,[]
千里命稿,千里命稿-0079,丙戌戊戌癸巳甲寅,癸,NONE,CAIDUO-SHENRUAN|SHAZHONG-SHENQING|XIEQI-TAIZHONG|ZHONGGUA-2SIDE|RI-BEI-HE|JIRUO-WUGEN|WUGEN-YOUFU|JISHUAI-CONGSHENG|SHIYONG-YUELING-XIANGFU|GE-QUALITY|YUN-SHENG-ROOT|SHI-ZHU-JI|TIANGAN-XINGQING|YONGSHEN-STRUCTURE|YONGSHEN-FINAL,戊癸合而化火，虽不在夏火当旺之令，然有丙巳两火之引化，甲寅两木之助化，且不见水星之克，自亦化而有余之象。化气格之破败（一）因克而破。例如：,[]
千里命稿,千里命稿-0080,庚戌戊子辛未丙申,辛,HEAVY,REN-CAIGUAN|SHISHI-BURUO|HEAVY-ROOT|YIN-PARTY|BIJIE-PARTY|ROOT-STRUCK|ROOT-GAN-PRIORITY|HE-HUASHEN-DESHI|SHI-GUI-LU|ZHONGGUA-2SIDE|RI-BEI-HE|JIRUO-WUGEN|JIWANG-HUAIJI|GE-QUALITY|YONGSHEN-STRUCTURE|YONGSHEN-FINAL|ZHONG-HE,丙辛相合，时在仲冬，化水成立，乃戊土，未土，戌土竞相克水，格局破矣。（二）因妒而破。例如：,[]
千里命稿,千里命稿-0081,甲戌丁卯壬午丁未,壬,NONE,CAIDUO-SHENRUAN|XIEQI-TAIZHONG|HE-HUASHEN-DESHI|ZHONGGUA-2SIDE|RI-BEI-HE|JIRUO-WUGEN|WUGEN-YOUFU|JISHUAI-CONGSHENG|SHIYONG-YUELING-XIANGFU|GE-QING|GE-QUALITY|YUN-SHENG-ROOT|SHI-ZHU-JI|YONGSHEN-STRUCTURE|YONGSHEN-FINAL,仲春木旺，丁壬可以化木，然化由合而成，今夫两丁妒合一壬，合且因妒而分力，遑论化耶。（三）因化而破。例如：,[]
千里命稿,千里命稿-0082,壬辰丁未甲子己巳,甲,LIGHT,REN-CAIGUAN|SHISHI-BURUO|XIEQI-TAIZHONG|LIGHT-ROOT|YIN-PARTY|ROOT-STRUCK|ROOT-GAN-PRIORITY|HE-HUASHEN-DESHI|ZHONGGUA-2SIDE|RI-BEI-HE|JIRUO-WUGEN|JISHUAI-CONGSHENG|GE-QUALITY|SHI-ZHU-JI|TIANGAN-XINGQING|YONGSHEN-STRUCTURE|YONGSHEN-FINAL|ZHONG-HE,甲己化土于季夏，只因丁壬化木于年月，木来克土，是谓化神，破化神，格亦败矣。化气格之转败为成（一）因克而破，破而复成。例如：,[]
千里命稿,千里命稿-0083,辛酉丙申乙丑庚辰,乙,LIGHT,REN-CAIGUAN|LIGHT-ROOT|ROOT-STRUCK|ROOT-GAN-PRIORITY|HE-HUASHEN-DESHI|SHI-GUI-LU|ZHONGGUA-2SIDE|RI-BEI-HE|JIRUO-WUGEN|SHIYONG-YUELING-XIANGFU|GE-QING|GE-QUALITY|SHI-ZHU-JI|TIANGAN-XINGQING|YONGSHEN-STRUCTURE|YONGSHEN-FINAL|ZHONG-HE,乙庚化金于秋月，所畏丙火之破金，幸年干辛金合绊，丙火害而不害，此因合而转败为成也。,[]
千里命稿,千里命稿-0084,甲子戊辰丙申辛卯,丙,NONE,SHISHI-BURUO|CAIDUO-SHENRUAN|XIEQI-TAIZHONG|YIN-PARTY|ZHONGGUA-2SIDE|RI-BEI-HE|JIRUO-WUGEN|WUGEN-YOUFU|JISHUAI-CONGSHENG|SHIYONG-YUELING-XIANGFU|GE-QUALITY|YUN-SHENG-ROOT|YONGSHEN-STRUCTURE|YONGSHEN-FINAL|ZHONG-HE,时在辰月，支全申子辰，丙辛合而化水，独畏戊土破化，然有甲先制戊。戊不能为化神之害，此因克而转败为成也。,[]
千里命稿,千里命稿-0085,甲戌丁丑甲申己巳,甲,NONE,CAIDUO-SHENRUAN|XIEQI-TAIZHONG|HE-HUASHEN-DESHI|ZHONGGUA-2SIDE|RI-BEI-HE|JIRUO-WUGEN|WUGEN-YOUFU|JISHUAI-CONGSHENG|GE-QING|GE-QUALITY|YUN-SHENG-ROOT|SHI-ZHU-JI|TIANGAN-XINGQING|YONGSHEN-STRUCTURE|YONGSHEN-FINAL,甲己化土而得令，慑于年头甲木之破土，所幸丁火居月上，盗泄甲木而生助化神此，因生而转败为成也。（二）因妒而破，坏而复成。例如：,[]
千里命稿,千里命稿-0086,壬寅丁未壬子丁未,壬,HEAVY,REN-CAIGUAN|SHISHI-BURUO|HEAVY-ROOT|BIJIE-PARTY|ROOT-STRUCK|ROOT-GAN-PRIORITY|ZHONGGUA-2SIDE|RI-BEI-HE|JIRUO-WUGEN|SHIYONG-YUELING-XIANGFU|GE-QUALITY|SHI-ZHU-JI|YONGSHEN-STRUCTURE|YONGSHEN-FINAL|ZHONG-HE,壬日左右皆丁，纵在未月，因妒而化木不成，然年干亦壬，成两丁两壬如璧人双双，何妒之有？则仍化木而无疑矣，此因合而转败为成也。,[]
千里命稿,千里命稿-0087,丁丑辛亥丙午辛卯,丙,HEAVY,REN-CAIGUAN|SHISHI-BURUO|HEAVY-ROOT|JUECHU-FENGSHENG|BIJIE-PARTY|ROOT-STRUCK|ROOT-GAN-PRIORITY|HE-HUASHEN-DESHI|ZHONGGUA-2SIDE|RI-BEI-HE|JIRUO-WUGEN|GE-QUALITY|YONGSHEN-STRUCTURE|YONGSHEN-FINAL|ZHONG-HE,丙火冬生，憾于两辛妒合，不能化水，尚幸年丁克去月辛，丙日仍可合时上之辛，而化为水也，此因克而转败为成耳。化气格之必不可成者（一）隔位。例如：,[]
千里命稿,千里命稿-0088,辛亥庚子丙寅壬辰,丙,HEAVY,REN-CAIGUAN|HEAVY-ROOT|ROOT-STRUCK|ROOT-GAN-PRIORITY|HE-HUASHEN-DESHI|ZHONGGUA-2SIDE|RI-BEI-HE|JIRUO-WUGEN|SHIYONG-YUELING-XIANGFU|GE-QING|GE-QUALITY|CAI-RUO-SHEN-QIANG|SHI-ZHU-JI|YONGSHEN-STRUCTURE|YONGSHEN-FINAL|ZHONG-HE,丙生子月辛透年上，年日之地位远隔，合且勉强，岂可进而化水哉？（二）不得月令。例如：,[]
千里命稿,千里命稿-0089,丙午戊戌丁亥壬寅,丁,HEAVY,REN-CAIGUAN|SHISHI-BURUO|XIEQI-TAIZHONG|HEAVY-ROOT|BIJIE-PARTY|ROOT-GAN-PRIORITY|ZHONGGUA-2SIDE|RI-BEI-HE|JIRUO-WUGEN|JIWANG-HUAIJI|JISHUAI-CONGSHENG|SHIYONG-YUELING-XIANGFU|GE-QING|GE-QUALITY|TIANGAN-XINGQING|YONGSHEN-STRUCTURE|YONGSHEN-FINAL|ZHONG-HE,丁壬虽紧贴相合，然以时非木令，岂能化木，纵化矣，亦不得旺气，格局焉能成立，虽不必春日木令，方可化木，但亦须在亥未之月，盖木生于亥而库在未也。化气格之用神既已构成化气格，自喜生助化神。惟化神太强。亦有喜泄，而泄者为用神，或化格逢破而得救，即以救神为用神。然终无以克破化神之字，为用神者也。至于喜忌，顺用神则为喜，逆用神则为忌。即以顺逆之机，消息可也。建禄格建格之构成凡月支为日干之禄。甲日寅月，乙日卯月,"['身弱', '身强']"
千里命稿,千里命稿-0090,甲子丁丑辛亥乙未,辛,LIGHT,REN-CAIGUAN|LIGHT-ROOT|ROOT-STRUCK|ROOT-GAN-PRIORITY|ZHONGGUA-2SIDE|JIRUO-WUGEN|SHIYONG-YUELING-XIANGFU|GE-QUALITY|SHI-ZHU-JI|YONGSHEN-STRUCTURE|YONGSHEN-FINAL|ZHONG-HE,辛逢甲乙，又逢亥子丑财多身弱为患。运逢甲戌，忌甲之辅财，喜戌之帮身，前五年七分，甲而三分，戌凶多于吉。后五年七分，戌而三分甲。吉多于凶。行运杂缀身旺而四柱伤尽官星，行财运则当发福。用官而见伤官，妙入财印之运。用伤官而多者，宜印运。用伤官而少者，忌印运。用伤官而见官者，运入官旺乡，祸不堪言。虽有吉神解救，亦必生恶疾，甚至残躯，或遭官事。伤官原有官星，行去官运发福。伤官用印，运行官杀为宜，印运亦吉，伤,"['身旺', '身弱', '身强']"
千里命稿,千里命稿-0091,乙丑庚辰乙亥戊寅,乙,HEAVY,REN-CAIGUAN|SHISHI-BURUO|HEAVY-ROOT|BIJIE-PARTY|ROOT-STRUCK|ROOT-GAN-PRIORITY|SHI-GUI-LU|ZHONGGUA-2SIDE|RI-BEI-HE|JIRUO-WUGEN|JIWANG-HUAIJI|SHIYONG-YUELING-XIANGFU|GE-QING|GE-QUALITY|SHI-ZHU-JI|TIANGAN-XINGQING|YONGSHEN-STRUCTURE|YONGSHEN-FINAL|ZHONG-HE,（天干）月庚合年乙，又合日乙。其情不专，（地支），寅亥六合。,[]
千里命稿,千里命稿-0092,乙丑乙酉庚午戊寅,庚,HEAVY,REN-CAIGUAN|DESHI-BUWANG|HEAVY-ROOT|YIN-PARTY|ROOT-STRUCK|ROOT-GAN-PRIORITY|HE-HUASHEN-DESHI|ZHONGGUA-2SIDE|RI-BEI-HE|JIRUO-WUGEN|JIWANG-HUAIJI|GE-QUALITY|SHI-ZHU-JI|YONGSHEN-STRUCTURE|YONGSHEN-FINAL|ZHONG-HE,（天干）月乙合日庚（地支）酉丑金局，寅午火局。,[]
千里命稿,千里命稿-0093,庚申乙酉乙卯丁丑,乙,HEAVY,REN-CAIGUAN|SHISHI-BURUO|HEAVY-ROOT|BIJIE-PARTY|ROOT-STRUCK|ROOT-GAN-PRIORITY|WANGCHONG-SHUAI|HE-HUASHEN-DESHI|ZHONGGUA-2SIDE|RI-BEI-HE|JIRUO-WUGEN|SHIYONG-YUELING-XIANGFU|GE-QUALITY|SHI-ZHU-JI|TIANGAN-XINGQING|YONGSHEN-STRUCTURE|YONGSHEN-FINAL|ZHONG-HE,（天干）年庚合月乙。（地支）卯酉冲，酉丑隔位而不合。,[]
千里命稿,千里命稿-0094,庚午乙酉庚辰己卯,庚,HEAVY,REN-CAIGUAN|DESHI-BUWANG|HEAVY-ROOT|YIN-PARTY|BIJIE-PARTY|ROOT-STRUCK|ROOT-GAN-PRIORITY|WANGCHONG-SHUAI|HE-HUASHEN-DESHI|ZHONGGUA-2SIDE|RI-BEI-HE|JIRUO-WUGEN|JIWANG-HUAIJI|GE-QUALITY|SHI-ZHU-JI|YONGSHEN-STRUCTURE|YONGSHEN-FINAL|ZHONG-HE,（天干）月乙合年庚，又合日庚，其情不专。（地支）辰酉合，卯辰缺寅，故不作方合。卯酉间辰，故不能冲。,[]
千里命稿,千里命稿-0095,丙午庚寅己卯丁丑,己,HEAVY,REN-CAIGUAN|SHISHI-BURUO|XIEQI-TAIZHONG|HEAVY-ROOT|YIN-PARTY|ROOT-STRUCK|ROOT-GAN-PRIORITY|SHI-GUI-LU|ZHONGGUA-2SIDE|JIRUO-WUGEN|JISHUAI-CONGSHENG|GE-QUALITY|SHI-ZHU-JI|TIANGAN-XINGQING|YONGSHEN-STRUCTURE|YONGSHEN-FINAL|ZHONG-HE,（天干）丙庚相克而庚败，作克不作合。（地支）寅午三合，成半火局。寅卯缺辰，不作方合。,[]
千里命稿,千里命稿-0096,甲午庚午乙丑丁丑,乙,LIGHT,REN-CAIGUAN|XIEQI-TAIZHONG|LIGHT-ROOT|TENGLUO-XIJIA|ROOT-STRUCK|ROOT-GAN-PRIORITY|ZHONGGUA-2SIDE|RI-BEI-HE|JIRUO-WUGEN|JISHUAI-CONGSHENG|SHIYONG-YUELING-XIANGFU|GE-QUALITY|SHI-ZHU-JI|TIANGAN-XINGQING|YONGSHEN-STRUCTURE|YONGSHEN-FINAL|ZHONG-HE,（天干）庚甲相克而甲败，作合不作克。（地支）二午自刑，月午日丑变相害，然皆于命局无影响。,[]
千里命稿,千里命稿-0097,庚午壬午甲申甲子,甲,NONE,SHISHI-BURUO|SHAZHONG-SHENQING|YIN-PARTY|WANGCHONG-SHUAI|ZHONGGUA-2SIDE|WUGEN-YOUFU|JISHUAI-CONGSHENG|GE-QUALITY|YUN-SHENG-ROOT|TIANGAN-XINGQING|YONGSHEN-STRUCTURE|YONGSHEN-FINAL|ZHONG-HE,（天干）庚壬接近，庚甲间隔，以生论，不以克论。（地支）二午自刑，申子三合成水局。,[]
千里命稿,千里命稿-0098,丙午庚寅甲申乙丑,甲,HEAVY,REN-CAIGUAN|DESHI-BUWANG|XIEQI-TAIZHONG|HEAVY-ROOT|BIJIE-PARTY|ROOT-STRUCK|ROOT-GAN-PRIORITY|WANGCHONG-SHUAI|ZHONGGUA-2SIDE|JIRUO-WUGEN|JIWANG-HUAIJI|GE-QUALITY|WANGJI-SIWO-SHENG|SHI-ZHU-JI|TIANGAN-XINGQING|YONGSHEN-STRUCTURE|YONGSHEN-FINAL|ZHONG-HE,（天干）丙庚先克，庚甲不克。（地支）寅木得令，寅午又三合，故申不能冲寅。,[]
千里命稿,千里命稿-0099,乙未庚辰甲寅乙丑,甲,HEAVY,REN-CAIGUAN|SHISHI-BURUO|HEAVY-ROOT|BIJIE-PARTY|ROOT-STRUCK|ROOT-GAN-PRIORITY|ZHONGGUA-2SIDE|JIRUO-WUGEN|JIWANG-HUAIJI|SHIYONG-YUELING-XIANGFU|GE-QUALITY|SHI-ZHU-JI|TIANGAN-XINGQING|YONGSHEN-STRUCTURE|YONGSHEN-FINAL|ZHONG-HE,（天干）乙庚先合，庚甲不克。（地支）丑未远隔而不冲，寅辰缺卯而非方合。,[]
千里命稿,千里命稿-0100,乙亥己卯辛未丁酉,辛,HEAVY,REN-CAIGUAN|SHISHI-BURUO|HEAVY-ROOT|YIN-PARTY|ROOT-STRUCK|ROOT-GAN-PRIORITY|WANGCHONG-SHUAI|SHI-GUI-LU|ZHONGGUA-2SIDE|JIRUO-WUGEN|GE-QUALITY|YONGSHEN-STRUCTURE|YONGSHEN-FINAL|ZHONG-HE,（天干）乙己相克。丁辛相克。（地支）亥卯未三合。酉虽冲卯，乃不紧贴，不作冲论。,[]
千里命稿,千里命稿-0101,乙亥癸未己卯癸酉,己,HEAVY,REN-CAIGUAN|DESHI-BUWANG|HEAVY-ROOT|ROOT-STRUCK|ROOT-GAN-PRIORITY|SHI-GUI-LU|ZHONGGUA-2SIDE|JIRUO-WUGEN|JIWANG-HUAIJI|GE-QUALITY|TIANGAN-XINGQING|YONGSHEN-STRUCTURE|YONGSHEN-FINAL|ZHONG-HE,（天干）己癸相克，乙己远隔而不克。（地支）卯酉冲而紧贴，故亥卯未木局，力量减轻。,[]
千里命稿,千里命稿-0102,甲子丁丑壬午甲辰,壬,HEAVY,REN-CAIGUAN|XIEQI-TAIZHONG|ROOT-STRUCK|ROOT-GAN-PRIORITY|SHI-GUI-LU|ZHONGGUA-2SIDE|RI-BEI-HE|JIRUO-WUGEN|JISHUAI-CONGSHENG|SHIYONG-YUELING-XIANGFU|GE-QUALITY|SHI-ZHU-JI|YONGSHEN-STRUCTURE|YONGSHEN-FINAL|ZHONG-HE,（天干）丁壬相合。（地支）子丑贴近，子午间隔，作合不作冲，丑午虽害，无甚影响。,[]
千里命稿,千里命稿-0103,丙辰庚子壬申己酉,壬,HEAVY,REN-CAIGUAN|DESHI-BUWANG|HEAVY-ROOT|YIN-PARTY|ROOT-STRUCK|ROOT-GAN-PRIORITY|ZHONGGUA-2SIDE|JIRUO-WUGEN|JIWANG-HUAIJI|GE-QING|GE-QUALITY|CAI-RUO-SHEN-QIANG|YONGSHEN-STRUCTURE|YONGSHEN-FINAL|ZHONG-HE,（天干）丙庚相克。（地支）申子辰三合水局，申酉缺戌，不作方合。,[]
千里命稿,千里命稿-0104,丙辰丙申壬子辛丑,壬,HEAVY,REN-CAIGUAN|SHISHI-BURUO|HEAVY-ROOT|YIN-PARTY|ROOT-STRUCK|ROOT-GAN-PRIORITY|SHI-GUI-LU|ZHONGGUA-2SIDE|JIRUO-WUGEN|JIWANG-HUAIJI|GE-QING|GE-QUALITY|CAI-RUO-SHEN-QIANG|SHI-ZHU-JI|YONGSHEN-STRUCTURE|YONGSHEN-FINAL|ZHONG-HE,（天干）丙壬相克，丙辛间隔不合。（地支）申子辰三合水局。子丑虽合，因力不及三合，故不成立。,[]
千里命稿,千里命稿-0105,丙子辛丑乙未壬午,乙,LIGHT,REN-CAIGUAN|SHISHI-BURUO|XIEQI-TAIZHONG|LIGHT-ROOT|YIN-PARTY|ROOT-STRUCK|ROOT-GAN-PRIORITY|SHI-GUI-LU|ZHONGGUA-2SIDE|JIRUO-WUGEN|JISHUAI-CONGSHENG|SHIYONG-YUELING-XIANGFU|GE-QUALITY|SHI-ZHU-JI|TIANGAN-XINGQING|YONGSHEN-STRUCTURE|YONGSHEN-FINAL|ZHONG-HE,（天干）丙辛相合。（地支）六冲之力，大于六合故作丑未冲论，不作子丑及午未合论。,[]
千里命稿,千里命稿-0106,丙子辛丑甲午辛未,甲,LIGHT,REN-CAIGUAN|XIEQI-TAIZHONG|LIGHT-ROOT|ROOT-STRUCK|ROOT-GAN-PRIORITY|SHI-GUI-LU|ZHONGGUA-2SIDE|JIRUO-WUGEN|JISHUAI-CONGSHENG|SHIYONG-YUELING-XIANGFU|GE-QUALITY|SHI-ZHU-JI|TIANGAN-XINGQING|YONGSHEN-STRUCTURE|YONGSHEN-FINAL|ZHONG-HE,（天干）丙辛相合。（地合）六害之力，小于六合，故作子丑合，午未合，不作丑午害。天月德天月德之构成（一）天德 正月丁日、三月 壬日、四月 辛日、六月甲日、七月癸日、九月丙日、十月乙日、十二月庚日。二、五、八、十一月无天德。（二）月德 亥月、卯月、未月逢甲日，寅月、午月、戌月逢丙日，巳月、酉月、丑月庚日，申月、子月、辰月逢壬日。天月德之吉（一）人命日干，值天德或月德。命吉者，增吉；命凶者，减凶。（二）,[]
千里命稿,千里命稿-0107,戊辰丙辰壬午壬寅,壬,LIGHT,REN-CAIGUAN|SHISHI-BURUO|LIGHT-ROOT|BIJIE-PARTY|ROOT-STRUCK|ROOT-GAN-PRIORITY|ZHONGGUA-2SIDE|JIRUO-WUGEN|SHIYONG-YUELING-XIANGFU|GE-QUALITY|SHI-ZHU-JI|YONGSHEN-STRUCTURE|YONGSHEN-FINAL|ZHONG-HE,壬生辰月，天月二德并临，火土林立，主弱不堪，幸有时壬帮扶。而时上之壬，既为吉神，又值天月德，则此命之福力倍隆宜矣。,[]
千里命稿,千里命稿-0108,辛未丙寅丁巳庚子,丁,HEAVY,REN-CAIGUAN|SHISHI-BURUO|HEAVY-ROOT|BIJIE-PARTY|ROOT-STRUCK|ROOT-GAN-PRIORITY|ZHONGGUA-2SIDE|JIRUO-WUGEN|JIWANG-HUAIJI|GE-QUALITY|SHI-ZHU-JI|TIANGAN-XINGQING|YONGSHEN-STRUCTURE|YONGSHEN-FINAL|ZHONG-HE,丁生寅月为天德，木火太旺为患，金水为喜用，虽丙火克庚而胜，凶神，幸丙在寅月，为天月二德并临，亦可稍减其凶也。（四）天月德本身遭克，不以吉论。驿马驿马之构成亥卯未年逢巳，寅午戌年逢申，申子辰年逢寅，巳酉丑年逢亥。驿马之影响（一）命中吉神为马，大则超迁之喜，小则顺动之利。（二）命中凶神为马，大则奔蹶之患，小则驰马逐之劳。（三）驿马逢冲，譬之加鞭，吉则愈吉，凶则愈凶。（四）驿马逢合，等于系足，吉凶皆为羁,[]
千里命稿,千里命稿-0109,癸未甲子丙戌己亥,丙,LIGHT,REN-CAIGUAN|SHISHI-BURUO|XIEQI-TAIZHONG|LIGHT-ROOT|YIN-PARTY|ROOT-STRUCK|ROOT-GAN-PRIORITY|ZHONGGUA-2SIDE|JIRUO-WUGEN|JISHUAI-CONGSHENG|GE-QUALITY|SHI-ZHU-JI|YONGSHEN-STRUCTURE|YONGSHEN-FINAL|ZHONG-HE,一岁 癸亥十一 壬戌廿一 辛酉三一 庚申四一 己未五一 戊午强弱 丙死于冬。亥子癸三水，既得其令，又兢来克。未戌己土虽能制水，乃本身先泄丙火之气，只月上甲木生丙。综观全局，抑者太多，扶者太少，故丙干以弱论。格局 丙生子月，干透癸水，为正官之格。用神 丙既云弱，必须生扶。月上甲木泄水之有余，生火之不足，取用无疑，即谓官格用印是也。喜忌 既用甲木，自喜木火助用助身，不畏土之泄火。水之克水，盖土有木制，,[]
千里命稿,千里命稿-0110,壬子癸丑庚子丁亥,庚,LIGHT,REN-CAIGUAN|XIEQI-TAIZHONG|LIGHT-ROOT|ROOT-GAN-PRIORITY|ZHONGGUA-2SIDE|JIRUO-WUGEN|JISHUAI-CONGSHENG|GE-QING|GE-QUALITY|SHI-ZHU-JI|YONGSHEN-STRUCTURE|YONGSHEN-FINAL|ZHONG-HE,五岁 壬子十五 辛亥廿五 庚戌三五 己酉四五 戊申五五 丁未强弱 庚生季冬为寒金，水旺泄气系忧患。尤病丑土会亥子而化水。且寒金喜火又苦丁火之被克，是诚弱不堪言矣。格局 庚生丑月。透癸为伤官之格。用神 水势泛滥，若用丑中己土。非但不能制水。且激水之怒，不如亥中甲木以为用。赖甲泄水之有余，生火之不足，所谓财能救官是也。然身弱无助之弊。在所不免矣。喜忌 最喜为火，土，木，最忌为金水。岁运 五岁交足壬子水,['身弱']
千里命稿,千里命稿-0111,己亥癸酉甲辰丙寅,甲,HEAVY,REN-CAIGUAN|SHISHI-BURUO|XIEQI-TAIZHONG|YIN-PARTY|ROOT-STRUCK|ROOT-GAN-PRIORITY|SHI-GUI-LU|ZHONGGUA-2SIDE|RI-BEI-HE|JIRUO-WUGEN|JISHUAI-CONGSHENG|GE-QING|GE-QUALITY|SHI-ZHU-JI|TIANGAN-XINGQING|YONGSHEN-STRUCTURE|YONGSHEN-FINAL|ZHONG-HE,三岁 甲戌十三 乙亥廿三 丙子三三 丁丑四三 戊寅五三 己卯强弱 甲生酉月而失其令，又多火土，则金之克泄之气太重。本当以弱论。然长生于亥，胎于酉，得禄于寅，地支有气，尚非至弱者也。格局 甲生酉月，为正官之格。用神 官印财食俱全，惟己年癸月，地位接近，财印相克，为美中不足，故取酉辛金正官以为用。盖财生官，官生印，五行六神，因此不悖矣。喜忌 命中五行不悖，固无所谓喜忌。惟坤以夫星为重，又取正官为格为用,[]
千里命稿,千里命稿-0112,庚子庚辰甲子戊辰,甲,LIGHT,REN-CAIGUAN|LIGHT-ROOT|ROOT-STRUCK|ROOT-GAN-PRIORITY|SHI-GUI-LU|ZHONGGUA-2SIDE|JIRUO-WUGEN|SHIYONG-YUELING-XIANGFU|GE-QUALITY|SHI-ZHU-JI|TIANGAN-XINGQING|YONGSHEN-STRUCTURE|YONGSHEN-FINAL|ZHONG-HE,六岁 辛巳十六 壬午廿六 癸未三六 甲申四六 乙酉五六 丙戌强弱 甲生暮春土令，又见三土二金，财杀太旺。幸子辰半合水局，辰土之财，化印生身，故专弱为强矣。格局 甲生辰月，干透戊土，是为偏财之格。用神 干透尽是财杀，自取年支子印为用，赖以化杀生身也。喜忌 最喜水木而忌土，火亦不利，因能生土也。金却不忌，因能生水也。岁运 六岁行辛巳运，一金一火，乏善可陈。十六岁之壬运，大病三年。按壬水为偏印，莫非丁巳,[]
千里命稿,千里命稿-0113,壬子丙午癸亥戊午,癸,HEAVY,REN-CAIGUAN|SHISHI-BURUO|HEAVY-ROOT|BIJIE-PARTY|ROOT-STRUCK|ROOT-GAN-PRIORITY|WANGCHONG-SHUAI|HE-HUASHEN-DESHI|ZHONGGUA-2SIDE|RI-BEI-HE|JIRUO-WUGEN|SHIYONG-YUELING-XIANGFU|GE-QUALITY|SHI-ZHU-JI|TIANGAN-XINGQING|YONGSHEN-STRUCTURE|YONGSHEN-FINAL|ZHONG-HE,八岁 丁未十八 戊申廿八 己酉三八 庚戌四八 辛亥五八 壬子强弱 癸水生于仲夏，又逢午时，三火一土，财官太旺。幸载亥支，为帝旺之乡，更妙年干壬水劫财。载子而亦为旺地，弱而有助，得中和之妙也。格局 癸生午月，为偏财之格。用神 日元稍弱，宜取壬水，劫财帮身为用。喜忌 喜金水，忌火土，尤忌木之生火泄水。岁运 八岁初走丁未火土运，幼境未丰。十八岁戊运，赖流年多金水，所如尚顺。廿一岁壬申年，茅庐初出，即入某,['中和']
千里命稿,千里命稿-0114,丁亥庚戌己巳庚午,己,HEAVY,REN-CAIGUAN|DESHI-BUWANG|XIEQI-TAIZHONG|HEAVY-ROOT|YIN-PARTY|ROOT-STRUCK|ROOT-GAN-PRIORITY|WANGCHONG-SHUAI|SHI-GUI-LU|ZHONGGUA-2SIDE|JIRUO-WUGEN|JIWANG-HUAIJI|SHIYONG-YUELING-XIANGFU|GE-QUALITY|WANGJI-SIWO-SHENG|TIANGAN-XINGQING|YONGSHEN-STRUCTURE|YONGSHEN-FINAL|ZHONG-HE,初九 己酉十九 戊申廿九 丁未三九 丙午四九 乙巳五九 甲辰六九 癸卯光绪十三年九月十五日午时生此蒋介石之命也。庚金伤官，既得九秋余气，矧复双透干头，妙有火印制伤，天生康壮之体。三命通会所载：金神入火乡，富贵天下响，夫以伤官佩印为用。运喜逢印，不必再见伤食。早年申酉，有骏骨牵监之叹。丁未运为火力不足。龙潜于渊。迨丙午运。火候功深。风去际会。乙巳运木火媲美，仍是从心所欲，甲辰运伤官见官。解甲归田，是,[]
千里命稿,千里命稿-0115,乙酉丁亥己丑甲子,己,LIGHT,REN-CAIGUAN|LIGHT-ROOT|ROOT-STRUCK|ROOT-GAN-PRIORITY|ZHONGGUA-2SIDE|RI-BEI-HE|JIRUO-WUGEN|GE-QING|GE-QUALITY|SHI-ZHU-JI|TIANGAN-XINGQING|YONGSHEN-STRUCTURE|YONGSHEN-FINAL|ZHONG-HE,九岁 丙戌十九 乙酉廿九 甲申三九 癸未四九 壬午五九 辛巳六九 庚辰前黑龙江代理主席郎官普先生。匀耳余名。客春因公南下。道出海上，手马占山将军命造。叩余休咎。缘为简批曰。己见亥子丑。病于水盛。助成寒湿。妙有丁火煦融。更喜邻于乙木。丁获资助，则驱寒有力。且水生木而木生火，财也杀也印也。生生不息。八字贵重。良有以也。或谓此命天成格局。名化气者，非笃论也。早年行运。碌碌无奇。行届未运，中藏乙丁，并含用,[]
千里命稿,千里命稿-0116,甲戌戊辰戊申壬子,戊,HEAVY,REN-CAIGUAN|DESHI-BUWANG|HEAVY-ROOT|BIJIE-PARTY|ROOT-STRUCK|ROOT-GAN-PRIORITY|ZHONGGUA-2SIDE|JIRUO-WUGEN|JIWANG-HUAIJI|SHIYONG-YUELING-XIANGFU|GE-QUALITY|SHI-ZHU-JI|YONGSHEN-STRUCTURE|YONGSHEN-FINAL|ZHONG-HE,六岁 己巳十六 庚午廿六 辛未三六 壬申四六 癸酉五六 甲戌六六 乙亥或曰，吴佩孚命造，为甲戍 戊辰 已酉 丁卯。夫土重远过于金水木。身太强。财官太弱。标本不均，身世似不类。心滋疑焉。云夏蓬莱李洁盒君。从余学命。书函往还。于请益中，以甲戍 戊辰 戊申 壬子一造见询，据云系子玉上将军真命，视其戊土日元。比肩重叠。申子辰会水局。时干透壬。乃身财两美。旺财生年头甲木之杀。惟乏火印以化杀，及金星制杀之为病,[]
千里命稿,千里命稿-0117,癸未辛酉乙酉丁亥,乙,LIGHT,REN-CAIGUAN|SHISHI-BURUO|XIEQI-TAIZHONG|LIGHT-ROOT|YIN-PARTY|ROOT-GAN-PRIORITY|ZHONGGUA-2SIDE|JIRUO-WUGEN|JISHUAI-CONGSHENG|GE-QUALITY|TIANGAN-XINGQING|YONGSHEN-STRUCTURE|YONGSHEN-FINAL|ZHONG-HE,十一 庚申廿一 己未三一 戊午四一 丁巳五一 丙辰六一 乙卯七一 甲寅光绪九年九月初八日亥时生前论杀重之命。贵乎制化。视阎锡山命造。更可征信矣。盖秋木凋零。秋金既得其时，又得其禄。杀重身轻。身杀之力量悬殊。其轻重不可以道里计。幸有癸印生身，并化杀，又有丁火食神以制杀，制化之功。乃完备矣。宜其坐镇晋省。廿四年来，无或失足。可方于唐之李郭。宋之朝范。启泽覃敷。考其一生经历。荦荦大者，如辛亥年应乡革命，,[]
千里命稿,千里命稿-0118,甲午乙亥庚申己卯,庚,HEAVY,REN-CAIGUAN|SHISHI-BURUO|HEAVY-ROOT|YIN-PARTY|ROOT-STRUCK|ROOT-GAN-PRIORITY|ZHONGGUA-2SIDE|RI-BEI-HE|JIRUO-WUGEN|JIWANG-HUAIJI|GE-QUALITY|SHI-ZHU-JI|YONGSHEN-STRUCTURE|YONGSHEN-FINAL|ZHONG-HE,九岁 丙子十九 丁丑廿九 戊寅三九 己卯四九 庚辰五九 辛巳六九 壬午当见富贵人。其命了无所长。仅以干神皆得旺气。而致贵者。如宋子文是也。财旺身弱，幸日主坐禄。然亦不足为奇。其干神皆得旺气（庚禄在申。已禄在午乙禄在卯。甲长生在亥。亦有称为交禄格者）斯乃可贵。廿九岁以来。利禄功名，与日俱进。盖日主较弱，戊寅已三运。偏重于帮身之故。寅运中之辛未年，亥卯未会成木局。以财重印伤所致。未来之卯运。财愈重身愈,['身弱']
千里命稿,千里命稿-0119,丁卯丙午庚午己卯,庚,NONE,SHISHI-BURUO|SHAZHONG-SHENQING|YIN-PARTY|ZHONGGUA-2SIDE|WUGEN-YOUFU|JISHUAI-CONGSHENG|GE-QUALITY|YUN-SHENG-ROOT|SHI-ZHU-JI|YONGSHEN-STRUCTURE|YONGSHEN-FINAL|ZHONG-HE,五岁 乙巳十五 甲辰廿五 癸卯三五 壬寅四五 辛丑五五 庚子六五 己亥此虞洽卿先生命也。识者咸云官杀混杂。财官过强为疑。窃以庚生午月。干透丁己，为纯粹正官正印之格。杀之混官。是无伤害。木火虽盛。妙有己土之泄火生身。弱中有气。全得力于时上正印。宜其温良恭俭。建树嵫基。昭然为江左闻人。况太君贤德。乡里咸称，济苦恤贫。乐而不倦。祖德既裕。母教又足以踵钟郝而绍陶欧。是更官印相生之故欤。惟火旺无水。似嫌亢炎,[]
千里命稿,千里命稿-0120,丁丑癸卯乙巳丙子,乙,HEAVY,REN-CAIGUAN|DESHI-BUWANG|XIEQI-TAIZHONG|HEAVY-ROOT|YIN-PARTY|ROOT-STRUCK|ROOT-GAN-PRIORITY|ZHONGGUA-2SIDE|JIRUO-WUGEN|JIWANG-HUAIJI|GE-QUALITY|WANGJI-SIWO-SHENG|TIANGAN-XINGQING|YONGSHEN-STRUCTURE|YONGSHEN-FINAL|ZHONG-HE,十岁 壬寅廿十 辛丑三十 庚子四十 己亥五十 戊戌六十 丁酉七十 丙申有以颜大使惠庆之命询余者，乃简为批曰。乙生卯月为建禄。不见他木，但得时令之旺。未获气势之盛。最贵水之灌溉。火之煊赫。妙在癸丙透干。巳子居支。生泄之功。无忝美备。自宜富贵双全。屡膺钜任。丙见巳禄。乙见卯禄。癸见子禄，日主用神喜神，交互得禄，尤为贵征。前行子运。爵位迭晋，盖印得禄也。己运息影。财坏印也。亥运再起。印会局也。戊运韬晦。,[]
千里命稿,千里命稿-0121,己亥丁卯乙未己卯,乙,HEAVY,REN-CAIGUAN|DESHI-BUWANG|XIEQI-TAIZHONG|HEAVY-ROOT|ROOT-GAN-PRIORITY|SHI-GUI-LU|ZHONGGUA-2SIDE|JIWANG-HUAIJI|SHIYONG-YUELING-XIANGFU|GE-QING|GE-QUALITY|WANGJI-SIWO-SHENG|TIANGAN-XINGQING|YONGSHEN-STRUCTURE|YONGSHEN-FINAL|ZHONG-HE,八岁 丙寅十八 乙丑廿八 甲子三八 癸亥四八 壬戌五八 辛酉六八 庚申吴经熊先生，海上名律师也。积学多才。历任学府法院领袖。公余之暇。好研命理，时蒙以五行生克相讨论。视其命造。乙生卯月。亥卯未会局。五行绝金。乃曲直仁寿之格，尤贵干透丁火己土。英华发越 。秀气毕呈。其命酷似逊清之李鸿章，画锦前程。可操左券。子运以流年不济。外圆内缺。未来癸运。滋木助格，气象万千。尤以丙子丁丑两火年。腾达蜚黄，晋行亥运,[]
千里命稿,千里命稿-0122,癸酉庚申戊午甲寅,戊,HEAVY,REN-CAIGUAN|XIEQI-TAIZHONG|HEAVY-ROOT|ROOT-STRUCK|ROOT-GAN-PRIORITY|WANGCHONG-SHUAI|SHI-GUI-LU|ZHONGGUA-2SIDE|RI-BEI-HE|JIRUO-WUGEN|JIWANG-HUAIJI|JISHUAI-CONGSHENG|SHIYONG-YUELING-XIANGFU|GE-QUALITY|SHI-ZHU-JI|YONGSHEN-STRUCTURE|YONGSHEN-FINAL|ZHONG-HE,十岁 己未廿十 戊午三十 丁巳四十 丙辰五十 乙卯六十 甲寅七十 癸丑前见报载。本埠申新第七纺织厂。被汇丰银行强行拍卖。由某商极廉价格承购，凡有血气者。莫不愤懑填胸。特为检视该厂主办人荣宗敬先生命造，戊生庚申月，甲寅时。食神七杀均得禄。寅午会成火局以生身。子平真诠所谓杀旺食强而身健。为极等之贵格，宜其致力实业。奋斗不懈。为我国纺织界之泰斗。秋金更旺过于火。已往行运。泰半火乡。自应竿头日进，如顺水行,[]
千里命稿,千里命稿-0123,戊辰乙丑癸卯庚申,癸,LIGHT,REN-CAIGUAN|SHISHI-BURUO|XIEQI-TAIZHONG|LIGHT-ROOT|YIN-PARTY|ROOT-STRUCK|ROOT-GAN-PRIORITY|ZHONGGUA-2SIDE|RI-BEI-HE|JIRUO-WUGEN|JISHUAI-CONGSHENG|GE-QUALITY|SHI-ZHU-JI|TIANGAN-XINGQING|YONGSHEN-STRUCTURE|YONGSHEN-FINAL|ZHONG-HE,九岁 丙寅十九 丁卯廿九 戊辰三九 己巳四九 庚午五九 辛未六九 壬申七九 癸酉章太炎先生。名满天下，立德立功立言。谓三不朽。视其命造，确非凡品。盖官印两透。印食又皆得禄，日坐文昌贵人，宜其博通今古。贵为国学之师。惟财星绝迹。所以贵而不富，已往运程，除己巳运混官羁印。系狱六年。余皆平顺。未运冲提纲。土重太过。幸已早息家园。洵君子知命也。去年甲戌。会齐辰戌丑未。安度无恙。尤属大幸。应为其额手称庆。未,[]
千里命稿,千里命稿-0124,辛未庚子丙戌甲午,丙,HEAVY,REN-CAIGUAN|SHISHI-BURUO|HEAVY-ROOT|YIN-PARTY|ROOT-STRUCK|ROOT-GAN-PRIORITY|WANGCHONG-SHUAI|HE-HUASHEN-DESHI|SHI-GUI-LU|ZHONGGUA-2SIDE|RI-BEI-HE|JIRUO-WUGEN|GE-QUALITY|YONGSHEN-STRUCTURE|YONGSHEN-FINAL|ZHONG-HE,二岁 己亥十二 戊戌廿二 丁酉三二 丙申四二 乙未五二 甲午六二 癸巳夏应堂先生。上海名医也。夫医能活人。裨益社会不浅。然求学术之精。诚非易事。或亦秉命有所维系欤。夏先生之命。金水居于年月。木火居于日时。各守门户。五行无悖。且标本平均。寒热燥湿停匀。得天独厚。自宜术追扁鹊。功同良弼。由来者渐非一朝一夕故也。考其行运，惟早年稍逊。酉运以后。风顺一帆。直至现行癸水正官运。仍是名通利达。巳运巳午未会成方,[]
千里命稿,千里命稿-0125,戊子癸亥庚寅戊寅,庚,NONE,SHISHI-BURUO|XIEQI-TAIZHONG|YIN-PARTY|ZHONGGUA-2SIDE|WUGEN-YOUFU|JISHUAI-CONGSHENG|SHIYONG-YUELING-XIANGFU|GE-QING|GE-QUALITY|YUN-SHENG-ROOT|SHI-ZHU-JI|YONGSHEN-STRUCTURE|YONGSHEN-FINAL|ZHONG-HE,九岁 甲子十九 乙丑廿九 丙寅三九 丁卯四九 戊辰五九 己巳此为洗冠生大实业家命造。冼先生赤手创办冠生园。范围由狭而广。所制粮果饼干。现已媲美外货。挽回漏厄。不可胜计。其精神既属可敬。其宗旨更属可钦。因由薛君介绍。来询休咎于余。余简为批曰。庚金生于初冬水令。地支水木林立。财重身轻。得力于时上戊土之偏印。制水帮身。功莫大焉。自必杀力胜人。思想锐敏。已往之运。泰半属火。生土而暖金。故如枯苗得雨。勃然兴,[]
千里命稿,千里命稿-0126,戊子庚申乙丑壬午,乙,LIGHT,REN-CAIGUAN|SHISHI-BURUO|LIGHT-ROOT|YIN-PARTY|ROOT-STRUCK|ROOT-GAN-PRIORITY|HE-HUASHEN-DESHI|SHI-GUI-LU|ZHONGGUA-2SIDE|RI-BEI-HE|JIRUO-WUGEN|GE-QUALITY|SHI-ZHU-JI|TIANGAN-XINGQING|YONGSHEN-STRUCTURE|YONGSHEN-FINAL|ZHONG-HE,六岁 辛酉十六 壬戌廿六 癸亥三六 甲子四六 乙丑五六 丙寅此为杜月笙先生命造。有以乙庚化金论者。窃以时上见午火。格局仅成其半。且远不符其声价。乙生申月。干透戊庚壬。财官印既同藏于申宫。又并出于干头。斯乃贵征。侠义豪爽。固是不凡。前运日新月盛。五十一之丑运。更进一步。造福社会。奚啻万家生佛。亦源于财。故有利人而利己也。再后丙运虽克庚金。幸有壬水制之。不足为虑。寅运以冲申，岂可许子不惮烦劳。趋吉避凶,[]
千里命稿,千里命稿-0127,甲午甲戌丁酉癸卯,丁,HEAVY,REN-CAIGUAN|SHISHI-BURUO|HEAVY-ROOT|YIN-PARTY|ROOT-STRUCK|ROOT-GAN-PRIORITY|ZHONGGUA-2SIDE|JIRUO-WUGEN|JIWANG-HUAIJI|GE-QUALITY|TIANGAN-XINGQING|YONGSHEN-STRUCTURE|YONGSHEN-FINAL|ZHONG-HE,六岁 乙亥十六 丙子廿六 丁丑三六 戊寅四六 己卯五六 庚辰此梅兰芳先生命也。全局木火太旺。喜日坐酉金。时得癸水。财杀清粹。兼带贵人文昌。自宜艺术独精。誉满天下。革中国之剧才。作梨园这砥柱。令界大王。当之无愧。惜行运未能媲美命局。所以仅享盛名。而无权爵。然晚来庚运资杀。空前绝后。恐不以令官终其身。变化飞腾。未可限量焉。今岁乙亥。印得长生。杀得旺地。现赴苏俄演剧。必須一番轰烈。宣扬中国文化。灌输东方,[]
千里命稿,千里命稿-0128,乙酉庚午庚子丙子,庚,HEAVY,REN-CAIGUAN|SHISHI-BURUO|HEAVY-ROOT|BIJIE-PARTY|ROOT-STRUCK|ROOT-GAN-PRIORITY|WANGCHONG-SHUAI|ZHONGGUA-2SIDE|RI-BEI-HE|JIRUO-WUGEN|GE-QUALITY|CAI-RUO-SHEN-QIANG|YONGSHEN-STRUCTURE|YONGSHEN-FINAL|ZHONG-HE,六岁 己巳十六 戊辰廿六 丁卯三六 丙寅四六 乙丑五六 甲子六六 癸亥或有以犹太富商哈同生庚。译为阴历，演成命局。浼余推测。虽未必可恃。然察其八字。杀旺用印。固非凡庸之辈。但空拳致富。竟为沪上地产大王。实行运有以致之。盖自三十岁后。历行数十年水木财乡。自当豪门珠履。富贵人未必皆富贵命。或行运辅之以成也。反之贫贱人亦然。洵哉。孔孟所谓命也运也。运之朽粟陈。为地主领袖。称海内巨富。至于七杀少制。伤官无,[]
千里命稿,千里命稿-0129,庚寅甲申甲申甲戌,甲,HEAVY,REN-CAIGUAN|SHISHI-BURUO|HEAVY-ROOT|JUECHU-FENGSHENG|BIJIE-PARTY|ROOT-STRUCK|ROOT-GAN-PRIORITY|WANGCHONG-SHUAI|ZHONGGUA-2SIDE|JIRUO-WUGEN|SHIYONG-YUELING-XIANGFU|GE-QUALITY|SHI-ZHU-JI|TIANGAN-XINGQING|YONGSHEN-STRUCTURE|YONGSHEN-FINAL|ZHONG-HE,三岁 乙酉十三 丙戌廿三 丁亥三三 戊子四三 己丑五三 庚寅辛未之秋。袁子寒云逝世。士林婉惜。郑正秋君以其年庚询余。余曾答诸新闻报新园林。言曰。初秋三甲。虽不得令。却得其势。庚金七杀。既旺且盛。堪谓身杀两强。惟乏火之制杀。印之化杀。大为缺点。 是以豪放不羁。崛强寡合。虽燕许文章。机云才藻。未获显贵。抑郁以终。行运仅丙戌丁亥之二十年。较为优良。名山事业。以此最宜。再后即梦幻泡影矣。辛未流年。官之混杀,[]
千里命稿,千里命稿-0130,戊子辛酉乙未己卯,乙,HEAVY,REN-CAIGUAN|HEAVY-ROOT|ROOT-STRUCK|ROOT-GAN-PRIORITY|WANGCHONG-SHUAI|SHI-GUI-LU|ZHONGGUA-2SIDE|JIRUO-WUGEN|GE-QUALITY|TIANGAN-XINGQING|YONGSHEN-STRUCTURE|YONGSHEN-FINAL|ZHONG-HE,七岁 壬戌十七 癸亥廿七 甲子三七 乙丑四七 丙寅五七 丁卯河南省政府知命子先生。示余商震总指挥之命造。余简为批曰。乙生辛酉月，杀重身轻。财星之两透。尤足为病，所贵者。卯未半会木局。帮身而制财。日主弱中有气。行运最喜比劫。遇印则印被财坏。不能化杀。未必尽美。逢食则有财。当信此等命局。独喜乎比劫矣。丑运乃酉丑会成金局。故几濒于危。去年交来丙运。合杀最美。权爵更显。当不止为一方领袖。以后寅运继长增高。,['日主弱']
千里命稿,千里命稿-0131,壬子壬寅乙亥丙子,乙,HEAVY,REN-CAIGUAN|DESHI-BUWANG|XIEQI-TAIZHONG|HEAVY-ROOT|YIN-PARTY|ROOT-STRUCK|ROOT-GAN-PRIORITY|ZHONGGUA-2SIDE|JIRUO-WUGEN|JIWANG-HUAIJI|GE-QING|GE-QUALITY|WANGJI-SIWO-SHENG|TIANGAN-XINGQING|YONGSHEN-STRUCTURE|YONGSHEN-FINAL|ZHONG-HE,三岁 癸卯十三 甲辰廿三 乙巳三三 丙午四三 丁未五三 戊申钱翁以其少君警庸先生之吉庚询余。先生为海上篮球健将。在运动界中。颇负时誉。视其命造。新春乙木。甫得旺气。然见五水。不免飘浮。应赖寅中戊土制水为用神。时上丙火生土为相神。偏枯之造。一若无可贵者。然核其运途。早岁多比肩劫财之运。是以矫强果敢，体力加人一等。二十八岁后。一路火土。足补命中缺憾。正合乎五言独步所云。有病方为贵。无伤不是奇。格中如去,[]
千里命稿,千里命稿-0132,甲辰丙子壬寅辛亥,壬,HEAVY,REN-CAIGUAN|DESHI-BUWANG|XIEQI-TAIZHONG|HEAVY-ROOT|ROOT-STRUCK|ROOT-GAN-PRIORITY|HE-HUASHEN-DESHI|SHI-GUI-LU|ZHONGGUA-2SIDE|JIRUO-WUGEN|JIWANG-HUAIJI|GE-QING|GE-QUALITY|WANGJI-SIWO-SHENG|YONGSHEN-STRUCTURE|YONGSHEN-FINAL|ZHONG-HE,二岁 丁丑十二 戊寅廿二 己卯三二 庚辰四二 辛巳五二 壬午六二 癸未此为挚友王君命造。十七岁来沪。就学金业。十九岁愤师友之敬束，自营标金。廿三廿四两年。盈财五十余万。兹已息影家园。称素封矣。视其八字。洵不偶然。盖壬水生于仲冬。羊刃当权。年月木火失令。似属凡庸。所妙日支为寅。时支为亥。乃木火之生地。且寅亥合。则木火之气愈贵。子辰会。则食神反得生扶。滴天髓所谓。何以其人富财气通门户是也。己往寅运。包,[]
千里命稿,千里命稿-0133,辛亥辛卯庚子庚辰,庚,NONE,ZHONGGUA-2SIDE|WUGEN-YOUFU|SHIYONG-YUELING-XIANGFU|GE-QUALITY|YUN-SHENG-ROOT|SHI-ZHU-JI|YONGSHEN-STRUCTURE|YONGSHEN-FINAL,九岁 庚寅十九 己丑廿九 戊子三九 丁亥四九 丙戌五九 乙酉此为千里自造。识者咸谓憾于无火。然春金固非当令。乏土之生。则且无根。纵天干庚辛林立。子平真诠云。得三比肩。不如得一长生禄刃。可见徒多比劫。而日元无气。非是真强。矧又亥卯会成木局。子辰会成水局。水与木皆有挫于金乎。火能熔金。有火固可显达。无火则一寒儒而已。然寒弱之金。逢微火当可得志。逢巨火则不胜其克。或且因贵显而惹祸殃。此孔子所谓过犹不及者,"['身弱', '身强']"
千里命稿,千里命稿-0134,壬子戊申戊辰辛酉,戊,HEAVY,REN-CAIGUAN|SHISHI-BURUO|XIEQI-TAIZHONG|BIJIE-PARTY|ROOT-GAN-PRIORITY|ZHONGGUA-2SIDE|JIWANG-HUAIJI|JISHUAI-CONGSHENG|GE-QING|GE-QUALITY|YONGSHEN-STRUCTURE|YONGSHEN-FINAL|ZHONG-HE,二岁 己酉十二 庚戌廿二 辛亥三二 壬子四二 癸丑五二 甲寅此吾邑钱翁之命也。出身豪富。重义轻财。晚年耗顿。卒弹铗于犹子门下。殊为戚敞鄙夷。兹者寿愈杖朝。凄凉孤苦。士论惜之。夫戊土生于孟秋。支全水局。时落辛酉。金水并旺而秀气流行。格局本非庸俗。奈日主太轻。身不任财。既有月上戊土比肩。从财则又不真。益以运皆西北金水。宜其丰裕春申。虽有三千珠履之名。卒流金空季子之类。亦足悲矣。刻走丁运。正印助身。本应,[]
千里命稿,千里命稿-0135,戊戌戊午癸亥戊午,癸,HEAVY,REN-CAIGUAN|HEAVY-ROOT|ROOT-GAN-PRIORITY|HE-HUASHEN-DESHI|ZHONGGUA-2SIDE|RI-BEI-HE|JIRUO-WUGEN|SHIYONG-YUELING-XIANGFU|GE-QUALITY|SHI-ZHU-JI|TIANGAN-XINGQING|YONGSHEN-STRUCTURE|YONGSHEN-FINAL|ZHONG-HE,九岁 丁巳十九 丙辰廿九 乙卯三九 甲寅四九 癸丑五九 壬子此乃某妓命造。幼孤为娼。廿五岁后。侍某显宦造室。讵以不知自爱恋一伶人。终被显宦所黜。兹则伶亦绝裾断交。暝二养女。仍操故业，夫癸生午月。财官并旺。惟天干三透戊土。争合癸水，日主用情，毫无定见。自是水性扬花。张三李四。坐下劫刃，足以帮身。苦无印绶，终如飞絮浮萍。飘流无定，查早年多火运。乏善可陈，辰运冲开水库。宛若云开见日。惜乙卯运泄身生财，只,[]
千里命稿,千里命稿-0136,庚申戊子壬子辛亥,壬,HEAVY,REN-CAIGUAN|DESHI-BUWANG|HEAVY-ROOT|YIN-PARTY|ROOT-STRUCK|ROOT-GAN-PRIORITY|SHI-GUI-LU|ZHONGGUA-2SIDE|JIRUO-WUGEN|JIWANG-HUAIJI|GE-QUALITY|CAI-RUO-SHEN-QIANG|YONGSHEN-STRUCTURE|YONGSHEN-FINAL|ZHONG-HE,二岁 己丑十二 庚寅廿二 辛卯三二 壬辰四二 癸巳五二 甲午六二 乙未此王某之命也。自幼迄今。胼手胝足。庸役于余友秦赞臣家。未尝娶妻。孓然一身。幸侍主忠诚。故为秦氏三代苍头健奴。余因好奇。曾视其命造。乃壬水生于仲冬。三逢禄旺。所谓昆仑之水。可顺而不可逆。月上戊土。茕茕孓立。既不足以制水。反又激水之怒，庚辛两金。泄土生水。尤足为病，是真身旺无依，老健徒苦而已。四十七岁前。一派金水运。不转沟壑。而得温,['身旺']
千里命稿,千里命稿-0137,丁亥癸丑庚子丁亥,庚,LIGHT,REN-CAIGUAN|XIEQI-TAIZHONG|LIGHT-ROOT|ROOT-GAN-PRIORITY|ZHONGGUA-2SIDE|JIRUO-WUGEN|JISHUAI-CONGSHENG|GE-QUALITY|SHI-ZHU-JI|YONGSHEN-STRUCTURE|YONGSHEN-FINAL|ZHONG-HE,九岁 壬子十九 辛亥廿九 庚戌三九 己酉四九 戊申五九 丁未嘉善沈恒甫君。雅好命理。时相过从。当示我一丐者之命（排列如上）。夫寒金喜火。所嫌支全亥子丑。北方水旺。又月干癸克丁火。五行无木。未得生化之情。一片寒凉之局。宜其蓬飘萍泛。沦落天涯。歌板临风。饭篮迎月。鹄形菜色。仰面求人矣。且运皆金水。继不为东郭乞食 。亦必为沟壑饿莩。设此等命局。运行东南木火。未始非季子买臣。由困入亨之一流，富贵贫贱。固系,[]
千里命稿,千里命稿-0138,戊戌庚申己酉壬申,己,HEAVY,REN-CAIGUAN|SHISHI-BURUO|XIEQI-TAIZHONG|HEAVY-ROOT|BIJIE-PARTY|ROOT-STRUCK|ROOT-GAN-PRIORITY|ZHONGGUA-2SIDE|JIRUO-WUGEN|JIWANG-HUAIJI|JISHUAI-CONGSHENG|SHIYONG-YUELING-XIANGFU|GE-QUALITY|SHI-ZHU-JI|TIANGAN-XINGQING|YONGSHEN-STRUCTURE|YONGSHEN-FINAL|ZHONG-HE,九岁 辛酉十九 壬戌廿九 癸亥三九 甲子四九 乙丑五九 丙寅此为一僧侣之命。孙福堂为余言。是僧三岁父母双亡。七岁为舅氏粥入某寺。削发昄依。按己酉日元。生于申月。支全西方。干透庚壬。金势猛烈。泄气太过。局中无火。只可用劫，然戊土虚脱。用神无力。终以身弱伤重，无印为病，固生成寒微之命也。喜忌篇云。日干旺甚无依。若不为僧即道。今乃知身弱无依。亦黄冠客。空桑子之一流耳。九岁以来，皆行金水运。清净无为。孑然,['身弱']
千里命稿,千里命稿-0139,戊辰戊午辛丑戊戌,辛,LIGHT,REN-CAIGUAN|SHISHI-BURUO|LIGHT-ROOT|YIN-PARTY|ROOT-STRUCK|ROOT-GAN-PRIORITY|SHI-GUI-LU|ZHONGGUA-2SIDE|JIRUO-WUGEN|SHIYONG-YUELING-XIANGFU|GE-QUALITY|SHI-ZHU-JI|YONGSHEN-STRUCTURE|YONGSHEN-FINAL|ZHONG-HE,三岁 己未十三 庚申廿三 辛酉三三 壬戌四三 癸亥五三 甲子此造产生甫经匝月。即遭夭折。初视之。杀印相生。不似殇孩。然重重厚土埋藏脆嫩之金。五行无木。未得疏扬之利。一重午火，缺木之生。多土之晦。更无能为力。滴天髓所谓气浊神枯者是也。渠父于产后即嘱余推算。并欲选一汤饼之期。余谓之曰。近则己未月。远则己巳年。土势猛烈。兰摧玉折。堪为忧虑。后果于六月病亡。诚哉。命有定数。不可强也，客岁又见一命。与此造同,[]
千里命稿,千里命稿-0140,庚申甲申癸卯庚申,癸,LIGHT,REN-CAIGUAN|SHISHI-BURUO|XIEQI-TAIZHONG|LIGHT-ROOT|YIN-PARTY|ROOT-GAN-PRIORITY|ZHONGGUA-2SIDE|JIRUO-WUGEN|JISHUAI-CONGSHENG|SHIYONG-YUELING-XIANGFU|GE-QING|GE-QUALITY|SHI-ZHU-JI|TIANGAN-XINGQING|YONGSHEN-STRUCTURE|YONGSHEN-FINAL|ZHONG-HE,十岁 乙酉二十 丙戌三十 丁亥四十 戊子五十 己丑六十 庚寅前论印重身轻之命。生甫匝月。即遭夭殇。余曾于友人家得视一造。亦为印重身轻。但仅不良于行。体格尚健。兹已魁梧奇伟。有成人气象矣。夫癸水生于孟秋。重金五见。实鉴所谓金多水浊。亦满盘浊气耳。甲卯雨水，既时失势。岂能周旋于刀枪剑戟之中。命局偏枯如是，益以两岁辛酉年。冲去卯木长生。阴金阳金会合。其遭残疾宜矣。设非跛足。殃祸之变。或有更甚者，刻走酉运,[]
千里命稿,千里命稿-0141,甲寅丁卯戊寅甲寅,戊,HEAVY,REN-CAIGUAN|SHISHI-BURUO|HEAVY-ROOT|YIN-PARTY|ROOT-GAN-PRIORITY|SHI-GUI-LU|ZHONGGUA-2SIDE|GE-QING|GE-QUALITY|CAI-RUO-SHEN-QIANG|SHI-ZHU-JI|YONGSHEN-STRUCTURE|YONGSHEN-FINAL|ZHONG-HE,十一 戊辰廿一 己巳三一 庚午四一 辛未五一 壬申六一 癸酉七一 甲戌汪君以此命垂询。谓系亡友孙群之造。何以生前走火运大利。金运大败。申金运且作屈原汨罗以自尽。余曰。杀重身轻。设无丁印。何以自存。杀之太过。逢伤食制之不足。反激其怒。何如印绶生化之为美。此所以金运远不及火运也。申运冲寅。一金为三木所败。命遭不禄。亦所当然。夫杀重之命。正如盗匪侵主逢印。如遇仲连排难。足以斡旋两方。各不伤和气。若逢伤官,[]
千里命稿,千里命稿-0142,壬午己酉庚申丙子,庚,HEAVY,REN-CAIGUAN|DESHI-BUWANG|XIEQI-TAIZHONG|HEAVY-ROOT|YIN-PARTY|ROOT-STRUCK|ROOT-GAN-PRIORITY|ZHONGGUA-2SIDE|JIRUO-WUGEN|JIWANG-HUAIJI|GE-QUALITY|CAI-RUO-SHEN-QIANG|WANGJI-SIWO-SHENG|YONGSHEN-STRUCTURE|YONGSHEN-FINAL|ZHONG-HE,八岁 庚戌十八 辛亥廿八 壬子三八 癸丑四八 甲寅五八 乙卯此潮州人郑君命造也。曩时请人批命。咸谓酉月庚申日。喜火锻炼。应用丙杀。有劝其涉迹政界者。前岁嘱余推评。余曰。庚金得禄旺于秋令。年干透壬。支会申子。水盛而居相位。丙火岂能敌相水而制旺金。五行缺木。丙更无力。杀弗能和，不如用壬水食神。以顺金势，并泄秀气。士而为商。庶乎近之。金水澄清。货殖余暇。致力名山事业。亦足以著述自豪。岂不快意。郑君领首应,[]
千里命稿,千里命稿-0143,癸酉庚申壬子辛亥,壬,HEAVY,REN-CAIGUAN|SHISHI-BURUO|HEAVY-ROOT|YIN-PARTY|BIJIE-PARTY|ROOT-STRUCK|ROOT-GAN-PRIORITY|SHI-GUI-LU|ZHONGGUA-2SIDE|JIRUO-WUGEN|JIWANG-HUAIJI|SHIYONG-YUELING-XIANGFU|GE-QUALITY|CAI-RUO-SHEN-QIANG|YONGSHEN-STRUCTURE|YONGSHEN-FINAL|ZHONG-HE,八岁 己未十八 戊午廿八 丁巳三八 丙辰四八 乙卯五八 甲寅六八 癸丑此命为两行成象。盖庚辛申酉西方金。壬癸亥子北方水。金水各居其半。两行相停。无火土混淆。益以壬禄在亥。庚禄在申。癸禄在子。辛禄在酉。又称交禄。洵贵格也。王元鼎嘱余推评。余曰。当必仕宦中人。决非凡俗一流。其清纯无疵。亦且权高位崇。廉洁有政声。汉代循吏。不是过也。余因询之王君。此命为何许人。王君笑而应之曰。先生言之诚是。惟其姓名。恕守,[]
千里命稿,千里命稿-0144,辛丑乙未己亥壬申,己,HEAVY,REN-CAIGUAN|DESHI-BUWANG|XIEQI-TAIZHONG|HEAVY-ROOT|ROOT-STRUCK|ROOT-GAN-PRIORITY|ZHONGGUA-2SIDE|JIRUO-WUGEN|JIWANG-HUAIJI|GE-QUALITY|WANGJI-SIWO-SHENG|SHI-ZHU-JI|TIANGAN-XINGQING|YONGSHEN-STRUCTURE|YONGSHEN-FINAL|ZHONG-HE,七岁 丙申十七 丁酉廿七 戊戌三七 己亥四七 庚子五七 辛丑此兰英史之命也。女史以善画名于时。己生未月。身主不弱。地支丑未相冲。天干辛乙交战。七杀为食神追制。不如亥中甲木正官。寄生于母宫为美。应以官为夫星。时透壬财。则财以生官。而官不畏伤食克制。宜其英姿飒爽。艺术绝伦。益且夫子双美。诚得天独厚者也。戊戌十年劫财运。始而夫病几危。继则自身遇盗。亦云险矣。此后己运平滞。亥运以下。一路金水。蔗境余甘。颐,[]
千里命稿,千里命稿-0145,乙未甲申癸巳丙辰,癸,LIGHT,REN-CAIGUAN|XIEQI-TAIZHONG|LIGHT-ROOT|ROOT-GAN-PRIORITY|SHI-GUI-LU|ZHONGGUA-2SIDE|JIRUO-WUGEN|JISHUAI-CONGSHENG|SHIYONG-YUELING-XIANGFU|GE-QING|GE-QUALITY|SHI-ZHU-JI|TIANGAN-XINGQING|YONGSHEN-STRUCTURE|YONGSHEN-FINAL|ZHONG-HE,三岁 癸未十三 壬午廿三 辛巳三三 庚辰四三 己卯五三 戊寅漳州中央银行总理陆维屏君。精研命理。当示余二造。八字相同。惟年支日支易位而已。一即陆君本人之命。（排列如上）一乃其友。厦门交通银行某君之造。为乙巳甲申癸未丙辰。余曰。癸水生申月。母强子健。辰为水之余气。巳申又化水。身不为弱。甲乙丙并透。则木火金水相停。惟君造坐巳。巳内有庚金。日主较强，贵友坐未。未为燥土。并中藏木火。日主较弱。所以有异者。,[]
千里命稿,千里命稿-0146,丙戌丙申乙巳庚辰,乙,LIGHT,REN-CAIGUAN|XIEQI-TAIZHONG|LIGHT-ROOT|ROOT-STRUCK|ROOT-GAN-PRIORITY|HE-HUASHEN-DESHI|SHI-GUI-LU|ZHONGGUA-2SIDE|RI-BEI-HE|JIRUO-WUGEN|JISHUAI-CONGSHENG|SHIYONG-YUELING-XIANGFU|GE-QUALITY|SHI-ZHU-JI|TIANGAN-XINGQING|YONGSHEN-STRUCTURE|YONGSHEN-FINAL|ZHONG-HE,三岁 乙未十三 甲午廿三 癸巳三三 壬辰四三 辛卯五三 庚寅此乃女命。乙生申月。时座庚金。夫星得禄。惜乎两丙一巳。克庚太甚。且五行少水。无印帮身。亦属偏枯之局。更以早年多东南运。故绿窗贫苦。落于寒微之门。初嫔木商，行届巳运。忽死其夫。凄凉特甚。三十五岁再醮某医。医本无藉藉无名，得妇后。生涯激增。门庭若市。十余年来。盈财巨万。家境日隆。查此子之行壬辰辛三运。水金帮夫。或亦与有功欤。妇闻术家言。卯寅运,[]
千里命稿,千里命稿-0147,甲辰丁丑辛未戊戌,辛,LIGHT,REN-CAIGUAN|SHISHI-BURUO|LIGHT-ROOT|YIN-PARTY|ROOT-STRUCK|ROOT-GAN-PRIORITY|SHI-GUI-LU|ZHONGGUA-2SIDE|JIRUO-WUGEN|SHIYONG-YUELING-XIANGFU|GE-QUALITY|SHI-ZHU-JI|YONGSHEN-STRUCTURE|YONGSHEN-FINAL|ZHONG-HE,二岁 戊寅十二 己卯廿二 庚辰三二 辛巳四二 壬午五二 癸未此为杜白先生之命。杜先生供职邮局。客岁从余学命。一年来颇见猛进。近蒙讨论其本命之喜忌。余曰。辛生冬尾春前。四支皆土。时座透戊。则更不免土重金埋。年头甲木。足可制土。何奈丁火毗邻。泄木生土。病根深矣。自喜水之克丁。木之疏土。而独忌火土之助虐。逢金虽伤甲木。但能帮身。稍解母旺子虚之苦。不作劣论。一生以庚辛运足可温饱。壬运合丁。如鸿毛遇风。飘然,[]
千里命稿,千里命稿-0148,壬寅丁未乙巳戊寅,乙,HEAVY,REN-CAIGUAN|XIEQI-TAIZHONG|HEAVY-ROOT|ROOT-STRUCK|ROOT-GAN-PRIORITY|SHI-GUI-LU|ZHONGGUA-2SIDE|JIRUO-WUGEN|JIWANG-HUAIJI|JISHUAI-CONGSHENG|GE-QUALITY|SHI-ZHU-JI|TIANGAN-XINGQING|YONGSHEN-STRUCTURE|YONGSHEN-FINAL|ZHONG-HE,七岁 戊申十七 己酉廿七 庚戌三七 辛亥四七 壬子五七 癸丑六七 甲寅人之疾病。亦可由命中推测。然有验有不验。盖命该究患何疾。只能言其端绪。不能指细微。大抵以寒暖燥湿推之。百不失一焉。如文学家兼书法家倪古莲先生。久耳余名。嘱评其造。余曰乙木生于夏令。精华发泄。外有余而内实虚脱。地支无不藏火。壬水为丁所合。时上之戊。又为阳土。燥之极矣。暖之极矣。一无金水以济之。肺病血疾。在所不免。纯阳燥热之体。尤敢,[]
千里命稿,千里命稿-0149,癸酉辛酉乙丑辛巳,乙,NONE,SHISHI-BURUO|SHAZHONG-SHENQING|YIN-PARTY|ZHONGGUA-2SIDE|WUGEN-YOUFU|JISHUAI-CONGSHENG|GE-QUALITY|YUN-SHENG-ROOT|SHI-ZHU-JI|TIANGAN-XINGQING|YONGSHEN-STRUCTURE|YONGSHEN-FINAL|ZHONG-HE,二岁 庚申十二 己未廿二 戊午三二 丁巳四二 丙辰五二 乙卯六二 甲寅此为许世英先生之命。乙木凋零。支金巳酉丑。四柱纯金。识者咸以从杀格推之。不知年头癸水进气。泄金生木。乙有根源。不能从杀。应作身弱用印。以化其杀。否则中年午丁己丙四部火运。制杀最力。为从格所大忌。安得稳度谷关？且屡膺重任耶。卯运重冲。应有不利。此后甲寅劫财帮身。老当益壮。东山再起。足可掌握大权。若仍致力于慈善事业。更能广种心田。癸,['身弱']
千里命稿,千里命稿-0150,乙丑己卯乙亥癸未,乙,HEAVY,REN-CAIGUAN|DESHI-BUWANG|HEAVY-ROOT|YIN-PARTY|BIJIE-PARTY|ROOT-STRUCK|ROOT-GAN-PRIORITY|SHI-GUI-LU|ZHONGGUA-2SIDE|JIRUO-WUGEN|JIWANG-HUAIJI|SHIYONG-YUELING-XIANGFU|GE-QUALITY|SHI-ZHU-JI|TIANGAN-XINGQING|YONGSHEN-STRUCTURE|YONGSHEN-FINAL|ZHONG-HE,一岁 戊寅十一 丁丑廿一 丙子三一 乙亥四一 甲戌五一 癸酉六一 壬申此老出外宦途。饱经荣禄。年三十后。家道中落。幸擅长书法。磨空铁砚。利赖笔耕。幼时延人批命。佥谓仁寿曲直之格。谬以有为期许。曩缘友人介绍。造访余庐。询问究竟。余曰。乙生卯月。支全木局。年支丑中藏辛。曲直已破。只堪作身旺财轻之命以为断。廿六岁前。运行中南火土。所以少年得志。迨夫三十一岁运转东北。难免坎坷凄恻。然壬运至凶。无伤大禄。亦,['身旺']
千里命稿,千里命稿-0151,壬子壬子庚辰丁丑,庚,LIGHT,REN-CAIGUAN|XIEQI-TAIZHONG|LIGHT-ROOT|ROOT-STRUCK|ROOT-GAN-PRIORITY|SHI-GUI-LU|ZHONGGUA-2SIDE|JIRUO-WUGEN|JISHUAI-CONGSHENG|SHIYONG-YUELING-XIANGFU|GE-QING|GE-QUALITY|YONGSHEN-STRUCTURE|YONGSHEN-FINAL|ZHONG-HE,九岁 辛亥十九 庚戌廿九 己酉三九 戊申四九 丁未五九 丙午此名妓花月影之命。庚生嘉冬。两见壬子。辰丑又皆湿土。区区丁火。瑜不掩瑕。危险直如风烛。夫星与身主。两有所缺。以致早落平康。年方及笄。即出应征。送往迎来。极尽欢笑。然二十四岁达入戌运。戌乃火库。亦为燥土。更以流年如丙子丁丑戊寅己卯。东南顺行。当有贵客垂青。纳为拥抱。从此附骥益显。获掌家政。苟得忠心侍主。举案勤劳。以后美运接轸。或堪身列命妇。,[]
千里命稿,千里命稿-0152,丙午庚寅壬午丙午,壬,NONE,CAIDUO-SHENRUAN|ZHONGGUA-2SIDE|JIRUO-WUGEN|WUGEN-YOUFU|GE-QUALITY|YUN-SHENG-ROOT|SHI-ZHU-JI|YONGSHEN-STRUCTURE|YONGSHEN-FINAL,九岁 辛卯十九 壬辰廿九 癸巳三九 甲午四九 乙未五九 丙申六九 丁酉有以宣统这命垂询者。余曰。满盘是财。偏枯之局。本无足贵。其为失国之君。良以身不任财。弃命而从之故耳。惟二午暗邀合宫之未。暗藏己土正官。即命理约言所谓暗合格。是乃贵征。故出身天潢。贵胄后裔。得继大统。惜行运不济。如壬辰运之犯火。乃从格所大忌。失其自由。任人支配。二十九交癸运。仍未乐观。三十五以后。巳甲午乙。一路东南木火。始堪吐气扬,[]
千里命稿,千里命稿-0153,丁亥癸丑己亥戊辰,己,HEAVY,REN-CAIGUAN|DESHI-BUWANG|HEAVY-ROOT|BIJIE-PARTY|ROOT-STRUCK|ROOT-GAN-PRIORITY|SHI-GUI-LU|ZHONGGUA-2SIDE|JIRUO-WUGEN|JIWANG-HUAIJI|SHIYONG-YUELING-XIANGFU|GE-QUALITY|SHI-ZHU-JI|TIANGAN-XINGQING|YONGSHEN-STRUCTURE|YONGSHEN-FINAL|ZHONG-HE,九岁 壬子十九 辛亥廿九 庚戌三九 己酉四九 戊申五九 丁未六九 丙午传闻近代伟人。以顾维钧为最富。视其命造。洵不偶然。盖己生丑月。干透癸水。支见两亥。辰又为蓄水之库。财旺极矣。全得力于时上戊土之镇水帮身。用神应即归诸戊土劫财。良以无戊则安可任财。不任财则安得豪富。或取丑中辛金食神为用。恐身主更弱矣。两亥夹丑。拱子水贵人。宜其叠膺距任。折冲坛玷。为国争光。四支皆藏财。又有拱财。一生知多艳福。财重用,['旺极']
千里命稿,千里命稿-0154,乙巳己卯乙卯丙子,乙,HEAVY,REN-CAIGUAN|DESHI-BUWANG|XIEQI-TAIZHONG|HEAVY-ROOT|BIJIE-PARTY|ROOT-STRUCK|ROOT-GAN-PRIORITY|ZHONGGUA-2SIDE|JIRUO-WUGEN|JIWANG-HUAIJI|GE-QUALITY|WANGJI-SIWO-SHENG|TIANGAN-XINGQING|YONGSHEN-STRUCTURE|YONGSHEN-FINAL|ZHONG-HE,七岁 庚辰十七 辛巳廿七 壬午三七 癸未四七 甲申五七 乙酉壬申九月，友人某。嘱评此命，谓系广东妓女，由奥追踪来沪。坚欲以身相许。惟我年逾半百。且已儿孙绕膝 。恐纳妓后，家庭反多变故，踌躇莫决。谨询于君，乞部其详，余日。乙木得禄于卯月。比肩林立，财星已去。用时上丙火，赖之泄生财。命非下乘。丰姿卓约。固异凡卉。官之无力。即夫星不显。然居造室。亦无所疑。惟刻行壬运。又逢壬年。用神损伤。十一月且为壬子。,[]
千里命稿,千里命稿-0155,乙亥己卯壬午癸卯,壬,HEAVY,REN-CAIGUAN|SHISHI-BURUO|XIEQI-TAIZHONG|HEAVY-ROOT|BIJIE-PARTY|ROOT-GAN-PRIORITY|ZHONGGUA-2SIDE|JIWANG-HUAIJI|JISHUAI-CONGSHENG|SHIYONG-YUELING-XIANGFU|GE-QING|GE-QUALITY|YONGSHEN-STRUCTURE|YONGSHEN-FINAL|ZHONG-HE,十一 庚辰廿一 辛巳三一 壬午四一 癸未五一 甲申六一 乙酉有具名雁峰飘流客者。寓书与余。告余本埠南市某姓家。有一青衣婢。同日产生三孩。初落地者为女婴（其命排列如上）次乃男孩。八字为乙亥 己卯 壬午 丙午 。再次者四柱为乙亥己卯壬午丁未并。嘱余推评优劣。余特简覆曰。女命伤官太重。官得无力。又乏印绶以制伤保身。一无可取。本年乙亥。伤官更历。恐即夭殇。盖梦幻泡影而已。次生男造。伤官得禄于卯月。正官得禄,[]
千里命稿,千里命稿-0156,乙酉甲申丙辰甲午,丙,HEAVY,REN-CAIGUAN|SHISHI-BURUO|HEAVY-ROOT|YIN-PARTY|ROOT-GAN-PRIORITY|SHI-GUI-LU|ZHONGGUA-2SIDE|GE-QING|GE-QUALITY|YONGSHEN-STRUCTURE|YONGSHEN-FINAL|ZHONG-HE,八岁 癸未十八 壬午廿八 辛巳三八 庚辰四八 己卯五八 戊寅此为金融界巨擘。钱新之先生命造。丙火退气于初秋。本不能任申酉之旺财。所妙时落于午。根得帝旺。远胜干头衰木之生扶。日元转弱为强。足可任财矣。益以运多金水。固宜财源四达。利益万通。事业有陶朱盛名也。按扬宇霆命为乙酉 甲申 丙辰 戊戌重土重金。且戊土司令。未免晦火太甚。仅赖甲乙印绶之制土帮身。巳运乃得禄。所以声势最盛。轰烈可畏。庚运无险。而毙于,[]
千里命稿,千里命稿-0157,乙酉庚午庚子己卯,庚,HEAVY,REN-CAIGUAN|SHISHI-BURUO|HEAVY-ROOT|YIN-PARTY|BIJIE-PARTY|ROOT-STRUCK|ROOT-GAN-PRIORITY|WANGCHONG-SHUAI|ZHONGGUA-2SIDE|RI-BEI-HE|JIRUO-WUGEN|GE-QUALITY|SHI-ZHU-JI|YONGSHEN-STRUCTURE|YONGSHEN-FINAL|ZHONG-HE,十岁 辛未廿十 壬申三十 癸酉四十 甲戌五十 乙亥六十 丙子张翁家有一女佣。年逾风信。貌奇丑。面且麻。迄今未嫁。恐毕业难应人选。故乞推究其命。余曰。庚生午月。干透己土。为正印格。午丙丁火司令。则正官乘权。官印并美。为坤之兆。命妇格局。固已成立。或以子午卯酉。四败四冲非之。然子水伤官。失其时令。与午相冲。滴天髓所谓冲衰则拔冲旺则发。午火正官。非惟不畏其冲。且因冲而益见刚强。子则冲拔。是庸何伤？至于卯,[]
千里命稿,千里命稿-0158,庚戌辛巳己亥乙亥,己,HEAVY,REN-CAIGUAN|XIEQI-TAIZHONG|HEAVY-ROOT|ROOT-STRUCK|ROOT-GAN-PRIORITY|WANGCHONG-SHUAI|ZHONGGUA-2SIDE|JIRUO-WUGEN|JIWANG-HUAIJI|JISHUAI-CONGSHENG|GE-QUALITY|SHI-ZHU-JI|TIANGAN-XINGQING|YONGSHEN-STRUCTURE|YONGSHEN-FINAL|ZHONG-HE,十岁 庚辰廿十 己卯三十 庚寅四十 丁丑五十 丙子六十 乙亥阮玲玉一死。轰动全国。吾友郑君，特嘱推究其命。余曰。己生巳月。因有两亥。印绶冲散。时透乙木。因有庚辛，制杀太过。身主与七杀。一无可恃。故意志不坚。正途岐路。莫之辨别。片念厄塞。死于非命。虽从两夫。终无所归。至于伤食并露。秀气发越。固宜英敏艳丽。精艺绝伦。不为影坛领袖。当亦作歌裙舞扇之翘楚也。今年两乙三亥。天干金木之战。地支水火之冲。乃满盘,[]
千里命稿,千里命稿-0159,己亥乙亥丙戌壬辰,丙,LIGHT,REN-CAIGUAN|SHISHI-BURUO|XIEQI-TAIZHONG|LIGHT-ROOT|JUECHU-FENGSHENG|YIN-PARTY|ROOT-STRUCK|ROOT-GAN-PRIORITY|ZHONGGUA-2SIDE|JIRUO-WUGEN|JISHUAI-CONGSHENG|GE-QUALITY|SHI-ZHU-JI|YONGSHEN-STRUCTURE|YONGSHEN-FINAL|ZHONG-HE,三岁 甲戌十三 癸酉廿三 壬申三三 辛未四三 庚午五三 己巳六三 戊辰此镇江人金君之命。金君自言。研究子平之学，已十有余年。对于本人八字之用神。终难取定。因闻余名。特就询焉。余曰。丙生初冬。支见两亥。辰戌又冲。壬再透干。病于水多火弱。识者非用己土以制水。即用乙木以生火。殊不知己为 湿之土。只可纳水。焉能镇水。况又毗邻乙木之虎视眈眈。更难以立足矣。乙木虽能生火。惟因水重太过。本身力量太轻。不无乘桴桴,[]
千里命稿,千里命稿-0160,乙巳戊子乙巳戊寅,乙,HEAVY,REN-CAIGUAN|SHISHI-BURUO|HEAVY-ROOT|BIJIE-PARTY|ROOT-STRUCK|ROOT-GAN-PRIORITY|SHI-GUI-LU|ZHONGGUA-2SIDE|JIRUO-WUGEN|JIWANG-HUAIJI|GE-QUALITY|SHI-ZHU-JI|TIANGAN-XINGQING|YONGSHEN-STRUCTURE|YONGSHEN-FINAL|ZHONG-HE,九岁 丁亥十九 丙戌廿九 乙酉三九 甲申四九 癸未五九 壬午论偏枯之命局易。推中和之命局难。此为略识命理之人所共知者也。今以镇江人孙君之命为例。乙诞子月。水旺木健。时下得寅木帝旺。年上见乙木比肩则应以身强论。然两戊克水。两巳泄木。抑挫之力。尤历于所帮所助者。强之程度。仅堪任财弱之地步。亦非至险。只可称其不强不弱。故既难论其喜忌。更难推岁运之休咎。然有一法焉。行帮身运。贵逢财官之年。行财官运。则喜帮,"['身强', '中和']"
千里命稿,千里命稿-0161,壬午丙午丙戌庚寅,丙,HEAVY,REN-CAIGUAN|DESHI-BUWANG|HEAVY-ROOT|BIJIE-PARTY|ROOT-STRUCK|ROOT-GAN-PRIORITY|SHI-GUI-LU|ZHONGGUA-2SIDE|JIRUO-WUGEN|JIWANG-HUAIJI|GE-QUALITY|YONGSHEN-STRUCTURE|YONGSHEN-FINAL|ZHONG-HE,八岁 丁未十八 戊申廿八 己酉三八 庚戌四八 辛亥五八 壬子某翁告我一悍匪之命。此匪徒众逾千。犯案山积。然得逍遥法外。余视其丙日而支全寅午戌。已秉一方之旺气。两见阳刃。干得财杀。宜其凶悍无比。虽不流芳百世。亦能遗臭万年。然倘能分行直道。择善而从。未始非果敢杰出之才。为国效用。亦足膺干城之选。岂不美哉？若仍为非作歹。横行不法。恐天网恢恢。难逃子运。盖冲刃出鞘。斧铖当头。意中事耳。,[]
千里命稿,千里命稿-0162,戊辰己未己未辛未,己,HEAVY,REN-CAIGUAN|HEAVY-ROOT|BIJIE-PARTY|ROOT-GAN-PRIORITY|SHI-GUI-LU|ZHONGGUA-2SIDE|JIWANG-HUAIJI|SHIYONG-YUELING-XIANGFU|GE-QING|GE-QUALITY|WANGJI-SIWO-SHENG|SHI-ZHU-JI|TIANGAN-XINGQING|YONGSHEN-STRUCTURE|YONGSHEN-FINAL|ZHONG-HE,八岁 庚申十八 辛酉廿八 壬戌三八 癸亥四八 甲子五八 乙丑福建人林文波先生。在闽知余已久。比者以事来申。造访余处。嘱评其本人之命外。又垂询其子命造。余曰。八字土得其七。况值火土并旺之候。强。盛。旺。盖达极点。若非时上辛金。秀气焉得发越。然终有土重金埋。火多金熔之患，而病偏枯太甚。幸也。行运一路金水木。终身不逢火土。则丰裕显达。发扬蹈历。正如苗吐含葩。不旋踵而芬芳丽藻。矫强特立于社会中。固非凡庸一,[]
千里命稿,千里命稿-0163,甲子丙子丙子戊子,丙,NONE,ZHONGGUA-2SIDE|WUGEN-YOUFU|SHIYONG-YUELING-XIANGFU|GE-QING|GE-QUALITY|YUN-SHENG-ROOT|SHI-ZHU-JI|YONGSHEN-STRUCTURE|YONGSHEN-FINAL,五岁 丁丑十五 戊寅廿五 己卯三五 庚辰四五 辛巳五五 壬午庚午新正。吴君以此命垂询。余曰。地支子水一气。天干甲丙戊。寒暖相济。用偏印以化官。佳造也。惟本年庚午。与四子相冲。午为丙刃。刃之为物。暴戾而不易驯伏。若再逢冲。为祸尤烈。恐如朝露之易稀。画锦前程。或不可得。惜哉。吴君佛然不悦。盖所询者。即其少君之命。且系单传也。后闻此孩固于庚午七月。染疫而死。病仅一日耳。夫刃之逢冲。若无解救。微论身强身弱,"['身弱', '身强']"
千里命稿,千里命稿-0164,辛巳辛丑庚申辛巳,庚,HEAVY,REN-CAIGUAN|SHISHI-BURUO|HEAVY-ROOT|BIJIE-PARTY|ROOT-STRUCK|ROOT-GAN-PRIORITY|SHI-GUI-LU|ZHONGGUA-2SIDE|JIRUO-WUGEN|JIWANG-HUAIJI|GE-QING|GE-QUALITY|CAI-RUO-SHEN-QIANG|SHI-ZHU-JI|YONGSHEN-STRUCTURE|YONGSHEN-FINAL|ZHONG-HE,六岁 庚子十六 己亥廿六 戊戌三六 丁酉四六 丙申五六 乙未此李国杰先生之命造。干上庚庚辛酉方一气。支下巳为金之长生。丑为金之库门。申为金之禄地。乃属一行得气。时在季冬。金寒而失令。则较逊色。故用巳内丙火。以炼其锐。以驱其寒，前行丙丁运。岂裕显赫。申运壬申年。因招商局岣案而入狱。良以岁运皆申。丙火用神临于病地。又受壬水之克。一时蠖屈。所不免耳。书云。丙临申位逢阳水难获延年。其不遭萎亡。万属万幸矣。,[]
千里命稿,千里命稿-0165,己巳丁丑乙丑乙酉,乙,NONE,CAIDUO-SHENRUAN|XIEQI-TAIZHONG|ZHONGGUA-2SIDE|JIRUO-WUGEN|WUGEN-YOUFU|JISHUAI-CONGSHENG|SHIYONG-YUELING-XIANGFU|GE-QING|GE-QUALITY|YUN-SHENG-ROOT|SHI-ZHU-JI|TIANGAN-XINGQING|YONGSHEN-STRUCTURE|YONGSHEN-FINAL,八岁 戊寅十八 己卯廿八 庚辰三八 辛巳四八 壬午五八 癸未此乃坤命。为海上某闻人之女公子。庚午孟春既望。举归汤饼。大江南北。各界名流均往道贺。极一时之盛。所收礼份。传有十五万元之钜。固足豪矣。然亦有命焉。非可偶致也。盖寒木。逢丁而暖。得己而培。得乙而盛。干上一无废物。支全巳酉丑。则偏官会局。夫星更昌。从德之美满。何待言哉。或病水浅印缺。殊不知丑月丑日。为虚湿之地。正喜壬癸未透。庶不飘浮为患。故行,[]
千里命稿,千里命稿-0166,癸未乙卯乙亥戊寅,乙,HEAVY,REN-CAIGUAN|DESHI-BUWANG|HEAVY-ROOT|YIN-PARTY|BIJIE-PARTY|ROOT-STRUCK|ROOT-GAN-PRIORITY|SHI-GUI-LU|ZHONGGUA-2SIDE|JIRUO-WUGEN|JIWANG-HUAIJI|GE-QING|GE-QUALITY|SHI-ZHU-JI|TIANGAN-XINGQING|YONGSHEN-STRUCTURE|YONGSHEN-FINAL|ZHONG-HE,十岁 甲寅廿十 癸丑三十 壬子四十 辛亥五十 庚戌六十 己酉此命不识其姓氏。亦由平翁告我行。据云。乃上海工部局小工头目。已积资成富。生活殊优。余曰乙诞仲春。支全亥卯未。为曲直仁寿格。所喜四柱绝金。格局无破。时落戊寅。寅为火土生地。木之禄旺，则流通秀气，坚固格局。更如锦上添花。是宜由渐入丰。空拳致富者也。前行之运。都属水乡。颇见安顺。现行庚金。不利于格。顺中防逆。还喜流年无金。滞而不凶。戌运为火库。,[]
千里命稿,千里命稿-0167,丁未丁未丁丑丁未,丁,LIGHT,REN-CAIGUAN|SHISHI-BURUO|LIGHT-ROOT|BIJIE-PARTY|ROOT-STRUCK|ROOT-GAN-PRIORITY|SHI-GUI-LU|ZHONGGUA-2SIDE|JIRUO-WUGEN|SHIYONG-YUELING-XIANGFU|GE-QUALITY|TIANGAN-XINGQING|YONGSHEN-STRUCTURE|YONGSHEN-FINAL|ZHONG-HE,七岁 丙午十七 乙巳廿七 甲辰三七 癸卯四七 壬寅五七 辛丑此造本人。亦谙子平之学。自谓必死于巳运。及至庚午年。殆因环境不佳。竟作屈原投海以自尽。幸为水警捞救。终不获死。余视其命运。天干丁火一气。地支土星重叠。火土相生。正滴天髓所谓天全一气地德载。亦命理约言所称两神成象。格局非下乘。胡为作消极之举。类匹夫之。方作沟渎之经乎。丑未一冲。土金冲动。丁火之精英。更足以发越。方为贵征。巳运为丁之帝旺。火炎,[]
千里命稿,千里命稿-0168,戊子丙辰丙子戊子,丙,NONE,XIEQI-TAIZHONG|ZHONGGUA-2SIDE|WUGEN-YOUFU|JISHUAI-CONGSHENG|SHIYONG-YUELING-XIANGFU|GE-QING|GE-QUALITY|YUN-SHENG-ROOT|SHI-ZHU-JI|YONGSHEN-STRUCTURE|YONGSHEN-FINAL,一岁 丁巳十一 戊午廿一 己未三一 庚申四一 辛酉五一 壬戌名人八字。余阅历多矣。然欲命局与行运。一路清澄者。殊不多见。有之。惟刘先生鸿生之命也。盖丙生辰月。干透戊土。为食神格。其露双戊。则食神更必有务。不见阴土。则无伤官之混杂。月上丙火比肩帮峰。乃不悉泄气太重。支下三子一辰。本有伤于丙。然戊土制水。适成堤岸之功。而尽保母之职。可谓天成匹配。但命理约言云。有食不见财来。何异尘羹土饭。所幸三十一岁后,[]
千里命稿,千里命稿-0169,丙戌庚子丁未丙午,丁,HEAVY,REN-CAIGUAN|SHISHI-BURUO|HEAVY-ROOT|BIJIE-PARTY|ROOT-STRUCK|ROOT-GAN-PRIORITY|WANGCHONG-SHUAI|SHI-GUI-LU|ZHONGGUA-2SIDE|JIRUO-WUGEN|GE-QUALITY|TIANGAN-XINGQING|YONGSHEN-STRUCTURE|YONGSHEN-FINAL|ZHONG-HE,九岁 辛丑十九 壬寅廿九 癸卯三九 甲辰四九 乙巳五九 丙午论命者。论休咎而已。断生决死。有验有不验。盖生寄死归。有梦必醒。为盗遮而生。不如为伯夷而死。生则未必为吉。死则未必为凶耳。上为吾友柯君之命。丁生子月。本必杀旺。乃午未戌中三土。制杀太过。引以为病。前行卯甲两运。盈财数十万。谈命者。谓木之克土。病神除去。不胫而走。洵非诬也。预料运入乙木。丰发当尤过之。讵知竟于今庚乙运乙年。病而不起。然富贵双,[]
千里命稿,千里命稿-0170,乙丑辛巳甲辰甲子,甲,LIGHT,REN-CAIGUAN|SHISHI-BURUO|LIGHT-ROOT|BIJIE-PARTY|ROOT-STRUCK|ROOT-GAN-PRIORITY|ZHONGGUA-2SIDE|JIRUO-WUGEN|GE-QING|GE-QUALITY|TIANGAN-XINGQING|YONGSHEN-STRUCTURE|YONGSHEN-FINAL|ZHONG-HE,十岁 庚辰廿十 己卯三十 戊寅四十 丁丑五十 丙子六十 乙亥近阅西报。盛载英皇乔治第五之傅略。余以其生庚译为夏厝，演成命局（排列如上）对照其事历。颇有不爽者。夫甲木日元。子辰水局。巳丑金局。为官印相生。干透辛金正官。自是大贵之格。冠冕堂皇。统驭万民。固所宜也。据傅十五岁至十八岁。环游世界。念五岁管带海军鱼雷舰。此时正交辰己财运。自应超拔出尘。竿头日进。廿六岁患伤寒症甚剧。廿七岁乃兄逝世。卯运劫刃之,[]
千里命稿,千里命稿-0171,癸巳甲寅壬辰庚子,壬,HEAVY,REN-CAIGUAN|SHISHI-BURUO|XIEQI-TAIZHONG|HEAVY-ROOT|YIN-PARTY|BIJIE-PARTY|ROOT-GAN-PRIORITY|SHI-GUI-LU|ZHONGGUA-2SIDE|JIWANG-HUAIJI|JISHUAI-CONGSHENG|GE-QUALITY|YONGSHEN-STRUCTURE|YONGSHEN-FINAL|ZHONG-HE,七岁 癸丑十七 壬子廿七 辛亥三七 庚戌四七 己酉五七 戊申俗有所谓早子时夜子时之分虽者。乃以晚间十二时前。为本日之夜时。十二时后。为下日之早子时。此论历法则或可。论命则万万不可。考历书之称夜子时。盖表明节气之交。在于子时之初（即十二点钟之前）也。故衹有夜子初几刻几分。从未言及夜子正几刻几分。子时既正。固无所谓夜矣。可见夜字者。仅包括子时之前段耳。后人讹以夜子时为本日之子时。早子时为下一日之子时。,[]
千里命稿,千里命稿-0172,癸巳甲寅辛卯戊子,辛,LIGHT,REN-CAIGUAN|SHISHI-BURUO|XIEQI-TAIZHONG|LIGHT-ROOT|YIN-PARTY|ROOT-STRUCK|ROOT-GAN-PRIORITY|SHI-GUI-LU|ZHONGGUA-2SIDE|JIRUO-WUGEN|JISHUAI-CONGSHENG|GE-QUALITY|YONGSHEN-STRUCTURE|YONGSHEN-FINAL|ZHONG-HE,然命局财多身弱，何以前行庚辛帮身运。一筹莫展。更何以去年甲戌。身弱逢财。忽得良遇。往事皆无可符者。岂可据以为信乎。倘更质以诚如君言。则是凌晨零时二十分，与晚间十一时半所生。乾皆为辛卯日戌子时，距离有十一个钟点之差。而八字竟完全相同。宁有是理耶。不知彼将何以答我。（按此篇会发表於时代日报命学讲座。旋接苏州紫阑巷十三号朱傲骨先生来函，谓夜子时理应日用今日。时用明日。盖基于星平大成所谓今日之夜。非明日之,['身弱']
千里命稿,千里命稿-0173,甲戌丁卯甲申庚午,甲,HEAVY,REN-CAIGUAN|DESHI-BUWANG|XIEQI-TAIZHONG|HEAVY-ROOT|BIJIE-PARTY|ROOT-STRUCK|ROOT-GAN-PRIORITY|ZHONGGUA-2SIDE|JIRUO-WUGEN|JIWANG-HUAIJI|GE-QING|GE-QUALITY|WANGJI-SIWO-SHENG|SHI-ZHU-JI|TIANGAN-XINGQING|YONGSHEN-STRUCTURE|YONGSHEN-FINAL|ZHONG-HE,八岁 戊辰十八 己巳廿八 庚午三八 辛未四八 壬申五八 癸酉或有询余者曰。八字亦有所谓精神饱满者乎。余曰有。或又请益曰。奚以知其然。余曰。此诚难言之矣。盖祇可以意会。不可以言傅也。缘将上列一命剖之。此乃余友人之子。甲生卯月。为至旺之乡。时透庚金。提禄于申。斧凿功深。栋梁成矣。月头丁火。得禄于时，欣发木气。璀璨成章。身既旺。杀又强。伤更健。兼以午申藏财。点缀得宜。岂非如人之神清气爽。精神饱满者乎。月,['身强']
千里命稿,千里命稿-0174,乙卯丙子乙丑丁亥,乙,HEAVY,REN-CAIGUAN|SHISHI-BURUO|HEAVY-ROOT|BIJIE-PARTY|ROOT-STRUCK|ROOT-GAN-PRIORITY|ZHONGGUA-2SIDE|JIRUO-WUGEN|JIWANG-HUAIJI|GE-QUALITY|TIANGAN-XINGQING|YONGSHEN-STRUCTURE|YONGSHEN-FINAL|ZHONG-HE,一岁 乙亥十一 甲戌廿一 癸酉三一 壬申四一 辛未五一 庚午此郑君命也。君为海上纱业界闻人。得失动辄万金。其经营商业。范围广大。骇人听闻。夫天干丙丁与乙。一派火土财乡。地支亥子丑卯。尽是水木帮身。标本停匀。更妙各立门户。固不愧商场健将。且乙丙丁。亥子丑。干支联珠。矫勇善战。角逐果敢。习性生成。非偶然也。前运壬申十载。积资三百万。尤得力于申运。盖原局缺金。申金会齐五行。源远流长。生生不息故也。至癸亥,[]
千里命稿,千里命稿-0175,癸卯辛酉乙卯辛巳,乙,HEAVY,REN-CAIGUAN|HEAVY-ROOT|ROOT-STRUCK|ROOT-GAN-PRIORITY|WANGCHONG-SHUAI|ZHONGGUA-2SIDE|JIRUO-WUGEN|GE-QUALITY|SHI-ZHU-JI|TIANGAN-XINGQING|YONGSHEN-STRUCTURE|YONGSHEN-FINAL|ZHONG-HE,六岁 庚申十六 己未廿六 戊午三六 丁巳四六 丙辰五六 乙卯此为某军人之命。癸酉暮春。尝访余庐。自言混迹军伍。碌碌半生。迩来环境萧然。拟投河自尽者。已经三次。终不识命运如何。究竟生机绝否。余曰。乙木死于秋。患辛金根深。受克太重。幸有癸水之泄金生木。危而有救。惟丙丁不透干。七杀不获其制。日主则受克。如滴天髓所谓怀丁抱丙。跨凤乘猴。而仍嫌柔弱。为美中不足也。君既才识压众，抱负不凡。若遽萌短见。无乃自弃,[]
千里命稿,千里命稿-0176,癸巳丙辰壬申癸卯,壬,HEAVY,REN-CAIGUAN|SHISHI-BURUO|HEAVY-ROOT|BIJIE-PARTY|ROOT-STRUCK|ROOT-GAN-PRIORITY|ZHONGGUA-2SIDE|JIRUO-WUGEN|JIWANG-HUAIJI|SHIYONG-YUELING-XIANGFU|GE-QUALITY|YONGSHEN-STRUCTURE|YONGSHEN-FINAL|ZHONG-HE,一岁 乙卯十一 甲寅廿一 癸丑三一 壬子四一 辛亥五一 庚戌此为前中央研究院院长杨杏佛先生之命。考其辰月壬申日。并得生地库地。夫又癸水双透。身强有余。应用丙火之财。而巳为禄。卯为丙母。财有渊源。皆赖乎此。一代文豪。且为文官。固其宜也。盖命局匀停。病药相济。身分超拔。若合符节。四十一岁交辛运。辛来合丙。流年复逢癸酉。酉更冲卯。一片汪洋。用神尽拔。故不免为人狙击。亦犹博浪沙终。良可婉惜。以前壬运癸亥年,['身强']
千里命稿,千里命稿-0177,辛丑辛丑丁酉丙午,丁,HEAVY,REN-CAIGUAN|SHISHI-BURUO|HEAVY-ROOT|BIJIE-PARTY|ROOT-STRUCK|ROOT-GAN-PRIORITY|SHI-GUI-LU|ZHONGGUA-2SIDE|JIRUO-WUGEN|JIWANG-HUAIJI|SHIYONG-YUELING-XIANGFU|GE-QUALITY|TIANGAN-XINGQING|YONGSHEN-STRUCTURE|YONGSHEN-FINAL|ZHONG-HE,四岁 庚子十四 己亥廿四 戊戌三四 丁酉四四 丙申五四 乙未此为本埠张君之命。财重身轻。所妙时上一劫一比。虽嫌柔弱。还幸有根。幼时闻术者言。财多而强。且日支文昌贵人。定得贤美之妻。沾沾自喜。唯盼早赋燕诗。及至二十四岁。识同学某女士。由恋爱而成婚。女士品学兼优。初固伉俪甚笃。以为者之言验矣。后于庚午年。女忽迷于博弈。寝食俱废。每晚辄至一百八十一号（海上唯一大赌窟。）作轮盘之赌。未满一年。私蓄荡然，无,[]
千里命稿,千里命稿-0178,丙申癸巳癸亥甲寅,癸,HEAVY,REN-CAIGUAN|SHISHI-BURUO|XIEQI-TAIZHONG|HEAVY-ROOT|BIJIE-PARTY|ROOT-STRUCK|ROOT-GAN-PRIORITY|WANGCHONG-SHUAI|ZHONGGUA-2SIDE|JIRUO-WUGEN|JISHUAI-CONGSHENG|SHIYONG-YUELING-XIANGFU|GE-QUALITY|SHI-ZHU-JI|TIANGAN-XINGQING|YONGSHEN-STRUCTURE|YONGSHEN-FINAL|ZHONG-HE,九岁 甲午十九 乙未廿九 丙申三九 丁酉四九 戊戌五九 己亥此天津人李君之命。君恒角逐于跑马场中。尝得香槟头。平日博弈。亦胜多于负。其营业所得之薪酬。仅敷支出 。跑马所盈者。所获丰积。或羡其赌运享通。以余视之。不过命局安顿。财星得用而已。盖癸日甲寅时。伤官得禄。丙年巳月。偏财得禄。伤财相生而流通。美满极矣。妙有亥水帝旺。癸水比肩。申金正印。协力扶身。乃致身主不弱。堪任其财。尤妙寅亥既相合。巳申又相,[]
千里命稿,千里命稿-0179,甲辰丙子辛丑壬辰,辛,LIGHT,REN-CAIGUAN|XIEQI-TAIZHONG|LIGHT-ROOT|ROOT-STRUCK|ROOT-GAN-PRIORITY|HE-HUASHEN-DESHI|ZHONGGUA-2SIDE|RI-BEI-HE|JIRUO-WUGEN|JISHUAI-CONGSHENG|SHIYONG-YUELING-XIANGFU|GE-QUALITY|SHI-ZHU-JI|YONGSHEN-STRUCTURE|YONGSHEN-FINAL|ZHONG-HE,三岁 丁丑十三 戊寅廿三 己卯三三 庚辰四三 辛巳五三 壬午近世谈命者。凡见日干与他干相合。动辄以化气格论，不知假化则庸俗无奇。真化则谈何容易。书云。化之真者。名公钜卿。化之假者。异性孤儿。可见化之贵乎真也。上为宜阳县政府张时甫先生命造。夫丙辛之合。时在嘉冬。可以化水。壬水元神透出。尤为纯粹。丑辰皆湿土。不能克水。祇可蓄水。当不为病。是乃化格之真者。虽不必为名公钜卿。亦非池中物也。早年运都属土乡。,[]
千里命稿,千里命稿-0180,壬寅壬寅辛未己丑,辛,LIGHT,REN-CAIGUAN|SHISHI-BURUO|XIEQI-TAIZHONG|LIGHT-ROOT|YIN-PARTY|ROOT-STRUCK|ROOT-GAN-PRIORITY|SHI-GUI-LU|ZHONGGUA-2SIDE|JIRUO-WUGEN|JISHUAI-CONGSHENG|GE-QUALITY|YONGSHEN-STRUCTURE|YONGSHEN-FINAL|ZHONG-HE,六岁 癸卯十六 甲辰廿六 乙巳三六 丙午四六 丁未五六 戊申六六 己酉离婚之风日盛。夫妇之道愈乖。壬申初春。有王姓妇者。嘱评其无君命造。倨谓溺情声色。流连博弈。外宿多日。辄不夜归，妇备受精神痛苦。拟与仳离。答卷曰。辛金双见壬寅。又值春木萌动。财多身弱，幸时上己土。纳水生金。又得丑未之根，救弱主而任财。夫虽暖气已动。节侯尚寒。土金均无暖气。未中之丁。见夺于丑内之癸。寅中之丙。慑服于干头之壬。八字尚欠,['身弱']
千里命稿,千里命稿-0181,庚辰己卯壬寅辛丑,壬,LIGHT,REN-CAIGUAN|SHISHI-BURUO|LIGHT-ROOT|YIN-PARTY|ROOT-STRUCK|ROOT-GAN-PRIORITY|SHI-GUI-LU|ZHONGGUA-2SIDE|JIRUO-WUGEN|GE-QUALITY|SHI-ZHU-JI|YONGSHEN-STRUCTURE|YONGSHEN-FINAL|ZHONG-HE,八岁 庚辰十八 辛巳廿八 壬午三八 癸未四八 甲申五八 乙酉六八 丙戌此蒋邦彦先生命也。蒋君幼年穷困。劬学无遗。黉舍蜚声。早登乡榜。壬运入仁版。历膺浙江财政厅长。温州关监督命使命。甲了年后。随张宗昌服官鲁垣。执掌财权极点资数百肆，参赛宗昌人败。同避日本。戊辰年甲子月。被宗昌遣人潜杀于寓邸。夫壬日春生，寅卯辰会起木局。木多水缩为患。自取庚金为用。赖基生水制木也。以言格局。乃伤官司用印耳。春金废而无力,[]
千里命稿,千里命稿-0182,丁未丙午癸巳戊午,癸,NONE,CAIDUO-SHENRUAN|SHAZHONG-SHENQING|HE-HUASHEN-DESHI|ZHONGGUA-2SIDE|RI-BEI-HE|JIRUO-WUGEN|WUGEN-YOUFU|JISHUAI-CONGSHENG|SHIYONG-YUELING-XIANGFU|GE-QUALITY|YUN-SHENG-ROOT|SHI-ZHU-JI|TIANGAN-XINGQING|YONGSHEN-STRUCTURE|YONGSHEN-FINAL,三岁 乙巳十三 甲辰廿三 癸卯三三 壬寅四三 辛丑五三 庚子黄玉麟先生。皮簧闻于时。艺名绿牡丹。亦擅书画。潇洒儒雅。诚为利梨圆隽品。前以苏君之介。嘱评其命。余曰。戊癸相合。既见丙丁。又得巳午未。而当榴火舒红。槐荫结绿之侯。乃纯粹化火之格。宜其慧质天生。学无不精。岂平常优伶。可望其项背哉。一生行运。应卯寅辛三部。最为醇美。惜少土运。否则土之泄秀尤为出色当行。辰丑为湿土。中含癸水。有悖于格。瑕瑜互见而,[]
千里命稿,千里命稿-0183,戊辰己未丁巳丙午,丁,HEAVY,REN-CAIGUAN|SHISHI-BURUO|XIEQI-TAIZHONG|BIJIE-PARTY|ROOT-GAN-PRIORITY|SHI-GUI-LU|ZHONGGUA-2SIDE|JIWANG-HUAIJI|JISHUAI-CONGSHENG|SHIYONG-YUELING-XIANGFU|GE-QING|GE-QUALITY|TIANGAN-XINGQING|YONGSHEN-STRUCTURE|YONGSHEN-FINAL|ZHONG-HE,四岁 庚申十四 辛酉廿四 壬戌三四 癸亥四四 甲子五四 乙丑人事沧桑。升沉无定。际兹世界不景气。富者贫。贫者困。世途尤险。比来海上经济凋枯。地产衰落。市况萧瑟。令人惴愉，尤以卢棠，邬志豪。程霖生。三公惨遭失败。更不胜今昔之概。余尝得视渠等之命焉。卢命排 列如上。炎上而戊己吐秀。精明果干。自非庸凡之辈。近走丙运。运属助格，不应挫跌。殆以壬申、癸酉年之克火。甲戌年之损伤戊土。乙亥年之克己冲巳。运年不利,['身弱']
千里命稿,千里命稿-0184,辛卯庚寅辛巳戊子,辛,LIGHT,REN-CAIGUAN|SHISHI-BURUO|LIGHT-ROOT|YIN-PARTY|BIJIE-PARTY|ROOT-STRUCK|ROOT-GAN-PRIORITY|SHI-GUI-LU|ZHONGGUA-2SIDE|JIRUO-WUGEN|GE-QUALITY|YONGSHEN-STRUCTURE|YONGSHEN-FINAL|ZHONG-HE,七岁 己丑十七 戊子廿七 丁亥三七 丙戌四七 乙酉五七 甲申此造前当军官。行运走至亥字。流为绑匪。戊辰冬令。奉判徒刑十三年。现尚系狱。囹圄生溽。殊形艰因。余视其命。无甚破败。殊觉百思不解。客窗无俚。重温滴天髓。见有载天履地人为贵。顺则吉兮凶则悖二语。始恍然大悟。盖此命年柱辛金克卯木。月柱庚金克寅木。时柱戊土克子水。日柱巳火克辛金。干支不载。悖逆刺谬。虽帮身众多。而财食无能为力。所赖巳火制金。身强用,['身强']
千里命稿,千里命稿-0185,丁亥壬子壬午庚子,壬,HEAVY,REN-CAIGUAN|DESHI-BUWANG|HEAVY-ROOT|BIJIE-PARTY|ROOT-STRUCK|ROOT-GAN-PRIORITY|WANGCHONG-SHUAI|SHI-GUI-LU|ZHONGGUA-2SIDE|RI-BEI-HE|JIRUO-WUGEN|JIWANG-HUAIJI|SHIYONG-YUELING-XIANGFU|GE-QUALITY|YONGSHEN-STRUCTURE|YONGSHEN-FINAL|ZHONG-HE,八岁 癸丑十八 甲寅廿八 乙卯三八 丙辰四八 丁巳五八 戊午客有述发横财事者，流俗心理，娓娓动听。余因意及二命焉。一即上列女命。壬水得禄旺于亥了。亦且水归冬旺。身主强健。丁午两财。即衰弱无根。又受冲受合。乃不类富有之人。然行运多木火。东南之暖。足以济命局西北之寒。故处境丰裕，夫子并旺。尤以丙运丙寅年。木火根深。财旺达于极点，固于秋天。独得上海跑马香槟头奖。现又有一命。为丁未 癸卯 癸亥 乙卯。或媚,"['身弱', '衰弱']"
千里命稿,千里命稿-0186,庚戌甲申己酉辛未,己,HEAVY,REN-CAIGUAN|XIEQI-TAIZHONG|HEAVY-ROOT|ROOT-STRUCK|ROOT-GAN-PRIORITY|SHI-GUI-LU|ZHONGGUA-2SIDE|RI-BEI-HE|JIRUO-WUGEN|JIWANG-HUAIJI|JISHUAI-CONGSHENG|GE-QUALITY|SHI-ZHU-JI|TIANGAN-XINGQING|YONGSHEN-STRUCTURE|YONGSHEN-FINAL|ZHONG-HE,二岁 癸未十二 壬午廿二 辛巳三二 庚辰四二 己卯五二 戊寅石军长恋有二姝。欲纳其一。以充俾室。不识二人之命。孰为优美。就决于余。余曰。庚戌之造。秋土薄弱。受重金泄。秀气尽发，当有倾国倾城之姿。惟甲木官星死绝。乃非命妇之格。或恐不安于室。或恐早赋孤鹄。良可畏也。另一女命。乃癸丑 癸亥 丙申 己丑。虽伤官见官。幸初冬水旺。又有申金之财。泄土生水。官星有力矣。身主固弱，宜用亥中甲木偏卯。以之合伤帮身。,[]
千里命稿,千里命稿-0187,壬寅壬子丁亥癸卯,丁,NONE,SHAZHONG-SHENQING|ZHONGGUA-2SIDE|RI-BEI-HE|WUGEN-YOUFU|JISHUAI-CONGSHENG|GE-QUALITY|YUN-SHENG-ROOT|TIANGAN-XINGQING|YONGSHEN-STRUCTURE|YONGSHEN-FINAL,八岁 辛亥十八 庚戌廿八 己酉三八 戊申四八 丁未五八 丙午此乃舞女陈佩珍之命。正式遣嫁。傅已五次，刻闻征逐舞场。迄无所归。仍度其搂抱生涯。夫一丁被众水围，明暗夫星。荟萃重叠。满盘争妒之象。是宜蛾眉螓首。蛇物蝎心。招展一般狂蜂浪蝶。如蝼蚁之附膻也。现行酉运。生水有源。汪洋泛滥。恐仍意马心猿。得陇望蜀。生张熟魏。送往迎来而已。三十八岁换入戊运。堤岸功成。方有乐观。或不致浮沈花镜。得能从一而终。犹足为,[]
千里命稿,千里命稿-0188,壬午丙午甲午庚午,甲,NONE,XIEQI-TAIZHONG|ZHONGGUA-2SIDE|WUGEN-YOUFU|JISHUAI-CONGSHENG|SHIYONG-YUELING-XIANGFU|GE-QUALITY|YUN-SHENG-ROOT|SHI-ZHU-JI|TIANGAN-XINGQING|YONGSHEN-STRUCTURE|YONGSHEN-FINAL,五岁 丁未十五 戊申廿五 己酉三五 庚戌四五 辛亥五五 壬子或谓地支一气。类多贵格。然亦不可尽信。如上列之造。为江西文学家梅君命也。纯支纯午。却属一世清贫。盖火炽木焚。壬水制不住。庚金任不住。势大适为我敌。势小难为我用。宜其相如壁立。季子囊空。送穷有文。点金乏术。惟八字纯阳。劲节高标。孤芬自赏。固是书生本色。早年闻术家言。辛运合丙。绊住旺神。应见飞黄腾达。讵料行入辛运。丁卯年忽得疯瘫之症。贫而且病,[]
千里命稿,千里命稿-0189,庚辰己丑癸丑乙卯,癸,LIGHT,REN-CAIGUAN|SHISHI-BURUO|XIEQI-TAIZHONG|LIGHT-ROOT|YIN-PARTY|ROOT-STRUCK|ROOT-GAN-PRIORITY|SHI-GUI-LU|ZHONGGUA-2SIDE|JIRUO-WUGEN|JISHUAI-CONGSHENG|GE-QUALITY|TIANGAN-XINGQING|YONGSHEN-STRUCTURE|YONGSHEN-FINAL|ZHONG-HE,六岁 庚寅十六 辛卯廿六 壬辰三六 癸巳四六 甲午五六 乙未绍兴蒋清渠先生。别署越洲胖汉。服务军警政学各界。公暇喜研命理。深有心得。早年游历大江南北。足迹所至。各同事感请其谈命。颇多中肯。前蒙邮示命造多则。嘱余评断。缘将管窥所及。呈请赐教。上为毛希蒙先生庚造。毛先生久历军旅。功勋卓著。上年代理定海县公安局长，勤察民情。政誉更隆。夫癸丑日元。生于立春前十五日。已值己土用事。土乃七杀。月支丑官本气己土,[]
千里命稿,千里命稿-0190,庚子丙戌乙亥乙酉,乙,NONE,SHISHI-BURUO|SHAZHONG-SHENQING|XIEQI-TAIZHONG|BIJIE-PARTY|ZHONGGUA-2SIDE|RI-BEI-HE|WUGEN-YOUFU|JISHUAI-CONGSHENG|SHIYONG-YUELING-XIANGFU|GE-QUALITY|YUN-SHENG-ROOT|SHI-ZHU-JI|TIANGAN-XINGQING|YONGSHEN-STRUCTURE|YONGSHEN-FINAL|ZHONG-HE,四岁 丁亥十四 戊子廿四 己丑三四 庚寅四四 辛卯五四 壬辰六四 癸巳此系某军需长之命。滴天髓阐微有云。“弱者宜生。弱之极者。宜克而不宜生也。所谓虚则补其母。是以秋木凋落。宜金而不宜水也。”又曰“太衰宜克，衰极宜泄。”依此而论。本命乙木日干。生于立冬前十日。土正用事。身坐死地。时归绝处。年逢病乡。所依以生存者。赖有戌支身库，及时干比肩。虽曰衰弱。尚未臻极地。宜克而不宜泄也明矣。余以财旺生官立论。或,"['衰弱', '衰极']"
千里命稿,千里命稿-0191,己酉己巳癸酉戊午,癸,NONE,SHAZHONG-SHENQING|HE-HUASHEN-DESHI|ZHONGGUA-2SIDE|RI-BEI-HE|WUGEN-YOUFU|JISHUAI-CONGSHENG|GE-QUALITY|YUN-SHENG-ROOT|SHI-ZHU-JI|TIANGAN-XINGQING|YONGSHEN-STRUCTURE|YONGSHEN-FINAL,三岁 戊辰十三 丁卯廿三 丙寅三三 乙丑四三 甲子五三 癸亥六三 壬戌上系馀姚县民生工厂朱联泉厂长之造。祖业甚丰。赋性笃厚。殊为地土绅所推戴。厂内经费毫无。概由朱君捐助。夫癸酉日元。生于立夏之后。值火土当权。财官用事。月令官星透天干。理取官星为用。财印为辅。不料两位七杀。年月盘踞。大有官煞混杂之嫌。书曰官煞混杂。制煞为福。今四柱不见食伤。制煞无物。妙有印绶化煞。则官乃纯。立身政界。名誉隆崇。运途以,[]
千里命稿,千里命稿-0192,乙卯庚辰丙子壬辰,丙,NONE,SHISHI-BURUO|SHAZHONG-SHENQING|YIN-PARTY|ZHONGGUA-2SIDE|JIRUO-WUGEN|WUGEN-YOUFU|JISHUAI-CONGSHENG|SHIYONG-YUELING-XIANGFU|GE-QUALITY|YUN-SHENG-ROOT|SHI-ZHU-JI|YONGSHEN-STRUCTURE|YONGSHEN-FINAL|ZHONG-HE,四岁 己卯十四 戊寅廿四 丁丑三四 丙子四四 乙亥五四 甲戌六四 癸酉旧命书人以壬辰戌丑未之月。谓之杂气。以其藏支多。故谓之杂，唯命理约言一书。辟之最畅。今丙火生于辰月。时透七煞。普通命家当取时上一位贵格。其他六神。概置闲废。愚见所及。取命格当以月中藏神。透干会支为重，本命身健（多印生之。）印旺。（月时之印透天干。）财透。（乙助庚势。）煞强。（壬旺于子。非混官也。）当取食用煞印。立业宜近财。盖食生,['身旺']
千里命稿,千里命稿-0193,甲辰甲戌癸未辛酉,癸,LIGHT,REN-CAIGUAN|SHISHI-BURUO|XIEQI-TAIZHONG|LIGHT-ROOT|YIN-PARTY|ROOT-STRUCK|ROOT-GAN-PRIORITY|ZHONGGUA-2SIDE|JIRUO-WUGEN|JISHUAI-CONGSHENG|SHIYONG-YUELING-XIANGFU|GE-QUALITY|TIANGAN-XINGQING|YONGSHEN-STRUCTURE|YONGSHEN-FINAL|ZHONG-HE,九岁 乙亥十九 丙子廿九 丁丑三九 戊寅四九 己卯五九 庚辰六九 辛巳上系安徽某当铺经理谢君八字。癸水生于戌月。已近黄土当权。土克水为正官。年支辰土。又是正官。时上辛酉干支皆金。金生水为印。则局中有官有印。理当飞黄腾达。宦海航行。何今屈居市尘经理质物为事。寄人篱下。辛苦万状。厥故维何。要知官星宜露。露则清高。今辰戌之官。藏而不露。一也。辰戌冲。官与官自起冲突。二也。官既不透。而与官作仇之伤官。加盖,[]
千里命稿,千里命稿-0194,辛亥辛丑甲午癸酉,甲,HEAVY,REN-CAIGUAN|SHISHI-BURUO|HEAVY-ROOT|YIN-PARTY|ROOT-GAN-PRIORITY|ZHONGGUA-2SIDE|SHIYONG-YUELING-XIANGFU|GE-QUALITY|SHI-ZHU-JI|TIANGAN-XINGQING|YONGSHEN-STRUCTURE|YONGSHEN-FINAL|ZHONG-HE,七岁 壬寅十七 癸卯廿七 甲辰三七 乙巳四七 丙午五七 丁未六七 戊申此南京杜霭移先生次女公子。锡贞女之命也。杜公历任苏省南汇江阴江浦等县知事多年。政绩卓著。敝友蒋清渠先生 。蒙杜公延请办理司法。兼第一科行政。相处多年，彼此投契。近有某君为女士作伐。与某公子撮合。杜公深悉蒋君精于命理。请其推评而决焉。迩因蒋君与千里控讨命理。昨蒙将女士并婿之庚造开示。谬陈管见于后。本命财旺生官。而官星太旺。透印以解,"['身强', '中和']"
千里命稿,千里命稿-0195,庚子甲申癸酉癸丑,癸,HEAVY,REN-CAIGUAN|SHISHI-BURUO|HEAVY-ROOT|YIN-PARTY|BIJIE-PARTY|ROOT-STRUCK|ROOT-GAN-PRIORITY|SHI-GUI-LU|ZHONGGUA-2SIDE|JIRUO-WUGEN|JIWANG-HUAIJI|GE-QING|GE-QUALITY|CAI-RUO-SHEN-QIANG|SHI-ZHU-JI|TIANGAN-XINGQING|YONGSHEN-STRUCTURE|YONGSHEN-FINAL|ZHONG-HE,五岁 乙酉十五 丙戌廿五 丁亥三五 戊子四五 己丑五五 庚寅六五 辛卯上列庚造。系福州南台王世昌先生。上年邮寄蒋清渠先生推评。今蒙开示。谬陈管见于后。癸水生于申月。金白水清。秀而无比。依滴天髓通关而推。年上庚金。为发源之地。流通至时上丑土而止。最可喜者。月干甲木。能运动水气。能生火以调和金气。四柱地支。子申半会水局。酉丑半会金局。满盘金水。若无甲木透出天干。则金水混浊不清耳。正印用伤。别无可取。觇,[]
千里命稿,千里命稿-0196,庚午己丑己未甲子,己,HEAVY,REN-CAIGUAN|DESHI-BUWANG|XIEQI-TAIZHONG|HEAVY-ROOT|BIJIE-PARTY|ROOT-STRUCK|ROOT-GAN-PRIORITY|HE-HUASHEN-DESHI|ZHONGGUA-2SIDE|RI-BEI-HE|JIRUO-WUGEN|JIWANG-HUAIJI|SHIYONG-YUELING-XIANGFU|GE-QUALITY|WANGJI-SIWO-SHENG|SHI-ZHU-JI|TIANGAN-XINGQING|YONGSHEN-STRUCTURE|YONGSHEN-FINAL|ZHONG-HE,七岁 庚寅十七 辛卯廿七 壬辰三七 癸巳四七 甲午五七 乙未六七 丙申上系绍与益新玻璃厂主人刘炳辉先生之造。亦由蒋清渠君开示。嘱余评断。查己未日元。生于丑月。已值土旺用事。柱中土凡五见。所幸丑未逢冲。冲出丑中辛金食神。而年庚伤官。为辛金之助。一生安居乐业。财丁两旺者。全赖于食伤之力也。本命八字取用。年禄既不足以言格。合化又见妒合难成。不如季土叠叠。喜重金以吐秀。月辛年庚。取用为妙。而时上之财有源。,[]
千里命稿,千里命稿-0197,庚申乙卯丙戌庚寅,丙,HEAVY,REN-CAIGUAN|SHISHI-BURUO|HEAVY-ROOT|YIN-PARTY|ROOT-STRUCK|ROOT-GAN-PRIORITY|WANGCHONG-SHUAI|SHI-GUI-LU|ZHONGGUA-2SIDE|JIRUO-WUGEN|JIWANG-HUAIJI|GE-QUALITY|YONGSHEN-STRUCTURE|YONGSHEN-FINAL|ZHONG-HE,三岁 庚辰十三 辛巳廿三 壬午三三 癸未四三 甲申五三 乙酉六三 丙戌七三 丁亥此系福建刘杏村先生长子含怀兄八字。丙乃纯阳之火。其势猛烈。能锻庚金。遇强暴而施克伐也。坐于犬乡。会虎合兔。火势益厚。日主健甚。己土临月干，以卑湿之土。能收元阳之气。得以泄丙火之威。壬水藏年支。汪洋之水。能制暴烈之火。得以遏阳火之焰。庚金两露。财临旺地。本命取格。依正理以推。身旺印强。自然以食伤为用。泄其太过。兹卯戌相合,"['身旺', '身强']"
千里命稿,千里命稿-0198,辛亥丙申戊午己未,戊,HEAVY,REN-CAIGUAN|SHISHI-BURUO|XIEQI-TAIZHONG|HEAVY-ROOT|YIN-PARTY|BIJIE-PARTY|ROOT-STRUCK|ROOT-GAN-PRIORITY|SHI-GUI-LU|ZHONGGUA-2SIDE|JIRUO-WUGEN|JIWANG-HUAIJI|JISHUAI-CONGSHENG|GE-QUALITY|SHI-ZHU-JI|YONGSHEN-STRUCTURE|YONGSHEN-FINAL|ZHONG-HE,三岁 乙未十三 甲午廿三 癸巳三三 壬辰四三 辛卯五三 庚寅六三 己丑戊午日元。戊为阳土。喜润忌燥。今生于立秋之后。已金旺而土休。幸坐午宫旺地。又有羊刃帮身。日主高强。一生乐自无忧。格取申宫食神。兼取偏财为相。名曰食神生财。所以泄身之秀。调剂火土之和。用食忌枭。丙火枭印盖头。则食受制矣。讵知丙辛作合。而印非其印。伤官透露。主人性刚。月坐文昌。无怪金石书画。不学而能之也。戊坐午日。羊刃逢印绶。理应残,[]
千里命稿,千里命稿-0199,丙戌乙未丙戌辛卯,丙,LIGHT,REN-CAIGUAN|SHISHI-BURUO|LIGHT-ROOT|YIN-PARTY|BIJIE-PARTY|ROOT-STRUCK|ROOT-GAN-PRIORITY|ZHONGGUA-2SIDE|RI-BEI-HE|JIRUO-WUGEN|SHIYONG-YUELING-XIANGFU|GE-QING|GE-QUALITY|YONGSHEN-STRUCTURE|YONGSHEN-FINAL|ZHONG-HE,六岁 丙申十六 丁酉廿六 戊戌三六 己亥四六 庚子五六 辛丑六六 壬寅此绍兴陈君泳之命也。伤用财。生于立秋前半月。正值土旺用事。神峰所谓真伤官。运行戊戌己三部神逢运透清。时值光复。丝绸价格锐跌。陈君在杭开设裕水绸庄。经营十四年。获利三十万。人亥运。憾于亥卯未会成木局。事业凋零。乃赋归来。拥资二十余万。足享林泉之福。将来交子运。尚可再起。盖六月间火土。燥烈已极。柱中卜见滴水。故富而不贵。今逢子水滋润,[]
千里命稿,千里命稿-0200,甲申戊辰丁未丙午,丁,HEAVY,REN-CAIGUAN|SHISHI-BURUO|XIEQI-TAIZHONG|YIN-PARTY|BIJIE-PARTY|ROOT-GAN-PRIORITY|SHI-GUI-LU|ZHONGGUA-2SIDE|JIWANG-HUAIJI|JISHUAI-CONGSHENG|GE-QING|GE-QUALITY|TIANGAN-XINGQING|YONGSHEN-STRUCTURE|YONGSHEN-FINAL|ZHONG-HE,三岁 己巳十三 庚午廿三 辛未三三 壬申四三 癸酉五三 甲戌此系陈泳之君胞兄。馥堂先生庚造。虽亦火土伤官。与泳之君火土伤官。大相径庭。盖泳之自手经营绸业。获资数十万。馥堂亦自设绸肆。未及三年。因亏耗不支。停为家居。株守田园而已。运行壬申时。伤官见宫。一败涂地。破财丧妻。备偿困顿。细按之。丁干阴火。生土之力甚薄。而戊土不产真金。故无生财之道。壬运之不入黄泉。赖甲木之功。稍纳水势耳。,[]
千里命稿,千里命稿-0201,庚午癸未壬午辛丑,壬,LIGHT,REN-CAIGUAN|SHISHI-BURUO|LIGHT-ROOT|YIN-PARTY|BIJIE-PARTY|ROOT-STRUCK|ROOT-GAN-PRIORITY|SHI-GUI-LU|ZHONGGUA-2SIDE|JIRUO-WUGEN|SHIYONG-YUELING-XIANGFU|GE-QUALITY|SHI-ZHU-JI|YONGSHEN-STRUCTURE|YONGSHEN-FINAL|ZHONG-HE,四岁 甲申十四 乙酉廿四 丙戌三四 丁亥四四 戊子五四 己丑上系萧山金伯平先生之三公子。德润孩造，壬日坐午。号曰禄马同乡。言其有财有官也。生于立秋前十日。已值己土用事。官临旺地。印绶透天干。正财伏两午，财官印三奇俱全。洵上乘之命也。未月壬水。力本薄弱。今有癸水帮身。两印生身。弱而不弱矣。宜于政界立身。位高权重。收入亦丰。但劫财透干。剥削极重。乙亥丙子二年。上学读书最利。行运自酉字起。至亥字止。俱臻,[]
千里命稿,千里命稿-0202,辛亥庚寅丁未辛亥,丁,LIGHT,REN-CAIGUAN|LIGHT-ROOT|ROOT-GAN-PRIORITY|ZHONGGUA-2SIDE|JIRUO-WUGEN|SHIYONG-YUELING-XIANGFU|GE-QUALITY|SHI-ZHU-JI|TIANGAN-XINGQING|YONGSHEN-STRUCTURE|YONGSHEN-FINAL|ZHONG-HE,一岁 己丑十一 戊子廿一 丁亥三一 丙戌四一 乙酉五一 甲申六一 癸未丁火日元。生于立春后一日。严寒未解。火力未充。得木生之。自然气焰势足。复查年月日时。四支俱有甲乙之木。生火已嫌过多。而寅宫丙火。未中丁火。亦皆有辅主之功。财神高透天干。正官藏于两亥。本命财官印三奇俱全。理应声名腾达。平步青云。何今屈蛰市井。寄人篱下。持筹握算。整日劳碌。要知柱中寅亥作合。亥未拱合。官星暗损。宦海无缘。习贾经商。方,[]
千里命稿,千里命稿-0203,戊申丁巳己巳辛未,己,HEAVY,REN-CAIGUAN|SHISHI-BURUO|XIEQI-TAIZHONG|HEAVY-ROOT|YIN-PARTY|BIJIE-PARTY|ROOT-STRUCK|ROOT-GAN-PRIORITY|SHI-GUI-LU|ZHONGGUA-2SIDE|JIRUO-WUGEN|JIWANG-HUAIJI|JISHUAI-CONGSHENG|GE-QING|GE-QUALITY|SHI-ZHU-JI|TIANGAN-XINGQING|YONGSHEN-STRUCTURE|YONGSHEN-FINAL|ZHONG-HE,八岁 戊午十八 己未廿八 庚申三八 辛酉四八 壬戌五八 癸亥六八 甲子己土日元。其性卑湿。能生木亦能润金。生于巳月。赤帝司权。土随母旺。日主高强。依理而推。当取正印为格。一派火土。混浊不清，所幸伤官伤尽。用之为奇。性极高傲。作事聪明。祖业不丰。尚堪温饱。将来白手发展。获资基钜。妻坚配。方免刑伤。子迟得。乃有收成。大运初行戊午己未。火土帮身。不见佳妙。庚申辛酉之年。喜神透清。添丁增口。财帛进门。壬癸,[]
千里命稿,千里命稿-0204,庚辰丁亥丙辰丁酉,丙,NONE,CAIDUO-SHENRUAN|JUECHU-FENGSHENG|ZHONGGUA-2SIDE|JIRUO-WUGEN|WUGEN-YOUFU|GE-QUALITY|YUN-SHENG-ROOT|SHI-ZHU-JI|YONGSHEN-STRUCTURE|YONGSHEN-FINAL,六岁 戊子十六 己丑廿六 庚寅三六 辛卯四六 壬辰五六 癸巳六六 甲午上为宁波第一特区行政志员。赵次胜先生之八字。丙火生于亥月。冬日可爱。丙丁帮身。亥中杀印同宫。庚财通根于酉。滋杀有源。辰中食神制杀。舒配得宜。是故气宇轩昂。政声卓著。入壬辰运。杀食两显。出任专员。办理新嵊奉三县剿匪事宜。旌旗所至。小丑披靡。甲运本有夺食之嫌。柱露庚金。仍奋发有为。午运羊刃。静养太和为妙。,[]
千里命稿,千里命稿-0205,乙巳乙酉丙辰丙申,丙,HEAVY,REN-CAIGUAN|SHISHI-BURUO|HEAVY-ROOT|YIN-PARTY|BIJIE-PARTY|ROOT-STRUCK|ROOT-GAN-PRIORITY|ZHONGGUA-2SIDE|JIRUO-WUGEN|GE-QING|GE-QUALITY|SHI-ZHU-JI|YONGSHEN-STRUCTURE|YONGSHEN-FINAL|ZHONG-HE,九岁 丙戌十九 丁亥廿九 戊子三九 己丑四九 庚寅五九 辛卯六九 壬辰七九 癸巳四柱天干。两乙两丙。木火相生。人必曰两干不杂格。其实不然。女命所注重者财官。柱中有财有官。不冲不破。便为佳造。今丙火生于酉月。正财当令。与年支之巳。半会金局。与日支之辰。合而化金。会合俱为财。本命财乃极旺。可视其极有才能。作事干练。交际手段亦高。柱中东合西会。面面留情。幸有两印透干。操守贞洁。帮夫助家。邻里称贤。行运戊,[]
千里命稿,千里命稿-0206,己酉己巳丁丑甲辰,丁,HEAVY,REN-CAIGUAN|DESHI-BUWANG|XIEQI-TAIZHONG|HEAVY-ROOT|YIN-PARTY|ROOT-GAN-PRIORITY|ZHONGGUA-2SIDE|JIRUO-WUGEN|JIWANG-HUAIJI|SHIYONG-YUELING-XIANGFU|GE-QING|GE-QUALITY|WANGJI-SIWO-SHENG|SHI-ZHU-JI|TIANGAN-XINGQING|YONGSHEN-STRUCTURE|YONGSHEN-FINAL|ZHONG-HE,四岁 戊辰十四 丁卯廿四 丙寅三四 乙丑四四 甲子五四 癸亥六四 壬戌上系福州省邮务局秘书郑炳年先生之郎君。希文兄庚造。现在上海东湖法律学院肄业。品貌秀丽。学问渊博。核其命理。确相符合，非偶然也。丁火生于巳月。年酉长生。日丑墓库。时干正印。日元健朗。或取食神生财。或以月刃当煞。言虽有理。皆非正论。当以月劫用财。或疑既用劫。又用财。岂非自相矛盾。世有令偷盗之人。而掌银库者乎。讵知月劫用财。须带伤食。,[]
千里命稿,千里命稿-0207,辛亥庚子庚辰丙戌,庚,LIGHT,REN-CAIGUAN|SHISHI-BURUO|LIGHT-ROOT|BIJIE-PARTY|ROOT-STRUCK|ROOT-GAN-PRIORITY|HE-HUASHEN-DESHI|SHI-GUI-LU|ZHONGGUA-2SIDE|JIRUO-WUGEN|GE-QUALITY|SHI-ZHU-JI|YONGSHEN-STRUCTURE|YONGSHEN-FINAL|ZHONG-HE,十一 己亥廿一 戊戌三一 丁酉四一 丙申五一 乙未六一 甲午七一 癸巳上系炳年先生第三郎君希杰先生庚造。求学北平大学。推评四柱。庚金生于仲冬之月。坐下辰土。月干庚金。年干辛金。皆足为日元之助。身主健朗。可觇其德性坚定。作事精明。伤官坐月令。英华外发。聪明伶俐。年支遇文昌。学术高明。堪以预卜。身强宜泄。月支子水。正所以泄身之秀。而亥子会成水方。子辰半会水局。虽曰方局不宜相混。要皆拥护伤官。意向一致。,['身强']
千里命稿,千里命稿-0208,丁亥壬寅戊申壬子,戊,HEAVY,REN-CAIGUAN|SHISHI-BURUO|YIN-PARTY|ROOT-STRUCK|ROOT-GAN-PRIORITY|WANGCHONG-SHUAI|HE-HUASHEN-DESHI|ZHONGGUA-2SIDE|JIRUO-WUGEN|GE-QUALITY|SHI-ZHU-JI|YONGSHEN-STRUCTURE|YONGSHEN-FINAL|ZHONG-HE,三岁 辛丑十三 庚子廿三 己亥三三 戊戌四三 丁酉五三 丙申六三 乙未上系绍兴蒋清渠先生庚造。别署越州胖汉。曾毕业中校。清季在本省各府办理刑名。暨新政事件，光复后人法校听讲。旋办绍兴成章女中校。历任苏省各县司法科主任。及第一科科长。十六年后。在浙江省防军任书纪官。升首都警察厅佐治警政。近复办理建设新政。前承开示庚造。嘱予评断。戊属土。为万物之母。此常论也。其实仅凭单独之土质。虽一草一木。亦不能滋长,[]
千里命稿,千里命稿-0209,乙丑庚辰己未庚午,己,HEAVY,REN-CAIGUAN|DESHI-BUWANG|XIEQI-TAIZHONG|HEAVY-ROOT|ROOT-STRUCK|ROOT-GAN-PRIORITY|SHI-GUI-LU|ZHONGGUA-2SIDE|JIRUO-WUGEN|JIWANG-HUAIJI|GE-QUALITY|WANGJI-SIWO-SHENG|TIANGAN-XINGQING|YONGSHEN-STRUCTURE|YONGSHEN-FINAL|ZHONG-HE,六岁 己卯十六 戊寅廿六 丁丑三六 丙子四六 乙亥五六 甲戌六六 癸酉上为程柏堂先生庚造。程籍绍兴。光绪丁酉年拔贡。截取京官。乙巳年。出任苏省华亭县知县多年。光复后。历充厘差。并在江浙财政厅任秘书科长等职。工于八法。颇负盛名。家资巨万。伉俪和谐。查其庚造盖己土。生于辰月。季土叠叠。午火居时。日元强旺无疑。或以日禄归时没官星取格。或以月劫用煞定评。按之旺者宜泄。季土叠叠。宜重金以吐秀。本命幼岁选拔萃,[]
千里命稿,千里命稿-0210,庚辰戊子己卯乙亥,己,HEAVY,REN-CAIGUAN|SHISHI-BURUO|HEAVY-ROOT|BIJIE-PARTY|ROOT-STRUCK|ROOT-GAN-PRIORITY|ZHONGGUA-2SIDE|JIRUO-WUGEN|GE-QUALITY|SHI-ZHU-JI|TIANGAN-XINGQING|YONGSHEN-STRUCTURE|YONGSHEN-FINAL|ZHONG-HE,八岁 己丑十八 庚寅廿八 辛卯三八 壬辰四八 癸巳五八 甲午六八 乙未上为曾任浙江馀姚汤溪等县县长端木彰先生庚造。己土生于子月。偏财当令。柱中七煞重重。财来滋煞。故历任军界要职。（前浙省鲁主席涤平是其门生。）柱中所缺者印绶。杀无印不威，故其人温厚和平。蔼然可亲。内权独擅。盖杀居日支也。迨运入已地。煞印相生。而寒令之湿土。遇阳光普照，岂有不舒展之理。故于壬申年四月。委署馀姚县长。至甲戌夏季。调篆汤溪,[]
千里命稿,千里命稿-0211,庚子乙酉癸巳己未,癸,HEAVY,REN-CAIGUAN|SHISHI-BURUO|XIEQI-TAIZHONG|HEAVY-ROOT|YIN-PARTY|ROOT-STRUCK|ROOT-GAN-PRIORITY|HE-HUASHEN-DESHI|ZHONGGUA-2SIDE|JIRUO-WUGEN|JIWANG-HUAIJI|JISHUAI-CONGSHENG|GE-QUALITY|SHI-ZHU-JI|TIANGAN-XINGQING|YONGSHEN-STRUCTURE|YONGSHEN-FINAL|ZHONG-HE,八岁 丙戌十八 丁亥廿八 戊子三八 己丑四八 庚寅五八 辛卯六八 壬辰上系宁波丰纱厂经理凌俾麟先生庚造。命书所载。癸日坐巳宫。财官双美。则人生于癸巳日元。无有不富而且贵者。其实要四柱合看。未可以一概论也。本命癸水生于白露之后。正值秋金司令。偏印用事。年上透出庚金正印。而乙木助之。年支比肩。又是禄堂。总观癸水日干。有如许拥护之神。则弱而不弱矣。本命取格取用。有以岁禄用官。或取时上七杀。细按之。年禄固,[]
千里命稿,千里命稿-0212,戊戌戊午丁卯丙午,丁,HEAVY,REN-CAIGUAN|DESHI-BUWANG|XIEQI-TAIZHONG|HEAVY-ROOT|BIJIE-PARTY|ROOT-STRUCK|ROOT-GAN-PRIORITY|SHI-GUI-LU|ZHONGGUA-2SIDE|JIRUO-WUGEN|JIWANG-HUAIJI|SHIYONG-YUELING-XIANGFU|GE-QUALITY|WANGJI-SIWO-SHENG|TIANGAN-XINGQING|YONGSHEN-STRUCTURE|YONGSHEN-FINAL|ZHONG-HE,二岁 己未十二 庚申廿二 辛酉三二 壬戌四二 癸亥五二 甲子六二 乙丑上系上海大众书局经理樊剑刚先生八字。丁火生于午月。正逢当令之时。日主甚为强健。加以两禄帮身。丙火辅主。卯木生干。虽曰至刚莫厂。究嫌其太过。幸有两戊透干。得以泄火之秀。本命做事机警干练。才学高明。于此可见。所惜四柱五行缺水。似此火炎土燥之际。能有甘泉滋润。则坎离调变。前程莫可限量。今赖运来补救。未为晚也。本命以建禄用伤取格。泄其太,[]
千里命稿,千里命稿-0213,丙戌丁酉己卯丁卯,己,HEAVY,REN-CAIGUAN|SHISHI-BURUO|HEAVY-ROOT|YIN-PARTY|ROOT-STRUCK|ROOT-GAN-PRIORITY|WANGCHONG-SHUAI|ZHONGGUA-2SIDE|JIRUO-WUGEN|JIWANG-HUAIJI|GE-QUALITY|CAI-RUO-SHEN-QIANG|SHI-ZHU-JI|TIANGAN-XINGQING|YONGSHEN-STRUCTURE|YONGSHEN-FINAL|ZHONG-HE,九岁 戊戌十九 己亥廿九 庚子三九 辛丑四九 壬寅五九 癸卯六九 甲辰上系营口天和报关行经理张之声先生庚造。己土生于酉月。正值秋金司令。食神当权。泄身之秀。美不可言。无如四柱天干。阳火阴火。层见叠出。食神受印绶之掣肘。已无遁饰。所谓火炎土燥。金无所赖。且卯酉逢冲。酉戌相害。将极妙秀气。完全铲除。本命弱点。即由于此。卯宫偏官。结党攻身。原冀食神来制。不图食神本身。四面楚歌。自顾不遑。乃偏官不得不用印,[]
千里命稿,千里命稿-0214,戊子乙丑辛丑壬辰,辛,LIGHT,REN-CAIGUAN|SHISHI-BURUO|XIEQI-TAIZHONG|LIGHT-ROOT|YIN-PARTY|ROOT-STRUCK|ROOT-GAN-PRIORITY|ZHONGGUA-2SIDE|JIRUO-WUGEN|JISHUAI-CONGSHENG|SHIYONG-YUELING-XIANGFU|GE-QING|GE-QUALITY|SHI-ZHU-JI|YONGSHEN-STRUCTURE|YONGSHEN-FINAL|ZHONG-HE,五岁 丙寅十五 丁卯廿五 戊辰三五 己巳四五 庚午五五 辛未六五 壬申郑正秋先生。经才纬抱。四海知名。其于戏剧及电影。不过寄情抒怀。效生公之说法。予世人以针砭而已。顷以噩耗传来。大雅云亡。不胜人琴之慨。缘乘本书付梓之际。特殿是篇藉志哀悼。余与先生。由诗文之酬酢。交缔忘年。先生最信余课。遇重要机密。辄委占六壬。时蒙以有期许。挙注弥殷。每挹其芝光。聆其兰语。恒令人一往情深。不能自己。查先生之命造。辛诞,[]
千里命稿,千里命稿-0215,己未戊辰丁未戊申,丁,LIGHT,REN-CAIGUAN|XIEQI-TAIZHONG|LIGHT-ROOT|ROOT-GAN-PRIORITY|ZHONGGUA-2SIDE|JIRUO-WUGEN|JISHUAI-CONGSHENG|SHIYONG-YUELING-XIANGFU|GE-QING|GE-QUALITY|SHI-ZHU-JI|TIANGAN-XINGQING|YONGSHEN-STRUCTURE|YONGSHEN-FINAL|ZHONG-HE,五岁 己巳十五 庚午廿五 辛未三五 壬申四五 甲戌某名公以杨秀琼之八字。嘱余推评。夫丁火满见戊己于干支。又在谷雨之后。黄土当权。应如命理约言所云。“日主无根。满局皆伤。则当从伤。”不作身弱论。亦即滴天髓所谓“从儿格”是也。宜其巾帼英才。矫强特立。十五岁行来庚运。财星得禄。秀气流动。自应一鸣惊人。声誉震全国。芳踪所至。公卿倒屣。惟明年丙火克庚。幸以高危满损为戒。丁丑年或有关睢之兆。往后午运平淡。辛未,['身弱']
千里命稿,千里命稿-0216,甲午丁丑辛酉甲午,辛,HEAVY,REN-CAIGUAN|HEAVY-ROOT|ROOT-STRUCK|ROOT-GAN-PRIORITY|ZHONGGUA-2SIDE|JIRUO-WUGEN|JIWANG-HUAIJI|SHIYONG-YUELING-XIANGFU|GE-QUALITY|CAI-RUO-SHEN-QIANG|SHI-ZHU-JI|YONGSHEN-STRUCTURE|YONGSHEN-FINAL|ZHONG-HE,八岁 戊寅十八 己卯廿八 庚辰三八 辛巳四八 壬午五八 癸未周信芳君，艺名麒麟童。具隽才。为剧界全能。称梨园宗匠。余视其命造，财杀两强。而以日坐比禄。月得印绶为根。第日主较弱。不堪任财任杀。所以富贵非愿。弦歌寄情。仗义疏财。安贫洁己。然支中土金重重。可以帮身。是谓明病暗乐。宜其一曲风传。万人击赏。殊非寻常优伶。可与同日而语也。再核运程。庚、辰、辛一派土金。盛名勿替。明年进巳字。三合金局。楼台更上。,[]
千里命稿,千里命稿-0217,辛酉戊戌丁未壬寅,丁,LIGHT,REN-CAIGUAN|XIEQI-TAIZHONG|LIGHT-ROOT|ROOT-STRUCK|ROOT-GAN-PRIORITY|ZHONGGUA-2SIDE|RI-BEI-HE|JIRUO-WUGEN|JISHUAI-CONGSHENG|SHIYONG-YUELING-XIANGFU|GE-QUALITY|TIANGAN-XINGQING|YONGSHEN-STRUCTURE|YONGSHEN-FINAL|ZHONG-HE,七岁 丁酉十七 丙申廿七 乙未三七 甲午四七 癸巳五七 壬辰六七 辛卯阎锡山封翁。富贵寿考。一身兼全。余尝推评其命。丁诞戌月。干透戊土。为伤官格。戊生辛财。辛生壬官。壬生寅印。寅又生身。循环不息。生气盎然。如是命局。固不论金木水火土之岁运。或太过。或不及。皆得生化补救。致险无由。所以鹤骨松身。克享遐龄。而福禄绵密。令子贤肖。尤为可贵。诚今世之郭汾阳也。按余讲学于申商学会时。某君以辛酉戊戌丁未辛丑一,[]
千里命稿,千里命稿-0218,乙酉庚辰壬寅己酉,壬,LIGHT,REN-CAIGUAN|SHISHI-BURUO|XIEQI-TAIZHONG|LIGHT-ROOT|YIN-PARTY|ROOT-GAN-PRIORITY|ZHONGGUA-2SIDE|JIRUO-WUGEN|JISHUAI-CONGSHENG|GE-QUALITY|YONGSHEN-STRUCTURE|YONGSHEN-FINAL|ZHONG-HE,五岁 己卯十五 戊寅廿五 丁丑三五 丙子四五 乙亥五五 甲戌孙传芳死矣。世之论其功过者。啧有烦言。无须再赘。惟既放下屠刀。扳依三宝。仍不善终。莫非命也。亦为吾人所急欲研究者也。夫壬水归库于辰。金凡三见。乙木合去。金水占优。以身强论。己土之官。助印有余。拘身不足。应弃而用寅内丙财。赖其破印。并以为表张耳。盛于丙运。用神得助也。败于子运之未。用火忌见水也。乙运以还。寂然无闻。亥运合寅夺丙。每况愈下。 ,"['身弱', '身强']"
