line,chart,daymaster,month_god,root,root_detail,season,support,drain,control,two_side,tian_he,queries
49,辛卯丁酉庚午丙子,庚,劫财,HEAVY,month:HEAVY_WANG,IN_SEASON,BIJIE:1透|JIECAI:1透,,GUANSHA:2透,"两端成势未授权, 保留节点不裁, 经典规则未来各自查询",辛丙化水,REN-CAIGUAN|DESHI-BUWANG|HEAVY-ROOT|BIJIE-PARTY|ROOT-STRUCK|ROOT-GAN-PRIORITY|WANGCHONG-SHUAI|ZHONGGUA-2SIDE|JIWANG-HUAIJI|YONGSHEN-STRUCTURE
52,庚申庚辰戊辰戊午,戊,比肩,HEAVY,year:LIGHT_YU_QI|month:LIGHT_YU_QI|day:LIGHT_YU_QI|hour:HEAVY_WANG,IN_SEASON,BIJIE:1透,SHISHANG:2透,,"两端成势未授权, 保留节点不裁, 经典规则未来各自查询",,REN-CAIGUAN|DESHI-BUWANG|XIEQI-TAIZHONG|HEAVY-ROOT|BIJIE-PARTY|ROOT-STRUCK|ROOT-GAN-PRIORITY|SHI-GUI-LU|ZHONGGUA-2SIDE|JIWANG-HUAIJI|WANGJI-SIWO-SHENG|YONGSHEN-STRUCTURE
55,辛酉辛丑己酉丙寅,己,比肩,LIGHT,year:SPECIAL_LONGSHENG_YIN|month:LIGHT_MU_KU|day:SPECIAL_LONGSHENG_YIN,IN_SEASON,YIN:1透,SHISHANG:2透,,"两端成势未授权, 保留节点不裁, 经典规则未来各自查询",辛丙化水|辛丙化水,REN-CAIGUAN|DESHI-BUWANG|XIEQI-TAIZHONG|LIGHT-ROOT|YIN-PARTY|ROOT-STRUCK|ROOT-GAN-PRIORITY|ZHONGGUA-2SIDE|SHI-ZHU-JI|TIANGAN-XINGQING|YONGSHEN-STRUCTURE
58,壬辰壬寅甲寅庚午,甲,比肩,HEAVY,year:LIGHT_YU_QI|month:HEAVY_LU|day:HEAVY_LU,IN_SEASON,YIN:2透,,GUANSHA:1透,"两端成势未授权, 保留节点不裁, 经典规则未来各自查询",,REN-CAIGUAN|HEAVY-ROOT|YIN-PARTY|ROOT-GAN-PRIORITY|ZHONGGUA-2SIDE|GE-QING|SHI-ZHU-JI|TIANGAN-XINGQING|YONGSHEN-STRUCTURE
61,癸酉甲子癸亥辛酉,癸,比肩,HEAVY,month:HEAVY_LU,IN_SEASON,BIJIE:1透|YIN:1透,SHISHANG:1透,,"两端成势未授权, 保留节点不裁, 经典规则未来各自查询",,REN-CAIGUAN|DESHI-BUWANG|XIEQI-TAIZHONG|HEAVY-ROOT|YIN-PARTY|BIJIE-PARTY|ROOT-STRUCK|ROOT-GAN-PRIORITY|ZHONGGUA-2SIDE|JIWANG-HUAIJI|CAI-RUO-SHEN-QIANG|WANGJI-SIWO-SHENG|TIANGAN-XINGQING|YONGSHEN-STRUCTURE
71,丁亥庚戌甲辰壬申,甲,偏财,HEAVY,year:HEAVY_LONGSHENG|day:LIGHT_YU_QI,OUT_OF_SEASON,YIN:1透,SHISHANG:1透,GUANSHA:1透,"两端成势未授权, 保留节点不裁, 经典规则未来各自查询",丁壬化木,REN-CAIGUAN|SHISHI-BURUO|XIEQI-TAIZHONG|HEAVY-ROOT|YIN-PARTY|ROOT-STRUCK|ROOT-GAN-PRIORITY|ZHONGGUA-2SIDE|SHIYONG-YUELING-XIANGFU|SHI-ZHU-JI|TIANGAN-XINGQING|YONGSHEN-STRUCTURE
74,乙亥庚辰甲戌壬申,甲,偏财,HEAVY,year:HEAVY_LONGSHENG|month:LIGHT_YU_QI,OUT_OF_SEASON,BIJIE:1透|JIECAI:1透|YIN:1透,,GUANSHA:1透,"两端成势未授权, 保留节点不裁, 经典规则未来各自查询",乙庚化金,REN-CAIGUAN|SHISHI-BURUO|HEAVY-ROOT|YIN-PARTY|BIJIE-PARTY|ROOT-STRUCK|ROOT-GAN-PRIORITY|ZHONGGUA-2SIDE|SHIYONG-YUELING-XIANGFU|SHI-ZHU-JI|TIANGAN-XINGQING|YONGSHEN-STRUCTURE
84,甲子戊辰庚申壬午,庚,偏印,HEAVY,day:HEAVY_LU,SUPPORTS,YIN:1透,SHISHANG:1透|CAI:1透,,"两端成势未授权, 保留节点不裁, 经典规则未来各自查询",,REN-CAIGUAN|SHISHI-BURUO|XIEQI-TAIZHONG|HEAVY-ROOT|YIN-PARTY|ROOT-GAN-PRIORITY|ZHONGGUA-2SIDE|SHI-ZHU-JI|YONGSHEN-STRUCTURE
87,丙子己亥乙丑壬午,乙,正印,LIGHT,hour:SPECIAL_LONGSHENG_YIN,SUPPORTS,YIN:1透,SHISHANG:1透|CAI:1透,,"两端成势未授权, 保留节点不裁, 经典规则未来各自查询",,REN-CAIGUAN|SHISHI-BURUO|XIEQI-TAIZHONG|LIGHT-ROOT|YIN-PARTY|ROOT-STRUCK|ROOT-GAN-PRIORITY|WANGCHONG-SHUAI|SHI-GUI-LU|ZHONGGUA-2SIDE|SHI-ZHU-JI|TIANGAN-XINGQING|YONGSHEN-STRUCTURE
154,甲寅壬申癸巳癸亥,癸,正印,NONE,,SUPPORTS,BIJIE:2透|JIECAI:1透,SHISHANG:1透,,"两端成势未授权, 保留节点不裁, 经典规则未来各自查询",,SHISHI-BURUO|XIEQI-TAIZHONG|BIJIE-PARTY|WANGCHONG-SHUAI|ZHONGGUA-2SIDE|JISHUAI-CONGSHENG|SHIYONG-YUELING-XIANGFU|YUN-SHENG-ROOT|TIANGAN-XINGQING|YONGSHEN-STRUCTURE
157,癸巳癸亥甲寅壬申,甲,偏印,HEAVY,month:HEAVY_LONGSHENG|day:HEAVY_LU,SUPPORTS,YIN:3透,,,"两端成势未授权, 保留节点不裁, 经典规则未来各自查询",,REN-CAIGUAN|SHISHI-BURUO|HEAVY-ROOT|YIN-PARTY|ROOT-STRUCK|ROOT-GAN-PRIORITY|WANGCHONG-SHUAI|ZHONGGUA-2SIDE|SHIYONG-YUELING-XIANGFU|SHI-ZHU-JI|TIANGAN-XINGQING|YONGSHEN-STRUCTURE
160,辛卯丁酉戊子戊午,戊,伤官,HEAVY,hour:HEAVY_WANG,OUT_OF_SEASON,BIJIE:1透|YIN:1透,SHISHANG:1透,,"两端成势未授权, 保留节点不裁, 经典规则未来各自查询",,REN-CAIGUAN|SHISHI-BURUO|XIEQI-TAIZHONG|HEAVY-ROOT|YIN-PARTY|BIJIE-PARTY|ROOT-STRUCK|ROOT-GAN-PRIORITY|WANGCHONG-SHUAI|SHI-GUI-LU|ZHONGGUA-2SIDE|YONGSHEN-STRUCTURE
163,辛未辛丑戊辰壬戌,戊,劫财,LIGHT,year:LIGHT_YU_QI|month:LIGHT_YU_QI|day:LIGHT_YU_QI|hour:LIGHT_MU_KU,IN_SEASON,,SHISHANG:2透|CAI:1透,,"两端成势未授权, 保留节点不裁, 经典规则未来各自查询",,REN-CAIGUAN|DESHI-BUWANG|XIEQI-TAIZHONG|LIGHT-ROOT|ROOT-STRUCK|ROOT-GAN-PRIORITY|SHI-GUI-LU|ZHONGGUA-2SIDE|SHIYONG-YUELING-XIANGFU|YONGSHEN-STRUCTURE
166,戊辰壬戌辛未己丑,辛,正印,LIGHT,month:LIGHT_YU_QI|hour:LIGHT_YU_QI,SUPPORTS,YIN:2透,SHISHANG:1透,,"两端成势未授权, 保留节点不裁, 经典规则未来各自查询",,REN-CAIGUAN|SHISHI-BURUO|XIEQI-TAIZHONG|LIGHT-ROOT|YIN-PARTY|ROOT-STRUCK|ROOT-GAN-PRIORITY|SHI-GUI-LU|ZHONGGUA-2SIDE|SHIYONG-YUELING-XIANGFU|YONGSHEN-STRUCTURE
174,丙子辛卯壬子癸卯,壬,伤官,HEAVY,year:HEAVY_WANG|day:HEAVY_WANG,OUT_OF_SEASON,BIJIE:1透|JIECAI:1透|YIN:1透,CAI:1透,,"两端成势未授权, 保留节点不裁, 经典规则未来各自查询",丙辛化水,REN-CAIGUAN|SHISHI-BURUO|HEAVY-ROOT|BIJIE-PARTY|ROOT-STRUCK|ROOT-GAN-PRIORITY|ZHONGGUA-2SIDE|SHIYONG-YUELING-XIANGFU|CAI-RUO-SHEN-QIANG|YONGSHEN-STRUCTURE
177,辛未乙未庚辰丁亥,庚,正印,NONE,,SUPPORTS,BIJIE:1透|JIECAI:1透,CAI:1透,GUANSHA:1透,"两端成势未授权, 保留节点不裁, 经典规则未来各自查询",乙庚化金,CAIDUO-SHENRUAN|SHAZHONG-SHENQING|ZHONGGUA-2SIDE|RI-BEI-HE|JISHUAI-CONGSHENG|GE-QING|YUN-SHENG-ROOT|SHI-ZHU-JI|YONGSHEN-STRUCTURE
180,辛丑乙未庚辰丁丑,庚,正印,LIGHT,year:LIGHT_MU_KU|hour:LIGHT_MU_KU,SUPPORTS,BIJIE:1透|JIECAI:1透,CAI:1透,GUANSHA:1透,"两端成势未授权, 保留节点不裁, 经典规则未来各自查询",乙庚化金,REN-CAIGUAN|SHISHI-BURUO|LIGHT-ROOT|BIJIE-PARTY|ROOT-STRUCK|ROOT-GAN-PRIORITY|SHI-GUI-LU|ZHONGGUA-2SIDE|RI-BEI-HE|SHIYONG-YUELING-XIANGFU|YONGSHEN-STRUCTURE
187,庚戌乙酉甲寅庚午,甲,正官,HEAVY,day:HEAVY_LU,OUT_OF_SEASON,BIJIE:1透|JIECAI:1透,,GUANSHA:2透,"两端成势未授权, 保留节点不裁, 经典规则未来各自查询",庚乙化金|乙庚化金,REN-CAIGUAN|SHISHI-BURUO|HEAVY-ROOT|BIJIE-PARTY|ROOT-GAN-PRIORITY|HE-HUASHEN-DESHI|ZHONGGUA-2SIDE|SHI-ZHU-JI|TIANGAN-XINGQING|YONGSHEN-STRUCTURE
190,丁巳癸丑丁卯丙午,丁,食神,HEAVY,hour:HEAVY_LU,OUT_OF_SEASON,BIJIE:2透|JIECAI:1透,,GUANSHA:1透,"两端成势未授权, 保留节点不裁, 经典规则未来各自查询",,REN-CAIGUAN|SHISHI-BURUO|HEAVY-ROOT|BIJIE-PARTY|ROOT-STRUCK|ROOT-GAN-PRIORITY|SHI-GUI-LU|ZHONGGUA-2SIDE|SHIYONG-YUELING-XIANGFU|TIANGAN-XINGQING|YONGSHEN-STRUCTURE
193,庚寅辛巳丙寅辛卯,丙,比肩,HEAVY,year:HEAVY_LONGSHENG|month:HEAVY_LU|day:HEAVY_LONGSHENG,IN_SEASON,,CAI:3透,,"两端成势未授权, 保留节点不裁, 经典规则未来各自查询",辛丙化水|丙辛化水,REN-CAIGUAN|DESHI-BUWANG|HEAVY-ROOT|ROOT-STRUCK|ROOT-GAN-PRIORITY|ZHONGGUA-2SIDE|RI-BEI-HE|YONGSHEN-STRUCTURE
200,戊辰辛酉丙午癸巳,丙,正财,HEAVY,day:HEAVY_WANG|hour:HEAVY_LU,OUT_OF_SEASON,,SHISHANG:1透|CAI:1透,GUANSHA:1透,"两端成势未授权, 保留节点不裁, 经典规则未来各自查询",戊癸化火|辛丙化水,REN-CAIGUAN|XIEQI-TAIZHONG|HEAVY-ROOT|ROOT-GAN-PRIORITY|SHI-GUI-LU|ZHONGGUA-2SIDE|RI-BEI-HE|GE-QING|SHI-ZHU-JI|YONGSHEN-STRUCTURE
203,庚寅壬午丁卯癸卯,丁,比肩,HEAVY,month:HEAVY_LU,IN_SEASON,,CAI:1透,GUANSHA:2透,"两端成势未授权, 保留节点不裁, 经典规则未来各自查询",壬丁化木,REN-CAIGUAN|HEAVY-ROOT|ROOT-STRUCK|ROOT-GAN-PRIORITY|ZHONGGUA-2SIDE|RI-BEI-HE|GE-QING|CAI-RUO-SHEN-QIANG|TIANGAN-XINGQING|YONGSHEN-STRUCTURE
215,丙子己亥乙亥丙子,乙,正印,NONE,,SUPPORTS,,SHISHANG:2透|CAI:1透,,"两端成势未授权, 保留节点不裁, 经典规则未来各自查询",,ZHONGGUA-2SIDE|YUN-SHENG-ROOT|TIANGAN-XINGQING|YONGSHEN-STRUCTURE
218,戊午乙卯癸卯癸亥,癸,食神,LIGHT,month:SPECIAL_LONGSHENG_YIN|day:SPECIAL_LONGSHENG_YIN,OUT_OF_SEASON,BIJIE:1透,SHISHANG:1透,GUANSHA:1透,"两端成势未授权, 保留节点不裁, 经典规则未来各自查询",戊癸化火|戊癸化火,REN-CAIGUAN|SHISHI-BURUO|XIEQI-TAIZHONG|LIGHT-ROOT|BIJIE-PARTY|ROOT-STRUCK|ROOT-GAN-PRIORITY|ZHONGGUA-2SIDE|RI-BEI-HE|GE-QING|TIANGAN-XINGQING|YONGSHEN-STRUCTURE
225,己亥丁卯庚申庚辰,庚,正财,HEAVY,day:HEAVY_LU,OUT_OF_SEASON,BIJIE:1透|YIN:1透,,GUANSHA:1透,"两端成势未授权, 保留节点不裁, 经典规则未来各自查询",,REN-CAIGUAN|SHISHI-BURUO|HEAVY-ROOT|YIN-PARTY|BIJIE-PARTY|ROOT-STRUCK|ROOT-GAN-PRIORITY|ZHONGGUA-2SIDE|SHIYONG-YUELING-XIANGFU|SHI-ZHU-JI|YONGSHEN-STRUCTURE
228,己酉丁卯庚辰甲申,庚,正财,HEAVY,year:HEAVY_WANG|hour:HEAVY_LU,OUT_OF_SEASON,YIN:1透,CAI:1透,GUANSHA:1透,"两端成势未授权, 保留节点不裁, 经典规则未来各自查询",己甲化土,REN-CAIGUAN|SHISHI-BURUO|HEAVY-ROOT|YIN-PARTY|ROOT-STRUCK|ROOT-GAN-PRIORITY|WANGCHONG-SHUAI|SHI-GUI-LU|ZHONGGUA-2SIDE|YONGSHEN-STRUCTURE
231,庚申壬午辛酉癸巳,辛,七杀,HEAVY,day:HEAVY_LU,OUT_OF_SEASON,BIJIE:1透|JIECAI:1透,SHISHANG:2透,,"两端成势未授权, 保留节点不裁, 经典规则未来各自查询",,REN-CAIGUAN|SHISHI-BURUO|XIEQI-TAIZHONG|HEAVY-ROOT|BIJIE-PARTY|ROOT-GAN-PRIORITY|ZHONGGUA-2SIDE|GE-QING|CAI-RUO-SHEN-QIANG|SHI-ZHU-JI|YONGSHEN-STRUCTURE
234,庚申壬午辛酉甲午,辛,七杀,HEAVY,day:HEAVY_LU,OUT_OF_SEASON,BIJIE:1透|JIECAI:1透,SHISHANG:1透|CAI:1透,,"两端成势未授权, 保留节点不裁, 经典规则未来各自查询",,REN-CAIGUAN|SHISHI-BURUO|XIEQI-TAIZHONG|HEAVY-ROOT|BIJIE-PARTY|ROOT-GAN-PRIORITY|ZHONGGUA-2SIDE|SHIYONG-YUELING-XIANGFU|CAI-RUO-SHEN-QIANG|SHI-ZHU-JI|YONGSHEN-STRUCTURE
241,甲申甲戌甲寅甲戌,甲,偏财,HEAVY,day:HEAVY_LU,OUT_OF_SEASON,BIJIE:3透,,,"两端成势未授权, 保留节点不裁, 经典规则未来各自查询",,REN-CAIGUAN|SHISHI-BURUO|HEAVY-ROOT|BIJIE-PARTY|ROOT-STRUCK|ROOT-GAN-PRIORITY|ZHONGGUA-2SIDE|SHIYONG-YUELING-XIANGFU|SHI-ZHU-JI|TIANGAN-XINGQING|YONGSHEN-STRUCTURE
244,戊子戊午戊戌戊午,戊,正印,HEAVY,month:HEAVY_WANG|day:LIGHT_MU_KU|hour:HEAVY_WANG,SUPPORTS,BIJIE:3透,,,"两端成势未授权, 保留节点不裁, 经典规则未来各自查询",,REN-CAIGUAN|SHISHI-BURUO|HEAVY-ROOT|BIJIE-PARTY|ROOT-STRUCK|ROOT-GAN-PRIORITY|WANGCHONG-SHUAI|SHI-GUI-LU|ZHONGGUA-2SIDE|SHIYONG-YUELING-XIANGFU|YONGSHEN-STRUCTURE
247,戊申戊午戊戌戊午,戊,正印,HEAVY,year:LIGHT_YU_QI|month:HEAVY_WANG|day:LIGHT_MU_KU|hour:HEAVY_WANG,SUPPORTS,BIJIE:3透,,,"两端成势未授权, 保留节点不裁, 经典规则未来各自查询",,REN-CAIGUAN|SHISHI-BURUO|HEAVY-ROOT|BIJIE-PARTY|ROOT-STRUCK|ROOT-GAN-PRIORITY|SHI-GUI-LU|ZHONGGUA-2SIDE|SHIYONG-YUELING-XIANGFU|YONGSHEN-STRUCTURE
250,辛卯辛卯辛卯辛卯,辛,偏财,NONE,,OUT_OF_SEASON,BIJIE:3透,,,"两端成势未授权, 保留节点不裁, 经典规则未来各自查询",,ZHONGGUA-2SIDE|SHIYONG-YUELING-XIANGFU|GE-QING|YUN-SHENG-ROOT|SHI-ZHU-JI|YONGSHEN-STRUCTURE
257,辛卯庚寅甲辰丙寅,甲,比肩,HEAVY,year:HEAVY_WANG|month:HEAVY_LU|day:LIGHT_YU_QI|hour:HEAVY_LU,IN_SEASON,,SHISHANG:1透,GUANSHA:2透,"两端成势未授权, 保留节点不裁, 经典规则未来各自查询",辛丙化水,REN-CAIGUAN|DESHI-BUWANG|XIEQI-TAIZHONG|HEAVY-ROOT|ROOT-STRUCK|ROOT-GAN-PRIORITY|SHI-GUI-LU|ZHONGGUA-2SIDE|SHIYONG-YUELING-XIANGFU|WANGJI-SIWO-SHENG|SHI-ZHU-JI|TIANGAN-XINGQING|YONGSHEN-STRUCTURE
260,庚寅庚辰甲寅丁卯,甲,偏财,HEAVY,year:HEAVY_LU|month:LIGHT_YU_QI|day:HEAVY_LU|hour:HEAVY_WANG,OUT_OF_SEASON,,SHISHANG:1透,GUANSHA:2透,"两端成势未授权, 保留节点不裁, 经典规则未来各自查询",,REN-CAIGUAN|XIEQI-TAIZHONG|HEAVY-ROOT|ROOT-STRUCK|ROOT-GAN-PRIORITY|SHI-GUI-LU|ZHONGGUA-2SIDE|SHIYONG-YUELING-XIANGFU|TIANGAN-XINGQING|YONGSHEN-STRUCTURE
267,癸巳丙辰丙午庚寅,丙,食神,HEAVY,year:HEAVY_LU|day:HEAVY_WANG|hour:HEAVY_LONGSHENG,OUT_OF_SEASON,BIJIE:1透,CAI:1透,GUANSHA:1透,"两端成势未授权, 保留节点不裁, 经典规则未来各自查询",,REN-CAIGUAN|SHISHI-BURUO|HEAVY-ROOT|BIJIE-PARTY|ROOT-STRUCK|ROOT-GAN-PRIORITY|SHI-GUI-LU|ZHONGGUA-2SIDE|SHIYONG-YUELING-XIANGFU|YONGSHEN-STRUCTURE
270,戊寅乙丑丙寅庚寅,丙,伤官,HEAVY,year:HEAVY_LONGSHENG|day:HEAVY_LONGSHENG|hour:HEAVY_LONGSHENG,OUT_OF_SEASON,YIN:1透,SHISHANG:1透|CAI:1透,,"两端成势未授权, 保留节点不裁, 经典规则未来各自查询",乙庚化金,REN-CAIGUAN|SHISHI-BURUO|XIEQI-TAIZHONG|HEAVY-ROOT|YIN-PARTY|ROOT-GAN-PRIORITY|SHI-GUI-LU|ZHONGGUA-2SIDE|GE-QING|YONGSHEN-STRUCTURE
277,丙子己亥乙酉壬午,乙,正印,LIGHT,hour:SPECIAL_LONGSHENG_YIN,SUPPORTS,YIN:1透,SHISHANG:1透|CAI:1透,,"两端成势未授权, 保留节点不裁, 经典规则未来各自查询",,REN-CAIGUAN|SHISHI-BURUO|XIEQI-TAIZHONG|LIGHT-ROOT|YIN-PARTY|ROOT-STRUCK|ROOT-GAN-PRIORITY|WANGCHONG-SHUAI|SHI-GUI-LU|ZHONGGUA-2SIDE|SHI-ZHU-JI|TIANGAN-XINGQING|YONGSHEN-STRUCTURE
280,己亥丙子乙丑壬午,乙,偏印,LIGHT,hour:SPECIAL_LONGSHENG_YIN,SUPPORTS,YIN:1透,SHISHANG:1透|CAI:1透,,"两端成势未授权, 保留节点不裁, 经典规则未来各自查询",,REN-CAIGUAN|SHISHI-BURUO|XIEQI-TAIZHONG|LIGHT-ROOT|YIN-PARTY|ROOT-STRUCK|ROOT-GAN-PRIORITY|WANGCHONG-SHUAI|SHI-GUI-LU|ZHONGGUA-2SIDE|SHI-ZHU-JI|TIANGAN-XINGQING|YONGSHEN-STRUCTURE
287,甲寅戊辰丙寅丙申,丙,食神,HEAVY,year:HEAVY_LONGSHENG|day:HEAVY_LONGSHENG,OUT_OF_SEASON,BIJIE:1透|YIN:1透,SHISHANG:1透,,"两端成势未授权, 保留节点不裁, 经典规则未来各自查询",,REN-CAIGUAN|SHISHI-BURUO|XIEQI-TAIZHONG|HEAVY-ROOT|YIN-PARTY|BIJIE-PARTY|ROOT-STRUCK|ROOT-GAN-PRIORITY|WANGCHONG-SHUAI|ZHONGGUA-2SIDE|SHIYONG-YUELING-XIANGFU|SHI-ZHU-JI|YONGSHEN-STRUCTURE
290,壬申甲辰丙寅丙申,丙,食神,HEAVY,day:HEAVY_LONGSHENG,OUT_OF_SEASON,BIJIE:1透|YIN:1透,,GUANSHA:1透,"两端成势未授权, 保留节点不裁, 经典规则未来各自查询",,REN-CAIGUAN|SHISHI-BURUO|HEAVY-ROOT|YIN-PARTY|BIJIE-PARTY|ROOT-STRUCK|ROOT-GAN-PRIORITY|WANGCHONG-SHUAI|ZHONGGUA-2SIDE|SHIYONG-YUELING-XIANGFU|SHI-ZHU-JI|YONGSHEN-STRUCTURE
297,己巳辛未壬午乙巳,壬,正官,NONE,,OUT_OF_SEASON,YIN:1透,SHISHANG:1透,GUANSHA:1透,"两端成势未授权, 保留节点不裁, 经典规则未来各自查询",,SHISHI-BURUO|SHAZHONG-SHENQING|XIEQI-TAIZHONG|YIN-PARTY|ZHONGGUA-2SIDE|JISHUAI-CONGSHENG|GE-QING|YUN-SHENG-ROOT|SHI-ZHU-JI|YONGSHEN-STRUCTURE
300,己丑丙子丁亥庚子,丁,七杀,NONE,,OUT_OF_SEASON,BIJIE:1透|JIECAI:1透,SHISHANG:1透|CAI:1透,,"两端成势未授权, 保留节点不裁, 经典规则未来各自查询",,CAIDUO-SHENRUAN|XIEQI-TAIZHONG|ZHONGGUA-2SIDE|JISHUAI-CONGSHENG|SHIYONG-YUELING-XIANGFU|GE-QING|YUN-SHENG-ROOT|SHI-ZHU-JI|TIANGAN-XINGQING|YONGSHEN-STRUCTURE
307,壬午己酉甲申甲子,甲,正官,NONE,,OUT_OF_SEASON,BIJIE:1透|YIN:1透,CAI:1透,,"两端成势未授权, 保留节点不裁, 经典规则未来各自查询",己甲化土|己甲化土,SHISHI-BURUO|CAIDUO-SHENRUAN|YIN-PARTY|ZHONGGUA-2SIDE|RI-BEI-HE|YUN-SHENG-ROOT|TIANGAN-XINGQING|YONGSHEN-STRUCTURE
310,壬辰己酉甲申甲子,甲,正官,LIGHT,year:LIGHT_YU_QI,OUT_OF_SEASON,BIJIE:1透|YIN:1透,CAI:1透,,"两端成势未授权, 保留节点不裁, 经典规则未来各自查询",己甲化土|己甲化土,REN-CAIGUAN|SHISHI-BURUO|LIGHT-ROOT|YIN-PARTY|BIJIE-PARTY|ROOT-GAN-PRIORITY|ZHONGGUA-2SIDE|RI-BEI-HE|GE-QING|TIANGAN-XINGQING|YONGSHEN-STRUCTURE
317,己巳癸酉丙寅庚寅,丙,正财,HEAVY,year:HEAVY_LU|day:HEAVY_LONGSHENG|hour:HEAVY_LONGSHENG,OUT_OF_SEASON,,SHISHANG:1透|CAI:1透,GUANSHA:1透,"两端成势未授权, 保留节点不裁, 经典规则未来各自查询",,REN-CAIGUAN|XIEQI-TAIZHONG|HEAVY-ROOT|ROOT-STRUCK|ROOT-GAN-PRIORITY|SHI-GUI-LU|ZHONGGUA-2SIDE|YONGSHEN-STRUCTURE
320,癸亥癸亥丙辰甲午,丙,七杀,HEAVY,hour:HEAVY_WANG,OUT_OF_SEASON,YIN:1透,,GUANSHA:2透,"两端成势未授权, 保留节点不裁, 经典规则未来各自查询",,REN-CAIGUAN|SHISHI-BURUO|HEAVY-ROOT|JUECHU-FENGSHENG|YIN-PARTY|ROOT-GAN-PRIORITY|SHI-GUI-LU|ZHONGGUA-2SIDE|CAI-RUO-SHEN-QIANG|YONGSHEN-STRUCTURE
323,甲寅庚午乙卯丙子,乙,食神,HEAVY,month:SPECIAL_LONGSHENG_YIN|day:HEAVY_LU,OUT_OF_SEASON,BIJIE:1透|JIECAI:1透,SHISHANG:1透,GUANSHA:1透,"两端成势未授权, 保留节点不裁, 经典规则未来各自查询",庚乙化金,REN-CAIGUAN|SHISHI-BURUO|XIEQI-TAIZHONG|HEAVY-ROOT|TENGLUO-XIJIA|BIJIE-PARTY|ROOT-STRUCK|ROOT-GAN-PRIORITY|WANGCHONG-SHUAI|ZHONGGUA-2SIDE|RI-BEI-HE|TIANGAN-XINGQING|YONGSHEN-STRUCTURE
326,乙丑己卯乙亥壬午,乙,比肩,HEAVY,month:HEAVY_LU|hour:SPECIAL_LONGSHENG_YIN,IN_SEASON,BIJIE:1透|YIN:1透,CAI:1透,,"两端成势未授权, 保留节点不裁, 经典规则未来各自查询",,REN-CAIGUAN|DESHI-BUWANG|HEAVY-ROOT|YIN-PARTY|BIJIE-PARTY|ROOT-STRUCK|ROOT-GAN-PRIORITY|SHI-GUI-LU|ZHONGGUA-2SIDE|JIWANG-HUAIJI|SHI-ZHU-JI|TIANGAN-XINGQING|YONGSHEN-STRUCTURE
334,壬申丙午庚午庚辰,庚,正官,HEAVY,year:HEAVY_LU,OUT_OF_SEASON,BIJIE:1透,SHISHANG:1透,GUANSHA:1透,"两端成势未授权, 保留节点不裁, 经典规则未来各自查询",,REN-CAIGUAN|SHISHI-BURUO|XIEQI-TAIZHONG|HEAVY-ROOT|BIJIE-PARTY|ROOT-GAN-PRIORITY|ZHONGGUA-2SIDE|SHI-ZHU-JI|YONGSHEN-STRUCTURE
337,壬午丙午庚申戊寅,庚,正官,HEAVY,day:HEAVY_LU,OUT_OF_SEASON,YIN:1透,SHISHANG:1透,GUANSHA:1透,"两端成势未授权, 保留节点不裁, 经典规则未来各自查询",,REN-CAIGUAN|SHISHI-BURUO|XIEQI-TAIZHONG|HEAVY-ROOT|YIN-PARTY|ROOT-STRUCK|ROOT-GAN-PRIORITY|ZHONGGUA-2SIDE|SHI-ZHU-JI|YONGSHEN-STRUCTURE
344,壬寅甲辰丁亥己酉,丁,伤官,LIGHT,hour:SPECIAL_LONGSHENG_YIN,OUT_OF_SEASON,YIN:1透,SHISHANG:1透,GUANSHA:1透,"两端成势未授权, 保留节点不裁, 经典规则未来各自查询",壬丁化木|甲己化土,REN-CAIGUAN|SHISHI-BURUO|XIEQI-TAIZHONG|LIGHT-ROOT|YIN-PARTY|ROOT-GAN-PRIORITY|HE-HUASHEN-DESHI|SHI-GUI-LU|ZHONGGUA-2SIDE|RI-BEI-HE|GE-QING|SHI-ZHU-JI|TIANGAN-XINGQING|YONGSHEN-STRUCTURE
347,戊戌庚申癸亥乙卯,癸,正印,LIGHT,hour:SPECIAL_LONGSHENG_YIN,SUPPORTS,YIN:1透,SHISHANG:1透,GUANSHA:1透,"两端成势未授权, 保留节点不裁, 经典规则未来各自查询",戊癸化火|庚乙化金,REN-CAIGUAN|SHISHI-BURUO|XIEQI-TAIZHONG|LIGHT-ROOT|YIN-PARTY|ROOT-GAN-PRIORITY|HE-HUASHEN-DESHI|SHI-GUI-LU|ZHONGGUA-2SIDE|RI-BEI-HE|TIANGAN-XINGQING|YONGSHEN-STRUCTURE
350,甲子丙寅己巳辛未,己,正官,LIGHT,hour:LIGHT_YU_QI,OUT_OF_SEASON,YIN:1透,SHISHANG:1透,GUANSHA:1透,"两端成势未授权, 保留节点不裁, 经典规则未来各自查询",甲己化土|丙辛化水,REN-CAIGUAN|SHISHI-BURUO|XIEQI-TAIZHONG|LIGHT-ROOT|YIN-PARTY|ROOT-STRUCK|ROOT-GAN-PRIORITY|SHI-GUI-LU|ZHONGGUA-2SIDE|RI-BEI-HE|SHI-ZHU-JI|TIANGAN-XINGQING|YONGSHEN-STRUCTURE
360,甲午丁卯甲午丁卯,甲,劫财,HEAVY,month:HEAVY_WANG|hour:HEAVY_WANG,IN_SEASON,BIJIE:1透,SHISHANG:2透,,"两端成势未授权, 保留节点不裁, 经典规则未来各自查询",,REN-CAIGUAN|DESHI-BUWANG|XIEQI-TAIZHONG|HEAVY-ROOT|BIJIE-PARTY|ROOT-STRUCK|ROOT-GAN-PRIORITY|SHI-GUI-LU|ZHONGGUA-2SIDE|JIWANG-HUAIJI|SHIYONG-YUELING-XIANGFU|WANGJI-SIWO-SHENG|TIANGAN-XINGQING|YONGSHEN-STRUCTURE
363,丁卯乙巳丁卯乙巳,丁,劫财,NONE,,IN_SEASON,BIJIE:1透|YIN:2透,,,"两端成势未授权, 保留节点不裁, 经典规则未来各自查询",,YIN-PARTY|BIJIE-PARTY|ZHONGGUA-2SIDE|SHIYONG-YUELING-XIANGFU|GE-QING|YUN-SHENG-ROOT|SHI-ZHU-JI|TIANGAN-XINGQING|YONGSHEN-STRUCTURE
366,丙午戊戌丙午戊戌,丙,食神,HEAVY,year:HEAVY_WANG|month:LIGHT_MU_KU|day:HEAVY_WANG|hour:LIGHT_MU_KU,OUT_OF_SEASON,BIJIE:1透,SHISHANG:2透,,"两端成势未授权, 保留节点不裁, 经典规则未来各自查询",,REN-CAIGUAN|SHISHI-BURUO|XIEQI-TAIZHONG|HEAVY-ROOT|BIJIE-PARTY|ROOT-STRUCK|ROOT-GAN-PRIORITY|SHI-GUI-LU|ZHONGGUA-2SIDE|SHIYONG-YUELING-XIANGFU|SHI-ZHU-JI|YONGSHEN-STRUCTURE
369,戊戌辛酉戊戌辛酉,戊,伤官,LIGHT,year:LIGHT_MU_KU|day:LIGHT_MU_KU,OUT_OF_SEASON,BIJIE:1透,SHISHANG:2透,,"两端成势未授权, 保留节点不裁, 经典规则未来各自查询",,REN-CAIGUAN|SHISHI-BURUO|XIEQI-TAIZHONG|LIGHT-ROOT|BIJIE-PARTY|ROOT-STRUCK|ROOT-GAN-PRIORITY|ZHONGGUA-2SIDE|SHIYONG-YUELING-XIANGFU|YONGSHEN-STRUCTURE
372,戊戌癸亥戊戌癸亥,戊,偏财,LIGHT,year:LIGHT_MU_KU|day:LIGHT_MU_KU,OUT_OF_SEASON,BIJIE:1透,CAI:2透,,"两端成势未授权, 保留节点不裁, 经典规则未来各自查询",戊癸化火|戊癸化火|癸戊化火|戊癸化火,REN-CAIGUAN|SHISHI-BURUO|LIGHT-ROOT|BIJIE-PARTY|ROOT-GAN-PRIORITY|ZHONGGUA-2SIDE|RI-BEI-HE|SHIYONG-YUELING-XIANGFU|SHI-ZHU-JI|YONGSHEN-STRUCTURE
375,癸亥己未癸亥己未,癸,七杀,NONE,,OUT_OF_SEASON,BIJIE:1透,,GUANSHA:2透,"两端成势未授权, 保留节点不裁, 经典规则未来各自查询",,SHISHI-BURUO|SHAZHONG-SHENQING|BIJIE-PARTY|ZHONGGUA-2SIDE|JISHUAI-CONGSHENG|SHIYONG-YUELING-XIANGFU|YUN-SHENG-ROOT|SHI-ZHU-JI|TIANGAN-XINGQING|YONGSHEN-STRUCTURE
382,壬戌壬子甲子戊辰,甲,正印,LIGHT,hour:LIGHT_YU_QI,SUPPORTS,YIN:2透,CAI:1透,,"两端成势未授权, 保留节点不裁, 经典规则未来各自查询",,REN-CAIGUAN|SHISHI-BURUO|LIGHT-ROOT|YIN-PARTY|ROOT-STRUCK|ROOT-GAN-PRIORITY|SHI-GUI-LU|ZHONGGUA-2SIDE|SHIYONG-YUELING-XIANGFU|SHI-ZHU-JI|TIANGAN-XINGQING|YONGSHEN-STRUCTURE
385,戊寅乙卯甲辰辛未,甲,劫财,HEAVY,year:HEAVY_LU|month:HEAVY_WANG|day:LIGHT_YU_QI|hour:LIGHT_MU_KU,IN_SEASON,BIJIE:1透|JIECAI:1透,CAI:1透,GUANSHA:1透,"两端成势未授权, 保留节点不裁, 经典规则未来各自查询",,REN-CAIGUAN|DESHI-BUWANG|HEAVY-ROOT|BIJIE-PARTY|ROOT-STRUCK|ROOT-GAN-PRIORITY|SHI-GUI-LU|ZHONGGUA-2SIDE|JIWANG-HUAIJI|SHIYONG-YUELING-XIANGFU|SHI-ZHU-JI|TIANGAN-XINGQING|YONGSHEN-STRUCTURE
388,癸未乙卯甲戌乙亥,甲,劫财,HEAVY,year:LIGHT_MU_KU|month:HEAVY_WANG|hour:HEAVY_LONGSHENG,IN_SEASON,BIJIE:2透|JIECAI:2透|YIN:1透,,,"两端成势未授权, 保留节点不裁, 经典规则未来各自查询",,REN-CAIGUAN|HEAVY-ROOT|YIN-PARTY|BIJIE-PARTY|ROOT-STRUCK|ROOT-GAN-PRIORITY|SHI-GUI-LU|ZHONGGUA-2SIDE|JIWANG-HUAIJI|GE-QING|TIANGAN-XINGQING|YONGSHEN-STRUCTURE
396,甲寅丁卯甲辰丙寅,甲,劫财,HEAVY,year:HEAVY_LU|month:HEAVY_WANG|day:LIGHT_YU_QI|hour:HEAVY_LU,IN_SEASON,BIJIE:1透,SHISHANG:2透,,"两端成势未授权, 保留节点不裁, 经典规则未来各自查询",,REN-CAIGUAN|DESHI-BUWANG|XIEQI-TAIZHONG|HEAVY-ROOT|BIJIE-PARTY|ROOT-STRUCK|ROOT-GAN-PRIORITY|SHI-GUI-LU|ZHONGGUA-2SIDE|JIWANG-HUAIJI|WANGJI-SIWO-SHENG|SHI-ZHU-JI|TIANGAN-XINGQING|YONGSHEN-STRUCTURE
399,己未丁丑戊子己未,戊,劫财,LIGHT,year:LIGHT_YU_QI|month:LIGHT_YU_QI|hour:LIGHT_YU_QI,IN_SEASON,BIJIE:2透|JIECAI:2透|YIN:1透,,,"两端成势未授权, 保留节点不裁, 经典规则未来各自查询",,REN-CAIGUAN|LIGHT-ROOT|YIN-PARTY|BIJIE-PARTY|ROOT-STRUCK|ROOT-GAN-PRIORITY|SHI-GUI-LU|ZHONGGUA-2SIDE|SHIYONG-YUELING-XIANGFU|SHI-ZHU-JI|YONGSHEN-STRUCTURE
402,丙寅甲午丙戌乙未,丙,劫财,HEAVY,year:HEAVY_LONGSHENG|month:HEAVY_WANG|day:LIGHT_MU_KU|hour:LIGHT_YU_QI,IN_SEASON,BIJIE:1透|YIN:2透,,,"两端成势未授权, 保留节点不裁, 经典规则未来各自查询",,REN-CAIGUAN|HEAVY-ROOT|YIN-PARTY|BIJIE-PARTY|ROOT-STRUCK|ROOT-GAN-PRIORITY|SHI-GUI-LU|ZHONGGUA-2SIDE|JIWANG-HUAIJI|SHIYONG-YUELING-XIANGFU|GE-QING|YONGSHEN-STRUCTURE
405,庚申乙酉庚戌庚辰,庚,劫财,HEAVY,year:HEAVY_LU|month:HEAVY_WANG|day:LIGHT_YU_QI,IN_SEASON,BIJIE:2透,CAI:1透,,"两端成势未授权, 保留节点不裁, 经典规则未来各自查询",庚乙化金|乙庚化金|乙庚化金,REN-CAIGUAN|DESHI-BUWANG|HEAVY-ROOT|BIJIE-PARTY|ROOT-STRUCK|ROOT-GAN-PRIORITY|HE-HUASHEN-DESHI|ZHONGGUA-2SIDE|RI-BEI-HE|JIWANG-HUAIJI|SHI-ZHU-JI|YONGSHEN-STRUCTURE
408,壬子辛亥癸丑壬子,癸,劫财,HEAVY,year:HEAVY_LU|day:LIGHT_YU_QI|hour:HEAVY_LU,IN_SEASON,BIJIE:2透|JIECAI:2透|YIN:1透,,,"两端成势未授权, 保留节点不裁, 经典规则未来各自查询",,REN-CAIGUAN|HEAVY-ROOT|YIN-PARTY|BIJIE-PARTY|ROOT-GAN-PRIORITY|SHI-GUI-LU|ZHONGGUA-2SIDE|JIWANG-HUAIJI|GE-QING|CAI-RUO-SHEN-QIANG|TIANGAN-XINGQING|YONGSHEN-STRUCTURE
415,戊申丙辰丁卯甲辰,丁,伤官,NONE,,OUT_OF_SEASON,BIJIE:1透|JIECAI:1透|YIN:1透,SHISHANG:1透,,"两端成势未授权, 保留节点不裁, 经典规则未来各自查询",,SHISHI-BURUO|XIEQI-TAIZHONG|YIN-PARTY|ZHONGGUA-2SIDE|JISHUAI-CONGSHENG|SHIYONG-YUELING-XIANGFU|YUN-SHENG-ROOT|SHI-ZHU-JI|TIANGAN-XINGQING|YONGSHEN-STRUCTURE
418,己巳辛未丙午丁酉,丙,伤官,HEAVY,year:HEAVY_LU|month:LIGHT_YU_QI|day:HEAVY_WANG,OUT_OF_SEASON,BIJIE:1透|JIECAI:1透,SHISHANG:1透|CAI:1透,,"两端成势未授权, 保留节点不裁, 经典规则未来各自查询",辛丙化水,REN-CAIGUAN|SHISHI-BURUO|XIEQI-TAIZHONG|HEAVY-ROOT|BIJIE-PARTY|ROOT-GAN-PRIORITY|ZHONGGUA-2SIDE|RI-BEI-HE|GE-QING|SHI-ZHU-JI|YONGSHEN-STRUCTURE
432,丁丑庚戌庚子甲申,庚,偏印,HEAVY,year:LIGHT_MU_KU|month:LIGHT_YU_QI|hour:HEAVY_LU,SUPPORTS,BIJIE:1透,CAI:1透,GUANSHA:1透,"两端成势未授权, 保留节点不裁, 经典规则未来各自查询",,REN-CAIGUAN|SHISHI-BURUO|HEAVY-ROOT|BIJIE-PARTY|ROOT-GAN-PRIORITY|SHI-GUI-LU|ZHONGGUA-2SIDE|SHIYONG-YUELING-XIANGFU|GE-QING|CAI-RUO-SHEN-QIANG|YONGSHEN-STRUCTURE
435,戊申壬戌庚申乙酉,庚,偏印,HEAVY,year:HEAVY_LU|month:LIGHT_YU_QI|day:HEAVY_LU|hour:HEAVY_WANG,SUPPORTS,YIN:1透,SHISHANG:1透|CAI:1透,,"两端成势未授权, 保留节点不裁, 经典规则未来各自查询",庚乙化金,REN-CAIGUAN|SHISHI-BURUO|XIEQI-TAIZHONG|HEAVY-ROOT|YIN-PARTY|ROOT-STRUCK|ROOT-GAN-PRIORITY|SHI-GUI-LU|ZHONGGUA-2SIDE|RI-BEI-HE|SHIYONG-YUELING-XIANGFU|CAI-RUO-SHEN-QIANG|YONGSHEN-STRUCTURE
438,庚申辛巳丙辰乙未,丙,比肩,HEAVY,month:HEAVY_LU|hour:LIGHT_YU_QI,IN_SEASON,YIN:1透,CAI:2透,,"两端成势未授权, 保留节点不裁, 经典规则未来各自查询",庚乙化金|辛丙化水,REN-CAIGUAN|DESHI-BUWANG|HEAVY-ROOT|YIN-PARTY|ROOT-STRUCK|ROOT-GAN-PRIORITY|SHI-GUI-LU|ZHONGGUA-2SIDE|RI-BEI-HE|GE-QING|YONGSHEN-STRUCTURE
441,壬子癸丑丙午壬辰,丙,伤官,HEAVY,day:HEAVY_WANG,OUT_OF_SEASON,,,GUANSHA:3透,"两端成势未授权, 保留节点不裁, 经典规则未来各自查询",,REN-CAIGUAN|HEAVY-ROOT|ROOT-STRUCK|ROOT-GAN-PRIORITY|ZHONGGUA-2SIDE|SHIYONG-YUELING-XIANGFU|SHI-ZHU-JI|YONGSHEN-STRUCTURE
451,甲寅丁卯戊辰己未,戊,正官,HEAVY,year:HEAVY_LONGSHENG|day:LIGHT_YU_QI|hour:LIGHT_YU_QI,OUT_OF_SEASON,BIJIE:1透|JIECAI:1透|YIN:1透,,GUANSHA:1透,"两端成势未授权, 保留节点不裁, 经典规则未来各自查询",甲己化土,REN-CAIGUAN|SHISHI-BURUO|HEAVY-ROOT|YIN-PARTY|BIJIE-PARTY|ROOT-STRUCK|ROOT-GAN-PRIORITY|SHI-GUI-LU|ZHONGGUA-2SIDE|SHIYONG-YUELING-XIANGFU|SHI-ZHU-JI|YONGSHEN-STRUCTURE
454,丙辰庚寅乙卯丁亥,乙,劫财,HEAVY,year:LIGHT_YU_QI|day:HEAVY_LU,IN_SEASON,,SHISHANG:2透,GUANSHA:1透,"两端成势未授权, 保留节点不裁, 经典规则未来各自查询",庚乙化金,REN-CAIGUAN|DESHI-BUWANG|XIEQI-TAIZHONG|HEAVY-ROOT|ROOT-STRUCK|ROOT-GAN-PRIORITY|ZHONGGUA-2SIDE|RI-BEI-HE|SHIYONG-YUELING-XIANGFU|WANGJI-SIWO-SHENG|TIANGAN-XINGQING|YONGSHEN-STRUCTURE
461,甲寅乙亥乙卯癸未,乙,正印,HEAVY,day:HEAVY_LU|hour:LIGHT_YU_QI,SUPPORTS,BIJIE:2透|JIECAI:1透|YIN:1透,,,"两端成势未授权, 保留节点不裁, 经典规则未来各自查询",,REN-CAIGUAN|SHISHI-BURUO|HEAVY-ROOT|TENGLUO-XIJIA|YIN-PARTY|BIJIE-PARTY|ROOT-GAN-PRIORITY|SHI-GUI-LU|ZHONGGUA-2SIDE|GE-QING|SHI-ZHU-JI|TIANGAN-XINGQING|YONGSHEN-STRUCTURE
464,甲寅丁卯乙未丁亥,乙,比肩,HEAVY,month:HEAVY_LU|day:LIGHT_YU_QI,IN_SEASON,BIJIE:1透|JIECAI:1透,SHISHANG:2透,,"两端成势未授权, 保留节点不裁, 经典规则未来各自查询",,REN-CAIGUAN|DESHI-BUWANG|XIEQI-TAIZHONG|HEAVY-ROOT|TENGLUO-XIJIA|BIJIE-PARTY|ROOT-GAN-PRIORITY|ZHONGGUA-2SIDE|JIWANG-HUAIJI|GE-QING|WANGJI-SIWO-SHENG|TIANGAN-XINGQING|YONGSHEN-STRUCTURE
471,甲寅丁卯乙亥癸未,乙,比肩,HEAVY,month:HEAVY_LU|hour:LIGHT_YU_QI,IN_SEASON,BIJIE:1透|JIECAI:1透|YIN:1透,SHISHANG:1透,,"两端成势未授权, 保留节点不裁, 经典规则未来各自查询",,REN-CAIGUAN|DESHI-BUWANG|XIEQI-TAIZHONG|HEAVY-ROOT|TENGLUO-XIJIA|YIN-PARTY|BIJIE-PARTY|ROOT-GAN-PRIORITY|SHI-GUI-LU|ZHONGGUA-2SIDE|JIWANG-HUAIJI|SHIYONG-YUELING-XIANGFU|GE-QING|WANGJI-SIWO-SHENG|SHI-ZHU-JI|TIANGAN-XINGQING|YONGSHEN-STRUCTURE
474,丁卯甲辰甲寅乙亥,甲,偏财,HEAVY,year:HEAVY_WANG|month:LIGHT_YU_QI|day:HEAVY_LU|hour:HEAVY_LONGSHENG,OUT_OF_SEASON,BIJIE:2透|JIECAI:1透,SHISHANG:1透,,"两端成势未授权, 保留节点不裁, 经典规则未来各自查询",,REN-CAIGUAN|SHISHI-BURUO|XIEQI-TAIZHONG|HEAVY-ROOT|BIJIE-PARTY|ROOT-STRUCK|ROOT-GAN-PRIORITY|SHI-GUI-LU|ZHONGGUA-2SIDE|TIANGAN-XINGQING|YONGSHEN-STRUCTURE
481,戊寅甲寅甲辰丁卯,甲,比肩,HEAVY,year:HEAVY_LU|month:HEAVY_LU|day:LIGHT_YU_QI|hour:HEAVY_WANG,IN_SEASON,BIJIE:1透,SHISHANG:1透|CAI:1透,,"两端成势未授权, 保留节点不裁, 经典规则未来各自查询",,REN-CAIGUAN|DESHI-BUWANG|XIEQI-TAIZHONG|HEAVY-ROOT|BIJIE-PARTY|ROOT-STRUCK|ROOT-GAN-PRIORITY|SHI-GUI-LU|ZHONGGUA-2SIDE|JIWANG-HUAIJI|WANGJI-SIWO-SHENG|TIANGAN-XINGQING|YONGSHEN-STRUCTURE
484,癸卯丙辰甲辰丙寅,甲,偏财,HEAVY,year:HEAVY_WANG|month:LIGHT_YU_QI|day:LIGHT_YU_QI|hour:HEAVY_LU,OUT_OF_SEASON,YIN:1透,SHISHANG:2透,,"两端成势未授权, 保留节点不裁, 经典规则未来各自查询",,REN-CAIGUAN|SHISHI-BURUO|XIEQI-TAIZHONG|HEAVY-ROOT|YIN-PARTY|ROOT-STRUCK|ROOT-GAN-PRIORITY|SHI-GUI-LU|ZHONGGUA-2SIDE|SHIYONG-YUELING-XIANGFU|SHI-ZHU-JI|TIANGAN-XINGQING|YONGSHEN-STRUCTURE
491,辛未辛卯乙未丁亥,乙,比肩,HEAVY,year:LIGHT_YU_QI|month:HEAVY_LU|day:LIGHT_YU_QI,IN_SEASON,,SHISHANG:1透,GUANSHA:2透,"两端成势未授权, 保留节点不裁, 经典规则未来各自查询",,REN-CAIGUAN|DESHI-BUWANG|XIEQI-TAIZHONG|HEAVY-ROOT|ROOT-GAN-PRIORITY|ZHONGGUA-2SIDE|GE-QING|WANGJI-SIWO-SHENG|TIANGAN-XINGQING|YONGSHEN-STRUCTURE
494,辛未辛卯乙未戊寅,乙,比肩,HEAVY,year:LIGHT_YU_QI|month:HEAVY_LU|day:LIGHT_YU_QI,IN_SEASON,,CAI:1透,GUANSHA:2透,"两端成势未授权, 保留节点不裁, 经典规则未来各自查询",,REN-CAIGUAN|DESHI-BUWANG|HEAVY-ROOT|ROOT-GAN-PRIORITY|ZHONGGUA-2SIDE|GE-QING|SHI-ZHU-JI|TIANGAN-XINGQING|YONGSHEN-STRUCTURE
497,庚寅己卯乙亥癸未,乙,比肩,HEAVY,month:HEAVY_LU|hour:LIGHT_YU_QI,IN_SEASON,YIN:1透,CAI:1透,GUANSHA:1透,"两端成势未授权, 保留节点不裁, 经典规则未来各自查询",庚乙化金,REN-CAIGUAN|DESHI-BUWANG|HEAVY-ROOT|YIN-PARTY|ROOT-GAN-PRIORITY|SHI-GUI-LU|ZHONGGUA-2SIDE|RI-BEI-HE|SHIYONG-YUELING-XIANGFU|GE-QING|SHI-ZHU-JI|TIANGAN-XINGQING|YONGSHEN-STRUCTURE
507,庚辰癸未乙未癸未,乙,偏财,LIGHT,year:LIGHT_YU_QI|month:LIGHT_YU_QI|day:LIGHT_YU_QI|hour:LIGHT_YU_QI,OUT_OF_SEASON,YIN:2透,,GUANSHA:1透,"两端成势未授权, 保留节点不裁, 经典规则未来各自查询",庚乙化金,REN-CAIGUAN|SHISHI-BURUO|LIGHT-ROOT|YIN-PARTY|ROOT-GAN-PRIORITY|SHI-GUI-LU|ZHONGGUA-2SIDE|RI-BEI-HE|SHIYONG-YUELING-XIANGFU|GE-QING|SHI-ZHU-JI|TIANGAN-XINGQING|YONGSHEN-STRUCTURE
510,己丑壬申丁未丙午,丁,正财,HEAVY,day:LIGHT_YU_QI|hour:HEAVY_LU,OUT_OF_SEASON,BIJIE:1透|JIECAI:1透,SHISHANG:1透,GUANSHA:1透,"两端成势未授权, 保留节点不裁, 经典规则未来各自查询",壬丁化木,REN-CAIGUAN|SHISHI-BURUO|XIEQI-TAIZHONG|HEAVY-ROOT|BIJIE-PARTY|ROOT-STRUCK|ROOT-GAN-PRIORITY|SHI-GUI-LU|ZHONGGUA-2SIDE|RI-BEI-HE|TIANGAN-XINGQING|YONGSHEN-STRUCTURE
513,癸未乙卯丙午辛卯,丙,正印,HEAVY,year:LIGHT_YU_QI|day:HEAVY_WANG,SUPPORTS,YIN:1透,CAI:1透,GUANSHA:1透,"两端成势未授权, 保留节点不裁, 经典规则未来各自查询",丙辛化水,REN-CAIGUAN|SHISHI-BURUO|HEAVY-ROOT|YIN-PARTY|ROOT-STRUCK|ROOT-GAN-PRIORITY|ZHONGGUA-2SIDE|RI-BEI-HE|SHIYONG-YUELING-XIANGFU|GE-QING|CAI-RUO-SHEN-QIANG|YONGSHEN-STRUCTURE
516,辛卯丙申癸卯壬戌,癸,正印,LIGHT,year:SPECIAL_LONGSHENG_YIN|day:SPECIAL_LONGSHENG_YIN,SUPPORTS,BIJIE:1透|JIECAI:1透|YIN:1透,CAI:1透,,"两端成势未授权, 保留节点不裁, 经典规则未来各自查询",辛丙化水,REN-CAIGUAN|SHISHI-BURUO|LIGHT-ROOT|YIN-PARTY|BIJIE-PARTY|ROOT-GAN-PRIORITY|ZHONGGUA-2SIDE|SHIYONG-YUELING-XIANGFU|GE-QING|SHI-ZHU-JI|TIANGAN-XINGQING|YONGSHEN-STRUCTURE
519,辛卯丙申癸卯甲寅,癸,正印,LIGHT,year:SPECIAL_LONGSHENG_YIN|day:SPECIAL_LONGSHENG_YIN,SUPPORTS,YIN:1透,SHISHANG:1透|CAI:1透,,"两端成势未授权, 保留节点不裁, 经典规则未来各自查询",辛丙化水,REN-CAIGUAN|SHISHI-BURUO|XIEQI-TAIZHONG|LIGHT-ROOT|YIN-PARTY|ROOT-GAN-PRIORITY|WANGCHONG-SHUAI|ZHONGGUA-2SIDE|SHIYONG-YUELING-XIANGFU|SHI-ZHU-JI|TIANGAN-XINGQING|YONGSHEN-STRUCTURE
528,己巳庚午丙午甲午,丙,劫财,HEAVY,year:HEAVY_LU|month:HEAVY_WANG|day:HEAVY_WANG|hour:HEAVY_WANG,IN_SEASON,YIN:1透,SHISHANG:1透|CAI:1透,,"两端成势未授权, 保留节点不裁, 经典规则未来各自查询",己甲化土,REN-CAIGUAN|DESHI-BUWANG|XIEQI-TAIZHONG|HEAVY-ROOT|ROOT-STRUCK|ROOT-GAN-PRIORITY|SHI-GUI-LU|ZHONGGUA-2SIDE|SHIYONG-YUELING-XIANGFU|WANGJI-SIWO-SHENG|YONGSHEN-STRUCTURE
531,丁丑癸卯乙卯己卯,乙,比肩,HEAVY,month:HEAVY_LU|day:HEAVY_LU|hour:HEAVY_LU,IN_SEASON,YIN:1透,SHISHANG:1透|CAI:1透,,"两端成势未授权, 保留节点不裁, 经典规则未来各自查询",,REN-CAIGUAN|DESHI-BUWANG|HEAVY-ROOT|YIN-PARTY|ROOT-GAN-PRIORITY|SHI-GUI-LU|ZHONGGUA-2SIDE|SHIYONG-YUELING-XIANGFU|GE-QING|WANGJI-SIWO-SHENG|TIANGAN-XINGQING|YONGSHEN-STRUCTURE
534,丁未癸丑甲辰甲戌,甲,正财,LIGHT,year:LIGHT_MU_KU|day:LIGHT_YU_QI,OUT_OF_SEASON,BIJIE:1透|YIN:1透,SHISHANG:1透,,"两端成势未授权, 保留节点不裁, 经典规则未来各自查询",,REN-CAIGUAN|SHISHI-BURUO|XIEQI-TAIZHONG|LIGHT-ROOT|YIN-PARTY|BIJIE-PARTY|ROOT-STRUCK|ROOT-GAN-PRIORITY|ZHONGGUA-2SIDE|SHIYONG-YUELING-XIANGFU|SHI-ZHU-JI|TIANGAN-XINGQING|YONGSHEN-STRUCTURE
537,丁亥癸丑甲子辛未,甲,正财,HEAVY,year:HEAVY_LONGSHENG|hour:LIGHT_MU_KU,OUT_OF_SEASON,YIN:1透,SHISHANG:1透,GUANSHA:1透,"两端成势未授权, 保留节点不裁, 经典规则未来各自查询",,REN-CAIGUAN|SHISHI-BURUO|XIEQI-TAIZHONG|HEAVY-ROOT|YIN-PARTY|ROOT-STRUCK|ROOT-GAN-PRIORITY|SHI-GUI-LU|ZHONGGUA-2SIDE|SHIYONG-YUELING-XIANGFU|SHI-ZHU-JI|TIANGAN-XINGQING|YONGSHEN-STRUCTURE
554,丙寅甲午丙午癸巳,丙,劫财,HEAVY,year:HEAVY_LONGSHENG|month:HEAVY_WANG|day:HEAVY_WANG|hour:HEAVY_LU,IN_SEASON,BIJIE:1透|YIN:1透,,GUANSHA:1透,"两端成势未授权, 保留节点不裁, 经典规则未来各自查询",,REN-CAIGUAN|HEAVY-ROOT|YIN-PARTY|BIJIE-PARTY|ROOT-STRUCK|ROOT-GAN-PRIORITY|SHI-GUI-LU|ZHONGGUA-2SIDE|JIWANG-HUAIJI|SHI-ZHU-JI|YONGSHEN-STRUCTURE
557,戊寅庚申丙申丙申,丙,偏财,HEAVY,year:HEAVY_LONGSHENG,OUT_OF_SEASON,BIJIE:1透,SHISHANG:1透|CAI:1透,,"两端成势未授权, 保留节点不裁, 经典规则未来各自查询",,REN-CAIGUAN|SHISHI-BURUO|XIEQI-TAIZHONG|HEAVY-ROOT|BIJIE-PARTY|ROOT-STRUCK|ROOT-GAN-PRIORITY|WANGCHONG-SHUAI|ZHONGGUA-2SIDE|SHIYONG-YUELING-XIANGFU|SHI-ZHU-JI|YONGSHEN-STRUCTURE
568,癸酉甲子丙寅戊戌,丙,正官,HEAVY,day:HEAVY_LONGSHENG|hour:LIGHT_MU_KU,OUT_OF_SEASON,YIN:1透,SHISHANG:1透,GUANSHA:1透,"两端成势未授权, 保留节点不裁, 经典规则未来各自查询",癸戊化火,REN-CAIGUAN|SHISHI-BURUO|XIEQI-TAIZHONG|HEAVY-ROOT|YIN-PARTY|ROOT-STRUCK|ROOT-GAN-PRIORITY|SHI-GUI-LU|ZHONGGUA-2SIDE|SHI-ZHU-JI|YONGSHEN-STRUCTURE
571,癸未乙卯丙辰庚寅,丙,正印,HEAVY,year:LIGHT_YU_QI|hour:HEAVY_LONGSHENG,SUPPORTS,YIN:1透,CAI:1透,GUANSHA:1透,"两端成势未授权, 保留节点不裁, 经典规则未来各自查询",乙庚化金,REN-CAIGUAN|SHISHI-BURUO|HEAVY-ROOT|YIN-PARTY|ROOT-GAN-PRIORITY|SHI-GUI-LU|ZHONGGUA-2SIDE|CAI-RUO-SHEN-QIANG|YONGSHEN-STRUCTURE
574,戊戌乙丑丙辰己丑,丙,伤官,LIGHT,year:LIGHT_MU_KU,OUT_OF_SEASON,YIN:1透,SHISHANG:2透,,"两端成势未授权, 保留节点不裁, 经典规则未来各自查询",,REN-CAIGUAN|SHISHI-BURUO|XIEQI-TAIZHONG|LIGHT-ROOT|YIN-PARTY|ROOT-STRUCK|ROOT-GAN-PRIORITY|ZHONGGUA-2SIDE|SHIYONG-YUELING-XIANGFU|SHI-ZHU-JI|YONGSHEN-STRUCTURE
585,甲戌丙寅戊寅丙辰,戊,七杀,HEAVY,year:LIGHT_MU_KU|month:HEAVY_LONGSHENG|day:HEAVY_LONGSHENG|hour:LIGHT_YU_QI,OUT_OF_SEASON,YIN:2透,,GUANSHA:1透,"两端成势未授权, 保留节点不裁, 经典规则未来各自查询",,REN-CAIGUAN|SHISHI-BURUO|HEAVY-ROOT|YIN-PARTY|ROOT-STRUCK|ROOT-GAN-PRIORITY|SHI-GUI-LU|ZHONGGUA-2SIDE|SHIYONG-YUELING-XIANGFU|SHI-ZHU-JI|YONGSHEN-STRUCTURE
588,甲戌丙寅戊辰庚申,戊,七杀,HEAVY,year:LIGHT_MU_KU|month:HEAVY_LONGSHENG|day:LIGHT_YU_QI|hour:LIGHT_YU_QI,OUT_OF_SEASON,YIN:1透,SHISHANG:1透,GUANSHA:1透,"两端成势未授权, 保留节点不裁, 经典规则未来各自查询",,REN-CAIGUAN|SHISHI-BURUO|XIEQI-TAIZHONG|HEAVY-ROOT|YIN-PARTY|ROOT-STRUCK|ROOT-GAN-PRIORITY|WANGCHONG-SHUAI|SHI-GUI-LU|ZHONGGUA-2SIDE|SHIYONG-YUELING-XIANGFU|SHI-ZHU-JI|YONGSHEN-STRUCTURE
605,甲辰丁卯甲子戊辰,甲,劫财,HEAVY,year:LIGHT_YU_QI|month:HEAVY_WANG|hour:LIGHT_YU_QI,IN_SEASON,BIJIE:1透,SHISHANG:1透|CAI:1透,,"两端成势未授权, 保留节点不裁, 经典规则未来各自查询",,REN-CAIGUAN|DESHI-BUWANG|HEAVY-ROOT|BIJIE-PARTY|ROOT-STRUCK|ROOT-GAN-PRIORITY|SHI-GUI-LU|ZHONGGUA-2SIDE|JIWANG-HUAIJI|SHIYONG-YUELING-XIANGFU|WANGJI-SIWO-SHENG|SHI-ZHU-JI|TIANGAN-XINGQING|YONGSHEN-STRUCTURE
608,癸卯乙卯甲寅乙亥,甲,劫财,HEAVY,year:HEAVY_WANG|month:HEAVY_WANG|day:HEAVY_LU|hour:HEAVY_LONGSHENG,IN_SEASON,BIJIE:2透|JIECAI:2透|YIN:1透,,,"两端成势未授权, 保留节点不裁, 经典规则未来各自查询",,REN-CAIGUAN|HEAVY-ROOT|YIN-PARTY|BIJIE-PARTY|ROOT-STRUCK|ROOT-GAN-PRIORITY|SHI-GUI-LU|ZHONGGUA-2SIDE|JIWANG-HUAIJI|GE-QING|TIANGAN-XINGQING|YONGSHEN-STRUCTURE
611,乙丑甲申甲申辛未,甲,七杀,LIGHT,hour:LIGHT_MU_KU,OUT_OF_SEASON,BIJIE:2透|JIECAI:1透,,GUANSHA:1透,"两端成势未授权, 保留节点不裁, 经典规则未来各自查询",,REN-CAIGUAN|SHISHI-BURUO|LIGHT-ROOT|JUECHU-FENGSHENG|BIJIE-PARTY|ROOT-STRUCK|ROOT-GAN-PRIORITY|SHI-GUI-LU|ZHONGGUA-2SIDE|SHI-ZHU-JI|TIANGAN-XINGQING|YONGSHEN-STRUCTURE
614,己巳己巳乙酉丙戌,乙,伤官,NONE,,OUT_OF_SEASON,,SHISHANG:1透|CAI:2透,,"两端成势未授权, 保留节点不裁, 经典规则未来各自查询",,CAIDUO-SHENRUAN|XIEQI-TAIZHONG|ZHONGGUA-2SIDE|JIRUO-WUGEN|JISHUAI-CONGSHENG|SHIYONG-YUELING-XIANGFU|YUN-SHENG-ROOT|SHI-ZHU-JI|TIANGAN-XINGQING|YONGSHEN-STRUCTURE
617,乙丑壬午丙戌甲午,丙,劫财,HEAVY,month:HEAVY_WANG|day:LIGHT_MU_KU|hour:HEAVY_WANG,IN_SEASON,YIN:2透,,GUANSHA:1透,"两端成势未授权, 保留节点不裁, 经典规则未来各自查询",,REN-CAIGUAN|DESHI-BUWANG|HEAVY-ROOT|ROOT-STRUCK|ROOT-GAN-PRIORITY|SHI-GUI-LU|ZHONGGUA-2SIDE|SHIYONG-YUELING-XIANGFU|YONGSHEN-STRUCTURE
620,戊寅丁巳丙寅甲午,丙,比肩,HEAVY,year:HEAVY_LONGSHENG|month:HEAVY_LU|day:HEAVY_LONGSHENG|hour:HEAVY_WANG,IN_SEASON,BIJIE:1透|JIECAI:1透|YIN:1透,SHISHANG:1透,,"两端成势未授权, 保留节点不裁, 经典规则未来各自查询",,REN-CAIGUAN|DESHI-BUWANG|XIEQI-TAIZHONG|HEAVY-ROOT|YIN-PARTY|BIJIE-PARTY|ROOT-STRUCK|ROOT-GAN-PRIORITY|SHI-GUI-LU|ZHONGGUA-2SIDE|JIWANG-HUAIJI|WANGJI-SIWO-SHENG|YONGSHEN-STRUCTURE
623,辛巳丁酉丁酉辛丑,丁,偏财,LIGHT,month:SPECIAL_LONGSHENG_YIN|day:SPECIAL_LONGSHENG_YIN,OUT_OF_SEASON,BIJIE:1透,CAI:2透,,"两端成势未授权, 保留节点不裁, 经典规则未来各自查询",,REN-CAIGUAN|SHISHI-BURUO|LIGHT-ROOT|BIJIE-PARTY|ROOT-STRUCK|ROOT-GAN-PRIORITY|ZHONGGUA-2SIDE|SHIYONG-YUELING-XIANGFU|SHI-ZHU-JI|TIANGAN-XINGQING|YONGSHEN-STRUCTURE
626,辛亥壬辰丙申己亥,丙,食神,NONE,,OUT_OF_SEASON,,SHISHANG:1透|CAI:1透,GUANSHA:1透,"两端成势未授权, 保留节点不裁, 经典规则未来各自查询",辛丙化水,CAIDUO-SHENRUAN|SHAZHONG-SHENQING|XIEQI-TAIZHONG|ZHONGGUA-2SIDE|RI-BEI-HE|JISHUAI-CONGSHENG|YUN-SHENG-ROOT|SHI-ZHU-JI|YONGSHEN-STRUCTURE
629,戊辰戊午戊申己未,戊,正印,HEAVY,year:LIGHT_YU_QI|month:HEAVY_WANG|day:LIGHT_YU_QI|hour:LIGHT_YU_QI,SUPPORTS,BIJIE:3透|JIECAI:1透,,,"两端成势未授权, 保留节点不裁, 经典规则未来各自查询",,REN-CAIGUAN|SHISHI-BURUO|HEAVY-ROOT|BIJIE-PARTY|ROOT-GAN-PRIORITY|SHI-GUI-LU|ZHONGGUA-2SIDE|SHIYONG-YUELING-XIANGFU|GE-QING|SHI-ZHU-JI|YONGSHEN-STRUCTURE
632,戊戌丙辰己巳己巳,己,劫财,LIGHT,year:LIGHT_YU_QI|month:LIGHT_YU_QI,IN_SEASON,BIJIE:2透|JIECAI:1透|YIN:1透,,,"两端成势未授权, 保留节点不裁, 经典规则未来各自查询",,REN-CAIGUAN|LIGHT-ROOT|YIN-PARTY|BIJIE-PARTY|ROOT-STRUCK|ROOT-GAN-PRIORITY|ZHONGGUA-2SIDE|SHIYONG-YUELING-XIANGFU|TIANGAN-XINGQING|YONGSHEN-STRUCTURE
635,壬辰辛亥戊子癸丑,戊,偏财,LIGHT,year:LIGHT_YU_QI|hour:LIGHT_YU_QI,OUT_OF_SEASON,,SHISHANG:1透|CAI:2透,,"两端成势未授权, 保留节点不裁, 经典规则未来各自查询",戊癸化火,REN-CAIGUAN|XIEQI-TAIZHONG|LIGHT-ROOT|ROOT-STRUCK|ROOT-GAN-PRIORITY|SHI-GUI-LU|ZHONGGUA-2SIDE|RI-BEI-HE|GE-QING|SHI-ZHU-JI|YONGSHEN-STRUCTURE
638,癸酉甲子戊子壬子,戊,正财,NONE,,OUT_OF_SEASON,,CAI:2透,GUANSHA:1透,"两端成势未授权, 保留节点不裁, 经典规则未来各自查询",癸戊化火,CAIDUO-SHENRUAN|ZHONGGUA-2SIDE|RI-BEI-HE|JIRUO-WUGEN|SHIYONG-YUELING-XIANGFU|GE-QING|YUN-SHENG-ROOT|SHI-ZHU-JI|YONGSHEN-STRUCTURE
641,壬申己酉庚子庚辰,庚,劫财,HEAVY,year:HEAVY_LU|month:HEAVY_WANG,IN_SEASON,BIJIE:1透|YIN:1透,SHISHANG:1透,,"两端成势未授权, 保留节点不裁, 经典规则未来各自查询",,REN-CAIGUAN|DESHI-BUWANG|XIEQI-TAIZHONG|HEAVY-ROOT|YIN-PARTY|BIJIE-PARTY|ROOT-STRUCK|ROOT-GAN-PRIORITY|ZHONGGUA-2SIDE|JIWANG-HUAIJI|GE-QING|WANGJI-SIWO-SHENG|SHI-ZHU-JI|YONGSHEN-STRUCTURE
644,庚申乙酉庚戌庚辰,庚,劫财,HEAVY,year:HEAVY_LU|month:HEAVY_WANG|day:LIGHT_YU_QI,IN_SEASON,BIJIE:2透,CAI:1透,,"两端成势未授权, 保留节点不裁, 经典规则未来各自查询",庚乙化金|乙庚化金|乙庚化金,REN-CAIGUAN|DESHI-BUWANG|HEAVY-ROOT|BIJIE-PARTY|ROOT-STRUCK|ROOT-GAN-PRIORITY|HE-HUASHEN-DESHI|ZHONGGUA-2SIDE|RI-BEI-HE|JIWANG-HUAIJI|SHI-ZHU-JI|YONGSHEN-STRUCTURE
647,己卯庚午辛卯甲午,辛,七杀,NONE,,OUT_OF_SEASON,BIJIE:1透|JIECAI:1透|YIN:1透,CAI:1透,,"两端成势未授权, 保留节点不裁, 经典规则未来各自查询",己甲化土,SHISHI-BURUO|CAIDUO-SHENRUAN|YIN-PARTY|ZHONGGUA-2SIDE|SHIYONG-YUELING-XIANGFU|YUN-SHENG-ROOT|SHI-ZHU-JI|YONGSHEN-STRUCTURE
650,己亥丁卯庚寅丙子,庚,正财,NONE,,OUT_OF_SEASON,YIN:1透,,GUANSHA:2透,"两端成势未授权, 保留节点不裁, 经典规则未来各自查询",,SHISHI-BURUO|SHAZHONG-SHENQING|YIN-PARTY|ZHONGGUA-2SIDE|JISHUAI-CONGSHENG|YUN-SHENG-ROOT|YONGSHEN-STRUCTURE
653,壬寅辛亥壬子辛丑,壬,比肩,HEAVY,month:HEAVY_LU|day:HEAVY_WANG|hour:LIGHT_YU_QI,IN_SEASON,BIJIE:1透|YIN:2透,,,"两端成势未授权, 保留节点不裁, 经典规则未来各自查询",,REN-CAIGUAN|HEAVY-ROOT|YIN-PARTY|BIJIE-PARTY|ROOT-STRUCK|ROOT-GAN-PRIORITY|SHI-GUI-LU|ZHONGGUA-2SIDE|JIWANG-HUAIJI|GE-QING|SHI-ZHU-JI|YONGSHEN-STRUCTURE
656,癸亥癸亥壬子庚子,壬,比肩,HEAVY,year:HEAVY_LU|month:HEAVY_LU|day:HEAVY_WANG|hour:HEAVY_WANG,IN_SEASON,BIJIE:2透|JIECAI:2透|YIN:1透,,,"两端成势未授权, 保留节点不裁, 经典规则未来各自查询",,REN-CAIGUAN|HEAVY-ROOT|BIJIE-PARTY|ROOT-STRUCK|ROOT-GAN-PRIORITY|SHI-GUI-LU|ZHONGGUA-2SIDE|JIWANG-HUAIJI|CAI-RUO-SHEN-QIANG|YONGSHEN-STRUCTURE
659,丙辰乙未壬午癸卯,壬,正官,LIGHT,year:LIGHT_MU_KU,OUT_OF_SEASON,BIJIE:1透|JIECAI:1透,SHISHANG:1透|CAI:1透,,"两端成势未授权, 保留节点不裁, 经典规则未来各自查询",,REN-CAIGUAN|SHISHI-BURUO|XIEQI-TAIZHONG|LIGHT-ROOT|BIJIE-PARTY|ROOT-STRUCK|ROOT-GAN-PRIORITY|ZHONGGUA-2SIDE|SHIYONG-YUELING-XIANGFU|YONGSHEN-STRUCTURE
662,癸卯戊午壬寅丙午,壬,正财,NONE,,OUT_OF_SEASON,BIJIE:1透|JIECAI:1透,CAI:1透,GUANSHA:1透,"两端成势未授权, 保留节点不裁, 经典规则未来各自查询",癸戊化火,CAIDUO-SHENRUAN|SHAZHONG-SHENQING|HE-HUASHEN-DESHI|ZHONGGUA-2SIDE|JISHUAI-CONGSHENG|SHIYONG-YUELING-XIANGFU|YUN-SHENG-ROOT|SHI-ZHU-JI|YONGSHEN-STRUCTURE
673,辛巳甲午癸卯癸亥,癸,偏财,LIGHT,day:SPECIAL_LONGSHENG_YIN,OUT_OF_SEASON,BIJIE:1透|YIN:1透,SHISHANG:1透,,"两端成势未授权, 保留节点不裁, 经典规则未来各自查询",,REN-CAIGUAN|SHISHI-BURUO|XIEQI-TAIZHONG|LIGHT-ROOT|YIN-PARTY|BIJIE-PARTY|ROOT-STRUCK|ROOT-GAN-PRIORITY|WANGCHONG-SHUAI|ZHONGGUA-2SIDE|TIANGAN-XINGQING|YONGSHEN-STRUCTURE
676,己酉丙子癸未戊午,癸,比肩,HEAVY,month:HEAVY_LU,IN_SEASON,,CAI:1透,GUANSHA:2透,"两端成势未授权, 保留节点不裁, 经典规则未来各自查询",癸戊化火,REN-CAIGUAN|DESHI-BUWANG|HEAVY-ROOT|ROOT-STRUCK|ROOT-GAN-PRIORITY|WANGCHONG-SHUAI|ZHONGGUA-2SIDE|RI-BEI-HE|SHI-ZHU-JI|TIANGAN-XINGQING|YONGSHEN-STRUCTURE
686,辛酉庚子丙寅癸巳,丙,正官,HEAVY,day:HEAVY_LONGSHENG|hour:HEAVY_LU,OUT_OF_SEASON,,CAI:2透,GUANSHA:1透,"两端成势未授权, 保留节点不裁, 经典规则未来各自查询",辛丙化水,REN-CAIGUAN|HEAVY-ROOT|ROOT-STRUCK|ROOT-GAN-PRIORITY|HE-HUASHEN-DESHI|SHI-GUI-LU|ZHONGGUA-2SIDE|RI-BEI-HE|SHI-ZHU-JI|YONGSHEN-STRUCTURE
689,辛丑癸巳戊申丙辰,戊,偏印,HEAVY,year:LIGHT_YU_QI|month:HEAVY_LU|day:LIGHT_YU_QI|hour:LIGHT_YU_QI,SUPPORTS,YIN:1透,SHISHANG:1透|CAI:1透,,"两端成势未授权, 保留节点不裁, 经典规则未来各自查询",辛丙化水|癸戊化火,REN-CAIGUAN|SHISHI-BURUO|XIEQI-TAIZHONG|HEAVY-ROOT|YIN-PARTY|ROOT-STRUCK|ROOT-GAN-PRIORITY|HE-HUASHEN-DESHI|SHI-GUI-LU|ZHONGGUA-2SIDE|RI-BEI-HE|SHIYONG-YUELING-XIANGFU|GE-QING|SHI-ZHU-JI|YONGSHEN-STRUCTURE
692,辛卯辛卯丙子甲午,丙,正印,HEAVY,hour:HEAVY_WANG,SUPPORTS,YIN:1透,CAI:2透,,"两端成势未授权, 保留节点不裁, 经典规则未来各自查询",辛丙化水|辛丙化水,REN-CAIGUAN|SHISHI-BURUO|HEAVY-ROOT|YIN-PARTY|ROOT-STRUCK|ROOT-GAN-PRIORITY|SHI-GUI-LU|ZHONGGUA-2SIDE|RI-BEI-HE|CAI-RUO-SHEN-QIANG|YONGSHEN-STRUCTURE
695,庚寅壬午戊午丁巳,戊,正印,HEAVY,year:HEAVY_LONGSHENG|month:HEAVY_WANG|day:HEAVY_WANG|hour:HEAVY_LU,SUPPORTS,YIN:1透,SHISHANG:1透|CAI:1透,,"两端成势未授权, 保留节点不裁, 经典规则未来各自查询",壬丁化木,REN-CAIGUAN|SHISHI-BURUO|XIEQI-TAIZHONG|HEAVY-ROOT|YIN-PARTY|ROOT-STRUCK|ROOT-GAN-PRIORITY|SHI-GUI-LU|ZHONGGUA-2SIDE|CAI-RUO-SHEN-QIANG|YONGSHEN-STRUCTURE
706,癸酉甲子丁卯丙午,丁,七杀,HEAVY,year:SPECIAL_LONGSHENG_YIN|hour:HEAVY_LU,OUT_OF_SEASON,BIJIE:1透|JIECAI:1透|YIN:1透,,GUANSHA:1透,"两端成势未授权, 保留节点不裁, 经典规则未来各自查询",,REN-CAIGUAN|SHISHI-BURUO|HEAVY-ROOT|YIN-PARTY|BIJIE-PARTY|ROOT-STRUCK|ROOT-GAN-PRIORITY|WANGCHONG-SHUAI|SHI-GUI-LU|ZHONGGUA-2SIDE|TIANGAN-XINGQING|YONGSHEN-STRUCTURE
709,戊寅癸亥丁未辛亥,丁,正官,LIGHT,day:LIGHT_YU_QI,OUT_OF_SEASON,,SHISHANG:1透|CAI:1透,GUANSHA:1透,"两端成势未授权, 保留节点不裁, 经典规则未来各自查询",戊癸化火,REN-CAIGUAN|XIEQI-TAIZHONG|LIGHT-ROOT|ROOT-GAN-PRIORITY|ZHONGGUA-2SIDE|SHIYONG-YUELING-XIANGFU|SHI-ZHU-JI|TIANGAN-XINGQING|YONGSHEN-STRUCTURE
712,戊辰乙卯辛丑丁酉,辛,偏财,HEAVY,day:LIGHT_YU_QI|hour:HEAVY_LU,OUT_OF_SEASON,YIN:1透,CAI:1透,GUANSHA:1透,"两端成势未授权, 保留节点不裁, 经典规则未来各自查询",,REN-CAIGUAN|SHISHI-BURUO|HEAVY-ROOT|YIN-PARTY|ROOT-STRUCK|ROOT-GAN-PRIORITY|WANGCHONG-SHUAI|SHI-GUI-LU|ZHONGGUA-2SIDE|YONGSHEN-STRUCTURE
715,己巳丁卯辛卯乙未,辛,偏财,NONE,,OUT_OF_SEASON,YIN:1透,CAI:1透,GUANSHA:1透,"两端成势未授权, 保留节点不裁, 经典规则未来各自查询",,SHISHI-BURUO|CAIDUO-SHENRUAN|SHAZHONG-SHENQING|YIN-PARTY|ZHONGGUA-2SIDE|JISHUAI-CONGSHENG|SHIYONG-YUELING-XIANGFU|GE-QING|YUN-SHENG-ROOT|SHI-ZHU-JI|YONGSHEN-STRUCTURE
726,己酉丙寅庚申庚辰,庚,偏财,HEAVY,year:HEAVY_WANG|day:HEAVY_LU,OUT_OF_SEASON,BIJIE:1透|YIN:1透,,GUANSHA:1透,"两端成势未授权, 保留节点不裁, 经典规则未来各自查询",,REN-CAIGUAN|SHISHI-BURUO|HEAVY-ROOT|JUECHU-FENGSHENG|YIN-PARTY|BIJIE-PARTY|ROOT-STRUCK|ROOT-GAN-PRIORITY|WANGCHONG-SHUAI|ZHONGGUA-2SIDE|SHIYONG-YUELING-XIANGFU|SHI-ZHU-JI|YONGSHEN-STRUCTURE
729,丙申庚寅庚申辛巳,庚,偏财,HEAVY,year:HEAVY_LU|day:HEAVY_LU|hour:HEAVY_LONGSHENG,OUT_OF_SEASON,BIJIE:2透|JIECAI:1透,,GUANSHA:1透,"两端成势未授权, 保留节点不裁, 经典规则未来各自查询",丙辛化水,REN-CAIGUAN|SHISHI-BURUO|HEAVY-ROOT|JUECHU-FENGSHENG|BIJIE-PARTY|ROOT-STRUCK|ROOT-GAN-PRIORITY|WANGCHONG-SHUAI|SHI-GUI-LU|ZHONGGUA-2SIDE|SHIYONG-YUELING-XIANGFU|SHI-ZHU-JI|YONGSHEN-STRUCTURE
733,戊子甲寅戊午甲寅,戊,七杀,HEAVY,month:HEAVY_LONGSHENG|day:HEAVY_WANG|hour:HEAVY_LONGSHENG,OUT_OF_SEASON,BIJIE:1透,,GUANSHA:2透,"两端成势未授权, 保留节点不裁, 经典规则未来各自查询",,REN-CAIGUAN|SHISHI-BURUO|HEAVY-ROOT|BIJIE-PARTY|ROOT-STRUCK|ROOT-GAN-PRIORITY|SHI-GUI-LU|ZHONGGUA-2SIDE|SHIYONG-YUELING-XIANGFU|SHI-ZHU-JI|YONGSHEN-STRUCTURE
736,己亥丙寅戊子甲寅,戊,七杀,HEAVY,month:HEAVY_LONGSHENG|hour:HEAVY_LONGSHENG,OUT_OF_SEASON,BIJIE:1透|JIECAI:1透|YIN:1透,,GUANSHA:1透,"两端成势未授权, 保留节点不裁, 经典规则未来各自查询",己甲化土,REN-CAIGUAN|SHISHI-BURUO|HEAVY-ROOT|YIN-PARTY|BIJIE-PARTY|ROOT-STRUCK|ROOT-GAN-PRIORITY|SHI-GUI-LU|ZHONGGUA-2SIDE|SHIYONG-YUELING-XIANGFU|GE-QING|SHI-ZHU-JI|YONGSHEN-STRUCTURE
739,戊辰庚申甲子甲子,甲,七杀,LIGHT,year:LIGHT_YU_QI,OUT_OF_SEASON,BIJIE:1透,CAI:1透,GUANSHA:1透,"两端成势未授权, 保留节点不裁, 经典规则未来各自查询",,REN-CAIGUAN|SHISHI-BURUO|LIGHT-ROOT|JUECHU-FENGSHENG|BIJIE-PARTY|ROOT-GAN-PRIORITY|ZHONGGUA-2SIDE|GE-QING|TIANGAN-XINGQING|YONGSHEN-STRUCTURE
742,戊午丙辰庚寅丙戌,庚,偏印,LIGHT,hour:LIGHT_YU_QI,SUPPORTS,YIN:1透,,GUANSHA:2透,"两端成势未授权, 保留节点不裁, 经典规则未来各自查询",,REN-CAIGUAN|SHISHI-BURUO|LIGHT-ROOT|YIN-PARTY|ROOT-STRUCK|ROOT-GAN-PRIORITY|SHI-GUI-LU|ZHONGGUA-2SIDE|SHIYONG-YUELING-XIANGFU|SHI-ZHU-JI|YONGSHEN-STRUCTURE
745,癸亥癸亥丁卯癸卯,丁,正官,NONE,,OUT_OF_SEASON,,,GUANSHA:3透,"两端成势未授权, 保留节点不裁, 经典规则未来各自查询",,SHAZHONG-SHENQING|ZHONGGUA-2SIDE|JISHUAI-CONGSHENG|YUN-SHENG-ROOT|TIANGAN-XINGQING|YONGSHEN-STRUCTURE
749,戊辰戊午壬辰甲辰,壬,正财,LIGHT,year:LIGHT_MU_KU|day:LIGHT_MU_KU|hour:LIGHT_MU_KU,OUT_OF_SEASON,,SHISHANG:1透,GUANSHA:2透,"两端成势未授权, 保留节点不裁, 经典规则未来各自查询",,REN-CAIGUAN|XIEQI-TAIZHONG|LIGHT-ROOT|ROOT-STRUCK|ROOT-GAN-PRIORITY|SHI-GUI-LU|ZHONGGUA-2SIDE|SHI-ZHU-JI|YONGSHEN-STRUCTURE
752,庚申庚辰甲戌丙寅,甲,偏财,HEAVY,month:LIGHT_YU_QI|hour:HEAVY_LU,OUT_OF_SEASON,,SHISHANG:1透,GUANSHA:2透,"两端成势未授权, 保留节点不裁, 经典规则未来各自查询",,REN-CAIGUAN|XIEQI-TAIZHONG|HEAVY-ROOT|ROOT-STRUCK|ROOT-GAN-PRIORITY|SHI-GUI-LU|ZHONGGUA-2SIDE|SHIYONG-YUELING-XIANGFU|SHI-ZHU-JI|TIANGAN-XINGQING|YONGSHEN-STRUCTURE
755,壬子壬子丙戌戊戌,丙,正官,LIGHT,day:LIGHT_MU_KU|hour:LIGHT_MU_KU,OUT_OF_SEASON,,SHISHANG:1透,GUANSHA:2透,"两端成势未授权, 保留节点不裁, 经典规则未来各自查询",,REN-CAIGUAN|XIEQI-TAIZHONG|LIGHT-ROOT|ROOT-GAN-PRIORITY|SHI-GUI-LU|ZHONGGUA-2SIDE|GE-QING|SHI-ZHU-JI|YONGSHEN-STRUCTURE
758,壬申丙午庚午丙戌,庚,正官,HEAVY,year:HEAVY_LU|hour:LIGHT_YU_QI,OUT_OF_SEASON,,SHISHANG:1透,GUANSHA:2透,"两端成势未授权, 保留节点不裁, 经典规则未来各自查询",,REN-CAIGUAN|XIEQI-TAIZHONG|HEAVY-ROOT|ROOT-GAN-PRIORITY|SHI-GUI-LU|ZHONGGUA-2SIDE|SHIYONG-YUELING-XIANGFU|CAI-RUO-SHEN-QIANG|SHI-ZHU-JI|YONGSHEN-STRUCTURE
762,癸丑戊午丙午壬辰,丙,劫财,HEAVY,month:HEAVY_WANG|day:HEAVY_WANG,IN_SEASON,,SHISHANG:1透,GUANSHA:2透,"两端成势未授权, 保留节点不裁, 经典规则未来各自查询",癸戊化火,REN-CAIGUAN|DESHI-BUWANG|XIEQI-TAIZHONG|HEAVY-ROOT|ROOT-STRUCK|ROOT-GAN-PRIORITY|HE-HUASHEN-DESHI|ZHONGGUA-2SIDE|WANGJI-SIWO-SHENG|SHI-ZHU-JI|YONGSHEN-STRUCTURE
765,癸巳戊午丙午壬辰,丙,劫财,HEAVY,year:HEAVY_LU|month:HEAVY_WANG|day:HEAVY_WANG,IN_SEASON,,SHISHANG:1透,GUANSHA:2透,"两端成势未授权, 保留节点不裁, 经典规则未来各自查询",癸戊化火,REN-CAIGUAN|DESHI-BUWANG|XIEQI-TAIZHONG|HEAVY-ROOT|ROOT-STRUCK|ROOT-GAN-PRIORITY|HE-HUASHEN-DESHI|ZHONGGUA-2SIDE|WANGJI-SIWO-SHENG|SHI-ZHU-JI|YONGSHEN-STRUCTURE
768,戊申癸亥丙午壬辰,丙,七杀,HEAVY,day:HEAVY_WANG,OUT_OF_SEASON,,SHISHANG:1透,GUANSHA:2透,"两端成势未授权, 保留节点不裁, 经典规则未来各自查询",戊癸化火,REN-CAIGUAN|XIEQI-TAIZHONG|HEAVY-ROOT|JUECHU-FENGSHENG|ROOT-GAN-PRIORITY|ZHONGGUA-2SIDE|SHI-ZHU-JI|YONGSHEN-STRUCTURE
771,戊午癸亥丙戌壬辰,丙,七杀,HEAVY,year:HEAVY_WANG|day:LIGHT_MU_KU,OUT_OF_SEASON,,SHISHANG:1透,GUANSHA:2透,"两端成势未授权, 保留节点不裁, 经典规则未来各自查询",戊癸化火,REN-CAIGUAN|XIEQI-TAIZHONG|HEAVY-ROOT|JUECHU-FENGSHENG|ROOT-STRUCK|ROOT-GAN-PRIORITY|ZHONGGUA-2SIDE|SHI-ZHU-JI|YONGSHEN-STRUCTURE
774,壬申丁未丁未癸卯,丁,食神,LIGHT,month:LIGHT_YU_QI|day:LIGHT_YU_QI,OUT_OF_SEASON,BIJIE:1透,,GUANSHA:2透,"两端成势未授权, 保留节点不裁, 经典规则未来各自查询",壬丁化木|壬丁化木,REN-CAIGUAN|SHISHI-BURUO|LIGHT-ROOT|BIJIE-PARTY|ROOT-GAN-PRIORITY|ZHONGGUA-2SIDE|RI-BEI-HE|SHIYONG-YUELING-XIANGFU|GE-QING|TIANGAN-XINGQING|YONGSHEN-STRUCTURE
777,甲辰己巳戊辰乙卯,戊,偏印,HEAVY,year:LIGHT_YU_QI|month:HEAVY_LU|day:LIGHT_YU_QI,SUPPORTS,BIJIE:1透|JIECAI:1透,,GUANSHA:2透,"两端成势未授权, 保留节点不裁, 经典规则未来各自查询",甲己化土,REN-CAIGUAN|SHISHI-BURUO|HEAVY-ROOT|BIJIE-PARTY|ROOT-STRUCK|ROOT-GAN-PRIORITY|ZHONGGUA-2SIDE|SHI-ZHU-JI|YONGSHEN-STRUCTURE
780,丙辰辛卯庚申丁丑,庚,正财,HEAVY,day:HEAVY_LU|hour:LIGHT_MU_KU,OUT_OF_SEASON,BIJIE:1透|JIECAI:1透,,GUANSHA:2透,"两端成势未授权, 保留节点不裁, 经典规则未来各自查询",丙辛化水,REN-CAIGUAN|SHISHI-BURUO|HEAVY-ROOT|BIJIE-PARTY|ROOT-STRUCK|ROOT-GAN-PRIORITY|SHI-GUI-LU|ZHONGGUA-2SIDE|YONGSHEN-STRUCTURE
783,丙辰辛卯乙亥庚辰,乙,比肩,HEAVY,year:LIGHT_YU_QI|month:HEAVY_LU|hour:LIGHT_YU_QI,IN_SEASON,,SHISHANG:1透,GUANSHA:2透,"两端成势未授权, 保留节点不裁, 经典规则未来各自查询",丙辛化水|乙庚化金,REN-CAIGUAN|HEAVY-ROOT|ROOT-STRUCK|ROOT-GAN-PRIORITY|SHI-GUI-LU|ZHONGGUA-2SIDE|RI-BEI-HE|SHIYONG-YUELING-XIANGFU|WANGJI-SIWO-SHENG|SHI-ZHU-JI|TIANGAN-XINGQING|YONGSHEN-STRUCTURE
786,癸亥戊午壬午己酉,壬,正财,HEAVY,year:HEAVY_LU,OUT_OF_SEASON,BIJIE:1透|JIECAI:1透,,GUANSHA:2透,"两端成势未授权, 保留节点不裁, 经典规则未来各自查询",癸戊化火,REN-CAIGUAN|SHISHI-BURUO|HEAVY-ROOT|BIJIE-PARTY|ROOT-GAN-PRIORITY|HE-HUASHEN-DESHI|ZHONGGUA-2SIDE|YONGSHEN-STRUCTURE
790,壬辰壬子丙寅癸巳,丙,正官,HEAVY,day:HEAVY_LONGSHENG|hour:HEAVY_LU,OUT_OF_SEASON,,,GUANSHA:3透,"两端成势未授权, 保留节点不裁, 经典规则未来各自查询",,REN-CAIGUAN|HEAVY-ROOT|ROOT-STRUCK|ROOT-GAN-PRIORITY|SHI-GUI-LU|ZHONGGUA-2SIDE|SHI-ZHU-JI|YONGSHEN-STRUCTURE
793,甲子乙亥己巳丁卯,己,正财,NONE,,OUT_OF_SEASON,YIN:1透,,GUANSHA:2透,"两端成势未授权, 保留节点不裁, 经典规则未来各自查询",甲己化土,SHISHI-BURUO|SHAZHONG-SHENQING|YIN-PARTY|WANGCHONG-SHUAI|ZHONGGUA-2SIDE|RI-BEI-HE|JISHUAI-CONGSHENG|YUN-SHENG-ROOT|SHI-ZHU-JI|TIANGAN-XINGQING|YONGSHEN-STRUCTURE
796,丙辰丁酉庚午戊寅,庚,劫财,HEAVY,month:HEAVY_WANG,IN_SEASON,YIN:1透,,GUANSHA:2透,"两端成势未授权, 保留节点不裁, 经典规则未来各自查询",,REN-CAIGUAN|DESHI-BUWANG|HEAVY-ROOT|YIN-PARTY|ROOT-GAN-PRIORITY|ZHONGGUA-2SIDE|GE-QING|SHI-ZHU-JI|YONGSHEN-STRUCTURE
799,戊午己未壬申辛亥,壬,正官,HEAVY,day:HEAVY_LONGSHENG|hour:HEAVY_LU,OUT_OF_SEASON,YIN:1透,,GUANSHA:2透,"两端成势未授权, 保留节点不裁, 经典规则未来各自查询",,REN-CAIGUAN|SHISHI-BURUO|HEAVY-ROOT|YIN-PARTY|ROOT-STRUCK|ROOT-GAN-PRIORITY|SHI-GUI-LU|ZHONGGUA-2SIDE|YONGSHEN-STRUCTURE
805,辛卯戊戌丙辰己亥,丙,食神,LIGHT,month:LIGHT_MU_KU,OUT_OF_SEASON,,SHISHANG:2透|CAI:1透,,"两端成势未授权, 保留节点不裁, 经典规则未来各自查询",辛丙化水,REN-CAIGUAN|XIEQI-TAIZHONG|LIGHT-ROOT|ROOT-STRUCK|ROOT-GAN-PRIORITY|ZHONGGUA-2SIDE|RI-BEI-HE|SHI-ZHU-JI|YONGSHEN-STRUCTURE
808,辛卯戊戌丙辰壬辰,丙,食神,LIGHT,month:LIGHT_MU_KU,OUT_OF_SEASON,,SHISHANG:1透|CAI:1透,GUANSHA:1透,"两端成势未授权, 保留节点不裁, 经典规则未来各自查询",辛丙化水,REN-CAIGUAN|XIEQI-TAIZHONG|LIGHT-ROOT|ROOT-STRUCK|ROOT-GAN-PRIORITY|ZHONGGUA-2SIDE|RI-BEI-HE|SHIYONG-YUELING-XIANGFU|SHI-ZHU-JI|YONGSHEN-STRUCTURE
811,壬辰丙午丙午壬辰,丙,劫财,HEAVY,month:HEAVY_WANG|day:HEAVY_WANG,IN_SEASON,BIJIE:1透,,GUANSHA:2透,"两端成势未授权, 保留节点不裁, 经典规则未来各自查询",,REN-CAIGUAN|DESHI-BUWANG|HEAVY-ROOT|BIJIE-PARTY|ROOT-STRUCK|ROOT-GAN-PRIORITY|ZHONGGUA-2SIDE|JIWANG-HUAIJI|CAI-RUO-SHEN-QIANG|SHI-ZHU-JI|YONGSHEN-STRUCTURE
814,甲寅戊辰壬辰壬寅,壬,七杀,LIGHT,month:LIGHT_MU_KU|day:LIGHT_MU_KU,OUT_OF_SEASON,BIJIE:1透,SHISHANG:1透,GUANSHA:1透,"两端成势未授权, 保留节点不裁, 经典规则未来各自查询",,REN-CAIGUAN|SHISHI-BURUO|XIEQI-TAIZHONG|LIGHT-ROOT|BIJIE-PARTY|ROOT-STRUCK|ROOT-GAN-PRIORITY|ZHONGGUA-2SIDE|SHIYONG-YUELING-XIANGFU|SHI-ZHU-JI|YONGSHEN-STRUCTURE
817,庚申戊寅戊寅庚申,戊,七杀,HEAVY,year:LIGHT_YU_QI|month:HEAVY_LONGSHENG|day:HEAVY_LONGSHENG|hour:LIGHT_YU_QI,OUT_OF_SEASON,BIJIE:1透,SHISHANG:2透,,"两端成势未授权, 保留节点不裁, 经典规则未来各自查询",,REN-CAIGUAN|SHISHI-BURUO|XIEQI-TAIZHONG|HEAVY-ROOT|BIJIE-PARTY|ROOT-STRUCK|ROOT-GAN-PRIORITY|WANGCHONG-SHUAI|SHI-GUI-LU|ZHONGGUA-2SIDE|SHIYONG-YUELING-XIANGFU|SHI-ZHU-JI|YONGSHEN-STRUCTURE
830,己丑辛未丙寅己丑,丙,伤官,HEAVY,month:LIGHT_YU_QI|day:HEAVY_LONGSHENG,OUT_OF_SEASON,,SHISHANG:2透|CAI:1透,,"两端成势未授权, 保留节点不裁, 经典规则未来各自查询",辛丙化水,REN-CAIGUAN|XIEQI-TAIZHONG|HEAVY-ROOT|ROOT-STRUCK|ROOT-GAN-PRIORITY|ZHONGGUA-2SIDE|RI-BEI-HE|SHIYONG-YUELING-XIANGFU|SHI-ZHU-JI|YONGSHEN-STRUCTURE
833,辛酉丁酉戊午辛酉,戊,伤官,HEAVY,day:HEAVY_WANG,OUT_OF_SEASON,YIN:1透,SHISHANG:2透,,"两端成势未授权, 保留节点不裁, 经典规则未来各自查询",,REN-CAIGUAN|SHISHI-BURUO|XIEQI-TAIZHONG|HEAVY-ROOT|YIN-PARTY|ROOT-GAN-PRIORITY|ZHONGGUA-2SIDE|SHIYONG-YUELING-XIANGFU|CAI-RUO-SHEN-QIANG|YONGSHEN-STRUCTURE
836,壬戌壬子庚辰己卯,庚,伤官,LIGHT,year:LIGHT_YU_QI,OUT_OF_SEASON,YIN:1透,SHISHANG:2透,,"两端成势未授权, 保留节点不裁, 经典规则未来各自查询",,REN-CAIGUAN|SHISHI-BURUO|XIEQI-TAIZHONG|LIGHT-ROOT|YIN-PARTY|ROOT-STRUCK|ROOT-GAN-PRIORITY|ZHONGGUA-2SIDE|SHI-ZHU-JI|YONGSHEN-STRUCTURE
839,丙辰癸巳乙丑丙子,乙,伤官,LIGHT,year:LIGHT_YU_QI,OUT_OF_SEASON,YIN:1透,SHISHANG:2透,,"两端成势未授权, 保留节点不裁, 经典规则未来各自查询",,REN-CAIGUAN|SHISHI-BURUO|XIEQI-TAIZHONG|LIGHT-ROOT|YIN-PARTY|ROOT-STRUCK|ROOT-GAN-PRIORITY|ZHONGGUA-2SIDE|GE-QING|TIANGAN-XINGQING|YONGSHEN-STRUCTURE
843,丙申戊戌丁卯乙巳,丁,伤官,LIGHT,month:LIGHT_YU_QI,OUT_OF_SEASON,BIJIE:1透|JIECAI:1透|YIN:1透,SHISHANG:1透,,"两端成势未授权, 保留节点不裁, 经典规则未来各自查询",,REN-CAIGUAN|SHISHI-BURUO|XIEQI-TAIZHONG|LIGHT-ROOT|YIN-PARTY|BIJIE-PARTY|ROOT-GAN-PRIORITY|ZHONGGUA-2SIDE|SHIYONG-YUELING-XIANGFU|GE-QING|SHI-ZHU-JI|TIANGAN-XINGQING|YONGSHEN-STRUCTURE
846,癸亥乙卯壬申乙巳,壬,伤官,HEAVY,year:HEAVY_LU|day:HEAVY_LONGSHENG,OUT_OF_SEASON,BIJIE:1透|JIECAI:1透,SHISHANG:2透,,"两端成势未授权, 保留节点不裁, 经典规则未来各自查询",,REN-CAIGUAN|SHISHI-BURUO|XIEQI-TAIZHONG|HEAVY-ROOT|BIJIE-PARTY|ROOT-STRUCK|ROOT-GAN-PRIORITY|ZHONGGUA-2SIDE|SHI-ZHU-JI|YONGSHEN-STRUCTURE
849,戊子辛酉戊午丁巳,戊,伤官,HEAVY,day:HEAVY_WANG|hour:HEAVY_LU,OUT_OF_SEASON,BIJIE:1透|YIN:1透,SHISHANG:1透,,"两端成势未授权, 保留节点不裁, 经典规则未来各自查询",,REN-CAIGUAN|SHISHI-BURUO|XIEQI-TAIZHONG|HEAVY-ROOT|YIN-PARTY|BIJIE-PARTY|ROOT-STRUCK|ROOT-GAN-PRIORITY|WANGCHONG-SHUAI|SHI-GUI-LU|ZHONGGUA-2SIDE|YONGSHEN-STRUCTURE
852,壬申辛亥辛酉庚寅,辛,伤官,HEAVY,day:HEAVY_LU,OUT_OF_SEASON,BIJIE:2透|JIECAI:1透,SHISHANG:1透,,"两端成势未授权, 保留节点不裁, 经典规则未来各自查询",,REN-CAIGUAN|SHISHI-BURUO|XIEQI-TAIZHONG|HEAVY-ROOT|BIJIE-PARTY|ROOT-GAN-PRIORITY|WANGCHONG-SHUAI|ZHONGGUA-2SIDE|SHIYONG-YUELING-XIANGFU|SHI-ZHU-JI|YONGSHEN-STRUCTURE
856,癸亥辛酉戊申己未,戊,伤官,LIGHT,day:LIGHT_YU_QI|hour:LIGHT_YU_QI,OUT_OF_SEASON,BIJIE:1透|JIECAI:1透,SHISHANG:1透|CAI:1透,,"两端成势未授权, 保留节点不裁, 经典规则未来各自查询",癸戊化火,REN-CAIGUAN|SHISHI-BURUO|XIEQI-TAIZHONG|LIGHT-ROOT|BIJIE-PARTY|ROOT-STRUCK|ROOT-GAN-PRIORITY|SHI-GUI-LU|ZHONGGUA-2SIDE|RI-BEI-HE|SHI-ZHU-JI|YONGSHEN-STRUCTURE
859,己未癸酉戊戌庚申,戊,伤官,LIGHT,year:LIGHT_YU_QI|day:LIGHT_MU_KU|hour:LIGHT_YU_QI,OUT_OF_SEASON,BIJIE:1透|JIECAI:1透,SHISHANG:1透|CAI:1透,,"两端成势未授权, 保留节点不裁, 经典规则未来各自查询",癸戊化火,REN-CAIGUAN|SHISHI-BURUO|XIEQI-TAIZHONG|LIGHT-ROOT|BIJIE-PARTY|ROOT-STRUCK|ROOT-GAN-PRIORITY|SHI-GUI-LU|ZHONGGUA-2SIDE|RI-BEI-HE|SHI-ZHU-JI|YONGSHEN-STRUCTURE
862,癸亥甲寅癸亥甲寅,癸,伤官,NONE,,OUT_OF_SEASON,BIJIE:1透,SHISHANG:2透,,"两端成势未授权, 保留节点不裁, 经典规则未来各自查询",,SHISHI-BURUO|XIEQI-TAIZHONG|BIJIE-PARTY|ZHONGGUA-2SIDE|JISHUAI-CONGSHENG|SHIYONG-YUELING-XIANGFU|YUN-SHENG-ROOT|SHI-ZHU-JI|TIANGAN-XINGQING|YONGSHEN-STRUCTURE
865,戊申己未丙戌己丑,丙,伤官,LIGHT,month:LIGHT_YU_QI|day:LIGHT_MU_KU,OUT_OF_SEASON,,SHISHANG:3透,,"两端成势未授权, 保留节点不裁, 经典规则未来各自查询",,REN-CAIGUAN|XIEQI-TAIZHONG|LIGHT-ROOT|ROOT-STRUCK|ROOT-GAN-PRIORITY|ZHONGGUA-2SIDE|SHIYONG-YUELING-XIANGFU|SHI-ZHU-JI|YONGSHEN-STRUCTURE
868,戊辰庚申己酉癸酉,己,伤官,LIGHT,year:LIGHT_YU_QI|day:SPECIAL_LONGSHENG_YIN|hour:SPECIAL_LONGSHENG_YIN,OUT_OF_SEASON,BIJIE:1透|JIECAI:1透,SHISHANG:1透|CAI:1透,,"两端成势未授权, 保留节点不裁, 经典规则未来各自查询",戊癸化火,REN-CAIGUAN|SHISHI-BURUO|XIEQI-TAIZHONG|LIGHT-ROOT|BIJIE-PARTY|ROOT-STRUCK|ROOT-GAN-PRIORITY|SHI-GUI-LU|ZHONGGUA-2SIDE|TIANGAN-XINGQING|YONGSHEN-STRUCTURE
873,庚辰己卯壬辰庚子,壬,伤官,HEAVY,year:LIGHT_MU_KU|day:LIGHT_MU_KU|hour:HEAVY_WANG,OUT_OF_SEASON,YIN:2透,,GUANSHA:1透,"两端成势未授权, 保留节点不裁, 经典规则未来各自查询",,REN-CAIGUAN|HEAVY-ROOT|ROOT-STRUCK|ROOT-GAN-PRIORITY|SHI-GUI-LU|ZHONGGUA-2SIDE|CAI-RUO-SHEN-QIANG|YONGSHEN-STRUCTURE
876,乙酉戊寅癸酉癸丑,癸,伤官,LIGHT,hour:LIGHT_YU_QI,OUT_OF_SEASON,BIJIE:1透,SHISHANG:1透,GUANSHA:1透,"两端成势未授权, 保留节点不裁, 经典规则未来各自查询",戊癸化火|戊癸化火,REN-CAIGUAN|SHISHI-BURUO|XIEQI-TAIZHONG|LIGHT-ROOT|BIJIE-PARTY|ROOT-GAN-PRIORITY|SHI-GUI-LU|ZHONGGUA-2SIDE|RI-BEI-HE|SHI-ZHU-JI|TIANGAN-XINGQING|YONGSHEN-STRUCTURE
879,己卯庚午甲寅丁卯,甲,伤官,HEAVY,year:HEAVY_WANG|day:HEAVY_LU|hour:HEAVY_WANG,OUT_OF_SEASON,,SHISHANG:1透|CAI:1透,GUANSHA:1透,"两端成势未授权, 保留节点不裁, 经典规则未来各自查询",己甲化土,REN-CAIGUAN|XIEQI-TAIZHONG|HEAVY-ROOT|ROOT-STRUCK|ROOT-GAN-PRIORITY|SHI-GUI-LU|ZHONGGUA-2SIDE|RI-BEI-HE|GE-QING|TIANGAN-XINGQING|YONGSHEN-STRUCTURE
882,丙子乙未丙辰乙未,丙,伤官,LIGHT,month:LIGHT_YU_QI|hour:LIGHT_YU_QI,OUT_OF_SEASON,BIJIE:1透|YIN:2透,,,"两端成势未授权, 保留节点不裁, 经典规则未来各自查询",,REN-CAIGUAN|SHISHI-BURUO|LIGHT-ROOT|YIN-PARTY|BIJIE-PARTY|ROOT-STRUCK|ROOT-GAN-PRIORITY|SHI-GUI-LU|ZHONGGUA-2SIDE|SHIYONG-YUELING-XIANGFU|YONGSHEN-STRUCTURE
886,壬戌己酉戊戌乙卯,戊,伤官,LIGHT,year:LIGHT_MU_KU|day:LIGHT_MU_KU,OUT_OF_SEASON,BIJIE:1透|JIECAI:1透,CAI:1透,GUANSHA:1透,"两端成势未授权, 保留节点不裁, 经典规则未来各自查询",,REN-CAIGUAN|SHISHI-BURUO|LIGHT-ROOT|BIJIE-PARTY|ROOT-STRUCK|ROOT-GAN-PRIORITY|WANGCHONG-SHUAI|ZHONGGUA-2SIDE|SHI-ZHU-JI|YONGSHEN-STRUCTURE
889,庚午己卯壬申己酉,壬,伤官,HEAVY,day:HEAVY_LONGSHENG,OUT_OF_SEASON,YIN:1透,,GUANSHA:2透,"两端成势未授权, 保留节点不裁, 经典规则未来各自查询",,REN-CAIGUAN|SHISHI-BURUO|HEAVY-ROOT|YIN-PARTY|ROOT-GAN-PRIORITY|WANGCHONG-SHUAI|ZHONGGUA-2SIDE|YONGSHEN-STRUCTURE
892,辛未辛卯壬辰己酉,壬,伤官,LIGHT,day:LIGHT_MU_KU,OUT_OF_SEASON,YIN:2透,,GUANSHA:1透,"两端成势未授权, 保留节点不裁, 经典规则未来各自查询",,REN-CAIGUAN|SHISHI-BURUO|LIGHT-ROOT|YIN-PARTY|ROOT-STRUCK|ROOT-GAN-PRIORITY|WANGCHONG-SHUAI|ZHONGGUA-2SIDE|YONGSHEN-STRUCTURE
895,癸酉己未丙午癸巳,丙,伤官,HEAVY,month:LIGHT_YU_QI|day:HEAVY_WANG|hour:HEAVY_LU,OUT_OF_SEASON,,SHISHANG:1透,GUANSHA:2透,"两端成势未授权, 保留节点不裁, 经典规则未来各自查询",,REN-CAIGUAN|XIEQI-TAIZHONG|HEAVY-ROOT|ROOT-GAN-PRIORITY|SHI-GUI-LU|ZHONGGUA-2SIDE|GE-QING|SHI-ZHU-JI|YONGSHEN-STRUCTURE
899,戊申戊午丁巳乙巳,丁,比肩,HEAVY,month:HEAVY_LU,IN_SEASON,YIN:1透,SHISHANG:2透,,"两端成势未授权, 保留节点不裁, 经典规则未来各自查询",,REN-CAIGUAN|DESHI-BUWANG|XIEQI-TAIZHONG|HEAVY-ROOT|ROOT-GAN-PRIORITY|ZHONGGUA-2SIDE|GE-QING|WANGJI-SIWO-SHENG|SHI-ZHU-JI|TIANGAN-XINGQING|YONGSHEN-STRUCTURE
902,壬子辛亥壬子癸卯,壬,比肩,HEAVY,year:HEAVY_WANG|month:HEAVY_LU|day:HEAVY_WANG,IN_SEASON,BIJIE:2透|JIECAI:1透|YIN:1透,,,"两端成势未授权, 保留节点不裁, 经典规则未来各自查询",,REN-CAIGUAN|HEAVY-ROOT|BIJIE-PARTY|ROOT-STRUCK|ROOT-GAN-PRIORITY|ZHONGGUA-2SIDE|JIWANG-HUAIJI|CAI-RUO-SHEN-QIANG|YONGSHEN-STRUCTURE
905,壬辰壬子壬子癸卯,壬,劫财,HEAVY,year:LIGHT_MU_KU|month:HEAVY_WANG|day:HEAVY_WANG,IN_SEASON,BIJIE:3透|JIECAI:1透,,,"两端成势未授权, 保留节点不裁, 经典规则未来各自查询",,REN-CAIGUAN|HEAVY-ROOT|BIJIE-PARTY|ROOT-STRUCK|ROOT-GAN-PRIORITY|ZHONGGUA-2SIDE|JIWANG-HUAIJI|CAI-RUO-SHEN-QIANG|YONGSHEN-STRUCTURE
908,戊午丙辰戊辰辛酉,戊,比肩,HEAVY,year:HEAVY_WANG|month:LIGHT_YU_QI|day:LIGHT_YU_QI,IN_SEASON,BIJIE:1透|YIN:1透,SHISHANG:1透,,"两端成势未授权, 保留节点不裁, 经典规则未来各自查询",丙辛化水,REN-CAIGUAN|DESHI-BUWANG|XIEQI-TAIZHONG|HEAVY-ROOT|YIN-PARTY|BIJIE-PARTY|ROOT-STRUCK|ROOT-GAN-PRIORITY|ZHONGGUA-2SIDE|JIWANG-HUAIJI|WANGJI-SIWO-SHENG|YONGSHEN-STRUCTURE
911,乙酉辛巳戊午丙辰,戊,偏印,HEAVY,month:HEAVY_LU|day:HEAVY_WANG|hour:LIGHT_YU_QI,SUPPORTS,YIN:1透,SHISHANG:1透,GUANSHA:1透,"两端成势未授权, 保留节点不裁, 经典规则未来各自查询",辛丙化水,REN-CAIGUAN|SHISHI-BURUO|XIEQI-TAIZHONG|HEAVY-ROOT|YIN-PARTY|ROOT-GAN-PRIORITY|SHI-GUI-LU|ZHONGGUA-2SIDE|SHIYONG-YUELING-XIANGFU|GE-QING|SHI-ZHU-JI|YONGSHEN-STRUCTURE
914,丁酉乙巳戊午丙辰,戊,偏印,HEAVY,month:HEAVY_LU|day:HEAVY_WANG|hour:LIGHT_YU_QI,SUPPORTS,YIN:2透,,GUANSHA:1透,"两端成势未授权, 保留节点不裁, 经典规则未来各自查询",,REN-CAIGUAN|SHISHI-BURUO|HEAVY-ROOT|YIN-PARTY|ROOT-GAN-PRIORITY|SHI-GUI-LU|ZHONGGUA-2SIDE|SHIYONG-YUELING-XIANGFU|GE-QING|SHI-ZHU-JI|YONGSHEN-STRUCTURE
917,丁丑丙午己酉辛未,己,偏印,HEAVY,year:LIGHT_MU_KU|month:HEAVY_LU|day:SPECIAL_LONGSHENG_YIN|hour:LIGHT_YU_QI,SUPPORTS,YIN:2透,SHISHANG:1透,,"两端成势未授权, 保留节点不裁, 经典规则未来各自查询",丙辛化水,REN-CAIGUAN|SHISHI-BURUO|XIEQI-TAIZHONG|HEAVY-ROOT|YIN-PARTY|ROOT-STRUCK|ROOT-GAN-PRIORITY|SHI-GUI-LU|ZHONGGUA-2SIDE|SHIYONG-YUELING-XIANGFU|SHI-ZHU-JI|TIANGAN-XINGQING|YONGSHEN-STRUCTURE
927,癸酉甲子丙寅乙未,丙,正官,HEAVY,day:HEAVY_LONGSHENG|hour:LIGHT_YU_QI,OUT_OF_SEASON,YIN:2透,,GUANSHA:1透,"两端成势未授权, 保留节点不裁, 经典规则未来各自查询",,REN-CAIGUAN|SHISHI-BURUO|HEAVY-ROOT|YIN-PARTY|ROOT-STRUCK|ROOT-GAN-PRIORITY|SHI-GUI-LU|ZHONGGUA-2SIDE|YONGSHEN-STRUCTURE
930,甲子丙寅己亥辛未,己,正官,LIGHT,hour:LIGHT_YU_QI,OUT_OF_SEASON,YIN:1透,SHISHANG:1透,GUANSHA:1透,"两端成势未授权, 保留节点不裁, 经典规则未来各自查询",甲己化土|丙辛化水,REN-CAIGUAN|SHISHI-BURUO|LIGHT-ROOT|YIN-PARTY|ROOT-STRUCK|ROOT-GAN-PRIORITY|SHI-GUI-LU|ZHONGGUA-2SIDE|RI-BEI-HE|SHI-ZHU-JI|TIANGAN-XINGQING|YONGSHEN-STRUCTURE
933,癸未甲子丙寅丁酉,丙,正官,HEAVY,year:LIGHT_YU_QI|day:HEAVY_LONGSHENG,OUT_OF_SEASON,BIJIE:1透|JIECAI:1透|YIN:1透,,GUANSHA:1透,"两端成势未授权, 保留节点不裁, 经典规则未来各自查询",,REN-CAIGUAN|SHISHI-BURUO|HEAVY-ROOT|YIN-PARTY|BIJIE-PARTY|ROOT-STRUCK|ROOT-GAN-PRIORITY|ZHONGGUA-2SIDE|SHI-ZHU-JI|YONGSHEN-STRUCTURE
943,乙亥庚辰戊戌丁巳,戊,比肩,HEAVY,month:LIGHT_YU_QI|day:LIGHT_MU_KU|hour:HEAVY_LU,IN_SEASON,YIN:1透,SHISHANG:1透,GUANSHA:1透,"两端成势未授权, 保留节点不裁, 经典规则未来各自查询",乙庚化金,REN-CAIGUAN|DESHI-BUWANG|XIEQI-TAIZHONG|HEAVY-ROOT|YIN-PARTY|ROOT-STRUCK|ROOT-GAN-PRIORITY|SHI-GUI-LU|ZHONGGUA-2SIDE|SHIYONG-YUELING-XIANGFU|WANGJI-SIWO-SHENG|YONGSHEN-STRUCTURE
946,癸亥己未丙午己丑,丙,伤官,HEAVY,month:LIGHT_YU_QI|day:HEAVY_WANG,OUT_OF_SEASON,,SHISHANG:2透,GUANSHA:1透,"两端成势未授权, 保留节点不裁, 经典规则未来各自查询",,REN-CAIGUAN|XIEQI-TAIZHONG|HEAVY-ROOT|ROOT-STRUCK|ROOT-GAN-PRIORITY|ZHONGGUA-2SIDE|SHIYONG-YUELING-XIANGFU|SHI-ZHU-JI|YONGSHEN-STRUCTURE
949,丁卯丁未庚午己卯,庚,正印,NONE,,SUPPORTS,YIN:1透,,GUANSHA:2透,"两端成势未授权, 保留节点不裁, 经典规则未来各自查询",,SHISHI-BURUO|SHAZHONG-SHENQING|YIN-PARTY|ZHONGGUA-2SIDE|JISHUAI-CONGSHENG|SHIYONG-YUELING-XIANGFU|GE-QING|YUN-SHENG-ROOT|SHI-ZHU-JI|YONGSHEN-STRUCTURE
959,甲子丙寅己丑甲子,己,正官,LIGHT,day:LIGHT_MU_KU,OUT_OF_SEASON,YIN:1透,,GUANSHA:2透,"两端成势未授权, 保留节点不裁, 经典规则未来各自查询",甲己化土|己甲化土,REN-CAIGUAN|SHISHI-BURUO|LIGHT-ROOT|YIN-PARTY|ROOT-GAN-PRIORITY|ZHONGGUA-2SIDE|RI-BEI-HE|GE-QING|SHI-ZHU-JI|TIANGAN-XINGQING|YONGSHEN-STRUCTURE
962,壬申壬寅丙子乙未,丙,偏印,HEAVY,month:HEAVY_LONGSHENG|hour:LIGHT_YU_QI,SUPPORTS,YIN:1透,,GUANSHA:2透,"两端成势未授权, 保留节点不裁, 经典规则未来各自查询",,REN-CAIGUAN|SHISHI-BURUO|HEAVY-ROOT|YIN-PARTY|ROOT-STRUCK|ROOT-GAN-PRIORITY|WANGCHONG-SHUAI|SHI-GUI-LU|ZHONGGUA-2SIDE|YONGSHEN-STRUCTURE
965,庚申戊寅壬子甲辰,壬,食神,HEAVY,year:HEAVY_LONGSHENG|day:HEAVY_WANG|hour:LIGHT_MU_KU,OUT_OF_SEASON,YIN:1透,SHISHANG:1透,GUANSHA:1透,"两端成势未授权, 保留节点不裁, 经典规则未来各自查询",,REN-CAIGUAN|SHISHI-BURUO|XIEQI-TAIZHONG|HEAVY-ROOT|YIN-PARTY|ROOT-STRUCK|ROOT-GAN-PRIORITY|WANGCHONG-SHUAI|SHI-GUI-LU|ZHONGGUA-2SIDE|SHIYONG-YUELING-XIANGFU|SHI-ZHU-JI|YONGSHEN-STRUCTURE
975,乙酉戊寅壬午庚戌,壬,食神,NONE,,OUT_OF_SEASON,YIN:1透,SHISHANG:1透,GUANSHA:1透,"两端成势未授权, 保留节点不裁, 经典规则未来各自查询",乙庚化金,SHISHI-BURUO|SHAZHONG-SHENQING|XIEQI-TAIZHONG|YIN-PARTY|ZHONGGUA-2SIDE|JISHUAI-CONGSHENG|SHIYONG-YUELING-XIANGFU|YUN-SHENG-ROOT|SHI-ZHU-JI|YONGSHEN-STRUCTURE
978,庚戌戊寅癸未癸丑,癸,伤官,LIGHT,hour:LIGHT_YU_QI,OUT_OF_SEASON,BIJIE:1透|YIN:1透,,GUANSHA:1透,"两端成势未授权, 保留节点不裁, 经典规则未来各自查询",戊癸化火|戊癸化火,REN-CAIGUAN|SHISHI-BURUO|LIGHT-ROOT|YIN-PARTY|BIJIE-PARTY|ROOT-STRUCK|ROOT-GAN-PRIORITY|SHI-GUI-LU|ZHONGGUA-2SIDE|RI-BEI-HE|SHI-ZHU-JI|TIANGAN-XINGQING|YONGSHEN-STRUCTURE
981,丙子己亥辛酉己亥,辛,伤官,HEAVY,year:SPECIAL_LONGSHENG_YIN|day:HEAVY_LU,OUT_OF_SEASON,YIN:2透,,GUANSHA:1透,"两端成势未授权, 保留节点不裁, 经典规则未来各自查询",丙辛化水,REN-CAIGUAN|HEAVY-ROOT|ROOT-STRUCK|ROOT-GAN-PRIORITY|HE-HUASHEN-DESHI|ZHONGGUA-2SIDE|RI-BEI-HE|SHIYONG-YUELING-XIANGFU|SHI-ZHU-JI|YONGSHEN-STRUCTURE
991,壬申戊申庚辰甲申,庚,比肩,HEAVY,year:HEAVY_LU|month:HEAVY_LU|hour:HEAVY_LU,IN_SEASON,YIN:1透,SHISHANG:1透|CAI:1透,,"两端成势未授权, 保留节点不裁, 经典规则未来各自查询",,REN-CAIGUAN|DESHI-BUWANG|XIEQI-TAIZHONG|HEAVY-ROOT|YIN-PARTY|ROOT-GAN-PRIORITY|SHI-GUI-LU|ZHONGGUA-2SIDE|SHIYONG-YUELING-XIANGFU|GE-QING|WANGJI-SIWO-SHENG|YONGSHEN-STRUCTURE
994,壬戌戊申庚寅丙戌,庚,比肩,HEAVY,year:LIGHT_YU_QI|month:HEAVY_LU|hour:LIGHT_YU_QI,IN_SEASON,YIN:1透,SHISHANG:1透,GUANSHA:1透,"两端成势未授权, 保留节点不裁, 经典规则未来各自查询",,REN-CAIGUAN|DESHI-BUWANG|XIEQI-TAIZHONG|HEAVY-ROOT|YIN-PARTY|ROOT-STRUCK|ROOT-GAN-PRIORITY|WANGCHONG-SHUAI|SHI-GUI-LU|ZHONGGUA-2SIDE|SHIYONG-YUELING-XIANGFU|WANGJI-SIWO-SHENG|SHI-ZHU-JI|YONGSHEN-STRUCTURE
997,辛酉丁酉乙未丁丑,乙,七杀,LIGHT,day:LIGHT_YU_QI,OUT_OF_SEASON,,SHISHANG:2透,GUANSHA:1透,"两端成势未授权, 保留节点不裁, 经典规则未来各自查询",,REN-CAIGUAN|XIEQI-TAIZHONG|LIGHT-ROOT|ROOT-STRUCK|ROOT-GAN-PRIORITY|ZHONGGUA-2SIDE|SHIYONG-YUELING-XIANGFU|SHI-ZHU-JI|TIANGAN-XINGQING|YONGSHEN-STRUCTURE
1000,戊辰辛酉乙亥甲申,乙,七杀,LIGHT,year:LIGHT_YU_QI,OUT_OF_SEASON,BIJIE:1透|JIECAI:1透,CAI:1透,GUANSHA:1透,"两端成势未授权, 保留节点不裁, 经典规则未来各自查询",,REN-CAIGUAN|SHISHI-BURUO|LIGHT-ROOT|TENGLUO-XIJIA|BIJIE-PARTY|ROOT-GAN-PRIORITY|ZHONGGUA-2SIDE|SHI-ZHU-JI|TIANGAN-XINGQING|YONGSHEN-STRUCTURE
1010,庚辰庚辰庚申庚辰,庚,偏印,HEAVY,day:HEAVY_LU,SUPPORTS,BIJIE:3透,,,"两端成势未授权, 保留节点不裁, 经典规则未来各自查询",,REN-CAIGUAN|SHISHI-BURUO|HEAVY-ROOT|BIJIE-PARTY|ROOT-GAN-PRIORITY|ZHONGGUA-2SIDE|SHIYONG-YUELING-XIANGFU|SHI-ZHU-JI|YONGSHEN-STRUCTURE
1013,癸酉甲子庚辰甲申,庚,伤官,HEAVY,year:HEAVY_WANG|hour:HEAVY_LU,OUT_OF_SEASON,,SHISHANG:1透|CAI:2透,,"两端成势未授权, 保留节点不裁, 经典规则未来各自查询",,REN-CAIGUAN|XIEQI-TAIZHONG|HEAVY-ROOT|ROOT-STRUCK|ROOT-GAN-PRIORITY|SHI-GUI-LU|ZHONGGUA-2SIDE|GE-QING|YONGSHEN-STRUCTURE
1016,壬子辛亥乙亥丙子,乙,正印,NONE,,SUPPORTS,YIN:1透,SHISHANG:1透,GUANSHA:1透,"两端成势未授权, 保留节点不裁, 经典规则未来各自查询",辛丙化水,SHISHI-BURUO|YIN-PARTY|HE-HUASHEN-DESHI|ZHONGGUA-2SIDE|YUN-SHENG-ROOT|TIANGAN-XINGQING|YONGSHEN-STRUCTURE
1026,甲申丙子庚辰戊寅,庚,伤官,HEAVY,year:HEAVY_LU,OUT_OF_SEASON,YIN:1透,CAI:1透,GUANSHA:1透,"两端成势未授权, 保留节点不裁, 经典规则未来各自查询",,REN-CAIGUAN|SHISHI-BURUO|HEAVY-ROOT|YIN-PARTY|ROOT-STRUCK|ROOT-GAN-PRIORITY|ZHONGGUA-2SIDE|SHI-ZHU-JI|YONGSHEN-STRUCTURE
1029,己酉丙子庚辰甲申,庚,伤官,HEAVY,year:HEAVY_WANG|hour:HEAVY_LU,OUT_OF_SEASON,YIN:1透,CAI:1透,GUANSHA:1透,"两端成势未授权, 保留节点不裁, 经典规则未来各自查询",己甲化土,REN-CAIGUAN|SHISHI-BURUO|HEAVY-ROOT|YIN-PARTY|ROOT-STRUCK|ROOT-GAN-PRIORITY|SHI-GUI-LU|ZHONGGUA-2SIDE|GE-QING|YONGSHEN-STRUCTURE
1032,丁丑丙午丙午壬辰,丙,劫财,HEAVY,month:HEAVY_WANG|day:HEAVY_WANG,IN_SEASON,BIJIE:2透|JIECAI:1透,,GUANSHA:1透,"两端成势未授权, 保留节点不裁, 经典规则未来各自查询",丁壬化木,REN-CAIGUAN|DESHI-BUWANG|HEAVY-ROOT|BIJIE-PARTY|ROOT-STRUCK|ROOT-GAN-PRIORITY|ZHONGGUA-2SIDE|JIWANG-HUAIJI|SHI-ZHU-JI|YONGSHEN-STRUCTURE
1035,癸未丁巳丙午癸巳,丙,比肩,HEAVY,year:LIGHT_YU_QI|month:HEAVY_LU|day:HEAVY_WANG|hour:HEAVY_LU,IN_SEASON,BIJIE:1透|JIECAI:1透,,GUANSHA:2透,"两端成势未授权, 保留节点不裁, 经典规则未来各自查询",,REN-CAIGUAN|HEAVY-ROOT|BIJIE-PARTY|ROOT-GAN-PRIORITY|SHI-GUI-LU|ZHONGGUA-2SIDE|JIWANG-HUAIJI|SHIYONG-YUELING-XIANGFU|GE-QING|SHI-ZHU-JI|YONGSHEN-STRUCTURE
1045,丙辰辛丑庚辰丙子,庚,正印,LIGHT,month:LIGHT_MU_KU,SUPPORTS,BIJIE:1透|JIECAI:1透,,GUANSHA:2透,"两端成势未授权, 保留节点不裁, 经典规则未来各自查询",丙辛化水|辛丙化水,REN-CAIGUAN|SHISHI-BURUO|LIGHT-ROOT|BIJIE-PARTY|ROOT-STRUCK|ROOT-GAN-PRIORITY|ZHONGGUA-2SIDE|SHIYONG-YUELING-XIANGFU|YONGSHEN-STRUCTURE
1048,丁未壬子庚戌丙戌,庚,伤官,LIGHT,day:LIGHT_YU_QI|hour:LIGHT_YU_QI,OUT_OF_SEASON,,SHISHANG:1透,GUANSHA:2透,"两端成势未授权, 保留节点不裁, 经典规则未来各自查询",丁壬化木,REN-CAIGUAN|XIEQI-TAIZHONG|LIGHT-ROOT|ROOT-STRUCK|ROOT-GAN-PRIORITY|SHI-GUI-LU|ZHONGGUA-2SIDE|SHI-ZHU-JI|YONGSHEN-STRUCTURE
1051,癸未丁巳甲午庚午,甲,食神,LIGHT,year:LIGHT_MU_KU,OUT_OF_SEASON,YIN:1透,SHISHANG:1透,GUANSHA:1透,"两端成势未授权, 保留节点不裁, 经典规则未来各自查询",,REN-CAIGUAN|XIEQI-TAIZHONG|LIGHT-ROOT|ROOT-GAN-PRIORITY|ZHONGGUA-2SIDE|SHI-ZHU-JI|TIANGAN-XINGQING|YONGSHEN-STRUCTURE
1054,癸丑丁巳甲辰庚午,甲,食神,LIGHT,day:LIGHT_YU_QI,OUT_OF_SEASON,YIN:1透,SHISHANG:1透,GUANSHA:1透,"两端成势未授权, 保留节点不裁, 经典规则未来各自查询",,REN-CAIGUAN|SHISHI-BURUO|XIEQI-TAIZHONG|LIGHT-ROOT|YIN-PARTY|ROOT-STRUCK|ROOT-GAN-PRIORITY|ZHONGGUA-2SIDE|SHI-ZHU-JI|TIANGAN-XINGQING|YONGSHEN-STRUCTURE
1064,己卯辛未丙子辛卯,丙,伤官,LIGHT,month:LIGHT_YU_QI,OUT_OF_SEASON,,SHISHANG:1透|CAI:2透,,"两端成势未授权, 保留节点不裁, 经典规则未来各自查询",辛丙化水|丙辛化水,REN-CAIGUAN|XIEQI-TAIZHONG|LIGHT-ROOT|ROOT-STRUCK|ROOT-GAN-PRIORITY|ZHONGGUA-2SIDE|RI-BEI-HE|SHIYONG-YUELING-XIANGFU|YONGSHEN-STRUCTURE
1067,壬午乙巳丁丑丙午,丁,劫财,HEAVY,year:HEAVY_LU|hour:HEAVY_LU,IN_SEASON,BIJIE:1透|JIECAI:1透|YIN:1透,,GUANSHA:1透,"两端成势未授权, 保留节点不裁, 经典规则未来各自查询",壬丁化木,REN-CAIGUAN|DESHI-BUWANG|HEAVY-ROOT|BIJIE-PARTY|ROOT-STRUCK|ROOT-GAN-PRIORITY|SHI-GUI-LU|ZHONGGUA-2SIDE|RI-BEI-HE|JIWANG-HUAIJI|TIANGAN-XINGQING|YONGSHEN-STRUCTURE
1077,戊辰乙丑戊戌辛酉,戊,劫财,LIGHT,year:LIGHT_YU_QI|month:LIGHT_YU_QI|day:LIGHT_MU_KU,IN_SEASON,BIJIE:1透,SHISHANG:1透,GUANSHA:1透,"两端成势未授权, 保留节点不裁, 经典规则未来各自查询",,REN-CAIGUAN|DESHI-BUWANG|XIEQI-TAIZHONG|LIGHT-ROOT|BIJIE-PARTY|ROOT-STRUCK|ROOT-GAN-PRIORITY|ZHONGGUA-2SIDE|SHIYONG-YUELING-XIANGFU|YONGSHEN-STRUCTURE
1080,戊午壬戌丁卯癸卯,丁,伤官,HEAVY,year:HEAVY_LU|month:LIGHT_YU_QI,OUT_OF_SEASON,,SHISHANG:1透,GUANSHA:2透,"两端成势未授权, 保留节点不裁, 经典规则未来各自查询",戊癸化火|壬丁化木,REN-CAIGUAN|XIEQI-TAIZHONG|HEAVY-ROOT|ROOT-STRUCK|ROOT-GAN-PRIORITY|ZHONGGUA-2SIDE|RI-BEI-HE|GE-QING|TIANGAN-XINGQING|YONGSHEN-STRUCTURE
1083,癸丑壬戌丙午庚寅,丙,食神,HEAVY,month:LIGHT_MU_KU|day:HEAVY_WANG|hour:HEAVY_LONGSHENG,OUT_OF_SEASON,,CAI:1透,GUANSHA:2透,"两端成势未授权, 保留节点不裁, 经典规则未来各自查询",,REN-CAIGUAN|HEAVY-ROOT|ROOT-STRUCK|ROOT-GAN-PRIORITY|SHI-GUI-LU|ZHONGGUA-2SIDE|SHIYONG-YUELING-XIANGFU|YONGSHEN-STRUCTURE
1093,丙寅庚寅甲申乙丑,甲,比肩,HEAVY,year:HEAVY_LU|month:HEAVY_LU,IN_SEASON,BIJIE:1透|JIECAI:1透,SHISHANG:1透,GUANSHA:1透,"两端成势未授权, 保留节点不裁, 经典规则未来各自查询",庚乙化金,REN-CAIGUAN|DESHI-BUWANG|XIEQI-TAIZHONG|HEAVY-ROOT|BIJIE-PARTY|ROOT-STRUCK|ROOT-GAN-PRIORITY|WANGCHONG-SHUAI|ZHONGGUA-2SIDE|JIWANG-HUAIJI|WANGJI-SIWO-SHENG|SHI-ZHU-JI|TIANGAN-XINGQING|YONGSHEN-STRUCTURE
1096,庚戌己卯甲寅丁卯,甲,劫财,HEAVY,month:HEAVY_WANG|day:HEAVY_LU|hour:HEAVY_WANG,IN_SEASON,,SHISHANG:1透|CAI:1透,GUANSHA:1透,"两端成势未授权, 保留节点不裁, 经典规则未来各自查询",己甲化土,REN-CAIGUAN|DESHI-BUWANG|XIEQI-TAIZHONG|HEAVY-ROOT|ROOT-GAN-PRIORITY|SHI-GUI-LU|ZHONGGUA-2SIDE|RI-BEI-HE|SHIYONG-YUELING-XIANGFU|GE-QING|WANGJI-SIWO-SHENG|TIANGAN-XINGQING|YONGSHEN-STRUCTURE
1099,庚辰壬午甲辰丁卯,甲,伤官,HEAVY,year:LIGHT_YU_QI|day:LIGHT_YU_QI|hour:HEAVY_WANG,OUT_OF_SEASON,YIN:1透,SHISHANG:1透,GUANSHA:1透,"两端成势未授权, 保留节点不裁, 经典规则未来各自查询",壬丁化木,REN-CAIGUAN|SHISHI-BURUO|XIEQI-TAIZHONG|HEAVY-ROOT|YIN-PARTY|ROOT-STRUCK|ROOT-GAN-PRIORITY|SHI-GUI-LU|ZHONGGUA-2SIDE|TIANGAN-XINGQING|YONGSHEN-STRUCTURE
1102,庚戌甲申甲戌乙丑,甲,七杀,NONE,,OUT_OF_SEASON,BIJIE:2透|JIECAI:1透,,GUANSHA:1透,"两端成势未授权, 保留节点不裁, 经典规则未来各自查询",庚乙化金,SHAZHONG-SHENQING|JUECHU-FENGSHENG|HE-HUASHEN-DESHI|ZHONGGUA-2SIDE|JISHUAI-CONGSHENG|GE-QING|YUN-SHENG-ROOT|SHI-ZHU-JI|TIANGAN-XINGQING|YONGSHEN-STRUCTURE
1105,辛酉庚子甲子丙寅,甲,正印,HEAVY,hour:HEAVY_LU,SUPPORTS,,SHISHANG:1透,GUANSHA:2透,"两端成势未授权, 保留节点不裁, 经典规则未来各自查询",辛丙化水,REN-CAIGUAN|XIEQI-TAIZHONG|HEAVY-ROOT|ROOT-GAN-PRIORITY|HE-HUASHEN-DESHI|SHI-GUI-LU|ZHONGGUA-2SIDE|GE-QING|SHI-ZHU-JI|TIANGAN-XINGQING|YONGSHEN-STRUCTURE
1116,丙子己亥丙寅戊子,丙,七杀,HEAVY,day:HEAVY_LONGSHENG,OUT_OF_SEASON,BIJIE:1透,SHISHANG:2透,,"两端成势未授权, 保留节点不裁, 经典规则未来各自查询",,REN-CAIGUAN|SHISHI-BURUO|XIEQI-TAIZHONG|HEAVY-ROOT|JUECHU-FENGSHENG|BIJIE-PARTY|ROOT-STRUCK|ROOT-GAN-PRIORITY|ZHONGGUA-2SIDE|GE-QING|CAI-RUO-SHEN-QIANG|SHI-ZHU-JI|YONGSHEN-STRUCTURE
1119,壬午壬寅壬戌庚戌,壬,食神,NONE,,OUT_OF_SEASON,BIJIE:2透|YIN:1透,,,"两端成势未授权, 保留节点不裁, 经典规则未来各自查询",,SHISHI-BURUO|YIN-PARTY|ZHONGGUA-2SIDE|SHIYONG-YUELING-XIANGFU|GE-QING|YUN-SHENG-ROOT|SHI-ZHU-JI|YONGSHEN-STRUCTURE
1122,丙子丙申丙子丙申,丙,偏财,NONE,,OUT_OF_SEASON,BIJIE:3透,,,"两端成势未授权, 保留节点不裁, 经典规则未来各自查询",,ZHONGGUA-2SIDE|SHIYONG-YUELING-XIANGFU|GE-QING|YUN-SHENG-ROOT|SHI-ZHU-JI|YONGSHEN-STRUCTURE
1125,癸巳壬戌壬午壬寅,壬,七杀,NONE,,OUT_OF_SEASON,BIJIE:3透|JIECAI:1透,,,"两端成势未授权, 保留节点不裁, 经典规则未来各自查询",,ZHONGGUA-2SIDE|SHIYONG-YUELING-XIANGFU|YUN-SHENG-ROOT|SHI-ZHU-JI|YONGSHEN-STRUCTURE
1128,壬子丙午壬子丙午,壬,正财,HEAVY,year:HEAVY_WANG|day:HEAVY_WANG,OUT_OF_SEASON,BIJIE:1透,CAI:2透,,"两端成势未授权, 保留节点不裁, 经典规则未来各自查询",,REN-CAIGUAN|SHISHI-BURUO|HEAVY-ROOT|BIJIE-PARTY|ROOT-STRUCK|ROOT-GAN-PRIORITY|WANGCHONG-SHUAI|ZHONGGUA-2SIDE|SHIYONG-YUELING-XIANGFU|SHI-ZHU-JI|YONGSHEN-STRUCTURE
1156,癸卯乙丑庚申丁丑,庚,正印,HEAVY,month:LIGHT_MU_KU|day:HEAVY_LU|hour:LIGHT_MU_KU,SUPPORTS,,SHISHANG:1透|CAI:1透,GUANSHA:1透,"两端成势未授权, 保留节点不裁, 经典规则未来各自查询",乙庚化金,REN-CAIGUAN|XIEQI-TAIZHONG|HEAVY-ROOT|ROOT-GAN-PRIORITY|SHI-GUI-LU|ZHONGGUA-2SIDE|RI-BEI-HE|SHIYONG-YUELING-XIANGFU|GE-QING|YONGSHEN-STRUCTURE
1159,丁未乙巳丁酉癸卯,丁,劫财,LIGHT,year:LIGHT_YU_QI|day:SPECIAL_LONGSHENG_YIN,IN_SEASON,BIJIE:1透|YIN:1透,,GUANSHA:1透,"两端成势未授权, 保留节点不裁, 经典规则未来各自查询",,REN-CAIGUAN|LIGHT-ROOT|YIN-PARTY|BIJIE-PARTY|ROOT-STRUCK|ROOT-GAN-PRIORITY|ZHONGGUA-2SIDE|TIANGAN-XINGQING|YONGSHEN-STRUCTURE
1162,乙亥庚辰丙申壬辰,丙,食神,NONE,,OUT_OF_SEASON,YIN:1透,CAI:1透,GUANSHA:1透,"两端成势未授权, 保留节点不裁, 经典规则未来各自查询",乙庚化金,SHISHI-BURUO|CAIDUO-SHENRUAN|SHAZHONG-SHENQING|YIN-PARTY|ZHONGGUA-2SIDE|JISHUAI-CONGSHENG|SHIYONG-YUELING-XIANGFU|YUN-SHENG-ROOT|SHI-ZHU-JI|YONGSHEN-STRUCTURE
1189,辛丑辛丑戊戌癸丑,戊,劫财,LIGHT,year:LIGHT_YU_QI|month:LIGHT_YU_QI|day:LIGHT_MU_KU|hour:LIGHT_YU_QI,IN_SEASON,,SHISHANG:2透|CAI:1透,,"两端成势未授权, 保留节点不裁, 经典规则未来各自查询",戊癸化火,REN-CAIGUAN|DESHI-BUWANG|XIEQI-TAIZHONG|LIGHT-ROOT|ROOT-GAN-PRIORITY|SHI-GUI-LU|ZHONGGUA-2SIDE|RI-BEI-HE|SHIYONG-YUELING-XIANGFU|GE-QING|SHI-ZHU-JI|YONGSHEN-STRUCTURE
1192,癸亥甲子丁酉癸卯,丁,七杀,LIGHT,day:SPECIAL_LONGSHENG_YIN,OUT_OF_SEASON,YIN:1透,,GUANSHA:2透,"两端成势未授权, 保留节点不裁, 经典规则未来各自查询",,REN-CAIGUAN|SHISHI-BURUO|LIGHT-ROOT|YIN-PARTY|ROOT-STRUCK|ROOT-GAN-PRIORITY|ZHONGGUA-2SIDE|TIANGAN-XINGQING|YONGSHEN-STRUCTURE
1195,乙未辛巳戊戌丁巳,戊,偏印,HEAVY,year:LIGHT_YU_QI|month:HEAVY_LU|day:LIGHT_MU_KU|hour:HEAVY_LU,SUPPORTS,YIN:1透,SHISHANG:1透,GUANSHA:1透,"两端成势未授权, 保留节点不裁, 经典规则未来各自查询",,REN-CAIGUAN|SHISHI-BURUO|XIEQI-TAIZHONG|HEAVY-ROOT|YIN-PARTY|ROOT-STRUCK|ROOT-GAN-PRIORITY|SHI-GUI-LU|ZHONGGUA-2SIDE|SHIYONG-YUELING-XIANGFU|GE-QING|CAI-RUO-SHEN-QIANG|YONGSHEN-STRUCTURE
1198,戊子癸亥壬戌甲辰,壬,比肩,HEAVY,year:HEAVY_WANG|month:HEAVY_LU|hour:LIGHT_MU_KU,IN_SEASON,BIJIE:1透|JIECAI:1透,SHISHANG:1透,GUANSHA:1透,"两端成势未授权, 保留节点不裁, 经典规则未来各自查询",戊癸化火,REN-CAIGUAN|DESHI-BUWANG|XIEQI-TAIZHONG|HEAVY-ROOT|BIJIE-PARTY|ROOT-STRUCK|ROOT-GAN-PRIORITY|SHI-GUI-LU|ZHONGGUA-2SIDE|JIWANG-HUAIJI|WANGJI-SIWO-SHENG|SHI-ZHU-JI|YONGSHEN-STRUCTURE
1201,庚寅丙戌辛亥辛卯,辛,正印,LIGHT,month:LIGHT_YU_QI,SUPPORTS,BIJIE:2透|JIECAI:1透,,GUANSHA:1透,"两端成势未授权, 保留节点不裁, 经典规则未来各自查询",丙辛化水|丙辛化水,REN-CAIGUAN|SHISHI-BURUO|LIGHT-ROOT|BIJIE-PARTY|ROOT-GAN-PRIORITY|ZHONGGUA-2SIDE|RI-BEI-HE|GE-QING|SHI-ZHU-JI|YONGSHEN-STRUCTURE
1204,丁酉丁未戊戌丁巳,戊,劫财,HEAVY,month:LIGHT_YU_QI|day:LIGHT_MU_KU|hour:HEAVY_LU,IN_SEASON,YIN:3透,,,"两端成势未授权, 保留节点不裁, 经典规则未来各自查询",,REN-CAIGUAN|HEAVY-ROOT|YIN-PARTY|ROOT-STRUCK|ROOT-GAN-PRIORITY|SHI-GUI-LU|ZHONGGUA-2SIDE|CAI-RUO-SHEN-QIANG|YONGSHEN-STRUCTURE
1208,辛卯辛卯甲辰丁卯,甲,劫财,HEAVY,year:HEAVY_WANG|month:HEAVY_WANG|day:LIGHT_YU_QI|hour:HEAVY_WANG,IN_SEASON,,SHISHANG:1透,GUANSHA:2透,"两端成势未授权, 保留节点不裁, 经典规则未来各自查询",,REN-CAIGUAN|HEAVY-ROOT|ROOT-STRUCK|ROOT-GAN-PRIORITY|SHI-GUI-LU|ZHONGGUA-2SIDE|SHIYONG-YUELING-XIANGFU|WANGJI-SIWO-SHENG|TIANGAN-XINGQING|YONGSHEN-STRUCTURE
1218,癸卯乙丑丙子己丑,丙,伤官,NONE,,OUT_OF_SEASON,YIN:1透,SHISHANG:1透,GUANSHA:1透,"两端成势未授权, 保留节点不裁, 经典规则未来各自查询",,SHISHI-BURUO|SHAZHONG-SHENQING|XIEQI-TAIZHONG|YIN-PARTY|ZHONGGUA-2SIDE|JISHUAI-CONGSHENG|SHIYONG-YUELING-XIANGFU|YUN-SHENG-ROOT|SHI-ZHU-JI|YONGSHEN-STRUCTURE
1221,乙卯丁亥戊午丙辰,戊,偏财,HEAVY,day:HEAVY_WANG|hour:LIGHT_YU_QI,OUT_OF_SEASON,YIN:2透,,GUANSHA:1透,"两端成势未授权, 保留节点不裁, 经典规则未来各自查询",,REN-CAIGUAN|SHISHI-BURUO|HEAVY-ROOT|YIN-PARTY|ROOT-STRUCK|ROOT-GAN-PRIORITY|SHI-GUI-LU|ZHONGGUA-2SIDE|SHI-ZHU-JI|YONGSHEN-STRUCTURE
1224,丁巳辛亥戊子戊午,戊,偏财,HEAVY,year:HEAVY_LU|hour:HEAVY_WANG,OUT_OF_SEASON,BIJIE:1透|YIN:1透,SHISHANG:1透,,"两端成势未授权, 保留节点不裁, 经典规则未来各自查询",,REN-CAIGUAN|SHISHI-BURUO|XIEQI-TAIZHONG|HEAVY-ROOT|YIN-PARTY|BIJIE-PARTY|ROOT-STRUCK|ROOT-GAN-PRIORITY|WANGCHONG-SHUAI|SHI-GUI-LU|ZHONGGUA-2SIDE|YONGSHEN-STRUCTURE
1227,乙亥辛巳丙辰癸巳,丙,比肩,HEAVY,month:HEAVY_LU|hour:HEAVY_LU,IN_SEASON,YIN:1透,CAI:1透,GUANSHA:1透,"两端成势未授权, 保留节点不裁, 经典规则未来各自查询",辛丙化水,REN-CAIGUAN|DESHI-BUWANG|HEAVY-ROOT|YIN-PARTY|ROOT-STRUCK|ROOT-GAN-PRIORITY|WANGCHONG-SHUAI|SHI-GUI-LU|ZHONGGUA-2SIDE|RI-BEI-HE|SHIYONG-YUELING-XIANGFU|SHI-ZHU-JI|YONGSHEN-STRUCTURE
1236,丁亥壬寅丙子丁酉,丙,偏印,HEAVY,month:HEAVY_LONGSHENG,SUPPORTS,BIJIE:2透|JIECAI:2透,,GUANSHA:1透,"两端成势未授权, 保留节点不裁, 经典规则未来各自查询",丁壬化木|壬丁化木,REN-CAIGUAN|SHISHI-BURUO|HEAVY-ROOT|BIJIE-PARTY|ROOT-STRUCK|ROOT-GAN-PRIORITY|HE-HUASHEN-DESHI|ZHONGGUA-2SIDE|GE-QING|SHI-ZHU-JI|YONGSHEN-STRUCTURE
1239,癸巳戊午丙午庚寅,丙,劫财,HEAVY,year:HEAVY_LU|month:HEAVY_WANG|day:HEAVY_WANG|hour:HEAVY_LONGSHENG,IN_SEASON,,SHISHANG:1透|CAI:1透,GUANSHA:1透,"两端成势未授权, 保留节点不裁, 经典规则未来各自查询",癸戊化火,REN-CAIGUAN|DESHI-BUWANG|XIEQI-TAIZHONG|HEAVY-ROOT|ROOT-STRUCK|ROOT-GAN-PRIORITY|HE-HUASHEN-DESHI|SHI-GUI-LU|ZHONGGUA-2SIDE|WANGJI-SIWO-SHENG|YONGSHEN-STRUCTURE
1249,甲申丙子壬寅辛亥,壬,劫财,HEAVY,year:HEAVY_LONGSHENG|month:HEAVY_WANG|hour:HEAVY_LU,IN_SEASON,YIN:1透,SHISHANG:1透|CAI:1透,,"两端成势未授权, 保留节点不裁, 经典规则未来各自查询",丙辛化水,REN-CAIGUAN|DESHI-BUWANG|XIEQI-TAIZHONG|HEAVY-ROOT|YIN-PARTY|ROOT-STRUCK|ROOT-GAN-PRIORITY|HE-HUASHEN-DESHI|SHI-GUI-LU|ZHONGGUA-2SIDE|WANGJI-SIWO-SHENG|YONGSHEN-STRUCTURE
1252,壬申丙午癸亥戊午,癸,偏财,NONE,,OUT_OF_SEASON,BIJIE:1透|JIECAI:1透,CAI:1透,GUANSHA:1透,"两端成势未授权, 保留节点不裁, 经典规则未来各自查询",癸戊化火,SHISHI-BURUO|CAIDUO-SHENRUAN|SHAZHONG-SHENQING|BIJIE-PARTY|HE-HUASHEN-DESHI|ZHONGGUA-2SIDE|RI-BEI-HE|JISHUAI-CONGSHENG|SHIYONG-YUELING-XIANGFU|YUN-SHENG-ROOT|SHI-ZHU-JI|TIANGAN-XINGQING|YONGSHEN-STRUCTURE
1259,癸卯癸亥丁卯辛亥,丁,正官,NONE,,OUT_OF_SEASON,,CAI:1透,GUANSHA:2透,"两端成势未授权, 保留节点不裁, 经典规则未来各自查询",,SHAZHONG-SHENQING|ZHONGGUA-2SIDE|JISHUAI-CONGSHENG|SHIYONG-YUELING-XIANGFU|YUN-SHENG-ROOT|SHI-ZHU-JI|TIANGAN-XINGQING|YONGSHEN-STRUCTURE
1262,癸酉丁巳丙午壬辰,丙,比肩,HEAVY,month:HEAVY_LU|day:HEAVY_WANG,IN_SEASON,BIJIE:1透|JIECAI:1透,,GUANSHA:2透,"两端成势未授权, 保留节点不裁, 经典规则未来各自查询",丁壬化木,REN-CAIGUAN|DESHI-BUWANG|HEAVY-ROOT|BIJIE-PARTY|ROOT-GAN-PRIORITY|ZHONGGUA-2SIDE|JIWANG-HUAIJI|SHIYONG-YUELING-XIANGFU|GE-QING|SHI-ZHU-JI|YONGSHEN-STRUCTURE
1265,甲午丙寅辛酉己丑,辛,正财,HEAVY,day:HEAVY_LU|hour:LIGHT_YU_QI,OUT_OF_SEASON,YIN:1透,CAI:1透,GUANSHA:1透,"两端成势未授权, 保留节点不裁, 经典规则未来各自查询",甲己化土|丙辛化水,REN-CAIGUAN|SHISHI-BURUO|HEAVY-ROOT|YIN-PARTY|ROOT-STRUCK|ROOT-GAN-PRIORITY|SHI-GUI-LU|ZHONGGUA-2SIDE|RI-BEI-HE|YONGSHEN-STRUCTURE
1268,乙巳辛巳庚辰甲申,庚,七杀,HEAVY,year:HEAVY_LONGSHENG|month:HEAVY_LONGSHENG|hour:HEAVY_LU,OUT_OF_SEASON,BIJIE:1透|JIECAI:1透,CAI:2透,,"两端成势未授权, 保留节点不裁, 经典规则未来各自查询",乙庚化金,REN-CAIGUAN|SHISHI-BURUO|HEAVY-ROOT|BIJIE-PARTY|ROOT-STRUCK|ROOT-GAN-PRIORITY|SHI-GUI-LU|ZHONGGUA-2SIDE|RI-BEI-HE|SHIYONG-YUELING-XIANGFU|GE-QING|YONGSHEN-STRUCTURE
1275,壬子戊申戊戌辛酉,戊,食神,LIGHT,month:LIGHT_YU_QI|day:LIGHT_MU_KU,OUT_OF_SEASON,BIJIE:1透,SHISHANG:1透|CAI:1透,,"两端成势未授权, 保留节点不裁, 经典规则未来各自查询",,REN-CAIGUAN|SHISHI-BURUO|XIEQI-TAIZHONG|LIGHT-ROOT|BIJIE-PARTY|ROOT-STRUCK|ROOT-GAN-PRIORITY|ZHONGGUA-2SIDE|YONGSHEN-STRUCTURE
1278,癸卯甲寅丁巳己酉,丁,正印,LIGHT,hour:SPECIAL_LONGSHENG_YIN,SUPPORTS,YIN:1透,SHISHANG:1透,GUANSHA:1透,"两端成势未授权, 保留节点不裁, 经典规则未来各自查询",甲己化土,REN-CAIGUAN|SHISHI-BURUO|XIEQI-TAIZHONG|LIGHT-ROOT|YIN-PARTY|ROOT-STRUCK|ROOT-GAN-PRIORITY|WANGCHONG-SHUAI|SHI-GUI-LU|ZHONGGUA-2SIDE|SHI-ZHU-JI|TIANGAN-XINGQING|YONGSHEN-STRUCTURE
1281,庚午壬午丙寅庚寅,丙,劫财,HEAVY,year:HEAVY_WANG|month:HEAVY_WANG|day:HEAVY_LONGSHENG|hour:HEAVY_LONGSHENG,IN_SEASON,,CAI:2透,GUANSHA:1透,"两端成势未授权, 保留节点不裁, 经典规则未来各自查询",,REN-CAIGUAN|HEAVY-ROOT|ROOT-STRUCK|ROOT-GAN-PRIORITY|SHI-GUI-LU|ZHONGGUA-2SIDE|CAI-RUO-SHEN-QIANG|YONGSHEN-STRUCTURE
1284,乙卯乙酉庚寅壬午,庚,劫财,HEAVY,month:HEAVY_WANG,IN_SEASON,,SHISHANG:1透|CAI:2透,,"两端成势未授权, 保留节点不裁, 经典规则未来各自查询",乙庚化金|乙庚化金,REN-CAIGUAN|DESHI-BUWANG|HEAVY-ROOT|ROOT-STRUCK|ROOT-GAN-PRIORITY|WANGCHONG-SHUAI|HE-HUASHEN-DESHI|ZHONGGUA-2SIDE|RI-BEI-HE|WANGJI-SIWO-SHENG|SHI-ZHU-JI|YONGSHEN-STRUCTURE
1287,辛丑丙申癸巳庚申,癸,正印,LIGHT,year:LIGHT_YU_QI,SUPPORTS,YIN:2透,CAI:1透,,"两端成势未授权, 保留节点不裁, 经典规则未来各自查询",辛丙化水,REN-CAIGUAN|SHISHI-BURUO|LIGHT-ROOT|YIN-PARTY|ROOT-GAN-PRIORITY|ZHONGGUA-2SIDE|SHIYONG-YUELING-XIANGFU|GE-QING|SHI-ZHU-JI|TIANGAN-XINGQING|YONGSHEN-STRUCTURE
1290,庚辰乙酉丁丑乙巳,丁,偏财,LIGHT,month:SPECIAL_LONGSHENG_YIN,OUT_OF_SEASON,YIN:2透,CAI:1透,,"两端成势未授权, 保留节点不裁, 经典规则未来各自查询",庚乙化金|庚乙化金,REN-CAIGUAN|SHISHI-BURUO|LIGHT-ROOT|YIN-PARTY|ROOT-GAN-PRIORITY|HE-HUASHEN-DESHI|ZHONGGUA-2SIDE|GE-QING|SHI-ZHU-JI|TIANGAN-XINGQING|YONGSHEN-STRUCTURE
1298,丁丑壬子丁亥甲辰,丁,七杀,NONE,,OUT_OF_SEASON,BIJIE:1透|YIN:1透,,GUANSHA:1透,"两端成势未授权, 保留节点不裁, 经典规则未来各自查询",丁壬化木|壬丁化木,SHISHI-BURUO|SHAZHONG-SHENQING|YIN-PARTY|ZHONGGUA-2SIDE|RI-BEI-HE|JISHUAI-CONGSHENG|SHIYONG-YUELING-XIANGFU|GE-QING|YUN-SHENG-ROOT|SHI-ZHU-JI|TIANGAN-XINGQING|YONGSHEN-STRUCTURE
1301,丙辰庚寅丙午壬辰,丙,偏印,HEAVY,month:HEAVY_LONGSHENG|day:HEAVY_WANG,SUPPORTS,BIJIE:1透,CAI:1透,GUANSHA:1透,"两端成势未授权, 保留节点不裁, 经典规则未来各自查询",,REN-CAIGUAN|SHISHI-BURUO|HEAVY-ROOT|BIJIE-PARTY|ROOT-GAN-PRIORITY|ZHONGGUA-2SIDE|SHIYONG-YUELING-XIANGFU|CAI-RUO-SHEN-QIANG|SHI-ZHU-JI|YONGSHEN-STRUCTURE
1304,丁卯甲辰辛亥癸巳,辛,正印,NONE,,SUPPORTS,,SHISHANG:1透|CAI:1透,GUANSHA:1透,"两端成势未授权, 保留节点不裁, 经典规则未来各自查询",,CAIDUO-SHENRUAN|SHAZHONG-SHENQING|XIEQI-TAIZHONG|ZHONGGUA-2SIDE|JISHUAI-CONGSHENG|SHIYONG-YUELING-XIANGFU|YUN-SHENG-ROOT|SHI-ZHU-JI|YONGSHEN-STRUCTURE
1312,甲子丙寅戊寅己未,戊,七杀,HEAVY,month:HEAVY_LONGSHENG|day:HEAVY_LONGSHENG|hour:LIGHT_YU_QI,OUT_OF_SEASON,BIJIE:1透|JIECAI:1透|YIN:1透,,GUANSHA:1透,"两端成势未授权, 保留节点不裁, 经典规则未来各自查询",甲己化土,REN-CAIGUAN|SHISHI-BURUO|HEAVY-ROOT|YIN-PARTY|BIJIE-PARTY|ROOT-STRUCK|ROOT-GAN-PRIORITY|SHI-GUI-LU|ZHONGGUA-2SIDE|SHI-ZHU-JI|YONGSHEN-STRUCTURE
1315,丙申己亥庚辰戊寅,庚,食神,HEAVY,year:HEAVY_LU,OUT_OF_SEASON,YIN:2透,,GUANSHA:1透,"两端成势未授权, 保留节点不裁, 经典规则未来各自查询",,REN-CAIGUAN|SHISHI-BURUO|HEAVY-ROOT|YIN-PARTY|ROOT-STRUCK|ROOT-GAN-PRIORITY|ZHONGGUA-2SIDE|SHIYONG-YUELING-XIANGFU|SHI-ZHU-JI|YONGSHEN-STRUCTURE
1322,乙亥戊寅丙子甲午,丙,偏印,HEAVY,month:HEAVY_LONGSHENG|hour:HEAVY_WANG,SUPPORTS,YIN:2透,SHISHANG:1透,,"两端成势未授权, 保留节点不裁, 经典规则未来各自查询",,REN-CAIGUAN|SHISHI-BURUO|XIEQI-TAIZHONG|HEAVY-ROOT|YIN-PARTY|ROOT-STRUCK|ROOT-GAN-PRIORITY|WANGCHONG-SHUAI|SHI-GUI-LU|ZHONGGUA-2SIDE|CAI-RUO-SHEN-QIANG|YONGSHEN-STRUCTURE
1325,辛巳庚寅丙辰己丑,丙,偏印,HEAVY,year:HEAVY_LU|month:HEAVY_LONGSHENG,SUPPORTS,,SHISHANG:1透|CAI:2透,,"两端成势未授权, 保留节点不裁, 经典规则未来各自查询",辛丙化水,REN-CAIGUAN|XIEQI-TAIZHONG|HEAVY-ROOT|ROOT-STRUCK|ROOT-GAN-PRIORITY|ZHONGGUA-2SIDE|RI-BEI-HE|SHI-ZHU-JI|YONGSHEN-STRUCTURE
1332,辛丑癸巳甲子丙寅,甲,食神,HEAVY,hour:HEAVY_LU,OUT_OF_SEASON,YIN:1透,SHISHANG:1透,GUANSHA:1透,"两端成势未授权, 保留节点不裁, 经典规则未来各自查询",辛丙化水,REN-CAIGUAN|SHISHI-BURUO|XIEQI-TAIZHONG|HEAVY-ROOT|YIN-PARTY|ROOT-STRUCK|ROOT-GAN-PRIORITY|SHI-GUI-LU|ZHONGGUA-2SIDE|SHIYONG-YUELING-XIANGFU|SHI-ZHU-JI|TIANGAN-XINGQING|YONGSHEN-STRUCTURE
1335,己酉乙亥丙寅戊子,丙,七杀,HEAVY,day:HEAVY_LONGSHENG,OUT_OF_SEASON,YIN:1透,SHISHANG:2透,,"两端成势未授权, 保留节点不裁, 经典规则未来各自查询",,REN-CAIGUAN|SHISHI-BURUO|XIEQI-TAIZHONG|HEAVY-ROOT|JUECHU-FENGSHENG|YIN-PARTY|ROOT-STRUCK|ROOT-GAN-PRIORITY|ZHONGGUA-2SIDE|GE-QING|SHI-ZHU-JI|YONGSHEN-STRUCTURE
1338,己酉辛未壬寅壬寅,壬,正官,NONE,,OUT_OF_SEASON,BIJIE:1透|YIN:1透,,GUANSHA:1透,"两端成势未授权, 保留节点不裁, 经典规则未来各自查询",,SHISHI-BURUO|SHAZHONG-SHENQING|YIN-PARTY|ZHONGGUA-2SIDE|JISHUAI-CONGSHENG|GE-QING|YUN-SHENG-ROOT|SHI-ZHU-JI|YONGSHEN-STRUCTURE
1341,丁未庚戌庚辰丙子,庚,偏印,LIGHT,month:LIGHT_YU_QI,SUPPORTS,BIJIE:1透,,GUANSHA:2透,"两端成势未授权, 保留节点不裁, 经典规则未来各自查询",,REN-CAIGUAN|SHISHI-BURUO|LIGHT-ROOT|BIJIE-PARTY|ROOT-STRUCK|ROOT-GAN-PRIORITY|ZHONGGUA-2SIDE|YONGSHEN-STRUCTURE
1344,乙未戊寅乙卯庚辰,乙,劫财,HEAVY,year:LIGHT_YU_QI|day:HEAVY_LU|hour:LIGHT_YU_QI,IN_SEASON,BIJIE:1透,CAI:1透,GUANSHA:1透,"两端成势未授权, 保留节点不裁, 经典规则未来各自查询",乙庚化金|乙庚化金,REN-CAIGUAN|DESHI-BUWANG|HEAVY-ROOT|BIJIE-PARTY|ROOT-STRUCK|ROOT-GAN-PRIORITY|SHI-GUI-LU|ZHONGGUA-2SIDE|RI-BEI-HE|JIWANG-HUAIJI|SHIYONG-YUELING-XIANGFU|SHI-ZHU-JI|TIANGAN-XINGQING|YONGSHEN-STRUCTURE
1347,癸丑甲寅戊戌庚申,戊,七杀,HEAVY,year:LIGHT_YU_QI|month:HEAVY_LONGSHENG|day:LIGHT_MU_KU|hour:LIGHT_YU_QI,OUT_OF_SEASON,,SHISHANG:1透|CAI:1透,GUANSHA:1透,"两端成势未授权, 保留节点不裁, 经典规则未来各自查询",癸戊化火,REN-CAIGUAN|XIEQI-TAIZHONG|HEAVY-ROOT|ROOT-STRUCK|ROOT-GAN-PRIORITY|WANGCHONG-SHUAI|SHI-GUI-LU|ZHONGGUA-2SIDE|RI-BEI-HE|SHIYONG-YUELING-XIANGFU|SHI-ZHU-JI|YONGSHEN-STRUCTURE
1350,戊辰庚申己卯戊辰,己,伤官,LIGHT,year:LIGHT_YU_QI|hour:LIGHT_YU_QI,OUT_OF_SEASON,BIJIE:2透|JIECAI:2透,SHISHANG:1透,,"两端成势未授权, 保留节点不裁, 经典规则未来各自查询",,REN-CAIGUAN|SHISHI-BURUO|XIEQI-TAIZHONG|LIGHT-ROOT|BIJIE-PARTY|ROOT-STRUCK|ROOT-GAN-PRIORITY|SHI-GUI-LU|ZHONGGUA-2SIDE|SHIYONG-YUELING-XIANGFU|SHI-ZHU-JI|TIANGAN-XINGQING|YONGSHEN-STRUCTURE
1357,乙丑乙酉丙辰辛卯,丙,正财,NONE,,OUT_OF_SEASON,YIN:2透,CAI:1透,,"两端成势未授权, 保留节点不裁, 经典规则未来各自查询",丙辛化水,SHISHI-BURUO|CAIDUO-SHENRUAN|YIN-PARTY|WANGCHONG-SHUAI|ZHONGGUA-2SIDE|RI-BEI-HE|YUN-SHENG-ROOT|YONGSHEN-STRUCTURE
1360,己丑戊辰辛亥戊戌,辛,正印,LIGHT,year:LIGHT_YU_QI|hour:LIGHT_YU_QI,SUPPORTS,YIN:3透,,,"两端成势未授权, 保留节点不裁, 经典规则未来各自查询",,REN-CAIGUAN|SHISHI-BURUO|LIGHT-ROOT|YIN-PARTY|ROOT-STRUCK|ROOT-GAN-PRIORITY|SHI-GUI-LU|ZHONGGUA-2SIDE|SHIYONG-YUELING-XIANGFU|SHI-ZHU-JI|YONGSHEN-STRUCTURE
1363,壬寅壬寅甲寅壬申,甲,比肩,HEAVY,year:HEAVY_LU|month:HEAVY_LU|day:HEAVY_LU,IN_SEASON,YIN:3透,,,"两端成势未授权, 保留节点不裁, 经典规则未来各自查询",,REN-CAIGUAN|HEAVY-ROOT|YIN-PARTY|ROOT-STRUCK|ROOT-GAN-PRIORITY|WANGCHONG-SHUAI|ZHONGGUA-2SIDE|SHIYONG-YUELING-XIANGFU|SHI-ZHU-JI|TIANGAN-XINGQING|YONGSHEN-STRUCTURE
1366,辛丑辛丑癸酉癸丑,癸,七杀,LIGHT,year:LIGHT_YU_QI|month:LIGHT_YU_QI|hour:LIGHT_YU_QI,OUT_OF_SEASON,BIJIE:1透|YIN:2透,,,"两端成势未授权, 保留节点不裁, 经典规则未来各自查询",,REN-CAIGUAN|SHISHI-BURUO|LIGHT-ROOT|YIN-PARTY|BIJIE-PARTY|ROOT-GAN-PRIORITY|SHI-GUI-LU|ZHONGGUA-2SIDE|SHIYONG-YUELING-XIANGFU|GE-QING|SHI-ZHU-JI|TIANGAN-XINGQING|YONGSHEN-STRUCTURE
1379,戊申甲寅壬寅丁未,壬,食神,HEAVY,year:HEAVY_LONGSHENG,OUT_OF_SEASON,,SHISHANG:1透|CAI:1透,GUANSHA:1透,"两端成势未授权, 保留节点不裁, 经典规则未来各自查询",壬丁化木,REN-CAIGUAN|XIEQI-TAIZHONG|HEAVY-ROOT|ROOT-STRUCK|ROOT-GAN-PRIORITY|WANGCHONG-SHUAI|HE-HUASHEN-DESHI|ZHONGGUA-2SIDE|RI-BEI-HE|SHI-ZHU-JI|YONGSHEN-STRUCTURE
1382,丁未乙巳甲午丁卯,甲,食神,HEAVY,year:LIGHT_MU_KU|hour:HEAVY_WANG,OUT_OF_SEASON,BIJIE:1透|JIECAI:1透,SHISHANG:2透,,"两端成势未授权, 保留节点不裁, 经典规则未来各自查询",,REN-CAIGUAN|SHISHI-BURUO|XIEQI-TAIZHONG|HEAVY-ROOT|BIJIE-PARTY|ROOT-STRUCK|ROOT-GAN-PRIORITY|SHI-GUI-LU|ZHONGGUA-2SIDE|GE-QING|TIANGAN-XINGQING|YONGSHEN-STRUCTURE
1385,戊戌己未丙辰戊戌,丙,伤官,LIGHT,year:LIGHT_MU_KU|month:LIGHT_YU_QI|hour:LIGHT_MU_KU,OUT_OF_SEASON,,SHISHANG:3透,,"两端成势未授权, 保留节点不裁, 经典规则未来各自查询",,REN-CAIGUAN|XIEQI-TAIZHONG|LIGHT-ROOT|ROOT-STRUCK|ROOT-GAN-PRIORITY|SHI-GUI-LU|ZHONGGUA-2SIDE|SHIYONG-YUELING-XIANGFU|SHI-ZHU-JI|YONGSHEN-STRUCTURE
1388,戊午乙丑戊戌丙辰,戊,劫财,HEAVY,year:HEAVY_WANG|month:LIGHT_YU_QI|day:LIGHT_MU_KU|hour:LIGHT_YU_QI,IN_SEASON,BIJIE:1透|YIN:1透,,GUANSHA:1透,"两端成势未授权, 保留节点不裁, 经典规则未来各自查询",,REN-CAIGUAN|DESHI-BUWANG|HEAVY-ROOT|YIN-PARTY|BIJIE-PARTY|ROOT-STRUCK|ROOT-GAN-PRIORITY|SHI-GUI-LU|ZHONGGUA-2SIDE|JIWANG-HUAIJI|SHIYONG-YUELING-XIANGFU|SHI-ZHU-JI|YONGSHEN-STRUCTURE
1391,己亥丙寅丁亥庚戌,丁,正印,LIGHT,hour:LIGHT_YU_QI,SUPPORTS,BIJIE:1透|JIECAI:1透,SHISHANG:1透|CAI:1透,,"两端成势未授权, 保留节点不裁, 经典规则未来各自查询",,REN-CAIGUAN|SHISHI-BURUO|XIEQI-TAIZHONG|LIGHT-ROOT|BIJIE-PARTY|ROOT-GAN-PRIORITY|SHI-GUI-LU|ZHONGGUA-2SIDE|SHIYONG-YUELING-XIANGFU|SHI-ZHU-JI|TIANGAN-XINGQING|YONGSHEN-STRUCTURE
1394,丁未癸丑庚子丁亥,庚,正印,LIGHT,month:LIGHT_MU_KU,SUPPORTS,,SHISHANG:1透,GUANSHA:2透,"两端成势未授权, 保留节点不裁, 经典规则未来各自查询",,REN-CAIGUAN|XIEQI-TAIZHONG|LIGHT-ROOT|ROOT-STRUCK|ROOT-GAN-PRIORITY|ZHONGGUA-2SIDE|SHI-ZHU-JI|YONGSHEN-STRUCTURE
1397,丁丑癸丑庚子乙酉,庚,正印,HEAVY,year:LIGHT_MU_KU|month:LIGHT_MU_KU|hour:HEAVY_WANG,SUPPORTS,,SHISHANG:1透|CAI:1透,GUANSHA:1透,"两端成势未授权, 保留节点不裁, 经典规则未来各自查询",庚乙化金,REN-CAIGUAN|XIEQI-TAIZHONG|HEAVY-ROOT|ROOT-STRUCK|ROOT-GAN-PRIORITY|SHI-GUI-LU|ZHONGGUA-2SIDE|RI-BEI-HE|SHIYONG-YUELING-XIANGFU|GE-QING|CAI-RUO-SHEN-QIANG|YONGSHEN-STRUCTURE
1400,丁丑壬子辛巳丙申,辛,食神,LIGHT,year:LIGHT_YU_QI|month:SPECIAL_LONGSHENG_YIN,OUT_OF_SEASON,,SHISHANG:1透,GUANSHA:2透,"两端成势未授权, 保留节点不裁, 经典规则未来各自查询",丁壬化木|辛丙化水,REN-CAIGUAN|XIEQI-TAIZHONG|LIGHT-ROOT|ROOT-GAN-PRIORITY|HE-HUASHEN-DESHI|ZHONGGUA-2SIDE|RI-BEI-HE|GE-QING|YONGSHEN-STRUCTURE
1403,戊子戊午癸酉戊午,癸,偏财,HEAVY,year:HEAVY_LU,OUT_OF_SEASON,,,GUANSHA:3透,"两端成势未授权, 保留节点不裁, 经典规则未来各自查询",戊癸化火|戊癸化火|癸戊化火,REN-CAIGUAN|HEAVY-ROOT|ROOT-STRUCK|ROOT-GAN-PRIORITY|WANGCHONG-SHUAI|HE-HUASHEN-DESHI|ZHONGGUA-2SIDE|RI-BEI-HE|SHIYONG-YUELING-XIANGFU|SHI-ZHU-JI|TIANGAN-XINGQING|YONGSHEN-STRUCTURE
1406,乙未辛巳乙亥丙戌,乙,伤官,LIGHT,year:LIGHT_YU_QI,OUT_OF_SEASON,BIJIE:1透,SHISHANG:1透,GUANSHA:1透,"两端成势未授权, 保留节点不裁, 经典规则未来各自查询",辛丙化水,REN-CAIGUAN|SHISHI-BURUO|XIEQI-TAIZHONG|LIGHT-ROOT|BIJIE-PARTY|ROOT-STRUCK|ROOT-GAN-PRIORITY|WANGCHONG-SHUAI|ZHONGGUA-2SIDE|SHIYONG-YUELING-XIANGFU|SHI-ZHU-JI|TIANGAN-XINGQING|YONGSHEN-STRUCTURE
1409,丁巳戊申癸丑乙卯,癸,正印,LIGHT,day:LIGHT_YU_QI|hour:SPECIAL_LONGSHENG_YIN,SUPPORTS,,SHISHANG:1透|CAI:1透,GUANSHA:1透,"两端成势未授权, 保留节点不裁, 经典规则未来各自查询",戊癸化火,REN-CAIGUAN|XIEQI-TAIZHONG|LIGHT-ROOT|ROOT-GAN-PRIORITY|SHI-GUI-LU|ZHONGGUA-2SIDE|RI-BEI-HE|GE-QING|TIANGAN-XINGQING|YONGSHEN-STRUCTURE
1412,乙亥癸酉甲辰丙寅,甲,正官,HEAVY,year:HEAVY_LONGSHENG|day:LIGHT_YU_QI|hour:HEAVY_LU,OUT_OF_SEASON,BIJIE:1透|JIECAI:1透|YIN:1透,SHISHANG:1透,,"两端成势未授权, 保留节点不裁, 经典规则未来各自查询",,REN-CAIGUAN|SHISHI-BURUO|XIEQI-TAIZHONG|HEAVY-ROOT|YIN-PARTY|BIJIE-PARTY|ROOT-STRUCK|ROOT-GAN-PRIORITY|SHI-GUI-LU|ZHONGGUA-2SIDE|GE-QING|SHI-ZHU-JI|TIANGAN-XINGQING|YONGSHEN-STRUCTURE
1415,辛酉壬辰丁巳甲辰,丁,伤官,LIGHT,year:SPECIAL_LONGSHENG_YIN,OUT_OF_SEASON,YIN:1透,CAI:1透,GUANSHA:1透,"两端成势未授权, 保留节点不裁, 经典规则未来各自查询",壬丁化木,REN-CAIGUAN|SHISHI-BURUO|LIGHT-ROOT|YIN-PARTY|ROOT-GAN-PRIORITY|ZHONGGUA-2SIDE|RI-BEI-HE|SHIYONG-YUELING-XIANGFU|SHI-ZHU-JI|TIANGAN-XINGQING|YONGSHEN-STRUCTURE
1418,己巳癸酉壬辰甲辰,壬,正印,LIGHT,day:LIGHT_MU_KU|hour:LIGHT_MU_KU,SUPPORTS,BIJIE:1透|JIECAI:1透,SHISHANG:1透,GUANSHA:1透,"两端成势未授权, 保留节点不裁, 经典规则未来各自查询",己甲化土,REN-CAIGUAN|SHISHI-BURUO|XIEQI-TAIZHONG|LIGHT-ROOT|BIJIE-PARTY|ROOT-STRUCK|ROOT-GAN-PRIORITY|SHI-GUI-LU|ZHONGGUA-2SIDE|SHI-ZHU-JI|YONGSHEN-STRUCTURE
1421,庚辰壬午乙亥癸未,乙,食神,LIGHT,year:LIGHT_YU_QI|month:SPECIAL_LONGSHENG_YIN|hour:LIGHT_YU_QI,OUT_OF_SEASON,YIN:2透,,GUANSHA:1透,"两端成势未授权, 保留节点不裁, 经典规则未来各自查询",庚乙化金,REN-CAIGUAN|SHISHI-BURUO|LIGHT-ROOT|YIN-PARTY|ROOT-GAN-PRIORITY|SHI-GUI-LU|ZHONGGUA-2SIDE|RI-BEI-HE|SHIYONG-YUELING-XIANGFU|GE-QING|SHI-ZHU-JI|TIANGAN-XINGQING|YONGSHEN-STRUCTURE
1424,庚辰戊寅乙酉壬午,乙,劫财,LIGHT,year:LIGHT_YU_QI|hour:SPECIAL_LONGSHENG_YIN,IN_SEASON,YIN:1透,CAI:1透,GUANSHA:1透,"两端成势未授权, 保留节点不裁, 经典规则未来各自查询",庚乙化金,REN-CAIGUAN|DESHI-BUWANG|LIGHT-ROOT|YIN-PARTY|ROOT-GAN-PRIORITY|SHI-GUI-LU|ZHONGGUA-2SIDE|RI-BEI-HE|GE-QING|SHI-ZHU-JI|TIANGAN-XINGQING|YONGSHEN-STRUCTURE
1427,丙辰癸巳丁丑甲辰,丁,劫财,NONE,,IN_SEASON,BIJIE:1透|JIECAI:1透|YIN:1透,,GUANSHA:1透,"两端成势未授权, 保留节点不裁, 经典规则未来各自查询",,DESHI-BUWANG|SHAZHONG-SHENQING|YIN-PARTY|BIJIE-PARTY|ZHONGGUA-2SIDE|SHIYONG-YUELING-XIANGFU|YUN-SHENG-ROOT|SHI-ZHU-JI|TIANGAN-XINGQING|YONGSHEN-STRUCTURE
1430,丙寅辛卯癸酉戊午,癸,食神,LIGHT,month:SPECIAL_LONGSHENG_YIN,OUT_OF_SEASON,YIN:1透,CAI:1透,GUANSHA:1透,"两端成势未授权, 保留节点不裁, 经典规则未来各自查询",丙辛化水|癸戊化火,REN-CAIGUAN|SHISHI-BURUO|LIGHT-ROOT|YIN-PARTY|ROOT-STRUCK|ROOT-GAN-PRIORITY|WANGCHONG-SHUAI|ZHONGGUA-2SIDE|RI-BEI-HE|SHI-ZHU-JI|TIANGAN-XINGQING|YONGSHEN-STRUCTURE
1433,辛丑辛卯丙子癸巳,丙,正印,HEAVY,hour:HEAVY_LU,SUPPORTS,,CAI:2透,GUANSHA:1透,"两端成势未授权, 保留节点不裁, 经典规则未来各自查询",辛丙化水|辛丙化水,REN-CAIGUAN|HEAVY-ROOT|ROOT-GAN-PRIORITY|SHI-GUI-LU|ZHONGGUA-2SIDE|RI-BEI-HE|SHI-ZHU-JI|YONGSHEN-STRUCTURE
1436,丁酉癸卯丙辰丙申,丙,正印,NONE,,SUPPORTS,BIJIE:2透|JIECAI:1透,,GUANSHA:1透,"两端成势未授权, 保留节点不裁, 经典规则未来各自查询",,SHAZHONG-SHENQING|WANGCHONG-SHUAI|ZHONGGUA-2SIDE|JISHUAI-CONGSHENG|YUN-SHENG-ROOT|SHI-ZHU-JI|YONGSHEN-STRUCTURE
1439,癸丑庚申戊午己未,戊,食神,HEAVY,year:LIGHT_YU_QI|month:LIGHT_YU_QI|day:HEAVY_WANG|hour:LIGHT_YU_QI,OUT_OF_SEASON,BIJIE:1透|JIECAI:1透,SHISHANG:1透|CAI:1透,,"两端成势未授权, 保留节点不裁, 经典规则未来各自查询",癸戊化火,REN-CAIGUAN|SHISHI-BURUO|XIEQI-TAIZHONG|HEAVY-ROOT|BIJIE-PARTY|ROOT-STRUCK|ROOT-GAN-PRIORITY|SHI-GUI-LU|ZHONGGUA-2SIDE|RI-BEI-HE|SHI-ZHU-JI|YONGSHEN-STRUCTURE
1442,癸未庚申戊戌己未,戊,食神,LIGHT,year:LIGHT_YU_QI|month:LIGHT_YU_QI|day:LIGHT_MU_KU|hour:LIGHT_YU_QI,OUT_OF_SEASON,BIJIE:1透|JIECAI:1透,SHISHANG:1透|CAI:1透,,"两端成势未授权, 保留节点不裁, 经典规则未来各自查询",癸戊化火,REN-CAIGUAN|SHISHI-BURUO|XIEQI-TAIZHONG|LIGHT-ROOT|BIJIE-PARTY|ROOT-STRUCK|ROOT-GAN-PRIORITY|SHI-GUI-LU|ZHONGGUA-2SIDE|RI-BEI-HE|GE-QING|SHI-ZHU-JI|YONGSHEN-STRUCTURE
1445,己酉辛未戊辰壬戌,戊,劫财,LIGHT,month:LIGHT_YU_QI|day:LIGHT_YU_QI|hour:LIGHT_MU_KU,IN_SEASON,BIJIE:1透|JIECAI:1透,SHISHANG:1透|CAI:1透,,"两端成势未授权, 保留节点不裁, 经典规则未来各自查询",,REN-CAIGUAN|DESHI-BUWANG|XIEQI-TAIZHONG|LIGHT-ROOT|BIJIE-PARTY|ROOT-STRUCK|ROOT-GAN-PRIORITY|SHI-GUI-LU|ZHONGGUA-2SIDE|SHIYONG-YUELING-XIANGFU|YONGSHEN-STRUCTURE
1448,丁亥壬子癸丑甲寅,癸,比肩,HEAVY,month:HEAVY_LU|day:LIGHT_YU_QI,IN_SEASON,BIJIE:1透|JIECAI:1透,SHISHANG:1透|CAI:1透,,"两端成势未授权, 保留节点不裁, 经典规则未来各自查询",丁壬化木,REN-CAIGUAN|DESHI-BUWANG|XIEQI-TAIZHONG|HEAVY-ROOT|BIJIE-PARTY|ROOT-GAN-PRIORITY|ZHONGGUA-2SIDE|JIWANG-HUAIJI|GE-QING|WANGJI-SIWO-SHENG|SHI-ZHU-JI|TIANGAN-XINGQING|YONGSHEN-STRUCTURE
1451,乙卯丙戌乙卯丁亥,乙,正财,HEAVY,year:HEAVY_LU|day:HEAVY_LU,OUT_OF_SEASON,BIJIE:1透,SHISHANG:2透,,"两端成势未授权, 保留节点不裁, 经典规则未来各自查询",,REN-CAIGUAN|SHISHI-BURUO|XIEQI-TAIZHONG|HEAVY-ROOT|BIJIE-PARTY|ROOT-GAN-PRIORITY|ZHONGGUA-2SIDE|GE-QING|TIANGAN-XINGQING|YONGSHEN-STRUCTURE
1454,戊寅甲寅丁未辛丑,丁,正印,LIGHT,day:LIGHT_YU_QI,SUPPORTS,YIN:1透,SHISHANG:1透|CAI:1透,,"两端成势未授权, 保留节点不裁, 经典规则未来各自查询",,REN-CAIGUAN|SHISHI-BURUO|XIEQI-TAIZHONG|LIGHT-ROOT|YIN-PARTY|ROOT-STRUCK|ROOT-GAN-PRIORITY|ZHONGGUA-2SIDE|SHI-ZHU-JI|TIANGAN-XINGQING|YONGSHEN-STRUCTURE
1457,壬辰己酉辛丑癸巳,辛,比肩,HEAVY,month:HEAVY_LU|day:LIGHT_YU_QI,IN_SEASON,YIN:1透,SHISHANG:2透,,"两端成势未授权, 保留节点不裁, 经典规则未来各自查询",,REN-CAIGUAN|DESHI-BUWANG|XIEQI-TAIZHONG|HEAVY-ROOT|YIN-PARTY|ROOT-STRUCK|ROOT-GAN-PRIORITY|ZHONGGUA-2SIDE|GE-QING|WANGJI-SIWO-SHENG|SHI-ZHU-JI|YONGSHEN-STRUCTURE
1460,甲午丙寅乙卯己卯,乙,劫财,HEAVY,year:SPECIAL_LONGSHENG_YIN|day:HEAVY_LU|hour:HEAVY_LU,IN_SEASON,BIJIE:1透|JIECAI:1透,SHISHANG:1透|CAI:1透,,"两端成势未授权, 保留节点不裁, 经典规则未来各自查询",甲己化土,REN-CAIGUAN|DESHI-BUWANG|XIEQI-TAIZHONG|HEAVY-ROOT|TENGLUO-XIJIA|BIJIE-PARTY|ROOT-STRUCK|ROOT-GAN-PRIORITY|SHI-GUI-LU|ZHONGGUA-2SIDE|JIWANG-HUAIJI|GE-QING|WANGJI-SIWO-SHENG|TIANGAN-XINGQING|YONGSHEN-STRUCTURE
1463,丁未壬寅乙卯己卯,乙,劫财,HEAVY,year:LIGHT_YU_QI|day:HEAVY_LU|hour:HEAVY_LU,IN_SEASON,YIN:1透,SHISHANG:1透|CAI:1透,,"两端成势未授权, 保留节点不裁, 经典规则未来各自查询",丁壬化木,REN-CAIGUAN|DESHI-BUWANG|XIEQI-TAIZHONG|HEAVY-ROOT|ROOT-GAN-PRIORITY|HE-HUASHEN-DESHI|SHI-GUI-LU|ZHONGGUA-2SIDE|GE-QING|WANGJI-SIWO-SHENG|TIANGAN-XINGQING|YONGSHEN-STRUCTURE
1473,辛丑癸巳丙子丁酉,丙,比肩,HEAVY,month:HEAVY_LU,IN_SEASON,BIJIE:1透|JIECAI:1透,CAI:1透,GUANSHA:1透,"两端成势未授权, 保留节点不裁, 经典规则未来各自查询",辛丙化水,REN-CAIGUAN|DESHI-BUWANG|HEAVY-ROOT|BIJIE-PARTY|ROOT-GAN-PRIORITY|ZHONGGUA-2SIDE|RI-BEI-HE|JIWANG-HUAIJI|GE-QING|SHI-ZHU-JI|YONGSHEN-STRUCTURE
1476,癸丑己未丙寅辛卯,丙,伤官,HEAVY,month:LIGHT_YU_QI|day:HEAVY_LONGSHENG,OUT_OF_SEASON,,SHISHANG:1透|CAI:1透,GUANSHA:1透,"两端成势未授权, 保留节点不裁, 经典规则未来各自查询",丙辛化水,REN-CAIGUAN|XIEQI-TAIZHONG|HEAVY-ROOT|ROOT-STRUCK|ROOT-GAN-PRIORITY|ZHONGGUA-2SIDE|RI-BEI-HE|SHIYONG-YUELING-XIANGFU|YONGSHEN-STRUCTURE
1479,庚戌壬午丙寅己亥,丙,劫财,HEAVY,year:LIGHT_MU_KU|month:HEAVY_WANG|day:HEAVY_LONGSHENG,IN_SEASON,,SHISHANG:1透|CAI:1透,GUANSHA:1透,"两端成势未授权, 保留节点不裁, 经典规则未来各自查询",,REN-CAIGUAN|DESHI-BUWANG|XIEQI-TAIZHONG|HEAVY-ROOT|ROOT-STRUCK|ROOT-GAN-PRIORITY|ZHONGGUA-2SIDE|GE-QING|WANGJI-SIWO-SHENG|SHI-ZHU-JI|YONGSHEN-STRUCTURE
1482,壬申戊申壬申戊申,壬,偏印,HEAVY,year:HEAVY_LONGSHENG|month:HEAVY_LONGSHENG|day:HEAVY_LONGSHENG|hour:HEAVY_LONGSHENG,SUPPORTS,BIJIE:1透,,GUANSHA:2透,"两端成势未授权, 保留节点不裁, 经典规则未来各自查询",,REN-CAIGUAN|SHISHI-BURUO|HEAVY-ROOT|BIJIE-PARTY|ROOT-GAN-PRIORITY|SHI-GUI-LU|ZHONGGUA-2SIDE|SHIYONG-YUELING-XIANGFU|GE-QING|CAI-RUO-SHEN-QIANG|SHI-ZHU-JI|YONGSHEN-STRUCTURE
1485,壬申甲辰壬申戊申,壬,七杀,HEAVY,year:HEAVY_LONGSHENG|month:LIGHT_MU_KU|day:HEAVY_LONGSHENG|hour:HEAVY_LONGSHENG,OUT_OF_SEASON,BIJIE:1透,SHISHANG:1透,GUANSHA:1透,"两端成势未授权, 保留节点不裁, 经典规则未来各自查询",,REN-CAIGUAN|SHISHI-BURUO|XIEQI-TAIZHONG|HEAVY-ROOT|BIJIE-PARTY|ROOT-GAN-PRIORITY|SHI-GUI-LU|ZHONGGUA-2SIDE|SHIYONG-YUELING-XIANGFU|GE-QING|CAI-RUO-SHEN-QIANG|SHI-ZHU-JI|YONGSHEN-STRUCTURE
1488,癸丑壬戌丁亥壬寅,丁,伤官,LIGHT,month:LIGHT_YU_QI,OUT_OF_SEASON,,,GUANSHA:3透,"两端成势未授权, 保留节点不裁, 经典规则未来各自查询",壬丁化木|丁壬化木,REN-CAIGUAN|LIGHT-ROOT|ROOT-GAN-PRIORITY|ZHONGGUA-2SIDE|RI-BEI-HE|SHIYONG-YUELING-XIANGFU|GE-QING|TIANGAN-XINGQING|YONGSHEN-STRUCTURE
1491,壬戌甲辰丁酉己酉,丁,伤官,LIGHT,year:LIGHT_YU_QI|day:SPECIAL_LONGSHENG_YIN|hour:SPECIAL_LONGSHENG_YIN,OUT_OF_SEASON,YIN:1透,SHISHANG:1透,GUANSHA:1透,"两端成势未授权, 保留节点不裁, 经典规则未来各自查询",壬丁化木|甲己化土,REN-CAIGUAN|SHISHI-BURUO|XIEQI-TAIZHONG|LIGHT-ROOT|YIN-PARTY|ROOT-STRUCK|ROOT-GAN-PRIORITY|HE-HUASHEN-DESHI|SHI-GUI-LU|ZHONGGUA-2SIDE|RI-BEI-HE|SHI-ZHU-JI|TIANGAN-XINGQING|YONGSHEN-STRUCTURE
1501,癸酉戊午庚寅丁丑,庚,正官,HEAVY,year:HEAVY_WANG|hour:LIGHT_MU_KU,OUT_OF_SEASON,YIN:1透,SHISHANG:1透,GUANSHA:1透,"两端成势未授权, 保留节点不裁, 经典规则未来各自查询",癸戊化火,REN-CAIGUAN|SHISHI-BURUO|XIEQI-TAIZHONG|HEAVY-ROOT|YIN-PARTY|ROOT-STRUCK|ROOT-GAN-PRIORITY|HE-HUASHEN-DESHI|SHI-GUI-LU|ZHONGGUA-2SIDE|SHIYONG-YUELING-XIANGFU|YONGSHEN-STRUCTURE
1504,丙寅庚子己亥甲戌,己,偏财,LIGHT,hour:LIGHT_YU_QI,OUT_OF_SEASON,YIN:1透,SHISHANG:1透,GUANSHA:1透,"两端成势未授权, 保留节点不裁, 经典规则未来各自查询",己甲化土,REN-CAIGUAN|SHISHI-BURUO|XIEQI-TAIZHONG|LIGHT-ROOT|YIN-PARTY|ROOT-GAN-PRIORITY|SHI-GUI-LU|ZHONGGUA-2SIDE|RI-BEI-HE|GE-QING|TIANGAN-XINGQING|YONGSHEN-STRUCTURE
1507,丙戌辛丑己卯甲子,己,比肩,LIGHT,year:LIGHT_YU_QI|month:LIGHT_MU_KU,IN_SEASON,YIN:1透,SHISHANG:1透,GUANSHA:1透,"两端成势未授权, 保留节点不裁, 经典规则未来各自查询",丙辛化水|己甲化土,REN-CAIGUAN|DESHI-BUWANG|XIEQI-TAIZHONG|LIGHT-ROOT|YIN-PARTY|ROOT-GAN-PRIORITY|HE-HUASHEN-DESHI|ZHONGGUA-2SIDE|RI-BEI-HE|SHIYONG-YUELING-XIANGFU|SHI-ZHU-JI|TIANGAN-XINGQING|YONGSHEN-STRUCTURE
1517,戊辰甲子壬子辛亥,壬,劫财,HEAVY,year:LIGHT_MU_KU|month:HEAVY_WANG|day:HEAVY_WANG|hour:HEAVY_LU,IN_SEASON,YIN:1透,SHISHANG:1透,GUANSHA:1透,"两端成势未授权, 保留节点不裁, 经典规则未来各自查询",,REN-CAIGUAN|DESHI-BUWANG|XIEQI-TAIZHONG|HEAVY-ROOT|ROOT-GAN-PRIORITY|SHI-GUI-LU|ZHONGGUA-2SIDE|GE-QING|CAI-RUO-SHEN-QIANG|WANGJI-SIWO-SHENG|YONGSHEN-STRUCTURE
1520,甲申丙子癸亥癸亥,癸,比肩,HEAVY,month:HEAVY_LU,IN_SEASON,BIJIE:1透,SHISHANG:1透|CAI:1透,,"两端成势未授权, 保留节点不裁, 经典规则未来各自查询",,REN-CAIGUAN|DESHI-BUWANG|XIEQI-TAIZHONG|HEAVY-ROOT|BIJIE-PARTY|ROOT-GAN-PRIORITY|ZHONGGUA-2SIDE|JIWANG-HUAIJI|CAI-RUO-SHEN-QIANG|WANGJI-SIWO-SHENG|TIANGAN-XINGQING|YONGSHEN-STRUCTURE
1523,甲申庚午丁亥壬寅,丁,比肩,HEAVY,month:HEAVY_LU,IN_SEASON,YIN:1透,CAI:1透,GUANSHA:1透,"两端成势未授权, 保留节点不裁, 经典规则未来各自查询",丁壬化木,REN-CAIGUAN|DESHI-BUWANG|HEAVY-ROOT|YIN-PARTY|ROOT-GAN-PRIORITY|ZHONGGUA-2SIDE|RI-BEI-HE|TIANGAN-XINGQING|YONGSHEN-STRUCTURE
1526,癸丑乙丑癸丑癸丑,癸,七杀,LIGHT,year:LIGHT_YU_QI|month:LIGHT_YU_QI|day:LIGHT_YU_QI|hour:LIGHT_YU_QI,OUT_OF_SEASON,BIJIE:2透,SHISHANG:1透,,"两端成势未授权, 保留节点不裁, 经典规则未来各自查询",,REN-CAIGUAN|SHISHI-BURUO|LIGHT-ROOT|BIJIE-PARTY|ROOT-GAN-PRIORITY|SHI-GUI-LU|ZHONGGUA-2SIDE|SHIYONG-YUELING-XIANGFU|GE-QING|SHI-ZHU-JI|TIANGAN-XINGQING|YONGSHEN-STRUCTURE
1536,丁酉甲辰戊戌戊午,戊,比肩,HEAVY,month:LIGHT_YU_QI|day:LIGHT_MU_KU|hour:HEAVY_WANG,IN_SEASON,BIJIE:1透|YIN:1透,,GUANSHA:1透,"两端成势未授权, 保留节点不裁, 经典规则未来各自查询",,REN-CAIGUAN|DESHI-BUWANG|HEAVY-ROOT|YIN-PARTY|BIJIE-PARTY|ROOT-STRUCK|ROOT-GAN-PRIORITY|SHI-GUI-LU|ZHONGGUA-2SIDE|JIWANG-HUAIJI|YONGSHEN-STRUCTURE
1539,丁酉乙巳丁丑丙午,丁,劫财,HEAVY,year:SPECIAL_LONGSHENG_YIN|hour:HEAVY_LU,IN_SEASON,BIJIE:2透|JIECAI:1透|YIN:1透,,,"两端成势未授权, 保留节点不裁, 经典规则未来各自查询",,REN-CAIGUAN|HEAVY-ROOT|BIJIE-PARTY|ROOT-STRUCK|ROOT-GAN-PRIORITY|SHI-GUI-LU|ZHONGGUA-2SIDE|JIWANG-HUAIJI|TIANGAN-XINGQING|YONGSHEN-STRUCTURE
1542,癸酉戊午丙辰甲午,丙,劫财,HEAVY,month:HEAVY_WANG|hour:HEAVY_WANG,IN_SEASON,YIN:1透,SHISHANG:1透,GUANSHA:1透,"两端成势未授权, 保留节点不裁, 经典规则未来各自查询",癸戊化火,REN-CAIGUAN|DESHI-BUWANG|XIEQI-TAIZHONG|HEAVY-ROOT|YIN-PARTY|ROOT-STRUCK|ROOT-GAN-PRIORITY|HE-HUASHEN-DESHI|SHI-GUI-LU|ZHONGGUA-2SIDE|SHIYONG-YUELING-XIANGFU|WANGJI-SIWO-SHENG|YONGSHEN-STRUCTURE
1553,庚寅戊子甲寅丙寅,甲,正印,HEAVY,year:HEAVY_LU|day:HEAVY_LU|hour:HEAVY_LU,SUPPORTS,,SHISHANG:1透|CAI:1透,GUANSHA:1透,"两端成势未授权, 保留节点不裁, 经典规则未来各自查询",,REN-CAIGUAN|XIEQI-TAIZHONG|HEAVY-ROOT|ROOT-GAN-PRIORITY|SHI-GUI-LU|ZHONGGUA-2SIDE|GE-QING|SHI-ZHU-JI|TIANGAN-XINGQING|YONGSHEN-STRUCTURE
1556,甲子丁卯甲寅庚午,甲,劫财,HEAVY,month:HEAVY_WANG|day:HEAVY_LU,IN_SEASON,BIJIE:1透,SHISHANG:1透,GUANSHA:1透,"两端成势未授权, 保留节点不裁, 经典规则未来各自查询",,REN-CAIGUAN|DESHI-BUWANG|XIEQI-TAIZHONG|HEAVY-ROOT|BIJIE-PARTY|ROOT-STRUCK|ROOT-GAN-PRIORITY|ZHONGGUA-2SIDE|JIWANG-HUAIJI|WANGJI-SIWO-SHENG|SHI-ZHU-JI|TIANGAN-XINGQING|YONGSHEN-STRUCTURE
1563,乙未庚辰戊辰丙辰,戊,比肩,LIGHT,year:LIGHT_YU_QI|month:LIGHT_YU_QI|day:LIGHT_YU_QI|hour:LIGHT_YU_QI,IN_SEASON,YIN:1透,SHISHANG:1透,GUANSHA:1透,"两端成势未授权, 保留节点不裁, 经典规则未来各自查询",乙庚化金,REN-CAIGUAN|DESHI-BUWANG|LIGHT-ROOT|YIN-PARTY|ROOT-STRUCK|ROOT-GAN-PRIORITY|SHI-GUI-LU|ZHONGGUA-2SIDE|SHIYONG-YUELING-XIANGFU|SHI-ZHU-JI|YONGSHEN-STRUCTURE
1566,丁丑癸卯丙戌辛卯,丙,正印,LIGHT,day:LIGHT_MU_KU,SUPPORTS,BIJIE:1透|JIECAI:1透,CAI:1透,GUANSHA:1透,"两端成势未授权, 保留节点不裁, 经典规则未来各自查询",丙辛化水,REN-CAIGUAN|SHISHI-BURUO|LIGHT-ROOT|BIJIE-PARTY|ROOT-GAN-PRIORITY|ZHONGGUA-2SIDE|RI-BEI-HE|SHIYONG-YUELING-XIANGFU|GE-QING|YONGSHEN-STRUCTURE
1573,丁卯辛亥丙寅丙申,丙,七杀,HEAVY,day:HEAVY_LONGSHENG,OUT_OF_SEASON,BIJIE:2透|JIECAI:1透,CAI:1透,,"两端成势未授权, 保留节点不裁, 经典规则未来各自查询",辛丙化水|辛丙化水,REN-CAIGUAN|SHISHI-BURUO|HEAVY-ROOT|JUECHU-FENGSHENG|BIJIE-PARTY|ROOT-STRUCK|ROOT-GAN-PRIORITY|WANGCHONG-SHUAI|HE-HUASHEN-DESHI|ZHONGGUA-2SIDE|RI-BEI-HE|SHIYONG-YUELING-XIANGFU|SHI-ZHU-JI|YONGSHEN-STRUCTURE
1576,辛巳丙申壬寅庚戌,壬,偏印,HEAVY,month:HEAVY_LONGSHENG,SUPPORTS,YIN:2透,CAI:1透,,"两端成势未授权, 保留节点不裁, 经典规则未来各自查询",辛丙化水,REN-CAIGUAN|SHISHI-BURUO|HEAVY-ROOT|YIN-PARTY|ROOT-STRUCK|ROOT-GAN-PRIORITY|WANGCHONG-SHUAI|ZHONGGUA-2SIDE|SHIYONG-YUELING-XIANGFU|SHI-ZHU-JI|YONGSHEN-STRUCTURE
1590,戊戌丙辰乙未丙戌,乙,正财,LIGHT,month:LIGHT_YU_QI|day:LIGHT_YU_QI,OUT_OF_SEASON,,SHISHANG:2透|CAI:1透,,"两端成势未授权, 保留节点不裁, 经典规则未来各自查询",,REN-CAIGUAN|XIEQI-TAIZHONG|LIGHT-ROOT|ROOT-STRUCK|ROOT-GAN-PRIORITY|ZHONGGUA-2SIDE|SHIYONG-YUELING-XIANGFU|SHI-ZHU-JI|TIANGAN-XINGQING|YONGSHEN-STRUCTURE
1593,壬寅壬寅庚寅戊寅,庚,偏财,NONE,,OUT_OF_SEASON,YIN:1透,SHISHANG:2透,,"两端成势未授权, 保留节点不裁, 经典规则未来各自查询",,SHISHI-BURUO|JUECHU-FENGSHENG|YIN-PARTY|ZHONGGUA-2SIDE|SHIYONG-YUELING-XIANGFU|GE-QING|YUN-SHENG-ROOT|SHI-ZHU-JI|YONGSHEN-STRUCTURE
1596,丙寅庚寅壬午乙巳,壬,食神,NONE,,OUT_OF_SEASON,YIN:1透,SHISHANG:1透|CAI:1透,,"两端成势未授权, 保留节点不裁, 经典规则未来各自查询",庚乙化金,SHISHI-BURUO|CAIDUO-SHENRUAN|XIEQI-TAIZHONG|YIN-PARTY|ZHONGGUA-2SIDE|JISHUAI-CONGSHENG|SHIYONG-YUELING-XIANGFU|YUN-SHENG-ROOT|SHI-ZHU-JI|YONGSHEN-STRUCTURE
1600,丁卯壬寅庚午丙戌,庚,偏财,LIGHT,hour:LIGHT_YU_QI,OUT_OF_SEASON,,SHISHANG:1透,GUANSHA:2透,"两端成势未授权, 保留节点不裁, 经典规则未来各自查询",丁壬化木,REN-CAIGUAN|LIGHT-ROOT|JUECHU-FENGSHENG|ROOT-GAN-PRIORITY|HE-HUASHEN-DESHI|SHI-GUI-LU|ZHONGGUA-2SIDE|SHIYONG-YUELING-XIANGFU|GE-QING|SHI-ZHU-JI|YONGSHEN-STRUCTURE
1603,辛巳辛丑乙酉乙酉,乙,偏财,NONE,,OUT_OF_SEASON,BIJIE:1透,,GUANSHA:2透,"两端成势未授权, 保留节点不裁, 经典规则未来各自查询",,SHAZHONG-SHENQING|ZHONGGUA-2SIDE|JISHUAI-CONGSHENG|SHIYONG-YUELING-XIANGFU|YUN-SHENG-ROOT|SHI-ZHU-JI|TIANGAN-XINGQING|YONGSHEN-STRUCTURE
1606,癸卯乙卯甲寅乙亥,甲,劫财,HEAVY,year:HEAVY_WANG|month:HEAVY_WANG|day:HEAVY_LU|hour:HEAVY_LONGSHENG,IN_SEASON,BIJIE:2透|JIECAI:2透|YIN:1透,,,"两端成势未授权, 保留节点不裁, 经典规则未来各自查询",,REN-CAIGUAN|HEAVY-ROOT|YIN-PARTY|BIJIE-PARTY|ROOT-STRUCK|ROOT-GAN-PRIORITY|SHI-GUI-LU|ZHONGGUA-2SIDE|JIWANG-HUAIJI|GE-QING|TIANGAN-XINGQING|YONGSHEN-STRUCTURE
1609,丙午甲午丙午甲午,丙,劫财,HEAVY,year:HEAVY_WANG|month:HEAVY_WANG|day:HEAVY_WANG|hour:HEAVY_WANG,IN_SEASON,BIJIE:1透|YIN:2透,,,"两端成势未授权, 保留节点不裁, 经典规则未来各自查询",,REN-CAIGUAN|HEAVY-ROOT|BIJIE-PARTY|ROOT-STRUCK|ROOT-GAN-PRIORITY|SHI-GUI-LU|ZHONGGUA-2SIDE|JIWANG-HUAIJI|SHIYONG-YUELING-XIANGFU|CAI-RUO-SHEN-QIANG|YONGSHEN-STRUCTURE
1612,癸酉癸亥庚申丁亥,庚,食神,HEAVY,year:HEAVY_WANG|day:HEAVY_LU,OUT_OF_SEASON,,SHISHANG:2透,GUANSHA:1透,"两端成势未授权, 保留节点不裁, 经典规则未来各自查询",,REN-CAIGUAN|XIEQI-TAIZHONG|HEAVY-ROOT|ROOT-STRUCK|ROOT-GAN-PRIORITY|ZHONGGUA-2SIDE|SHIYONG-YUELING-XIANGFU|SHI-ZHU-JI|YONGSHEN-STRUCTURE
1615,丙戌壬辰癸巳甲寅,癸,正官,LIGHT,month:LIGHT_YU_QI,OUT_OF_SEASON,BIJIE:1透|JIECAI:1透,SHISHANG:1透|CAI:1透,,"两端成势未授权, 保留节点不裁, 经典规则未来各自查询",,REN-CAIGUAN|SHISHI-BURUO|XIEQI-TAIZHONG|LIGHT-ROOT|BIJIE-PARTY|ROOT-STRUCK|ROOT-GAN-PRIORITY|ZHONGGUA-2SIDE|SHIYONG-YUELING-XIANGFU|SHI-ZHU-JI|TIANGAN-XINGQING|YONGSHEN-STRUCTURE
1618,癸酉乙丑丙申丙申,丙,伤官,NONE,,OUT_OF_SEASON,BIJIE:1透|YIN:1透,,GUANSHA:1透,"两端成势未授权, 保留节点不裁, 经典规则未来各自查询",,SHAZHONG-SHENQING|ZHONGGUA-2SIDE|JISHUAI-CONGSHENG|GE-QING|YUN-SHENG-ROOT|SHI-ZHU-JI|YONGSHEN-STRUCTURE
1628,乙丑甲申甲辰己巳,甲,七杀,LIGHT,day:LIGHT_YU_QI,OUT_OF_SEASON,BIJIE:2透|JIECAI:1透,CAI:1透,,"两端成势未授权, 保留节点不裁, 经典规则未来各自查询",甲己化土|甲己化土,REN-CAIGUAN|SHISHI-BURUO|LIGHT-ROOT|JUECHU-FENGSHENG|BIJIE-PARTY|ROOT-STRUCK|ROOT-GAN-PRIORITY|ZHONGGUA-2SIDE|RI-BEI-HE|SHIYONG-YUELING-XIANGFU|GE-QING|SHI-ZHU-JI|TIANGAN-XINGQING|YONGSHEN-STRUCTURE
1631,戊辰壬戌甲辰己巳,甲,偏财,LIGHT,year:LIGHT_YU_QI|day:LIGHT_YU_QI,OUT_OF_SEASON,YIN:1透,CAI:2透,,"两端成势未授权, 保留节点不裁, 经典规则未来各自查询",甲己化土,REN-CAIGUAN|SHISHI-BURUO|LIGHT-ROOT|YIN-PARTY|ROOT-STRUCK|ROOT-GAN-PRIORITY|HE-HUASHEN-DESHI|ZHONGGUA-2SIDE|RI-BEI-HE|SHIYONG-YUELING-XIANGFU|SHI-ZHU-JI|TIANGAN-XINGQING|YONGSHEN-STRUCTURE
1634,己卯丁卯壬午甲辰,壬,伤官,LIGHT,hour:LIGHT_MU_KU,OUT_OF_SEASON,,SHISHANG:1透|CAI:1透,GUANSHA:1透,"两端成势未授权, 保留节点不裁, 经典规则未来各自查询",己甲化土|丁壬化木,REN-CAIGUAN|XIEQI-TAIZHONG|LIGHT-ROOT|ROOT-STRUCK|ROOT-GAN-PRIORITY|HE-HUASHEN-DESHI|SHI-GUI-LU|ZHONGGUA-2SIDE|RI-BEI-HE|SHIYONG-YUELING-XIANGFU|SHI-ZHU-JI|YONGSHEN-STRUCTURE
1637,己卯丁卯壬午癸卯,壬,伤官,NONE,,OUT_OF_SEASON,BIJIE:1透|JIECAI:1透,CAI:1透,GUANSHA:1透,"两端成势未授权, 保留节点不裁, 经典规则未来各自查询",丁壬化木,CAIDUO-SHENRUAN|SHAZHONG-SHENQING|HE-HUASHEN-DESHI|ZHONGGUA-2SIDE|RI-BEI-HE|JISHUAI-CONGSHENG|SHIYONG-YUELING-XIANGFU|GE-QING|YUN-SHENG-ROOT|YONGSHEN-STRUCTURE
1640,丙戌戊戌癸巳壬戌,癸,正官,NONE,,OUT_OF_SEASON,BIJIE:1透|JIECAI:1透,CAI:1透,GUANSHA:1透,"两端成势未授权, 保留节点不裁, 经典规则未来各自查询",戊癸化火,CAIDUO-SHENRUAN|SHAZHONG-SHENQING|ZHONGGUA-2SIDE|RI-BEI-HE|JISHUAI-CONGSHENG|SHIYONG-YUELING-XIANGFU|GE-QING|YUN-SHENG-ROOT|SHI-ZHU-JI|TIANGAN-XINGQING|YONGSHEN-STRUCTURE
1650,癸巳乙卯己亥癸酉,己,七杀,LIGHT,hour:SPECIAL_LONGSHENG_YIN,OUT_OF_SEASON,,CAI:2透,GUANSHA:1透,"两端成势未授权, 保留节点不裁, 经典规则未来各自查询",,REN-CAIGUAN|LIGHT-ROOT|ROOT-STRUCK|ROOT-GAN-PRIORITY|WANGCHONG-SHUAI|SHI-GUI-LU|ZHONGGUA-2SIDE|TIANGAN-XINGQING|YONGSHEN-STRUCTURE
1653,丁丑壬寅丙申壬辰,丙,偏印,HEAVY,month:HEAVY_LONGSHENG,SUPPORTS,BIJIE:1透|JIECAI:1透,,GUANSHA:2透,"两端成势未授权, 保留节点不裁, 经典规则未来各自查询",丁壬化木|丁壬化木,REN-CAIGUAN|SHISHI-BURUO|HEAVY-ROOT|BIJIE-PARTY|ROOT-STRUCK|ROOT-GAN-PRIORITY|WANGCHONG-SHUAI|HE-HUASHEN-DESHI|ZHONGGUA-2SIDE|SHIYONG-YUELING-XIANGFU|SHI-ZHU-JI|YONGSHEN-STRUCTURE
1656,乙卯己卯戊辰癸亥,戊,正官,LIGHT,day:LIGHT_YU_QI,OUT_OF_SEASON,BIJIE:1透|JIECAI:1透,CAI:1透,GUANSHA:1透,"两端成势未授权, 保留节点不裁, 经典规则未来各自查询",戊癸化火,REN-CAIGUAN|SHISHI-BURUO|LIGHT-ROOT|BIJIE-PARTY|ROOT-STRUCK|ROOT-GAN-PRIORITY|ZHONGGUA-2SIDE|RI-BEI-HE|SHI-ZHU-JI|YONGSHEN-STRUCTURE
1659,丁卯丙寅辛亥庚寅,辛,正财,NONE,,OUT_OF_SEASON,BIJIE:1透|JIECAI:1透,,GUANSHA:2透,"两端成势未授权, 保留节点不裁, 经典规则未来各自查询",丙辛化水,SHAZHONG-SHENQING|ZHONGGUA-2SIDE|RI-BEI-HE|JISHUAI-CONGSHENG|SHIYONG-YUELING-XIANGFU|GE-QING|YUN-SHENG-ROOT|SHI-ZHU-JI|YONGSHEN-STRUCTURE
1662,癸亥乙卯己未丁卯,己,七杀,LIGHT,day:LIGHT_YU_QI,OUT_OF_SEASON,YIN:1透,CAI:1透,GUANSHA:1透,"两端成势未授权, 保留节点不裁, 经典规则未来各自查询",,REN-CAIGUAN|SHISHI-BURUO|LIGHT-ROOT|YIN-PARTY|ROOT-GAN-PRIORITY|ZHONGGUA-2SIDE|SHIYONG-YUELING-XIANGFU|GE-QING|SHI-ZHU-JI|TIANGAN-XINGQING|YONGSHEN-STRUCTURE
1672,己卯甲戌甲子己巳,甲,偏财,HEAVY,year:HEAVY_WANG,OUT_OF_SEASON,BIJIE:1透,CAI:2透,,"两端成势未授权, 保留节点不裁, 经典规则未来各自查询",己甲化土|己甲化土|甲己化土|甲己化土,REN-CAIGUAN|SHISHI-BURUO|HEAVY-ROOT|BIJIE-PARTY|ROOT-STRUCK|ROOT-GAN-PRIORITY|HE-HUASHEN-DESHI|ZHONGGUA-2SIDE|RI-BEI-HE|SHIYONG-YUELING-XIANGFU|SHI-ZHU-JI|TIANGAN-XINGQING|YONGSHEN-STRUCTURE
1675,甲子丙子甲申己巳,甲,正印,NONE,,SUPPORTS,BIJIE:1透,SHISHANG:1透|CAI:1透,,"两端成势未授权, 保留节点不裁, 经典规则未来各自查询",甲己化土|甲己化土,CAIDUO-SHENRUAN|XIEQI-TAIZHONG|ZHONGGUA-2SIDE|RI-BEI-HE|JISHUAI-CONGSHENG|GE-QING|YUN-SHENG-ROOT|SHI-ZHU-JI|TIANGAN-XINGQING|YONGSHEN-STRUCTURE
1678,甲寅丁丑甲戌己巳,甲,正财,HEAVY,year:HEAVY_LU,OUT_OF_SEASON,BIJIE:1透,SHISHANG:1透|CAI:1透,,"两端成势未授权, 保留节点不裁, 经典规则未来各自查询",甲己化土|甲己化土,REN-CAIGUAN|SHISHI-BURUO|XIEQI-TAIZHONG|HEAVY-ROOT|BIJIE-PARTY|ROOT-STRUCK|ROOT-GAN-PRIORITY|HE-HUASHEN-DESHI|ZHONGGUA-2SIDE|RI-BEI-HE|SHI-ZHU-JI|TIANGAN-XINGQING|YONGSHEN-STRUCTURE
1681,甲寅辛未癸亥戊午,癸,七杀,NONE,,OUT_OF_SEASON,YIN:1透,SHISHANG:1透,GUANSHA:1透,"两端成势未授权, 保留节点不裁, 经典规则未来各自查询",癸戊化火,SHAZHONG-SHENQING|XIEQI-TAIZHONG|ZHONGGUA-2SIDE|RI-BEI-HE|JISHUAI-CONGSHENG|SHIYONG-YUELING-XIANGFU|GE-QING|YUN-SHENG-ROOT|SHI-ZHU-JI|TIANGAN-XINGQING|YONGSHEN-STRUCTURE
1684,甲辰丁卯壬辰辛亥,壬,伤官,HEAVY,year:LIGHT_MU_KU|day:LIGHT_MU_KU|hour:HEAVY_LU,OUT_OF_SEASON,YIN:1透,SHISHANG:1透|CAI:1透,,"两端成势未授权, 保留节点不裁, 经典规则未来各自查询",丁壬化木,REN-CAIGUAN|XIEQI-TAIZHONG|HEAVY-ROOT|ROOT-STRUCK|ROOT-GAN-PRIORITY|HE-HUASHEN-DESHI|SHI-GUI-LU|ZHONGGUA-2SIDE|RI-BEI-HE|CAI-RUO-SHEN-QIANG|YONGSHEN-STRUCTURE
1694,丁卯壬寅癸卯丙辰,癸,伤官,LIGHT,year:SPECIAL_LONGSHENG_YIN|day:SPECIAL_LONGSHENG_YIN|hour:LIGHT_YU_QI,OUT_OF_SEASON,BIJIE:1透|JIECAI:1透,CAI:2透,,"两端成势未授权, 保留节点不裁, 经典规则未来各自查询",丁壬化木,REN-CAIGUAN|SHISHI-BURUO|LIGHT-ROOT|BIJIE-PARTY|ROOT-STRUCK|ROOT-GAN-PRIORITY|HE-HUASHEN-DESHI|SHI-GUI-LU|ZHONGGUA-2SIDE|SHIYONG-YUELING-XIANGFU|SHI-ZHU-JI|TIANGAN-XINGQING|YONGSHEN-STRUCTURE
1697,丁巳癸卯癸卯丙辰,癸,食神,LIGHT,month:SPECIAL_LONGSHENG_YIN|day:SPECIAL_LONGSHENG_YIN|hour:LIGHT_YU_QI,OUT_OF_SEASON,BIJIE:1透,CAI:2透,,"两端成势未授权, 保留节点不裁, 经典规则未来各自查询",,REN-CAIGUAN|SHISHI-BURUO|LIGHT-ROOT|BIJIE-PARTY|ROOT-STRUCK|ROOT-GAN-PRIORITY|SHI-GUI-LU|ZHONGGUA-2SIDE|SHIYONG-YUELING-XIANGFU|SHI-ZHU-JI|TIANGAN-XINGQING|YONGSHEN-STRUCTURE
1700,己未丁丑丙戌戊戌,丙,伤官,LIGHT,year:LIGHT_YU_QI|day:LIGHT_MU_KU|hour:LIGHT_MU_KU,OUT_OF_SEASON,BIJIE:1透|JIECAI:1透,SHISHANG:2透,,"两端成势未授权, 保留节点不裁, 经典规则未来各自查询",,REN-CAIGUAN|SHISHI-BURUO|XIEQI-TAIZHONG|LIGHT-ROOT|BIJIE-PARTY|ROOT-STRUCK|ROOT-GAN-PRIORITY|SHI-GUI-LU|ZHONGGUA-2SIDE|SHIYONG-YUELING-XIANGFU|SHI-ZHU-JI|YONGSHEN-STRUCTURE
1703,己未辛未丙戌戊戌,丙,伤官,LIGHT,year:LIGHT_YU_QI|month:LIGHT_YU_QI|day:LIGHT_MU_KU|hour:LIGHT_MU_KU,OUT_OF_SEASON,,SHISHANG:2透|CAI:1透,,"两端成势未授权, 保留节点不裁, 经典规则未来各自查询",辛丙化水,REN-CAIGUAN|XIEQI-TAIZHONG|LIGHT-ROOT|ROOT-STRUCK|ROOT-GAN-PRIORITY|SHI-GUI-LU|ZHONGGUA-2SIDE|RI-BEI-HE|SHIYONG-YUELING-XIANGFU|GE-QING|SHI-ZHU-JI|YONGSHEN-STRUCTURE
1706,甲午丁丑甲午丙寅,甲,正财,HEAVY,hour:HEAVY_LU,OUT_OF_SEASON,BIJIE:1透,SHISHANG:2透,,"两端成势未授权, 保留节点不裁, 经典规则未来各自查询",,REN-CAIGUAN|SHISHI-BURUO|XIEQI-TAIZHONG|HEAVY-ROOT|BIJIE-PARTY|ROOT-GAN-PRIORITY|SHI-GUI-LU|ZHONGGUA-2SIDE|SHI-ZHU-JI|TIANGAN-XINGQING|YONGSHEN-STRUCTURE
1709,辛丑辛丑戊申壬子,戊,劫财,LIGHT,year:LIGHT_YU_QI|month:LIGHT_YU_QI|day:LIGHT_YU_QI,IN_SEASON,,SHISHANG:2透|CAI:1透,,"两端成势未授权, 保留节点不裁, 经典规则未来各自查询",,REN-CAIGUAN|DESHI-BUWANG|XIEQI-TAIZHONG|LIGHT-ROOT|ROOT-GAN-PRIORITY|ZHONGGUA-2SIDE|SHIYONG-YUELING-XIANGFU|GE-QING|SHI-ZHU-JI|YONGSHEN-STRUCTURE
1712,庚子庚辰戊申辛酉,戊,比肩,LIGHT,month:LIGHT_YU_QI|day:LIGHT_YU_QI,IN_SEASON,,SHISHANG:3透,,"两端成势未授权, 保留节点不裁, 经典规则未来各自查询",,REN-CAIGUAN|DESHI-BUWANG|XIEQI-TAIZHONG|LIGHT-ROOT|ROOT-GAN-PRIORITY|ZHONGGUA-2SIDE|GE-QING|YONGSHEN-STRUCTURE
1715,壬寅辛亥辛亥壬辰,辛,伤官,NONE,,OUT_OF_SEASON,BIJIE:1透,SHISHANG:2透,,"两端成势未授权, 保留节点不裁, 经典规则未来各自查询",,XIEQI-TAIZHONG|ZHONGGUA-2SIDE|JISHUAI-CONGSHENG|YUN-SHENG-ROOT|SHI-ZHU-JI|YONGSHEN-STRUCTURE
1718,壬子辛亥辛卯辛卯,辛,伤官,LIGHT,year:SPECIAL_LONGSHENG_YIN,OUT_OF_SEASON,BIJIE:2透,SHISHANG:1透,,"两端成势未授权, 保留节点不裁, 经典规则未来各自查询",,REN-CAIGUAN|XIEQI-TAIZHONG|LIGHT-ROOT|ROOT-STRUCK|ROOT-GAN-PRIORITY|ZHONGGUA-2SIDE|SHI-ZHU-JI|YONGSHEN-STRUCTURE
1729,壬辰壬子甲寅戊辰,甲,正印,HEAVY,year:LIGHT_YU_QI|day:HEAVY_LU|hour:LIGHT_YU_QI,SUPPORTS,YIN:2透,CAI:1透,,"两端成势未授权, 保留节点不裁, 经典规则未来各自查询",,REN-CAIGUAN|SHISHI-BURUO|HEAVY-ROOT|YIN-PARTY|ROOT-STRUCK|ROOT-GAN-PRIORITY|SHI-GUI-LU|ZHONGGUA-2SIDE|SHIYONG-YUELING-XIANGFU|SHI-ZHU-JI|TIANGAN-XINGQING|YONGSHEN-STRUCTURE
1732,壬戌壬子甲子戊辰,甲,正印,LIGHT,hour:LIGHT_YU_QI,SUPPORTS,YIN:2透,CAI:1透,,"两端成势未授权, 保留节点不裁, 经典规则未来各自查询",,REN-CAIGUAN|SHISHI-BURUO|LIGHT-ROOT|YIN-PARTY|ROOT-STRUCK|ROOT-GAN-PRIORITY|SHI-GUI-LU|ZHONGGUA-2SIDE|SHIYONG-YUELING-XIANGFU|SHI-ZHU-JI|TIANGAN-XINGQING|YONGSHEN-STRUCTURE
1735,己巳戊辰辛酉己亥,辛,正印,HEAVY,day:HEAVY_LU,SUPPORTS,YIN:3透,,,"两端成势未授权, 保留节点不裁, 经典规则未来各自查询",,REN-CAIGUAN|SHISHI-BURUO|HEAVY-ROOT|YIN-PARTY|ROOT-GAN-PRIORITY|ZHONGGUA-2SIDE|SHI-ZHU-JI|YONGSHEN-STRUCTURE
1738,戊午丁巳己卯庚午,己,正印,HEAVY,year:HEAVY_LU|hour:HEAVY_LU,SUPPORTS,BIJIE:1透|JIECAI:1透|YIN:1透,SHISHANG:1透,,"两端成势未授权, 保留节点不裁, 经典规则未来各自查询",,REN-CAIGUAN|SHISHI-BURUO|XIEQI-TAIZHONG|HEAVY-ROOT|YIN-PARTY|BIJIE-PARTY|ROOT-STRUCK|ROOT-GAN-PRIORITY|SHI-GUI-LU|ZHONGGUA-2SIDE|CAI-RUO-SHEN-QIANG|TIANGAN-XINGQING|YONGSHEN-STRUCTURE
1744,甲申丙寅甲申庚午,甲,比肩,HEAVY,month:HEAVY_LU,IN_SEASON,BIJIE:1透,SHISHANG:1透,GUANSHA:1透,"两端成势未授权, 保留节点不裁, 经典规则未来各自查询",,REN-CAIGUAN|DESHI-BUWANG|XIEQI-TAIZHONG|HEAVY-ROOT|BIJIE-PARTY|ROOT-STRUCK|ROOT-GAN-PRIORITY|WANGCHONG-SHUAI|ZHONGGUA-2SIDE|JIWANG-HUAIJI|WANGJI-SIWO-SHENG|SHI-ZHU-JI|TIANGAN-XINGQING|YONGSHEN-STRUCTURE
1747,甲申丙子乙酉丙戌,乙,偏印,NONE,,SUPPORTS,BIJIE:1透|JIECAI:1透,SHISHANG:2透,,"两端成势未授权, 保留节点不裁, 经典规则未来各自查询",,XIEQI-TAIZHONG|TENGLUO-XIJIA|ZHONGGUA-2SIDE|JISHUAI-CONGSHENG|YUN-SHENG-ROOT|SHI-ZHU-JI|TIANGAN-XINGQING|YONGSHEN-STRUCTURE
1750,丙辰乙未壬辰甲辰,壬,正官,LIGHT,year:LIGHT_MU_KU|day:LIGHT_MU_KU|hour:LIGHT_MU_KU,OUT_OF_SEASON,,SHISHANG:2透|CAI:1透,,"两端成势未授权, 保留节点不裁, 经典规则未来各自查询",,REN-CAIGUAN|XIEQI-TAIZHONG|LIGHT-ROOT|ROOT-STRUCK|ROOT-GAN-PRIORITY|SHI-GUI-LU|ZHONGGUA-2SIDE|SHIYONG-YUELING-XIANGFU|SHI-ZHU-JI|YONGSHEN-STRUCTURE
1753,癸卯乙卯己卯辛未,己,七杀,LIGHT,hour:LIGHT_YU_QI,OUT_OF_SEASON,,SHISHANG:1透|CAI:1透,GUANSHA:1透,"两端成势未授权, 保留节点不裁, 经典规则未来各自查询",,REN-CAIGUAN|LIGHT-ROOT|ROOT-GAN-PRIORITY|SHI-GUI-LU|ZHONGGUA-2SIDE|SHIYONG-YUELING-XIANGFU|GE-QING|SHI-ZHU-JI|TIANGAN-XINGQING|YONGSHEN-STRUCTURE
1760,癸卯甲寅丁卯甲辰,丁,正印,NONE,,SUPPORTS,YIN:2透,,GUANSHA:1透,"两端成势未授权, 保留节点不裁, 经典规则未来各自查询",,SHISHI-BURUO|SHAZHONG-SHENQING|YIN-PARTY|ZHONGGUA-2SIDE|JISHUAI-CONGSHENG|SHIYONG-YUELING-XIANGFU|YUN-SHENG-ROOT|SHI-ZHU-JI|TIANGAN-XINGQING|YONGSHEN-STRUCTURE
1763,戊戌丙辰辛丑戊戌,辛,正印,LIGHT,year:LIGHT_YU_QI|day:LIGHT_YU_QI|hour:LIGHT_YU_QI,SUPPORTS,YIN:2透,,GUANSHA:1透,"两端成势未授权, 保留节点不裁, 经典规则未来各自查询",丙辛化水,REN-CAIGUAN|SHISHI-BURUO|LIGHT-ROOT|YIN-PARTY|ROOT-STRUCK|ROOT-GAN-PRIORITY|SHI-GUI-LU|ZHONGGUA-2SIDE|RI-BEI-HE|SHIYONG-YUELING-XIANGFU|SHI-ZHU-JI|YONGSHEN-STRUCTURE
1766,丙戌戊戌辛丑戊戌,辛,正印,LIGHT,year:LIGHT_YU_QI|month:LIGHT_YU_QI|day:LIGHT_YU_QI|hour:LIGHT_YU_QI,SUPPORTS,YIN:2透,,GUANSHA:1透,"两端成势未授权, 保留节点不裁, 经典规则未来各自查询",丙辛化水,REN-CAIGUAN|SHISHI-BURUO|LIGHT-ROOT|YIN-PARTY|ROOT-GAN-PRIORITY|SHI-GUI-LU|ZHONGGUA-2SIDE|RI-BEI-HE|SHIYONG-YUELING-XIANGFU|GE-QING|SHI-ZHU-JI|YONGSHEN-STRUCTURE
1769,壬子壬寅甲子壬申,甲,比肩,HEAVY,month:HEAVY_LU,IN_SEASON,YIN:3透,,,"两端成势未授权, 保留节点不裁, 经典规则未来各自查询",,REN-CAIGUAN|HEAVY-ROOT|YIN-PARTY|ROOT-STRUCK|ROOT-GAN-PRIORITY|WANGCHONG-SHUAI|ZHONGGUA-2SIDE|SHIYONG-YUELING-XIANGFU|SHI-ZHU-JI|TIANGAN-XINGQING|YONGSHEN-STRUCTURE
1775,己亥戊辰甲寅辛未,甲,偏财,HEAVY,year:HEAVY_LONGSHENG|month:LIGHT_YU_QI|day:HEAVY_LU|hour:LIGHT_MU_KU,OUT_OF_SEASON,,CAI:2透,GUANSHA:1透,"两端成势未授权, 保留节点不裁, 经典规则未来各自查询",己甲化土,REN-CAIGUAN|HEAVY-ROOT|ROOT-STRUCK|ROOT-GAN-PRIORITY|HE-HUASHEN-DESHI|SHI-GUI-LU|ZHONGGUA-2SIDE|RI-BEI-HE|SHIYONG-YUELING-XIANGFU|GE-QING|SHI-ZHU-JI|TIANGAN-XINGQING|YONGSHEN-STRUCTURE
1778,己巳戊辰甲子辛未,甲,偏财,LIGHT,month:LIGHT_YU_QI|hour:LIGHT_MU_KU,OUT_OF_SEASON,,CAI:2透,GUANSHA:1透,"两端成势未授权, 保留节点不裁, 经典规则未来各自查询",己甲化土,REN-CAIGUAN|LIGHT-ROOT|ROOT-STRUCK|ROOT-GAN-PRIORITY|HE-HUASHEN-DESHI|SHI-GUI-LU|ZHONGGUA-2SIDE|RI-BEI-HE|SHIYONG-YUELING-XIANGFU|SHI-ZHU-JI|TIANGAN-XINGQING|YONGSHEN-STRUCTURE
1781,乙亥辛巳丁巳庚戌,丁,劫财,LIGHT,hour:LIGHT_YU_QI,IN_SEASON,YIN:1透,CAI:2透,,"两端成势未授权, 保留节点不裁, 经典规则未来各自查询",乙庚化金,REN-CAIGUAN|DESHI-BUWANG|LIGHT-ROOT|YIN-PARTY|ROOT-GAN-PRIORITY|WANGCHONG-SHUAI|SHI-GUI-LU|ZHONGGUA-2SIDE|SHIYONG-YUELING-XIANGFU|SHI-ZHU-JI|TIANGAN-XINGQING|YONGSHEN-STRUCTURE
1784,癸亥甲子戊戌癸丑,戊,正财,LIGHT,day:LIGHT_MU_KU|hour:LIGHT_YU_QI,OUT_OF_SEASON,,CAI:2透,GUANSHA:1透,"两端成势未授权, 保留节点不裁, 经典规则未来各自查询",癸戊化火|戊癸化火,REN-CAIGUAN|LIGHT-ROOT|ROOT-GAN-PRIORITY|SHI-GUI-LU|ZHONGGUA-2SIDE|RI-BEI-HE|SHIYONG-YUELING-XIANGFU|GE-QING|SHI-ZHU-JI|YONGSHEN-STRUCTURE
1787,癸亥癸亥戊午甲寅,戊,偏财,HEAVY,day:HEAVY_WANG|hour:HEAVY_LONGSHENG,OUT_OF_SEASON,,CAI:2透,GUANSHA:1透,"两端成势未授权, 保留节点不裁, 经典规则未来各自查询",癸戊化火|癸戊化火,REN-CAIGUAN|HEAVY-ROOT|ROOT-STRUCK|ROOT-GAN-PRIORITY|SHI-GUI-LU|ZHONGGUA-2SIDE|RI-BEI-HE|SHIYONG-YUELING-XIANGFU|SHI-ZHU-JI|YONGSHEN-STRUCTURE
1799,癸酉乙卯丁未辛亥,丁,偏印,LIGHT,year:SPECIAL_LONGSHENG_YIN|day:LIGHT_YU_QI,SUPPORTS,YIN:1透,CAI:1透,GUANSHA:1透,"两端成势未授权, 保留节点不裁, 经典规则未来各自查询",,REN-CAIGUAN|SHISHI-BURUO|LIGHT-ROOT|YIN-PARTY|ROOT-STRUCK|ROOT-GAN-PRIORITY|WANGCHONG-SHUAI|ZHONGGUA-2SIDE|SHI-ZHU-JI|TIANGAN-XINGQING|YONGSHEN-STRUCTURE
1802,癸酉辛酉乙卯己卯,乙,七杀,HEAVY,day:HEAVY_LU|hour:HEAVY_LU,OUT_OF_SEASON,YIN:1透,CAI:1透,GUANSHA:1透,"两端成势未授权, 保留节点不裁, 经典规则未来各自查询",,REN-CAIGUAN|HEAVY-ROOT|ROOT-STRUCK|ROOT-GAN-PRIORITY|WANGCHONG-SHUAI|SHI-GUI-LU|ZHONGGUA-2SIDE|CAI-RUO-SHEN-QIANG|TIANGAN-XINGQING|YONGSHEN-STRUCTURE
1805,壬申壬寅壬午甲辰,壬,食神,HEAVY,year:HEAVY_LONGSHENG|hour:LIGHT_MU_KU,OUT_OF_SEASON,BIJIE:2透,SHISHANG:1透,,"两端成势未授权, 保留节点不裁, 经典规则未来各自查询",,REN-CAIGUAN|SHISHI-BURUO|XIEQI-TAIZHONG|HEAVY-ROOT|BIJIE-PARTY|ROOT-STRUCK|ROOT-GAN-PRIORITY|WANGCHONG-SHUAI|SHI-GUI-LU|ZHONGGUA-2SIDE|SHIYONG-YUELING-XIANGFU|SHI-ZHU-JI|YONGSHEN-STRUCTURE
1808,壬申壬寅壬申辛丑,壬,食神,HEAVY,year:HEAVY_LONGSHENG|day:HEAVY_LONGSHENG|hour:LIGHT_YU_QI,OUT_OF_SEASON,BIJIE:2透|YIN:1透,,,"两端成势未授权, 保留节点不裁, 经典规则未来各自查询",,REN-CAIGUAN|SHISHI-BURUO|HEAVY-ROOT|YIN-PARTY|BIJIE-PARTY|ROOT-STRUCK|ROOT-GAN-PRIORITY|WANGCHONG-SHUAI|SHI-GUI-LU|ZHONGGUA-2SIDE|SHI-ZHU-JI|YONGSHEN-STRUCTURE
1811,乙亥辛巳戊申甲寅,戊,偏印,HEAVY,month:HEAVY_LU|day:LIGHT_YU_QI|hour:HEAVY_LONGSHENG,SUPPORTS,,SHISHANG:1透,GUANSHA:2透,"两端成势未授权, 保留节点不裁, 经典规则未来各自查询",,REN-CAIGUAN|XIEQI-TAIZHONG|HEAVY-ROOT|ROOT-STRUCK|ROOT-GAN-PRIORITY|WANGCHONG-SHUAI|SHI-GUI-LU|ZHONGGUA-2SIDE|SHIYONG-YUELING-XIANGFU|SHI-ZHU-JI|YONGSHEN-STRUCTURE
1814,乙亥辛巳甲子庚午,甲,食神,HEAVY,year:HEAVY_LONGSHENG,OUT_OF_SEASON,BIJIE:1透|JIECAI:1透,,GUANSHA:2透,"两端成势未授权, 保留节点不裁, 经典规则未来各自查询",乙庚化金,REN-CAIGUAN|SHISHI-BURUO|HEAVY-ROOT|BIJIE-PARTY|ROOT-STRUCK|ROOT-GAN-PRIORITY|WANGCHONG-SHUAI|ZHONGGUA-2SIDE|SHI-ZHU-JI|TIANGAN-XINGQING|YONGSHEN-STRUCTURE
1824,辛亥庚寅丙子乙未,丙,偏印,HEAVY,month:HEAVY_LONGSHENG|hour:LIGHT_YU_QI,SUPPORTS,YIN:1透,CAI:2透,,"两端成势未授权, 保留节点不裁, 经典规则未来各自查询",辛丙化水|庚乙化金,REN-CAIGUAN|SHISHI-BURUO|HEAVY-ROOT|YIN-PARTY|ROOT-STRUCK|ROOT-GAN-PRIORITY|SHI-GUI-LU|ZHONGGUA-2SIDE|RI-BEI-HE|CAI-RUO-SHEN-QIANG|YONGSHEN-STRUCTURE
1827,戊子庚申壬寅辛丑,壬,偏印,HEAVY,year:HEAVY_WANG|month:HEAVY_LONGSHENG|hour:LIGHT_YU_QI,SUPPORTS,YIN:2透,,GUANSHA:1透,"两端成势未授权, 保留节点不裁, 经典规则未来各自查询",,REN-CAIGUAN|SHISHI-BURUO|HEAVY-ROOT|YIN-PARTY|ROOT-STRUCK|ROOT-GAN-PRIORITY|WANGCHONG-SHUAI|SHI-GUI-LU|ZHONGGUA-2SIDE|SHI-ZHU-JI|YONGSHEN-STRUCTURE
1830,丁亥壬寅丙午丁酉,丙,偏印,HEAVY,month:HEAVY_LONGSHENG|day:HEAVY_WANG,SUPPORTS,BIJIE:2透|JIECAI:2透,,GUANSHA:1透,"两端成势未授权, 保留节点不裁, 经典规则未来各自查询",丁壬化木|壬丁化木,REN-CAIGUAN|SHISHI-BURUO|HEAVY-ROOT|BIJIE-PARTY|ROOT-STRUCK|ROOT-GAN-PRIORITY|HE-HUASHEN-DESHI|ZHONGGUA-2SIDE|GE-QING|SHI-ZHU-JI|YONGSHEN-STRUCTURE
1833,己亥甲戌戊寅丙辰,戊,比肩,HEAVY,month:LIGHT_MU_KU|day:HEAVY_LONGSHENG|hour:LIGHT_YU_QI,IN_SEASON,BIJIE:1透|JIECAI:1透|YIN:1透,,GUANSHA:1透,"两端成势未授权, 保留节点不裁, 经典规则未来各自查询",己甲化土,REN-CAIGUAN|DESHI-BUWANG|HEAVY-ROOT|YIN-PARTY|BIJIE-PARTY|ROOT-STRUCK|ROOT-GAN-PRIORITY|HE-HUASHEN-DESHI|SHI-GUI-LU|ZHONGGUA-2SIDE|JIWANG-HUAIJI|SHIYONG-YUELING-XIANGFU|SHI-ZHU-JI|YONGSHEN-STRUCTURE
1836,丁未壬寅甲子丙寅,甲,比肩,HEAVY,year:LIGHT_MU_KU|month:HEAVY_LU|hour:HEAVY_LU,IN_SEASON,YIN:1透,SHISHANG:2透,,"两端成势未授权, 保留节点不裁, 经典规则未来各自查询",丁壬化木,REN-CAIGUAN|DESHI-BUWANG|XIEQI-TAIZHONG|HEAVY-ROOT|YIN-PARTY|ROOT-STRUCK|ROOT-GAN-PRIORITY|HE-HUASHEN-DESHI|SHI-GUI-LU|ZHONGGUA-2SIDE|SHIYONG-YUELING-XIANGFU|WANGJI-SIWO-SHENG|SHI-ZHU-JI|TIANGAN-XINGQING|YONGSHEN-STRUCTURE
1839,丁亥壬寅甲戌甲子,甲,比肩,HEAVY,year:HEAVY_LONGSHENG|month:HEAVY_LU,IN_SEASON,BIJIE:1透|YIN:1透,SHISHANG:1透,,"两端成势未授权, 保留节点不裁, 经典规则未来各自查询",丁壬化木,REN-CAIGUAN|DESHI-BUWANG|XIEQI-TAIZHONG|HEAVY-ROOT|YIN-PARTY|BIJIE-PARTY|ROOT-STRUCK|ROOT-GAN-PRIORITY|HE-HUASHEN-DESHI|ZHONGGUA-2SIDE|JIWANG-HUAIJI|GE-QING|WANGJI-SIWO-SHENG|TIANGAN-XINGQING|YONGSHEN-STRUCTURE
1842,丁亥壬寅甲戌甲子,甲,比肩,HEAVY,year:HEAVY_LONGSHENG|month:HEAVY_LU,IN_SEASON,BIJIE:1透|YIN:1透,SHISHANG:1透,,"两端成势未授权, 保留节点不裁, 经典规则未来各自查询",丁壬化木,REN-CAIGUAN|DESHI-BUWANG|XIEQI-TAIZHONG|HEAVY-ROOT|YIN-PARTY|BIJIE-PARTY|ROOT-STRUCK|ROOT-GAN-PRIORITY|HE-HUASHEN-DESHI|ZHONGGUA-2SIDE|JIWANG-HUAIJI|GE-QING|WANGJI-SIWO-SHENG|TIANGAN-XINGQING|YONGSHEN-STRUCTURE
1852,甲戌丙寅甲戌乙亥,甲,比肩,HEAVY,month:HEAVY_LU|hour:HEAVY_LONGSHENG,IN_SEASON,BIJIE:2透|JIECAI:1透,SHISHANG:1透,,"两端成势未授权, 保留节点不裁, 经典规则未来各自查询",,REN-CAIGUAN|DESHI-BUWANG|XIEQI-TAIZHONG|HEAVY-ROOT|BIJIE-PARTY|ROOT-STRUCK|ROOT-GAN-PRIORITY|SHI-GUI-LU|ZHONGGUA-2SIDE|JIWANG-HUAIJI|SHIYONG-YUELING-XIANGFU|GE-QING|WANGJI-SIWO-SHENG|TIANGAN-XINGQING|YONGSHEN-STRUCTURE
1855,甲子甲戌甲寅乙亥,甲,偏财,HEAVY,day:HEAVY_LU|hour:HEAVY_LONGSHENG,OUT_OF_SEASON,BIJIE:3透|JIECAI:1透,,,"两端成势未授权, 保留节点不裁, 经典规则未来各自查询",,REN-CAIGUAN|SHISHI-BURUO|HEAVY-ROOT|BIJIE-PARTY|ROOT-STRUCK|ROOT-GAN-PRIORITY|SHI-GUI-LU|ZHONGGUA-2SIDE|GE-QING|TIANGAN-XINGQING|YONGSHEN-STRUCTURE
1865,戊寅甲寅甲寅庚午,甲,比肩,HEAVY,year:HEAVY_LU|month:HEAVY_LU|day:HEAVY_LU,IN_SEASON,BIJIE:1透,CAI:1透,GUANSHA:1透,"两端成势未授权, 保留节点不裁, 经典规则未来各自查询",,REN-CAIGUAN|DESHI-BUWANG|HEAVY-ROOT|BIJIE-PARTY|ROOT-GAN-PRIORITY|ZHONGGUA-2SIDE|JIWANG-HUAIJI|GE-QING|SHI-ZHU-JI|TIANGAN-XINGQING|YONGSHEN-STRUCTURE
1868,癸卯乙卯甲寅辛未,甲,劫财,HEAVY,year:HEAVY_WANG|month:HEAVY_WANG|day:HEAVY_LU|hour:LIGHT_MU_KU,IN_SEASON,BIJIE:1透|JIECAI:1透|YIN:1透,,GUANSHA:1透,"两端成势未授权, 保留节点不裁, 经典规则未来各自查询",,REN-CAIGUAN|HEAVY-ROOT|BIJIE-PARTY|ROOT-GAN-PRIORITY|SHI-GUI-LU|ZHONGGUA-2SIDE|JIWANG-HUAIJI|SHIYONG-YUELING-XIANGFU|GE-QING|SHI-ZHU-JI|TIANGAN-XINGQING|YONGSHEN-STRUCTURE
1871,戊午戊午戊午甲寅,戊,正印,HEAVY,year:HEAVY_WANG|month:HEAVY_WANG|day:HEAVY_WANG|hour:HEAVY_LONGSHENG,SUPPORTS,BIJIE:2透,,GUANSHA:1透,"两端成势未授权, 保留节点不裁, 经典规则未来各自查询",,REN-CAIGUAN|SHISHI-BURUO|HEAVY-ROOT|BIJIE-PARTY|ROOT-STRUCK|ROOT-GAN-PRIORITY|SHI-GUI-LU|ZHONGGUA-2SIDE|CAI-RUO-SHEN-QIANG|SHI-ZHU-JI|YONGSHEN-STRUCTURE
1874,甲寅丙子己酉己巳,己,偏财,LIGHT,day:SPECIAL_LONGSHENG_YIN,OUT_OF_SEASON,BIJIE:1透|YIN:1透,,GUANSHA:1透,"两端成势未授权, 保留节点不裁, 经典规则未来各自查询",甲己化土|甲己化土,REN-CAIGUAN|SHISHI-BURUO|LIGHT-ROOT|YIN-PARTY|BIJIE-PARTY|ROOT-STRUCK|ROOT-GAN-PRIORITY|ZHONGGUA-2SIDE|RI-BEI-HE|TIANGAN-XINGQING|YONGSHEN-STRUCTURE
1884,戊午甲寅乙卯己卯,乙,劫财,HEAVY,year:SPECIAL_LONGSHENG_YIN|day:HEAVY_LU|hour:HEAVY_LU,IN_SEASON,BIJIE:1透|JIECAI:1透,CAI:2透,,"两端成势未授权, 保留节点不裁, 经典规则未来各自查询",甲己化土,REN-CAIGUAN|DESHI-BUWANG|HEAVY-ROOT|TENGLUO-XIJIA|BIJIE-PARTY|ROOT-STRUCK|ROOT-GAN-PRIORITY|SHI-GUI-LU|ZHONGGUA-2SIDE|JIWANG-HUAIJI|GE-QING|TIANGAN-XINGQING|YONGSHEN-STRUCTURE
1887,癸卯丙辰甲寅乙亥,甲,偏财,HEAVY,year:HEAVY_WANG|month:LIGHT_YU_QI|day:HEAVY_LU|hour:HEAVY_LONGSHENG,OUT_OF_SEASON,BIJIE:1透|JIECAI:1透|YIN:1透,SHISHANG:1透,,"两端成势未授权, 保留节点不裁, 经典规则未来各自查询",,REN-CAIGUAN|SHISHI-BURUO|XIEQI-TAIZHONG|HEAVY-ROOT|YIN-PARTY|BIJIE-PARTY|ROOT-STRUCK|ROOT-GAN-PRIORITY|SHI-GUI-LU|ZHONGGUA-2SIDE|TIANGAN-XINGQING|YONGSHEN-STRUCTURE
1897,癸亥乙卯甲寅乙亥,甲,劫财,HEAVY,year:HEAVY_LONGSHENG|month:HEAVY_WANG|day:HEAVY_LU|hour:HEAVY_LONGSHENG,IN_SEASON,BIJIE:2透|JIECAI:2透|YIN:1透,,,"两端成势未授权, 保留节点不裁, 经典规则未来各自查询",,REN-CAIGUAN|HEAVY-ROOT|YIN-PARTY|BIJIE-PARTY|ROOT-STRUCK|ROOT-GAN-PRIORITY|SHI-GUI-LU|ZHONGGUA-2SIDE|JIWANG-HUAIJI|TIANGAN-XINGQING|YONGSHEN-STRUCTURE
1900,乙亥己卯甲寅甲子,甲,劫财,HEAVY,year:HEAVY_LONGSHENG|month:HEAVY_WANG|day:HEAVY_LU,IN_SEASON,BIJIE:2透|JIECAI:1透,CAI:1透,,"两端成势未授权, 保留节点不裁, 经典规则未来各自查询",己甲化土|己甲化土,REN-CAIGUAN|DESHI-BUWANG|HEAVY-ROOT|BIJIE-PARTY|ROOT-STRUCK|ROOT-GAN-PRIORITY|ZHONGGUA-2SIDE|RI-BEI-HE|JIWANG-HUAIJI|TIANGAN-XINGQING|YONGSHEN-STRUCTURE
1910,己丑丙寅甲子戊辰,甲,比肩,HEAVY,month:HEAVY_LU|hour:LIGHT_YU_QI,IN_SEASON,,SHISHANG:1透|CAI:2透,,"两端成势未授权, 保留节点不裁, 经典规则未来各自查询",己甲化土,REN-CAIGUAN|DESHI-BUWANG|XIEQI-TAIZHONG|HEAVY-ROOT|ROOT-STRUCK|ROOT-GAN-PRIORITY|SHI-GUI-LU|ZHONGGUA-2SIDE|RI-BEI-HE|SHIYONG-YUELING-XIANGFU|GE-QING|WANGJI-SIWO-SHENG|SHI-ZHU-JI|TIANGAN-XINGQING|YONGSHEN-STRUCTURE
1913,己酉丁卯己卯乙丑,己,七杀,LIGHT,year:SPECIAL_LONGSHENG_YIN|hour:LIGHT_MU_KU,OUT_OF_SEASON,BIJIE:1透|YIN:1透,,GUANSHA:1透,"两端成势未授权, 保留节点不裁, 经典规则未来各自查询",,REN-CAIGUAN|SHISHI-BURUO|LIGHT-ROOT|BIJIE-PARTY|ROOT-STRUCK|ROOT-GAN-PRIORITY|WANGCHONG-SHUAI|SHI-GUI-LU|ZHONGGUA-2SIDE|SHI-ZHU-JI|TIANGAN-XINGQING|YONGSHEN-STRUCTURE
1916,丙戌乙未丙子甲午,丙,伤官,HEAVY,year:LIGHT_MU_KU|month:LIGHT_YU_QI|hour:HEAVY_WANG,OUT_OF_SEASON,BIJIE:1透|YIN:2透,,,"两端成势未授权, 保留节点不裁, 经典规则未来各自查询",,REN-CAIGUAN|SHISHI-BURUO|HEAVY-ROOT|YIN-PARTY|BIJIE-PARTY|ROOT-STRUCK|ROOT-GAN-PRIORITY|SHI-GUI-LU|ZHONGGUA-2SIDE|SHIYONG-YUELING-XIANGFU|YONGSHEN-STRUCTURE
1923,丙戌甲午丙午己丑,丙,劫财,HEAVY,year:LIGHT_MU_KU|month:HEAVY_WANG|day:HEAVY_WANG,IN_SEASON,BIJIE:1透|YIN:1透,SHISHANG:1透,,"两端成势未授权, 保留节点不裁, 经典规则未来各自查询",甲己化土,REN-CAIGUAN|DESHI-BUWANG|XIEQI-TAIZHONG|HEAVY-ROOT|BIJIE-PARTY|ROOT-STRUCK|ROOT-GAN-PRIORITY|ZHONGGUA-2SIDE|JIWANG-HUAIJI|SHIYONG-YUELING-XIANGFU|WANGJI-SIWO-SHENG|SHI-ZHU-JI|YONGSHEN-STRUCTURE
1926,辛巳甲午丙子甲午,丙,劫财,HEAVY,year:HEAVY_LU|month:HEAVY_WANG|hour:HEAVY_WANG,IN_SEASON,YIN:2透,CAI:1透,,"两端成势未授权, 保留节点不裁, 经典规则未来各自查询",辛丙化水,REN-CAIGUAN|DESHI-BUWANG|HEAVY-ROOT|ROOT-STRUCK|ROOT-GAN-PRIORITY|WANGCHONG-SHUAI|SHI-GUI-LU|ZHONGGUA-2SIDE|RI-BEI-HE|SHIYONG-YUELING-XIANGFU|YONGSHEN-STRUCTURE
1933,癸亥甲子壬申庚子,壬,劫财,HEAVY,year:HEAVY_LU|month:HEAVY_WANG|day:HEAVY_LONGSHENG|hour:HEAVY_WANG,IN_SEASON,BIJIE:1透|JIECAI:1透|YIN:1透,SHISHANG:1透,,"两端成势未授权, 保留节点不裁, 经典规则未来各自查询",,REN-CAIGUAN|DESHI-BUWANG|XIEQI-TAIZHONG|HEAVY-ROOT|YIN-PARTY|BIJIE-PARTY|ROOT-STRUCK|ROOT-GAN-PRIORITY|SHI-GUI-LU|ZHONGGUA-2SIDE|JIWANG-HUAIJI|SHIYONG-YUELING-XIANGFU|CAI-RUO-SHEN-QIANG|WANGJI-SIWO-SHENG|YONGSHEN-STRUCTURE
1936,壬寅壬子壬辰壬寅,壬,劫财,HEAVY,month:HEAVY_WANG|day:LIGHT_MU_KU,IN_SEASON,BIJIE:3透,,,"两端成势未授权, 保留节点不裁, 经典规则未来各自查询",,REN-CAIGUAN|HEAVY-ROOT|BIJIE-PARTY|ROOT-GAN-PRIORITY|ZHONGGUA-2SIDE|JIWANG-HUAIJI|GE-QING|SHI-ZHU-JI|YONGSHEN-STRUCTURE
1939,癸未癸亥壬子戊申,壬,比肩,HEAVY,month:HEAVY_LU|day:HEAVY_WANG|hour:HEAVY_LONGSHENG,IN_SEASON,BIJIE:2透|JIECAI:2透,,GUANSHA:1透,"两端成势未授权, 保留节点不裁, 经典规则未来各自查询",癸戊化火|癸戊化火,REN-CAIGUAN|DESHI-BUWANG|HEAVY-ROOT|BIJIE-PARTY|ROOT-STRUCK|ROOT-GAN-PRIORITY|SHI-GUI-LU|ZHONGGUA-2SIDE|JIWANG-HUAIJI|SHIYONG-YUELING-XIANGFU|SHI-ZHU-JI|YONGSHEN-STRUCTURE
1946,庚辰壬午甲午丙寅,甲,伤官,HEAVY,year:LIGHT_YU_QI|hour:HEAVY_LU,OUT_OF_SEASON,YIN:1透,SHISHANG:1透,GUANSHA:1透,"两端成势未授权, 保留节点不裁, 经典规则未来各自查询",,REN-CAIGUAN|SHISHI-BURUO|XIEQI-TAIZHONG|HEAVY-ROOT|YIN-PARTY|ROOT-GAN-PRIORITY|SHI-GUI-LU|ZHONGGUA-2SIDE|SHI-ZHU-JI|TIANGAN-XINGQING|YONGSHEN-STRUCTURE
1949,丙戌甲午甲申丙寅,甲,伤官,HEAVY,hour:HEAVY_LU,OUT_OF_SEASON,BIJIE:1透,SHISHANG:2透,,"两端成势未授权, 保留节点不裁, 经典规则未来各自查询",,REN-CAIGUAN|SHISHI-BURUO|XIEQI-TAIZHONG|HEAVY-ROOT|BIJIE-PARTY|ROOT-STRUCK|ROOT-GAN-PRIORITY|SHI-GUI-LU|ZHONGGUA-2SIDE|SHI-ZHU-JI|TIANGAN-XINGQING|YONGSHEN-STRUCTURE
1956,甲申癸酉庚子乙酉,庚,劫财,HEAVY,year:HEAVY_LU|month:HEAVY_WANG|hour:HEAVY_WANG,IN_SEASON,,SHISHANG:1透|CAI:2透,,"两端成势未授权, 保留节点不裁, 经典规则未来各自查询",庚乙化金,REN-CAIGUAN|DESHI-BUWANG|XIEQI-TAIZHONG|HEAVY-ROOT|ROOT-STRUCK|ROOT-GAN-PRIORITY|HE-HUASHEN-DESHI|SHI-GUI-LU|ZHONGGUA-2SIDE|RI-BEI-HE|SHIYONG-YUELING-XIANGFU|CAI-RUO-SHEN-QIANG|WANGJI-SIWO-SHENG|YONGSHEN-STRUCTURE
1959,壬申壬子庚辰丙子,庚,伤官,HEAVY,year:HEAVY_LU,OUT_OF_SEASON,,SHISHANG:2透,GUANSHA:1透,"两端成势未授权, 保留节点不裁, 经典规则未来各自查询",,REN-CAIGUAN|XIEQI-TAIZHONG|HEAVY-ROOT|ROOT-GAN-PRIORITY|ZHONGGUA-2SIDE|SHIYONG-YUELING-XIANGFU|GE-QING|YONGSHEN-STRUCTURE
1966,癸亥庚申壬申甲辰,壬,偏印,HEAVY,year:HEAVY_LU|month:HEAVY_LONGSHENG|day:HEAVY_LONGSHENG|hour:LIGHT_MU_KU,SUPPORTS,BIJIE:1透|JIECAI:1透|YIN:1透,SHISHANG:1透,,"两端成势未授权, 保留节点不裁, 经典规则未来各自查询",,REN-CAIGUAN|SHISHI-BURUO|XIEQI-TAIZHONG|HEAVY-ROOT|YIN-PARTY|BIJIE-PARTY|ROOT-STRUCK|ROOT-GAN-PRIORITY|SHI-GUI-LU|ZHONGGUA-2SIDE|SHIYONG-YUELING-XIANGFU|CAI-RUO-SHEN-QIANG|SHI-ZHU-JI|YONGSHEN-STRUCTURE
1969,癸亥庚申壬子丙午,壬,偏印,HEAVY,year:HEAVY_LU|month:HEAVY_LONGSHENG|day:HEAVY_WANG,SUPPORTS,BIJIE:1透|JIECAI:1透|YIN:1透,CAI:1透,,"两端成势未授权, 保留节点不裁, 经典规则未来各自查询",,REN-CAIGUAN|SHISHI-BURUO|HEAVY-ROOT|YIN-PARTY|BIJIE-PARTY|ROOT-STRUCK|ROOT-GAN-PRIORITY|WANGCHONG-SHUAI|ZHONGGUA-2SIDE|SHI-ZHU-JI|YONGSHEN-STRUCTURE
1976,丙寅甲午丙午己丑,丙,劫财,HEAVY,year:HEAVY_LONGSHENG|month:HEAVY_WANG|day:HEAVY_WANG,IN_SEASON,BIJIE:1透|YIN:1透,SHISHANG:1透,,"两端成势未授权, 保留节点不裁, 经典规则未来各自查询",甲己化土,REN-CAIGUAN|DESHI-BUWANG|XIEQI-TAIZHONG|HEAVY-ROOT|YIN-PARTY|BIJIE-PARTY|ROOT-STRUCK|ROOT-GAN-PRIORITY|ZHONGGUA-2SIDE|JIWANG-HUAIJI|SHIYONG-YUELING-XIANGFU|WANGJI-SIWO-SHENG|SHI-ZHU-JI|YONGSHEN-STRUCTURE
1979,丁卯丙午丙午庚寅,丙,劫财,HEAVY,month:HEAVY_WANG|day:HEAVY_WANG|hour:HEAVY_LONGSHENG,IN_SEASON,BIJIE:2透|JIECAI:1透,CAI:1透,,"两端成势未授权, 保留节点不裁, 经典规则未来各自查询",,REN-CAIGUAN|HEAVY-ROOT|BIJIE-PARTY|ROOT-STRUCK|ROOT-GAN-PRIORITY|SHI-GUI-LU|ZHONGGUA-2SIDE|JIWANG-HUAIJI|CAI-RUO-SHEN-QIANG|YONGSHEN-STRUCTURE
1986,己亥丙寅甲寅壬申,甲,比肩,HEAVY,year:HEAVY_LONGSHENG|month:HEAVY_LU|day:HEAVY_LU,IN_SEASON,YIN:1透,SHISHANG:1透|CAI:1透,,"两端成势未授权, 保留节点不裁, 经典规则未来各自查询",己甲化土,REN-CAIGUAN|DESHI-BUWANG|XIEQI-TAIZHONG|HEAVY-ROOT|YIN-PARTY|ROOT-STRUCK|ROOT-GAN-PRIORITY|WANGCHONG-SHUAI|ZHONGGUA-2SIDE|RI-BEI-HE|SHIYONG-YUELING-XIANGFU|WANGJI-SIWO-SHENG|SHI-ZHU-JI|TIANGAN-XINGQING|YONGSHEN-STRUCTURE
1989,庚寅戊寅甲午壬申,甲,比肩,HEAVY,year:HEAVY_LU|month:HEAVY_LU,IN_SEASON,YIN:1透,CAI:1透,GUANSHA:1透,"两端成势未授权, 保留节点不裁, 经典规则未来各自查询",,REN-CAIGUAN|DESHI-BUWANG|HEAVY-ROOT|YIN-PARTY|ROOT-STRUCK|ROOT-GAN-PRIORITY|WANGCHONG-SHUAI|ZHONGGUA-2SIDE|SHIYONG-YUELING-XIANGFU|SHI-ZHU-JI|TIANGAN-XINGQING|YONGSHEN-STRUCTURE
1996,壬子辛亥甲寅甲子,甲,偏印,HEAVY,month:HEAVY_LONGSHENG|day:HEAVY_LU,SUPPORTS,BIJIE:1透|YIN:1透,,GUANSHA:1透,"两端成势未授权, 保留节点不裁, 经典规则未来各自查询",,REN-CAIGUAN|SHISHI-BURUO|HEAVY-ROOT|YIN-PARTY|BIJIE-PARTY|ROOT-STRUCK|ROOT-GAN-PRIORITY|ZHONGGUA-2SIDE|GE-QING|TIANGAN-XINGQING|YONGSHEN-STRUCTURE
1999,壬寅辛亥甲寅己巳,甲,偏印,HEAVY,year:HEAVY_LU|month:HEAVY_LONGSHENG|day:HEAVY_LU,SUPPORTS,YIN:1透,CAI:1透,GUANSHA:1透,"两端成势未授权, 保留节点不裁, 经典规则未来各自查询",甲己化土,REN-CAIGUAN|SHISHI-BURUO|HEAVY-ROOT|YIN-PARTY|ROOT-STRUCK|ROOT-GAN-PRIORITY|WANGCHONG-SHUAI|ZHONGGUA-2SIDE|RI-BEI-HE|SHI-ZHU-JI|TIANGAN-XINGQING|YONGSHEN-STRUCTURE
2002,戊戌丁巳甲寅己巳,甲,食神,HEAVY,day:HEAVY_LU,OUT_OF_SEASON,,SHISHANG:1透|CAI:2透,,"两端成势未授权, 保留节点不裁, 经典规则未来各自查询",甲己化土,REN-CAIGUAN|XIEQI-TAIZHONG|HEAVY-ROOT|ROOT-STRUCK|ROOT-GAN-PRIORITY|ZHONGGUA-2SIDE|RI-BEI-HE|SHIYONG-YUELING-XIANGFU|SHI-ZHU-JI|TIANGAN-XINGQING|YONGSHEN-STRUCTURE
2009,乙丑丙戌丙午庚寅,丙,食神,HEAVY,month:LIGHT_MU_KU|day:HEAVY_WANG|hour:HEAVY_LONGSHENG,OUT_OF_SEASON,BIJIE:1透|YIN:1透,CAI:1透,,"两端成势未授权, 保留节点不裁, 经典规则未来各自查询",乙庚化金,REN-CAIGUAN|SHISHI-BURUO|HEAVY-ROOT|YIN-PARTY|BIJIE-PARTY|ROOT-STRUCK|ROOT-GAN-PRIORITY|SHI-GUI-LU|ZHONGGUA-2SIDE|SHIYONG-YUELING-XIANGFU|YONGSHEN-STRUCTURE
2012,壬戌丙午丙寅己丑,丙,劫财,HEAVY,year:LIGHT_MU_KU|month:HEAVY_WANG|day:HEAVY_LONGSHENG,IN_SEASON,BIJIE:1透,SHISHANG:1透,GUANSHA:1透,"两端成势未授权, 保留节点不裁, 经典规则未来各自查询",,REN-CAIGUAN|DESHI-BUWANG|XIEQI-TAIZHONG|HEAVY-ROOT|BIJIE-PARTY|ROOT-STRUCK|ROOT-GAN-PRIORITY|ZHONGGUA-2SIDE|JIWANG-HUAIJI|SHIYONG-YUELING-XIANGFU|WANGJI-SIWO-SHENG|SHI-ZHU-JI|YONGSHEN-STRUCTURE
2019,癸亥辛酉癸丑壬戌,癸,偏印,LIGHT,day:LIGHT_YU_QI,SUPPORTS,BIJIE:2透|JIECAI:1透|YIN:1透,,,"两端成势未授权, 保留节点不裁, 经典规则未来各自查询",,REN-CAIGUAN|SHISHI-BURUO|LIGHT-ROOT|YIN-PARTY|BIJIE-PARTY|ROOT-GAN-PRIORITY|ZHONGGUA-2SIDE|SHIYONG-YUELING-XIANGFU|SHI-ZHU-JI|TIANGAN-XINGQING|YONGSHEN-STRUCTURE
2022,丁丑辛亥癸亥癸亥,癸,劫财,LIGHT,year:LIGHT_YU_QI,IN_SEASON,BIJIE:1透|YIN:1透,CAI:1透,,"两端成势未授权, 保留节点不裁, 经典规则未来各自查询",,REN-CAIGUAN|LIGHT-ROOT|YIN-PARTY|BIJIE-PARTY|ROOT-GAN-PRIORITY|ZHONGGUA-2SIDE|SHIYONG-YUELING-XIANGFU|TIANGAN-XINGQING|YONGSHEN-STRUCTURE
2025,辛丑己亥辛酉癸巳,辛,伤官,HEAVY,year:LIGHT_YU_QI|day:HEAVY_LU,OUT_OF_SEASON,BIJIE:1透|YIN:1透,SHISHANG:1透,,"两端成势未授权, 保留节点不裁, 经典规则未来各自查询",,REN-CAIGUAN|SHISHI-BURUO|XIEQI-TAIZHONG|HEAVY-ROOT|YIN-PARTY|BIJIE-PARTY|ROOT-GAN-PRIORITY|WANGCHONG-SHUAI|ZHONGGUA-2SIDE|SHI-ZHU-JI|YONGSHEN-STRUCTURE
2032,丙寅甲午丙申壬辰,丙,劫财,HEAVY,year:HEAVY_LONGSHENG|month:HEAVY_WANG,IN_SEASON,BIJIE:1透|YIN:1透,,GUANSHA:1透,"两端成势未授权, 保留节点不裁, 经典规则未来各自查询",,REN-CAIGUAN|DESHI-BUWANG|HEAVY-ROOT|YIN-PARTY|BIJIE-PARTY|ROOT-STRUCK|ROOT-GAN-PRIORITY|ZHONGGUA-2SIDE|JIWANG-HUAIJI|SHI-ZHU-JI|YONGSHEN-STRUCTURE
2035,丙申甲午丙寅壬辰,丙,劫财,HEAVY,month:HEAVY_WANG|day:HEAVY_LONGSHENG,IN_SEASON,BIJIE:1透|YIN:1透,,GUANSHA:1透,"两端成势未授权, 保留节点不裁, 经典规则未来各自查询",,REN-CAIGUAN|DESHI-BUWANG|HEAVY-ROOT|YIN-PARTY|BIJIE-PARTY|ROOT-STRUCK|ROOT-GAN-PRIORITY|ZHONGGUA-2SIDE|JIWANG-HUAIJI|SHI-ZHU-JI|YONGSHEN-STRUCTURE
2038,戊子戊午丙辰戊戌,丙,劫财,HEAVY,month:HEAVY_WANG|hour:LIGHT_MU_KU,IN_SEASON,,SHISHANG:3透,,"两端成势未授权, 保留节点不裁, 经典规则未来各自查询",,REN-CAIGUAN|DESHI-BUWANG|XIEQI-TAIZHONG|HEAVY-ROOT|ROOT-STRUCK|ROOT-GAN-PRIORITY|WANGCHONG-SHUAI|SHI-GUI-LU|ZHONGGUA-2SIDE|SHIYONG-YUELING-XIANGFU|WANGJI-SIWO-SHENG|SHI-ZHU-JI|YONGSHEN-STRUCTURE
2041,庚午乙酉庚午壬午,庚,劫财,HEAVY,month:HEAVY_WANG,IN_SEASON,BIJIE:1透,SHISHANG:1透|CAI:1透,,"两端成势未授权, 保留节点不裁, 经典规则未来各自查询",庚乙化金|乙庚化金,REN-CAIGUAN|HEAVY-ROOT|BIJIE-PARTY|ROOT-GAN-PRIORITY|HE-HUASHEN-DESHI|ZHONGGUA-2SIDE|RI-BEI-HE|JIWANG-HUAIJI|CAI-RUO-SHEN-QIANG|WANGJI-SIWO-SHENG|SHI-ZHU-JI|YONGSHEN-STRUCTURE
2044,己丑丙子壬辰戊申,壬,劫财,HEAVY,year:LIGHT_YU_QI|month:HEAVY_WANG|day:LIGHT_MU_KU|hour:HEAVY_LONGSHENG,IN_SEASON,,CAI:1透,GUANSHA:2透,"两端成势未授权, 保留节点不裁, 经典规则未来各自查询",,REN-CAIGUAN|DESHI-BUWANG|HEAVY-ROOT|ROOT-STRUCK|ROOT-GAN-PRIORITY|SHI-GUI-LU|ZHONGGUA-2SIDE|GE-QING|CAI-RUO-SHEN-QIANG|SHI-ZHU-JI|YONGSHEN-STRUCTURE
2048,辛卯乙未甲子庚午,甲,正财,HEAVY,year:HEAVY_WANG|month:LIGHT_MU_KU,OUT_OF_SEASON,BIJIE:1透|JIECAI:1透,,GUANSHA:2透,"两端成势未授权, 保留节点不裁, 经典规则未来各自查询",乙庚化金,REN-CAIGUAN|SHISHI-BURUO|HEAVY-ROOT|BIJIE-PARTY|ROOT-STRUCK|ROOT-GAN-PRIORITY|ZHONGGUA-2SIDE|SHIYONG-YUELING-XIANGFU|SHI-ZHU-JI|TIANGAN-XINGQING|YONGSHEN-STRUCTURE
2051,庚午壬午甲戌庚午,甲,伤官,NONE,,OUT_OF_SEASON,YIN:1透,,GUANSHA:2透,"两端成势未授权, 保留节点不裁, 经典规则未来各自查询",,SHAZHONG-SHENQING|ZHONGGUA-2SIDE|JISHUAI-CONGSHENG|SHIYONG-YUELING-XIANGFU|YUN-SHENG-ROOT|SHI-ZHU-JI|TIANGAN-XINGQING|YONGSHEN-STRUCTURE
2054,甲子丙子庚辰庚辰,庚,伤官,NONE,,OUT_OF_SEASON,BIJIE:1透,CAI:1透,GUANSHA:1透,"两端成势未授权, 保留节点不裁, 经典规则未来各自查询",,CAIDUO-SHENRUAN|ZHONGGUA-2SIDE|SHIYONG-YUELING-XIANGFU|YUN-SHENG-ROOT|SHI-ZHU-JI|YONGSHEN-STRUCTURE
2057,丁巳壬子辛巳丁酉,辛,食神,HEAVY,month:SPECIAL_LONGSHENG_YIN|hour:HEAVY_LU,OUT_OF_SEASON,,SHISHANG:1透,GUANSHA:2透,"两端成势未授权, 保留节点不裁, 经典规则未来各自查询",丁壬化木|壬丁化木,REN-CAIGUAN|XIEQI-TAIZHONG|HEAVY-ROOT|ROOT-STRUCK|ROOT-GAN-PRIORITY|SHI-GUI-LU|ZHONGGUA-2SIDE|GE-QING|CAI-RUO-SHEN-QIANG|YONGSHEN-STRUCTURE
2067,癸未甲寅戊戌庚申,戊,七杀,HEAVY,year:LIGHT_YU_QI|month:HEAVY_LONGSHENG|day:LIGHT_MU_KU|hour:LIGHT_YU_QI,OUT_OF_SEASON,,SHISHANG:1透|CAI:1透,GUANSHA:1透,"两端成势未授权, 保留节点不裁, 经典规则未来各自查询",癸戊化火,REN-CAIGUAN|XIEQI-TAIZHONG|HEAVY-ROOT|ROOT-STRUCK|ROOT-GAN-PRIORITY|WANGCHONG-SHUAI|SHI-GUI-LU|ZHONGGUA-2SIDE|RI-BEI-HE|SHIYONG-YUELING-XIANGFU|SHI-ZHU-JI|YONGSHEN-STRUCTURE
2070,甲寅庚午戊寅甲寅,戊,正印,HEAVY,year:HEAVY_LONGSHENG|month:HEAVY_WANG|day:HEAVY_LONGSHENG|hour:HEAVY_LONGSHENG,SUPPORTS,,SHISHANG:1透,GUANSHA:2透,"两端成势未授权, 保留节点不裁, 经典规则未来各自查询",,REN-CAIGUAN|HEAVY-ROOT|ROOT-GAN-PRIORITY|SHI-GUI-LU|ZHONGGUA-2SIDE|GE-QING|CAI-RUO-SHEN-QIANG|SHI-ZHU-JI|YONGSHEN-STRUCTURE
2073,甲子丙子癸亥乙卯,癸,比肩,HEAVY,year:HEAVY_LU|month:HEAVY_LU|hour:SPECIAL_LONGSHENG_YIN,IN_SEASON,,SHISHANG:2透|CAI:1透,,"两端成势未授权, 保留节点不裁, 经典规则未来各自查询",,REN-CAIGUAN|DESHI-BUWANG|XIEQI-TAIZHONG|HEAVY-ROOT|ROOT-STRUCK|ROOT-GAN-PRIORITY|SHI-GUI-LU|ZHONGGUA-2SIDE|CAI-RUO-SHEN-QIANG|WANGJI-SIWO-SHENG|TIANGAN-XINGQING|YONGSHEN-STRUCTURE
2080,丙申乙未丁未庚戌,丁,食神,LIGHT,month:LIGHT_YU_QI|day:LIGHT_YU_QI|hour:LIGHT_YU_QI,OUT_OF_SEASON,BIJIE:1透|JIECAI:1透|YIN:1透,CAI:1透,,"两端成势未授权, 保留节点不裁, 经典规则未来各自查询",乙庚化金,REN-CAIGUAN|SHISHI-BURUO|LIGHT-ROOT|YIN-PARTY|BIJIE-PARTY|ROOT-STRUCK|ROOT-GAN-PRIORITY|SHI-GUI-LU|ZHONGGUA-2SIDE|SHIYONG-YUELING-XIANGFU|GE-QING|SHI-ZHU-JI|TIANGAN-XINGQING|YONGSHEN-STRUCTURE
2083,壬寅丁未丙申甲午,丙,伤官,HEAVY,year:HEAVY_LONGSHENG|month:LIGHT_YU_QI|hour:HEAVY_WANG,OUT_OF_SEASON,BIJIE:1透|JIECAI:1透|YIN:1透,,GUANSHA:1透,"两端成势未授权, 保留节点不裁, 经典规则未来各自查询",壬丁化木,REN-CAIGUAN|SHISHI-BURUO|HEAVY-ROOT|YIN-PARTY|BIJIE-PARTY|ROOT-STRUCK|ROOT-GAN-PRIORITY|SHI-GUI-LU|ZHONGGUA-2SIDE|SHIYONG-YUELING-XIANGFU|YONGSHEN-STRUCTURE
2086,甲辰丙寅丙寅壬辰,丙,偏印,HEAVY,month:HEAVY_LONGSHENG|day:HEAVY_LONGSHENG,SUPPORTS,BIJIE:1透|YIN:1透,,GUANSHA:1透,"两端成势未授权, 保留节点不裁, 经典规则未来各自查询",,REN-CAIGUAN|SHISHI-BURUO|HEAVY-ROOT|YIN-PARTY|BIJIE-PARTY|ROOT-GAN-PRIORITY|ZHONGGUA-2SIDE|SHIYONG-YUELING-XIANGFU|CAI-RUO-SHEN-QIANG|SHI-ZHU-JI|YONGSHEN-STRUCTURE
2093,庚寅己丑丙子乙未,丙,伤官,HEAVY,year:HEAVY_LONGSHENG|hour:LIGHT_YU_QI,OUT_OF_SEASON,YIN:1透,SHISHANG:1透|CAI:1透,,"两端成势未授权, 保留节点不裁, 经典规则未来各自查询",庚乙化金,REN-CAIGUAN|SHISHI-BURUO|XIEQI-TAIZHONG|HEAVY-ROOT|YIN-PARTY|ROOT-STRUCK|ROOT-GAN-PRIORITY|SHI-GUI-LU|ZHONGGUA-2SIDE|SHIYONG-YUELING-XIANGFU|YONGSHEN-STRUCTURE
2096,丁亥辛亥辛未壬辰,辛,伤官,NONE,,OUT_OF_SEASON,BIJIE:1透,SHISHANG:1透,GUANSHA:1透,"两端成势未授权, 保留节点不裁, 经典规则未来各自查询",丁壬化木,SHAZHONG-SHENQING|XIEQI-TAIZHONG|ZHONGGUA-2SIDE|JISHUAI-CONGSHENG|YUN-SHENG-ROOT|SHI-ZHU-JI|YONGSHEN-STRUCTURE
2105,壬辰甲辰庚午丙戌,庚,偏印,LIGHT,hour:LIGHT_YU_QI,SUPPORTS,,SHISHANG:1透|CAI:1透,GUANSHA:1透,"两端成势未授权, 保留节点不裁, 经典规则未来各自查询",,REN-CAIGUAN|XIEQI-TAIZHONG|LIGHT-ROOT|ROOT-STRUCK|ROOT-GAN-PRIORITY|SHI-GUI-LU|ZHONGGUA-2SIDE|SHIYONG-YUELING-XIANGFU|SHI-ZHU-JI|YONGSHEN-STRUCTURE
2108,癸丑戊午壬寅庚戌,壬,正财,LIGHT,year:LIGHT_YU_QI,OUT_OF_SEASON,BIJIE:1透|JIECAI:1透|YIN:1透,,GUANSHA:1透,"两端成势未授权, 保留节点不裁, 经典规则未来各自查询",癸戊化火,REN-CAIGUAN|SHISHI-BURUO|LIGHT-ROOT|YIN-PARTY|BIJIE-PARTY|ROOT-STRUCK|ROOT-GAN-PRIORITY|HE-HUASHEN-DESHI|ZHONGGUA-2SIDE|SHIYONG-YUELING-XIANGFU|SHI-ZHU-JI|YONGSHEN-STRUCTURE
2111,乙亥庚辰丙子庚寅,丙,食神,HEAVY,hour:HEAVY_LONGSHENG,OUT_OF_SEASON,YIN:1透,CAI:2透,,"两端成势未授权, 保留节点不裁, 经典规则未来各自查询",乙庚化金|乙庚化金,REN-CAIGUAN|SHISHI-BURUO|HEAVY-ROOT|YIN-PARTY|ROOT-STRUCK|ROOT-GAN-PRIORITY|SHI-GUI-LU|ZHONGGUA-2SIDE|SHIYONG-YUELING-XIANGFU|GE-QING|CAI-RUO-SHEN-QIANG|YONGSHEN-STRUCTURE
2118,丁亥丁未乙亥己卯,乙,偏财,HEAVY,month:LIGHT_YU_QI|hour:HEAVY_LU,OUT_OF_SEASON,,SHISHANG:2透|CAI:1透,,"两端成势未授权, 保留节点不裁, 经典规则未来各自查询",,REN-CAIGUAN|XIEQI-TAIZHONG|HEAVY-ROOT|ROOT-GAN-PRIORITY|SHI-GUI-LU|ZHONGGUA-2SIDE|SHIYONG-YUELING-XIANGFU|TIANGAN-XINGQING|YONGSHEN-STRUCTURE
2121,丙戌乙未乙巳丁亥,乙,偏财,LIGHT,month:LIGHT_YU_QI,OUT_OF_SEASON,BIJIE:1透,SHISHANG:2透,,"两端成势未授权, 保留节点不裁, 经典规则未来各自查询",,REN-CAIGUAN|SHISHI-BURUO|XIEQI-TAIZHONG|LIGHT-ROOT|BIJIE-PARTY|ROOT-STRUCK|ROOT-GAN-PRIORITY|ZHONGGUA-2SIDE|TIANGAN-XINGQING|YONGSHEN-STRUCTURE
2128,己巳辛未戊戌己未,戊,劫财,HEAVY,year:HEAVY_LU|month:LIGHT_YU_QI|day:LIGHT_MU_KU|hour:LIGHT_YU_QI,IN_SEASON,BIJIE:2透|JIECAI:2透,SHISHANG:1透,,"两端成势未授权, 保留节点不裁, 经典规则未来各自查询",,REN-CAIGUAN|DESHI-BUWANG|XIEQI-TAIZHONG|HEAVY-ROOT|BIJIE-PARTY|ROOT-STRUCK|ROOT-GAN-PRIORITY|SHI-GUI-LU|ZHONGGUA-2SIDE|JIWANG-HUAIJI|SHIYONG-YUELING-XIANGFU|GE-QING|CAI-RUO-SHEN-QIANG|WANGJI-SIWO-SHENG|SHI-ZHU-JI|YONGSHEN-STRUCTURE
2131,庚辰己丑己亥壬申,己,比肩,LIGHT,year:LIGHT_YU_QI|month:LIGHT_MU_KU,IN_SEASON,BIJIE:1透,SHISHANG:1透|CAI:1透,,"两端成势未授权, 保留节点不裁, 经典规则未来各自查询",,REN-CAIGUAN|DESHI-BUWANG|XIEQI-TAIZHONG|LIGHT-ROOT|BIJIE-PARTY|ROOT-STRUCK|ROOT-GAN-PRIORITY|ZHONGGUA-2SIDE|SHI-ZHU-JI|TIANGAN-XINGQING|YONGSHEN-STRUCTURE
2142,壬辰壬子辛酉己丑,辛,食神,HEAVY,month:SPECIAL_LONGSHENG_YIN|day:HEAVY_LU|hour:LIGHT_YU_QI,OUT_OF_SEASON,YIN:1透,SHISHANG:2透,,"两端成势未授权, 保留节点不裁, 经典规则未来各自查询",,REN-CAIGUAN|SHISHI-BURUO|XIEQI-TAIZHONG|HEAVY-ROOT|YIN-PARTY|ROOT-STRUCK|ROOT-GAN-PRIORITY|SHI-GUI-LU|ZHONGGUA-2SIDE|SHIYONG-YUELING-XIANGFU|GE-QING|YONGSHEN-STRUCTURE
2145,己丑丙子辛酉壬辰,辛,食神,HEAVY,year:LIGHT_YU_QI|month:SPECIAL_LONGSHENG_YIN|day:HEAVY_LU,OUT_OF_SEASON,YIN:1透,SHISHANG:1透,GUANSHA:1透,"两端成势未授权, 保留节点不裁, 经典规则未来各自查询",丙辛化水,REN-CAIGUAN|SHISHI-BURUO|XIEQI-TAIZHONG|HEAVY-ROOT|YIN-PARTY|ROOT-STRUCK|ROOT-GAN-PRIORITY|HE-HUASHEN-DESHI|ZHONGGUA-2SIDE|RI-BEI-HE|SHIYONG-YUELING-XIANGFU|GE-QING|SHI-ZHU-JI|YONGSHEN-STRUCTURE
2148,甲戌丙子庚子丙戌,庚,伤官,LIGHT,year:LIGHT_YU_QI|hour:LIGHT_YU_QI,OUT_OF_SEASON,,CAI:1透,GUANSHA:2透,"两端成势未授权, 保留节点不裁, 经典规则未来各自查询",,REN-CAIGUAN|LIGHT-ROOT|ROOT-GAN-PRIORITY|SHI-GUI-LU|ZHONGGUA-2SIDE|GE-QING|SHI-ZHU-JI|YONGSHEN-STRUCTURE
2152,己巳庚午己亥丙寅,己,偏印,HEAVY,month:HEAVY_LU,SUPPORTS,BIJIE:1透|YIN:1透,SHISHANG:1透,,"两端成势未授权, 保留节点不裁, 经典规则未来各自查询",,REN-CAIGUAN|SHISHI-BURUO|XIEQI-TAIZHONG|HEAVY-ROOT|YIN-PARTY|BIJIE-PARTY|ROOT-GAN-PRIORITY|WANGCHONG-SHUAI|ZHONGGUA-2SIDE|SHI-ZHU-JI|TIANGAN-XINGQING|YONGSHEN-STRUCTURE
2155,辛未戊戌戊戌丁巳,戊,比肩,HEAVY,year:LIGHT_YU_QI|month:LIGHT_MU_KU|day:LIGHT_MU_KU|hour:HEAVY_LU,IN_SEASON,BIJIE:1透|YIN:1透,SHISHANG:1透,,"两端成势未授权, 保留节点不裁, 经典规则未来各自查询",,REN-CAIGUAN|DESHI-BUWANG|XIEQI-TAIZHONG|HEAVY-ROOT|YIN-PARTY|BIJIE-PARTY|ROOT-STRUCK|ROOT-GAN-PRIORITY|SHI-GUI-LU|ZHONGGUA-2SIDE|JIWANG-HUAIJI|SHIYONG-YUELING-XIANGFU|GE-QING|CAI-RUO-SHEN-QIANG|WANGJI-SIWO-SHENG|YONGSHEN-STRUCTURE
2158,己丑丁丑己亥乙丑,己,比肩,LIGHT,year:LIGHT_MU_KU|month:LIGHT_MU_KU|hour:LIGHT_MU_KU,IN_SEASON,BIJIE:1透|YIN:1透,,GUANSHA:1透,"两端成势未授权, 保留节点不裁, 经典规则未来各自查询",,REN-CAIGUAN|DESHI-BUWANG|LIGHT-ROOT|BIJIE-PARTY|ROOT-GAN-PRIORITY|SHI-GUI-LU|ZHONGGUA-2SIDE|SHIYONG-YUELING-XIANGFU|GE-QING|SHI-ZHU-JI|TIANGAN-XINGQING|YONGSHEN-STRUCTURE
2161,丙戌己亥甲戌庚午,甲,偏印,HEAVY,month:HEAVY_LONGSHENG,SUPPORTS,,SHISHANG:1透|CAI:1透,GUANSHA:1透,"两端成势未授权, 保留节点不裁, 经典规则未来各自查询",己甲化土,REN-CAIGUAN|XIEQI-TAIZHONG|HEAVY-ROOT|ROOT-GAN-PRIORITY|ZHONGGUA-2SIDE|RI-BEI-HE|GE-QING|SHI-ZHU-JI|TIANGAN-XINGQING|YONGSHEN-STRUCTURE
2164,庚寅癸未甲午甲戌,甲,正财,HEAVY,year:HEAVY_LU|month:LIGHT_MU_KU,OUT_OF_SEASON,BIJIE:1透|YIN:1透,,GUANSHA:1透,"两端成势未授权, 保留节点不裁, 经典规则未来各自查询",,REN-CAIGUAN|SHISHI-BURUO|HEAVY-ROOT|BIJIE-PARTY|ROOT-STRUCK|ROOT-GAN-PRIORITY|ZHONGGUA-2SIDE|SHIYONG-YUELING-XIANGFU|GE-QING|SHI-ZHU-JI|TIANGAN-XINGQING|YONGSHEN-STRUCTURE
2168,癸酉乙卯庚戌戊寅,庚,正财,HEAVY,year:HEAVY_WANG|day:LIGHT_YU_QI,OUT_OF_SEASON,YIN:1透,SHISHANG:1透|CAI:1透,,"两端成势未授权, 保留节点不裁, 经典规则未来各自查询",癸戊化火|乙庚化金,REN-CAIGUAN|SHISHI-BURUO|HEAVY-ROOT|YIN-PARTY|ROOT-STRUCK|ROOT-GAN-PRIORITY|WANGCHONG-SHUAI|ZHONGGUA-2SIDE|RI-BEI-HE|SHI-ZHU-JI|YONGSHEN-STRUCTURE
2179,壬辰壬寅己未戊辰,己,正官,LIGHT,year:LIGHT_YU_QI|day:LIGHT_YU_QI|hour:LIGHT_YU_QI,OUT_OF_SEASON,BIJIE:1透|JIECAI:1透,CAI:2透,,"两端成势未授权, 保留节点不裁, 经典规则未来各自查询",,REN-CAIGUAN|SHISHI-BURUO|LIGHT-ROOT|BIJIE-PARTY|ROOT-STRUCK|ROOT-GAN-PRIORITY|SHI-GUI-LU|ZHONGGUA-2SIDE|SHIYONG-YUELING-XIANGFU|SHI-ZHU-JI|TIANGAN-XINGQING|YONGSHEN-STRUCTURE
2182,壬戌甲辰甲戌丙寅,甲,偏财,HEAVY,month:LIGHT_YU_QI|hour:HEAVY_LU,OUT_OF_SEASON,BIJIE:1透|YIN:1透,SHISHANG:1透,,"两端成势未授权, 保留节点不裁, 经典规则未来各自查询",,REN-CAIGUAN|SHISHI-BURUO|XIEQI-TAIZHONG|HEAVY-ROOT|YIN-PARTY|BIJIE-PARTY|ROOT-STRUCK|ROOT-GAN-PRIORITY|SHI-GUI-LU|ZHONGGUA-2SIDE|SHIYONG-YUELING-XIANGFU|SHI-ZHU-JI|TIANGAN-XINGQING|YONGSHEN-STRUCTURE
2185,甲寅丁丑丁卯庚戌,丁,食神,LIGHT,hour:LIGHT_YU_QI,OUT_OF_SEASON,BIJIE:1透|YIN:1透,CAI:1透,,"两端成势未授权, 保留节点不裁, 经典规则未来各自查询",,REN-CAIGUAN|SHISHI-BURUO|LIGHT-ROOT|YIN-PARTY|BIJIE-PARTY|ROOT-GAN-PRIORITY|SHI-GUI-LU|ZHONGGUA-2SIDE|SHIYONG-YUELING-XIANGFU|GE-QING|SHI-ZHU-JI|TIANGAN-XINGQING|YONGSHEN-STRUCTURE
2188,丁亥壬子庚子辛巳,庚,伤官,HEAVY,hour:HEAVY_LONGSHENG,OUT_OF_SEASON,BIJIE:1透|JIECAI:1透,SHISHANG:1透,GUANSHA:1透,"两端成势未授权, 保留节点不裁, 经典规则未来各自查询",丁壬化木,REN-CAIGUAN|SHISHI-BURUO|XIEQI-TAIZHONG|HEAVY-ROOT|BIJIE-PARTY|ROOT-STRUCK|ROOT-GAN-PRIORITY|WANGCHONG-SHUAI|SHI-GUI-LU|ZHONGGUA-2SIDE|SHI-ZHU-JI|YONGSHEN-STRUCTURE
2195,戊辰乙卯己卯丙辰,己,七杀,LIGHT,year:LIGHT_YU_QI|hour:LIGHT_YU_QI,OUT_OF_SEASON,BIJIE:1透|JIECAI:1透|YIN:1透,,GUANSHA:1透,"两端成势未授权, 保留节点不裁, 经典规则未来各自查询",,REN-CAIGUAN|SHISHI-BURUO|LIGHT-ROOT|BIJIE-PARTY|ROOT-STRUCK|ROOT-GAN-PRIORITY|SHI-GUI-LU|ZHONGGUA-2SIDE|SHIYONG-YUELING-XIANGFU|SHI-ZHU-JI|TIANGAN-XINGQING|YONGSHEN-STRUCTURE
2198,癸未己未庚子甲申,庚,正印,HEAVY,hour:HEAVY_LU,SUPPORTS,YIN:1透,SHISHANG:1透|CAI:1透,,"两端成势未授权, 保留节点不裁, 经典规则未来各自查询",己甲化土,REN-CAIGUAN|SHISHI-BURUO|XIEQI-TAIZHONG|HEAVY-ROOT|YIN-PARTY|ROOT-GAN-PRIORITY|HE-HUASHEN-DESHI|SHI-GUI-LU|ZHONGGUA-2SIDE|YONGSHEN-STRUCTURE
2201,癸未癸亥甲午丁卯,甲,偏印,HEAVY,year:LIGHT_MU_KU|month:HEAVY_LONGSHENG|hour:HEAVY_WANG,SUPPORTS,YIN:2透,SHISHANG:1透,,"两端成势未授权, 保留节点不裁, 经典规则未来各自查询",,REN-CAIGUAN|SHISHI-BURUO|XIEQI-TAIZHONG|HEAVY-ROOT|YIN-PARTY|ROOT-STRUCK|ROOT-GAN-PRIORITY|SHI-GUI-LU|ZHONGGUA-2SIDE|GE-QING|TIANGAN-XINGQING|YONGSHEN-STRUCTURE
2204,壬辰己酉癸卯己卯,癸,偏印,LIGHT,year:LIGHT_YU_QI|day:SPECIAL_LONGSHENG_YIN|hour:SPECIAL_LONGSHENG_YIN,SUPPORTS,BIJIE:1透|JIECAI:1透,,GUANSHA:2透,"两端成势未授权, 保留节点不裁, 经典规则未来各自查询",,REN-CAIGUAN|SHISHI-BURUO|LIGHT-ROOT|BIJIE-PARTY|ROOT-STRUCK|ROOT-GAN-PRIORITY|WANGCHONG-SHUAI|SHI-GUI-LU|ZHONGGUA-2SIDE|TIANGAN-XINGQING|YONGSHEN-STRUCTURE
2207,己亥甲戌庚子丙子,庚,偏印,LIGHT,month:LIGHT_YU_QI,SUPPORTS,YIN:1透,CAI:1透,GUANSHA:1透,"两端成势未授权, 保留节点不裁, 经典规则未来各自查询",己甲化土,REN-CAIGUAN|SHISHI-BURUO|LIGHT-ROOT|YIN-PARTY|ROOT-GAN-PRIORITY|HE-HUASHEN-DESHI|ZHONGGUA-2SIDE|GE-QING|YONGSHEN-STRUCTURE
2210,己亥丙子庚子辛巳,庚,伤官,HEAVY,hour:HEAVY_LONGSHENG,OUT_OF_SEASON,BIJIE:1透|JIECAI:1透|YIN:1透,,GUANSHA:1透,"两端成势未授权, 保留节点不裁, 经典规则未来各自查询",丙辛化水,REN-CAIGUAN|SHISHI-BURUO|HEAVY-ROOT|YIN-PARTY|BIJIE-PARTY|ROOT-STRUCK|ROOT-GAN-PRIORITY|WANGCHONG-SHUAI|HE-HUASHEN-DESHI|SHI-GUI-LU|ZHONGGUA-2SIDE|SHI-ZHU-JI|YONGSHEN-STRUCTURE
2213,丙申壬辰丙子壬辰,丙,食神,NONE,,OUT_OF_SEASON,BIJIE:1透,,GUANSHA:2透,"两端成势未授权, 保留节点不裁, 经典规则未来各自查询",,SHAZHONG-SHENQING|ZHONGGUA-2SIDE|JISHUAI-CONGSHENG|SHIYONG-YUELING-XIANGFU|YUN-SHENG-ROOT|SHI-ZHU-JI|YONGSHEN-STRUCTURE
2216,戊午壬戌壬子乙巳,壬,七杀,HEAVY,day:HEAVY_WANG,OUT_OF_SEASON,BIJIE:1透,SHISHANG:1透,GUANSHA:1透,"两端成势未授权, 保留节点不裁, 经典规则未来各自查询",,REN-CAIGUAN|SHISHI-BURUO|HEAVY-ROOT|BIJIE-PARTY|ROOT-STRUCK|ROOT-GAN-PRIORITY|WANGCHONG-SHUAI|ZHONGGUA-2SIDE|SHIYONG-YUELING-XIANGFU|SHI-ZHU-JI|YONGSHEN-STRUCTURE
2219,庚戌辛巳乙卯戊寅,乙,伤官,HEAVY,day:HEAVY_LU,OUT_OF_SEASON,,CAI:1透,GUANSHA:2透,"两端成势未授权, 保留节点不裁, 经典规则未来各自查询",庚乙化金,REN-CAIGUAN|HEAVY-ROOT|ROOT-GAN-PRIORITY|ZHONGGUA-2SIDE|RI-BEI-HE|SHIYONG-YUELING-XIANGFU|SHI-ZHU-JI|TIANGAN-XINGQING|YONGSHEN-STRUCTURE
2222,癸亥乙卯戊午甲寅,戊,正官,HEAVY,day:HEAVY_WANG|hour:HEAVY_LONGSHENG,OUT_OF_SEASON,,CAI:1透,GUANSHA:2透,"两端成势未授权, 保留节点不裁, 经典规则未来各自查询",癸戊化火,REN-CAIGUAN|HEAVY-ROOT|ROOT-STRUCK|ROOT-GAN-PRIORITY|SHI-GUI-LU|ZHONGGUA-2SIDE|RI-BEI-HE|GE-QING|SHI-ZHU-JI|YONGSHEN-STRUCTURE
2225,戊子壬戌庚寅癸未,庚,偏印,LIGHT,month:LIGHT_YU_QI,SUPPORTS,YIN:1透,SHISHANG:2透,,"两端成势未授权, 保留节点不裁, 经典规则未来各自查询",戊癸化火,REN-CAIGUAN|SHISHI-BURUO|XIEQI-TAIZHONG|LIGHT-ROOT|YIN-PARTY|ROOT-STRUCK|ROOT-GAN-PRIORITY|ZHONGGUA-2SIDE|SHIYONG-YUELING-XIANGFU|SHI-ZHU-JI|YONGSHEN-STRUCTURE
2229,戊子己未辛亥戊子,辛,偏印,LIGHT,year:SPECIAL_LONGSHENG_YIN|hour:SPECIAL_LONGSHENG_YIN,SUPPORTS,YIN:3透,,,"两端成势未授权, 保留节点不裁, 经典规则未来各自查询",,REN-CAIGUAN|SHISHI-BURUO|LIGHT-ROOT|YIN-PARTY|ROOT-STRUCK|ROOT-GAN-PRIORITY|SHI-GUI-LU|ZHONGGUA-2SIDE|YONGSHEN-STRUCTURE
2236,癸巳壬戌乙卯戊寅,乙,正财,HEAVY,day:HEAVY_LU,OUT_OF_SEASON,YIN:2透,CAI:1透,,"两端成势未授权, 保留节点不裁, 经典规则未来各自查询",癸戊化火,REN-CAIGUAN|HEAVY-ROOT|ROOT-GAN-PRIORITY|ZHONGGUA-2SIDE|SHIYONG-YUELING-XIANGFU|SHI-ZHU-JI|TIANGAN-XINGQING|YONGSHEN-STRUCTURE
2239,癸未庚申甲申乙亥,甲,七杀,HEAVY,year:LIGHT_MU_KU|hour:HEAVY_LONGSHENG,OUT_OF_SEASON,BIJIE:1透|JIECAI:1透|YIN:1透,,GUANSHA:1透,"两端成势未授权, 保留节点不裁, 经典规则未来各自查询",庚乙化金,REN-CAIGUAN|SHISHI-BURUO|HEAVY-ROOT|JUECHU-FENGSHENG|YIN-PARTY|BIJIE-PARTY|ROOT-STRUCK|ROOT-GAN-PRIORITY|HE-HUASHEN-DESHI|SHI-GUI-LU|ZHONGGUA-2SIDE|SHIYONG-YUELING-XIANGFU|TIANGAN-XINGQING|YONGSHEN-STRUCTURE
2242,壬午甲辰丁巳己酉,丁,伤官,HEAVY,year:HEAVY_LU|hour:SPECIAL_LONGSHENG_YIN,OUT_OF_SEASON,YIN:1透,SHISHANG:1透,GUANSHA:1透,"两端成势未授权, 保留节点不裁, 经典规则未来各自查询",壬丁化木|甲己化土,REN-CAIGUAN|SHISHI-BURUO|XIEQI-TAIZHONG|HEAVY-ROOT|YIN-PARTY|ROOT-GAN-PRIORITY|HE-HUASHEN-DESHI|SHI-GUI-LU|ZHONGGUA-2SIDE|RI-BEI-HE|GE-QING|SHI-ZHU-JI|TIANGAN-XINGQING|YONGSHEN-STRUCTURE
2245,癸未乙卯丙午丁酉,丙,正印,HEAVY,year:LIGHT_YU_QI|day:HEAVY_WANG,SUPPORTS,BIJIE:1透|JIECAI:1透|YIN:1透,,GUANSHA:1透,"两端成势未授权, 保留节点不裁, 经典规则未来各自查询",,REN-CAIGUAN|SHISHI-BURUO|HEAVY-ROOT|YIN-PARTY|BIJIE-PARTY|ROOT-STRUCK|ROOT-GAN-PRIORITY|WANGCHONG-SHUAI|ZHONGGUA-2SIDE|SHI-ZHU-JI|YONGSHEN-STRUCTURE
2248,戊申庚申壬申甲辰,壬,偏印,HEAVY,year:HEAVY_LONGSHENG|month:HEAVY_LONGSHENG|day:HEAVY_LONGSHENG|hour:LIGHT_MU_KU,SUPPORTS,YIN:1透,SHISHANG:1透,GUANSHA:1透,"两端成势未授权, 保留节点不裁, 经典规则未来各自查询",,REN-CAIGUAN|SHISHI-BURUO|XIEQI-TAIZHONG|HEAVY-ROOT|YIN-PARTY|ROOT-GAN-PRIORITY|SHI-GUI-LU|ZHONGGUA-2SIDE|SHIYONG-YUELING-XIANGFU|GE-QING|CAI-RUO-SHEN-QIANG|SHI-ZHU-JI|YONGSHEN-STRUCTURE
2251,己亥癸酉壬申戊申,壬,正印,HEAVY,year:HEAVY_LU|day:HEAVY_LONGSHENG|hour:HEAVY_LONGSHENG,SUPPORTS,BIJIE:1透|JIECAI:1透,,GUANSHA:2透,"两端成势未授权, 保留节点不裁, 经典规则未来各自查询",癸戊化火,REN-CAIGUAN|SHISHI-BURUO|HEAVY-ROOT|BIJIE-PARTY|ROOT-STRUCK|ROOT-GAN-PRIORITY|SHI-GUI-LU|ZHONGGUA-2SIDE|CAI-RUO-SHEN-QIANG|SHI-ZHU-JI|YONGSHEN-STRUCTURE
2258,己巳壬申甲寅戊辰,甲,七杀,HEAVY,day:HEAVY_LU|hour:LIGHT_YU_QI,OUT_OF_SEASON,YIN:1透,CAI:2透,,"两端成势未授权, 保留节点不裁, 经典规则未来各自查询",己甲化土,REN-CAIGUAN|SHISHI-BURUO|HEAVY-ROOT|JUECHU-FENGSHENG|YIN-PARTY|ROOT-STRUCK|ROOT-GAN-PRIORITY|WANGCHONG-SHUAI|SHI-GUI-LU|ZHONGGUA-2SIDE|RI-BEI-HE|SHIYONG-YUELING-XIANGFU|SHI-ZHU-JI|TIANGAN-XINGQING|YONGSHEN-STRUCTURE
2261,庚午丙戌乙卯丁丑,乙,正财,HEAVY,year:SPECIAL_LONGSHENG_YIN|day:HEAVY_LU,OUT_OF_SEASON,,SHISHANG:2透,GUANSHA:1透,"两端成势未授权, 保留节点不裁, 经典规则未来各自查询",庚乙化金,REN-CAIGUAN|XIEQI-TAIZHONG|HEAVY-ROOT|ROOT-STRUCK|ROOT-GAN-PRIORITY|ZHONGGUA-2SIDE|RI-BEI-HE|SHIYONG-YUELING-XIANGFU|SHI-ZHU-JI|TIANGAN-XINGQING|YONGSHEN-STRUCTURE
2264,己丑庚午戊申癸亥,戊,正印,HEAVY,year:LIGHT_YU_QI|month:HEAVY_WANG|day:LIGHT_YU_QI,SUPPORTS,BIJIE:1透|JIECAI:1透,SHISHANG:1透|CAI:1透,,"两端成势未授权, 保留节点不裁, 经典规则未来各自查询",戊癸化火,REN-CAIGUAN|SHISHI-BURUO|XIEQI-TAIZHONG|HEAVY-ROOT|BIJIE-PARTY|ROOT-STRUCK|ROOT-GAN-PRIORITY|HE-HUASHEN-DESHI|ZHONGGUA-2SIDE|RI-BEI-HE|SHI-ZHU-JI|YONGSHEN-STRUCTURE
2267,壬子甲辰戊戌丙辰,戊,比肩,LIGHT,month:LIGHT_YU_QI|day:LIGHT_MU_KU|hour:LIGHT_YU_QI,IN_SEASON,YIN:1透,CAI:1透,GUANSHA:1透,"两端成势未授权, 保留节点不裁, 经典规则未来各自查询",,REN-CAIGUAN|DESHI-BUWANG|LIGHT-ROOT|YIN-PARTY|ROOT-STRUCK|ROOT-GAN-PRIORITY|SHI-GUI-LU|ZHONGGUA-2SIDE|SHIYONG-YUELING-XIANGFU|SHI-ZHU-JI|YONGSHEN-STRUCTURE
2270,癸巳甲寅丙戌庚寅,丙,偏印,HEAVY,year:HEAVY_LU|month:HEAVY_LONGSHENG|day:LIGHT_MU_KU|hour:HEAVY_LONGSHENG,SUPPORTS,YIN:1透,CAI:1透,GUANSHA:1透,"两端成势未授权, 保留节点不裁, 经典规则未来各自查询",,REN-CAIGUAN|SHISHI-BURUO|HEAVY-ROOT|YIN-PARTY|ROOT-STRUCK|ROOT-GAN-PRIORITY|SHI-GUI-LU|ZHONGGUA-2SIDE|SHIYONG-YUELING-XIANGFU|YONGSHEN-STRUCTURE
2273,壬辰甲辰辛酉丁酉,辛,正印,HEAVY,day:HEAVY_LU|hour:HEAVY_LU,SUPPORTS,,SHISHANG:1透|CAI:1透,GUANSHA:1透,"两端成势未授权, 保留节点不裁, 经典规则未来各自查询",壬丁化木,REN-CAIGUAN|XIEQI-TAIZHONG|HEAVY-ROOT|ROOT-STRUCK|ROOT-GAN-PRIORITY|SHI-GUI-LU|ZHONGGUA-2SIDE|YONGSHEN-STRUCTURE
2283,庚申庚辰戊辰戊午,戊,比肩,HEAVY,year:LIGHT_YU_QI|month:LIGHT_YU_QI|day:LIGHT_YU_QI|hour:HEAVY_WANG,IN_SEASON,BIJIE:1透,SHISHANG:2透,,"两端成势未授权, 保留节点不裁, 经典规则未来各自查询",,REN-CAIGUAN|DESHI-BUWANG|XIEQI-TAIZHONG|HEAVY-ROOT|BIJIE-PARTY|ROOT-STRUCK|ROOT-GAN-PRIORITY|SHI-GUI-LU|ZHONGGUA-2SIDE|JIWANG-HUAIJI|WANGJI-SIWO-SHENG|YONGSHEN-STRUCTURE
2285,甲子丙寅己丑甲子,己,正官,LIGHT,day:LIGHT_MU_KU,OUT_OF_SEASON,YIN:1透,,GUANSHA:2透,"两端成势未授权, 保留节点不裁, 经典规则未来各自查询",甲己化土|己甲化土,REN-CAIGUAN|SHISHI-BURUO|LIGHT-ROOT|YIN-PARTY|ROOT-GAN-PRIORITY|ZHONGGUA-2SIDE|RI-BEI-HE|GE-QING|SHI-ZHU-JI|TIANGAN-XINGQING|YONGSHEN-STRUCTURE
2287,壬申壬寅丙子乙未,丙,偏印,HEAVY,month:HEAVY_LONGSHENG|hour:LIGHT_YU_QI,SUPPORTS,YIN:1透,,GUANSHA:2透,"两端成势未授权, 保留节点不裁, 经典规则未来各自查询",,REN-CAIGUAN|SHISHI-BURUO|HEAVY-ROOT|YIN-PARTY|ROOT-STRUCK|ROOT-GAN-PRIORITY|WANGCHONG-SHUAI|SHI-GUI-LU|ZHONGGUA-2SIDE|YONGSHEN-STRUCTURE
2289,己亥丁卯庚申庚辰,庚,正财,HEAVY,day:HEAVY_LU,OUT_OF_SEASON,BIJIE:1透|YIN:1透,,GUANSHA:1透,"两端成势未授权, 保留节点不裁, 经典规则未来各自查询",,REN-CAIGUAN|SHISHI-BURUO|HEAVY-ROOT|YIN-PARTY|BIJIE-PARTY|ROOT-STRUCK|ROOT-GAN-PRIORITY|ZHONGGUA-2SIDE|SHIYONG-YUELING-XIANGFU|SHI-ZHU-JI|YONGSHEN-STRUCTURE
2295,壬寅己酉庚午丙戌,庚,劫财,HEAVY,month:HEAVY_WANG|hour:LIGHT_YU_QI,IN_SEASON,YIN:1透,SHISHANG:1透,GUANSHA:1透,"两端成势未授权, 保留节点不裁, 经典规则未来各自查询",,REN-CAIGUAN|DESHI-BUWANG|HEAVY-ROOT|YIN-PARTY|ROOT-STRUCK|ROOT-GAN-PRIORITY|SHI-GUI-LU|ZHONGGUA-2SIDE|SHIYONG-YUELING-XIANGFU|WANGJI-SIWO-SHENG|SHI-ZHU-JI|YONGSHEN-STRUCTURE
2298,庚戌壬午丙子壬辰,丙,劫财,HEAVY,year:LIGHT_MU_KU|month:HEAVY_WANG,IN_SEASON,,CAI:1透,GUANSHA:2透,"两端成势未授权, 保留节点不裁, 经典规则未来各自查询",,REN-CAIGUAN|DESHI-BUWANG|HEAVY-ROOT|ROOT-STRUCK|ROOT-GAN-PRIORITY|WANGCHONG-SHUAI|ZHONGGUA-2SIDE|SHI-ZHU-JI|YONGSHEN-STRUCTURE
2301,乙卯戊子壬辰戊申,壬,劫财,HEAVY,month:HEAVY_WANG|day:LIGHT_MU_KU|hour:HEAVY_LONGSHENG,IN_SEASON,,SHISHANG:1透,GUANSHA:2透,"两端成势未授权, 保留节点不裁, 经典规则未来各自查询",,REN-CAIGUAN|DESHI-BUWANG|XIEQI-TAIZHONG|HEAVY-ROOT|ROOT-STRUCK|ROOT-GAN-PRIORITY|SHI-GUI-LU|ZHONGGUA-2SIDE|CAI-RUO-SHEN-QIANG|WANGJI-SIWO-SHENG|SHI-ZHU-JI|YONGSHEN-STRUCTURE
2304,丙辰辛卯甲申庚午,甲,劫财,HEAVY,year:LIGHT_YU_QI|month:HEAVY_WANG,IN_SEASON,,SHISHANG:1透,GUANSHA:2透,"两端成势未授权, 保留节点不裁, 经典规则未来各自查询",丙辛化水,REN-CAIGUAN|DESHI-BUWANG|XIEQI-TAIZHONG|HEAVY-ROOT|ROOT-STRUCK|ROOT-GAN-PRIORITY|ZHONGGUA-2SIDE|WANGJI-SIWO-SHENG|SHI-ZHU-JI|TIANGAN-XINGQING|YONGSHEN-STRUCTURE
2311,丁丑乙巳癸酉壬子,癸,正财,HEAVY,year:LIGHT_YU_QI|hour:HEAVY_LU,OUT_OF_SEASON,BIJIE:1透|JIECAI:1透,SHISHANG:1透|CAI:1透,,"两端成势未授权, 保留节点不裁, 经典规则未来各自查询",丁壬化木,REN-CAIGUAN|SHISHI-BURUO|HEAVY-ROOT|BIJIE-PARTY|ROOT-STRUCK|ROOT-GAN-PRIORITY|SHI-GUI-LU|ZHONGGUA-2SIDE|GE-QING|TIANGAN-XINGQING|YONGSHEN-STRUCTURE
2314,丙寅戊戌丁酉乙巳,丁,伤官,LIGHT,month:LIGHT_YU_QI|day:SPECIAL_LONGSHENG_YIN,OUT_OF_SEASON,BIJIE:1透|JIECAI:1透|YIN:1透,SHISHANG:1透,,"两端成势未授权, 保留节点不裁, 经典规则未来各自查询",,REN-CAIGUAN|SHISHI-BURUO|XIEQI-TAIZHONG|LIGHT-ROOT|YIN-PARTY|BIJIE-PARTY|ROOT-STRUCK|ROOT-GAN-PRIORITY|ZHONGGUA-2SIDE|SHIYONG-YUELING-XIANGFU|SHI-ZHU-JI|TIANGAN-XINGQING|YONGSHEN-STRUCTURE
2317,丙子庚寅辛巳戊子,辛,正财,LIGHT,year:SPECIAL_LONGSHENG_YIN|hour:SPECIAL_LONGSHENG_YIN,OUT_OF_SEASON,BIJIE:1透|JIECAI:1透|YIN:1透,,GUANSHA:1透,"两端成势未授权, 保留节点不裁, 经典规则未来各自查询",丙辛化水,REN-CAIGUAN|SHISHI-BURUO|LIGHT-ROOT|YIN-PARTY|BIJIE-PARTY|ROOT-GAN-PRIORITY|SHI-GUI-LU|ZHONGGUA-2SIDE|RI-BEI-HE|YONGSHEN-STRUCTURE
2320,丁亥丙午戊寅甲寅,戊,正印,HEAVY,month:HEAVY_WANG|day:HEAVY_LONGSHENG|hour:HEAVY_LONGSHENG,SUPPORTS,YIN:2透,,GUANSHA:1透,"两端成势未授权, 保留节点不裁, 经典规则未来各自查询",,REN-CAIGUAN|SHISHI-BURUO|HEAVY-ROOT|YIN-PARTY|ROOT-STRUCK|ROOT-GAN-PRIORITY|SHI-GUI-LU|ZHONGGUA-2SIDE|GE-QING|SHI-ZHU-JI|YONGSHEN-STRUCTURE
2323,己巳戊辰甲子辛未,甲,偏财,LIGHT,month:LIGHT_YU_QI|hour:LIGHT_MU_KU,OUT_OF_SEASON,,CAI:2透,GUANSHA:1透,"两端成势未授权, 保留节点不裁, 经典规则未来各自查询",己甲化土,REN-CAIGUAN|LIGHT-ROOT|ROOT-STRUCK|ROOT-GAN-PRIORITY|HE-HUASHEN-DESHI|SHI-GUI-LU|ZHONGGUA-2SIDE|RI-BEI-HE|SHIYONG-YUELING-XIANGFU|SHI-ZHU-JI|TIANGAN-XINGQING|YONGSHEN-STRUCTURE
2330,壬辰壬寅戊戌丙辰,戊,七杀,HEAVY,year:LIGHT_YU_QI|month:HEAVY_LONGSHENG|day:LIGHT_MU_KU|hour:LIGHT_YU_QI,OUT_OF_SEASON,YIN:1透,CAI:2透,,"两端成势未授权, 保留节点不裁, 经典规则未来各自查询",,REN-CAIGUAN|SHISHI-BURUO|HEAVY-ROOT|YIN-PARTY|ROOT-STRUCK|ROOT-GAN-PRIORITY|SHI-GUI-LU|ZHONGGUA-2SIDE|SHIYONG-YUELING-XIANGFU|SHI-ZHU-JI|YONGSHEN-STRUCTURE
2333,壬午癸丑甲寅丁卯,甲,正财,HEAVY,day:HEAVY_LU|hour:HEAVY_WANG,OUT_OF_SEASON,YIN:2透,SHISHANG:1透,,"两端成势未授权, 保留节点不裁, 经典规则未来各自查询",壬丁化木,REN-CAIGUAN|SHISHI-BURUO|XIEQI-TAIZHONG|HEAVY-ROOT|YIN-PARTY|ROOT-STRUCK|ROOT-GAN-PRIORITY|SHI-GUI-LU|ZHONGGUA-2SIDE|TIANGAN-XINGQING|YONGSHEN-STRUCTURE
2336,壬辰乙巳丙子己丑,丙,比肩,HEAVY,month:HEAVY_LU,IN_SEASON,YIN:1透,SHISHANG:1透,GUANSHA:1透,"两端成势未授权, 保留节点不裁, 经典规则未来各自查询",,REN-CAIGUAN|DESHI-BUWANG|XIEQI-TAIZHONG|HEAVY-ROOT|YIN-PARTY|ROOT-GAN-PRIORITY|ZHONGGUA-2SIDE|GE-QING|WANGJI-SIWO-SHENG|SHI-ZHU-JI|YONGSHEN-STRUCTURE
2339,乙酉丙戌癸酉丁巳,癸,正官,NONE,,OUT_OF_SEASON,,SHISHANG:1透|CAI:2透,,"两端成势未授权, 保留节点不裁, 经典规则未来各自查询",,CAIDUO-SHENRUAN|ZHONGGUA-2SIDE|SHIYONG-YUELING-XIANGFU|YUN-SHENG-ROOT|SHI-ZHU-JI|TIANGAN-XINGQING|YONGSHEN-STRUCTURE
2342,甲申戊辰戊子戊午,戊,比肩,HEAVY,year:LIGHT_YU_QI|month:LIGHT_YU_QI|hour:HEAVY_WANG,IN_SEASON,BIJIE:2透,,GUANSHA:1透,"两端成势未授权, 保留节点不裁, 经典规则未来各自查询",,REN-CAIGUAN|DESHI-BUWANG|HEAVY-ROOT|BIJIE-PARTY|ROOT-STRUCK|ROOT-GAN-PRIORITY|SHI-GUI-LU|ZHONGGUA-2SIDE|JIWANG-HUAIJI|YONGSHEN-STRUCTURE
2345,癸巳甲子壬子庚戌,壬,劫财,HEAVY,month:HEAVY_WANG|day:HEAVY_WANG,IN_SEASON,BIJIE:1透|JIECAI:1透|YIN:1透,SHISHANG:1透,,"两端成势未授权, 保留节点不裁, 经典规则未来各自查询",,REN-CAIGUAN|HEAVY-ROOT|YIN-PARTY|BIJIE-PARTY|ROOT-GAN-PRIORITY|ZHONGGUA-2SIDE|JIWANG-HUAIJI|GE-QING|WANGJI-SIWO-SHENG|SHI-ZHU-JI|YONGSHEN-STRUCTURE
2360,庚辰丁亥庚辰丁丑,庚,食神,LIGHT,hour:LIGHT_MU_KU,OUT_OF_SEASON,BIJIE:1透,,GUANSHA:2透,"两端成势未授权, 保留节点不裁, 经典规则未来各自查询",,REN-CAIGUAN|SHISHI-BURUO|LIGHT-ROOT|BIJIE-PARTY|ROOT-STRUCK|ROOT-GAN-PRIORITY|SHI-GUI-LU|ZHONGGUA-2SIDE|YONGSHEN-STRUCTURE
2363,乙未戊子庚辰丁丑,庚,伤官,LIGHT,hour:LIGHT_MU_KU,OUT_OF_SEASON,YIN:1透,CAI:1透,GUANSHA:1透,"两端成势未授权, 保留节点不裁, 经典规则未来各自查询",乙庚化金,REN-CAIGUAN|SHISHI-BURUO|LIGHT-ROOT|YIN-PARTY|ROOT-STRUCK|ROOT-GAN-PRIORITY|SHI-GUI-LU|ZHONGGUA-2SIDE|RI-BEI-HE|SHIYONG-YUELING-XIANGFU|YONGSHEN-STRUCTURE
2366,戊子乙卯丙寅丁酉,丙,正印,HEAVY,day:HEAVY_LONGSHENG,SUPPORTS,BIJIE:1透|JIECAI:1透|YIN:1透,SHISHANG:1透,,"两端成势未授权, 保留节点不裁, 经典规则未来各自查询",,REN-CAIGUAN|SHISHI-BURUO|XIEQI-TAIZHONG|HEAVY-ROOT|YIN-PARTY|BIJIE-PARTY|ROOT-GAN-PRIORITY|WANGCHONG-SHUAI|ZHONGGUA-2SIDE|SHI-ZHU-JI|YONGSHEN-STRUCTURE
2369,丙申癸巳丙午甲午,丙,比肩,HEAVY,month:HEAVY_LU|day:HEAVY_WANG|hour:HEAVY_WANG,IN_SEASON,BIJIE:1透|YIN:1透,,GUANSHA:1透,"两端成势未授权, 保留节点不裁, 经典规则未来各自查询",,REN-CAIGUAN|DESHI-BUWANG|HEAVY-ROOT|BIJIE-PARTY|ROOT-STRUCK|ROOT-GAN-PRIORITY|SHI-GUI-LU|ZHONGGUA-2SIDE|JIWANG-HUAIJI|YONGSHEN-STRUCTURE
2376,辛卯甲午丙辰庚寅,丙,劫财,HEAVY,month:HEAVY_WANG|hour:HEAVY_LONGSHENG,IN_SEASON,YIN:1透,CAI:2透,,"两端成势未授权, 保留节点不裁, 经典规则未来各自查询",辛丙化水,REN-CAIGUAN|HEAVY-ROOT|YIN-PARTY|ROOT-STRUCK|ROOT-GAN-PRIORITY|SHI-GUI-LU|ZHONGGUA-2SIDE|RI-BEI-HE|CAI-RUO-SHEN-QIANG|YONGSHEN-STRUCTURE
2379,辛卯甲午乙卯乙酉,乙,食神,HEAVY,year:HEAVY_LU|month:SPECIAL_LONGSHENG_YIN|day:HEAVY_LU,OUT_OF_SEASON,BIJIE:2透|JIECAI:1透,,GUANSHA:1透,"两端成势未授权, 保留节点不裁, 经典规则未来各自查询",,REN-CAIGUAN|SHISHI-BURUO|HEAVY-ROOT|TENGLUO-XIJIA|BIJIE-PARTY|ROOT-STRUCK|ROOT-GAN-PRIORITY|WANGCHONG-SHUAI|ZHONGGUA-2SIDE|SHI-ZHU-JI|TIANGAN-XINGQING|YONGSHEN-STRUCTURE
